sort_frequency_habit,sort_frequency_nohabit
0.090452261,0.271356784
0.005025126,0.522613065
0.025125628,0.67839196
0.984924623,0.48241206
0.020100503,0.371859296
0.065326633,0.381909548
0.989949749,0.783919598
0.924623116,0.201005025
0.015075377,0.788944724
0.045226131,0.336683417
0.944723618,0.492462312
0.984924623,0.231155779
0.994974874,0.351758794
0.035175879,0.653266332
0,0.773869347
0.819095477,0.190954774
0.959798995,0.185929648
0.994974874,0.472361809
0.005025126,0.628140704
0.005025126,0.507537688
0.934673367,0.025125628
0.005025126,0.175879397
0.020100503,0.618090452
1,0.447236181
0.834170854,0.658291457
1,0.874371859
0.346733668,0.231155779
0.854271357,0.618090452
0.994974874,0.351758794
1,0.386934673
0.964824121,0.341708543
0.824120603,0.386934673
1,0.08040201
0.964824121,0.246231156
0.929648241,0.447236181
0.030150754,0.572864322
0.949748744,0.638190955
1,0.412060302
0,0.371859296
0.040201005,0.190954774
0.010050251,0.512562814
0.030150754,0.507537688
0.025125628,0.221105528
0.984924623,0.211055276
0.010050251,0.824120603
0.959798995,0.638190955
0,0.422110553
0.934673367,0.351758794
0.045226131,0.055276382
0.030150754,0.452261307
0.889447236,0.452261307
0.015075377,0.27638191
0.030150754,0.427135678
0,0.56281407
0.015075377,0.271356784
0,0.648241206
0.994974874,0.427135678
0.969849246,0.557788945
1,0.653266332
0.005025126,0.371859296
0.989949749,0.371859296
0.005025126,0.673366834
0.959798995,0.532663317
0.075376884,0.613065327
0.924623116,0.522613065
0.035175879,0.251256281
0.005025126,0.32160804
0.050251256,0.010050251
0.979899497,0.497487437
0.015075377,0.432160804
0.793969849,0.206030151
0.020100503,0.110552764
0.979899497,0.326633166
0.015075377,0.442211055
0.010050251,0.532663317
0,0.904522613
0,0.532663317
0.105527638,0.59798995
0.050251256,0.587939698
0.020100503,0.708542714
0.005025126,0.301507538
0.015075377,0.788944724
0.010050251,0.331658291
0.924623116,0.633165829
0.005025126,0.567839196
1,0.492462312
0.859296482,0.24120603
0.015075377,0.552763819
0,0.557788945
0.964824121,0.804020101
0,0.236180905
0.879396985,0.371859296
0.095477387,0.075376884
1,0.422110553
0.713567839,0.396984925
0.010050251,0.608040201
0.020100503,0.472361809
0.909547739,0.713567839
0.834170854,0.673366834
0.899497487,0.532663317
0.984924623,0.72361809
0.010050251,0.296482412
0.844221106,0.361809045
0.015075377,0.271356784
0.055276382,0.658291457
0,0.206030151
0.005025126,0.854271357
0.904522613,0.301507538
0.010050251,0.623115578
0.050251256,0.552763819
1,0.522613065
0.020100503,0.386934673
0.884422111,0.336683417
0.989949749,0.185929648
1,0.603015075
0.005025126,0.748743719
0.005025126,0.336683417
0.030150754,0.497487437
0,0.582914573
0.864321608,0.331658291
0.618090452,0.472361809
0.638190955,0.582914573
0.040201005,0.537688442
0.984924623,0.35678392
0.005025126,0.195979899
0.959798995,0.507537688
0.045226131,0.095477387
0.005025126,0.110552764
1,0.361809045
0.005025126,0.728643216
0.738693467,0.231155779
0.045226131,0.346733668
0.944723618,0.713567839
0,0.743718593
0.010050251,0.708542714
0.994974874,0.301507538
1,0.417085427
0.914572864,0.703517588
0.954773869,0.462311558
0.015075377,0.296482412
0.015075377,0.577889447
0.994974874,0.552763819
0,0.748743719
0,0.417085427
0.050251256,0.567839196
0.020100503,0.608040201
0.005025126,0.703517588
0.015075377,0.59798995
0.874371859,0.175879397
1,0.462311558
0.984924623,0.64321608
0.010050251,0.638190955
0.974874372,0.67839196
0.959798995,0.698492462
0.899497487,0.206030151
0.834170854,0.683417085
0.989949749,0.638190955
0,0.51758794
0.909547739,0.638190955
0.015075377,0.24120603
1,0.125628141
0.874371859,0.829145729
0.015075377,0.371859296
0.964824121,0.291457286
0.748743719,0.497487437
0.748743719,0.552763819
0.35678392,0.628140704
1,0.964824121
0,0.35678392
0.959798995,0.386934673
1,0.713567839
0.964824121,0.778894472
0.005025126,0.618090452
0.346733668,0.824120603
0.060301508,0.798994975
0.944723618,0.301507538
0.613065327,0.140703518
0.974874372,0.005025126
0.035175879,0.547738693
0.979899497,0.296482412
0.005025126,0.266331658
0.045226131,0.246231156
0.010050251,0.331658291
0.974874372,0.165829146
0.91959799,0.331658291
0.929648241,0.572864322
1,0.231155779
0.005025126,0.557788945
0.939698492,0.115577889
0.904522613,0.72361809
0.984924623,0.708542714
0.005025126,0.628140704
0.005025126,0.351758794
0.005025126,0.140703518
0,0.572864322
0.010050251,0.346733668
0.939698492,0.381909548
0,0.070351759
0.015075377,0.211055276
0.025125628,0.261306533
0.040201005,0.572864322
0.969849246,0.814070352
0.005025126,0.376884422
0.055276382,0.51758794
0,0.180904523
0.015075377,0.326633166
0.060301508,0.703517588
0.969849246,0.251256281
0.065326633,0.291457286
0.040201005,0.467336683
0,0.391959799
0.929648241,0.809045226
0.020100503,0.859296482
0.030150754,0.43718593
0.984924623,0.67839196
0.015075377,0
0.849246231,0.371859296
0.944723618,0.648241206
0,0.43718593
0.989949749,0.628140704
0.894472362,0.251256281
0,0.603015075
0.899497487,0.391959799
0,0.507537688
0,0.713567839
0,0.432160804
0,0.613065327
0,0.457286432
0.934673367,0.708542714
0.879396985,0.236180905
0.035175879,0.698492462
0.793969849,0.768844221
0.698492462,0.527638191
0.924623116,0.748743719
0.909547739,0.24120603
0.005025126,0.552763819
0.849246231,0.648241206
0.914572864,0.271356784
0.020100503,0.226130653
0.834170854,0.40201005
0.974874372,0.100502513
0.994974874,0.844221106
0.040201005,0.462311558
0.020100503,0.336683417
0.989949749,0.140703518
0.015075377,0.582914573
0.964824121,0.768844221
0.010050251,0.467336683
0.844221106,0.623115578
0.010050251,0.381909548
0.050251256,0.155778894
0.979899497,0.497487437
0,0.527638191
0.065326633,0.396984925
0.005025126,0.150753769
0.005025126,0.311557789
0.010050251,0.331658291
0.989949749,0.005025126
0.010050251,0.522613065
0,0.633165829
0.035175879,0.366834171
0.984924623,0.67839196
0.010050251,0.427135678
0.030150754,0.281407035
0.879396985,0.24120603
0.954773869,0.532663317
0.025125628,0.442211055
1,0.407035176
0.020100503,0.633165829
0,0.763819095
0.020100503,0.658291457
0.010050251,0.190954774
0.974874372,0.206030151
0.934673367,0.361809045
0.005025126,0.859296482
0.005025126,0.728643216
0.728643216,0.547738693
0,0.351758794
0.010050251,0.331658291
0.994974874,0.185929648
0.005025126,0.48241206
0.050251256,0.407035176
0.050251256,0.522613065
0.005025126,0.718592965
0.055276382,0.462311558
0.964824121,0.623115578
0.994974874,0.291457286
0.010050251,0.582914573
0.994974874,0.432160804
0.005025126,0.386934673
0.939698492,0.336683417
0.954773869,0.180904523
0.884422111,0.43718593
0.814070352,0.261306533
0.010050251,0.296482412
0.974874372,0.43718593
0.939698492,0.331658291
1,0.346733668
0.914572864,0.236180905
0.507537688,0.512562814
0.010050251,0.688442211
0.974874372,0.467336683
0.025125628,0.618090452
0.909547739,0.442211055
0.005025126,0.261306533
0.010050251,0.140703518
0.015075377,0.537688442
0.015075377,0.341708543
0.040201005,0.175879397
0.658291457,0.24120603
0.773869347,0.814070352
0,0.120603015
0.025125628,0.326633166
0.954773869,0.668341709
0.005025126,0.407035176
0.030150754,0.653266332
0.994974874,0.256281407
0.010050251,0.301507538
0.989949749,0.783919598
0,0.522613065
0.989949749,0.175879397
0.974874372,0.64321608
0.989949749,0.487437186
0.763819095,0.502512563
0.050251256,0.346733668
0.939698492,0.547738693
0,0.105527638
1,0.316582915
0.030150754,0.603015075
0.91959799,0.361809045
0,0.477386935
0.015075377,0.462311558
0.994974874,0.492462312
0.005025126,0.577889447
0,0.175879397
0.979899497,0.527638191
0.040201005,0.59798995
0.070351759,0.462311558
1,0.613065327
0.020100503,0.613065327
0.773869347,0.432160804
0.035175879,0.376884422
0.025125628,0.457286432
0.814070352,0.396984925
0.040201005,0.386934673
0.020100503,0.005025126
0.015075377,0.391959799
0.809045226,0.477386935
0.949748744,0.286432161
0,0.708542714
0.115577889,0.552763819
0.030150754,0.753768844
0.025125628,0.557788945
0,0.412060302
0.894472362,0.552763819
0.015075377,0.24120603
0.934673367,0.467336683
0.954773869,0.376884422
0.005025126,0.281407035
0.185929648,0.497487437
0.040201005,0.060301508
0.040201005,0.56281407
0.72361809,0.190954774
0.060301508,0.35678392
0.045226131,0.497487437
0.015075377,0.407035176
0,0.693467337
0.010050251,0.40201005
0.040201005,0.381909548
0.030150754,0.683417085
0.050251256,0.557788945
0.050251256,0.422110553
0.130653266,0.40201005
0.974874372,0.155778894
0,0.40201005
0,0.306532663
0.015075377,0.623115578
0.005025126,0.492462312
0,0.592964824
0.944723618,0.572864322
0.904522613,0.216080402
0.879396985,0.381909548
0.015075377,0.738693467
0.045226131,0.251256281
0.020100503,0.135678392
0.050251256,0.72361809
0.040201005,0.64321608
0.91959799,0.296482412
0.015075377,0.859296482
0.015075377,0.557788945
0.020100503,0.633165829
0.005025126,0.341708543
0.015075377,0.211055276
0.969849246,0.48241206
0.010050251,0.251256281
0.010050251,0.809045226
0.005025126,0.713567839
0.005025126,0.472361809
0.045226131,0.59798995
0.020100503,0.301507538
0.864321608,0.442211055
0.020100503,0.27638191
0.994974874,0.467336683
0.809045226,0.653266332
0.060301508,0.361809045
0,0.834170854
0.979899497,0.351758794
0.005025126,0.251256281
0.045226131,0.457286432
0,0.668341709
1,0.206030151
0.974874372,0.507537688
0.030150754,0.236180905
0.08040201,0.492462312
0.984924623,0.753768844
1,0.623115578
0.989949749,0.512562814
0.909547739,0.281407035
0.834170854,0.427135678
1,0.633165829
0.015075377,0.145728643
0.010050251,0.743718593
0,1
0.899497487,0.56281407
1,0.497487437
0.728643216,0.065326633
0.020100503,0.527638191
0.015075377,0.190954774
0.924623116,0.32160804
0.005025126,0.326633166
0,0.396984925
0.924623116,0.251256281
1,0.67839196
0,0.140703518
1,0.130653266
0.055276382,0.316582915
0.909547739,0.497487437
0.065326633,0.854271357
0.979899497,0.407035176
0.070351759,0.557788945
0.899497487,0.542713568
0.020100503,0.522613065
0.572864322,0.56281407
0.005025126,0.577889447
0.994974874,0.618090452
0.020100503,0.351758794
0.015075377,0.256281407
0,0.432160804
1,0.59798995
0.010050251,0.246231156
0,0.417085427
0.010050251,0.688442211
0.010050251,0.477386935
0,0.507537688
0.904522613,0.844221106
0.824120603,0.768844221
0.135678392,0.698492462
0.969849246,0.326633166
0.974874372,0.417085427
0.929648241,0.522613065
0.025125628,0.311557789
0.959798995,0.763819095
0.045226131,0.427135678
0.015075377,0.638190955
0.050251256,0.487437186
0.969849246,0.522613065
0.015075377,0.693467337
0,0.316582915
0.904522613,0.507537688
0.939698492,0.59798995
0.030150754,0.472361809
0.005025126,0.432160804
0.989949749,0.211055276
0,0.879396985
0.020100503,0.477386935
0,0.608040201
0.010050251,0.427135678
0,0.592964824
0.788944724,0
0.030150754,0.527638191
0.010050251,0.708542714
0.005025126,0.246231156
0.015075377,0.793969849
0.979899497,0.457286432
1,0.879396985
0.035175879,0.105527638
0,0.753768844
0.015075377,0.633165829
0.964824121,0.065326633
0.783919598,0.27638191
0.929648241,0.67839196
0.969849246,0.603015075
0.050251256,0.733668342
0.994974874,0.361809045
0,0.427135678
0.175879397,0.693467337
0,0.130653266
0,0.190954774
0.010050251,0.43718593
0.015075377,0.412060302
0,0.477386935
0.100502513,0.547738693
0,0.211055276
0.005025126,0.547738693
0,0.226130653
1,0.683417085
0.005025126,0.417085427
0.010050251,0.48241206
0,0.683417085
0.030150754,0.286432161
0.025125628,0.381909548
0.939698492,0.708542714
0.010050251,0.396984925
0.030150754,0.135678392
1,0.673366834
1,0.211055276
0.909547739,0.497487437
0.015075377,0.261306533
0.939698492,0.381909548
0.783919598,0.587939698
0.989949749,0.336683417
0,0.407035176
0.954773869,0.195979899
0.025125628,0.311557789
0.914572864,0.291457286
0,0.422110553
0.015075377,0.366834171
0.005025126,0.231155779
0,0.567839196
0.015075377,0.522613065
0.035175879,0.829145729
0.035175879,0.768844221
0.015075377,0.251256281
0.964824121,0.105527638
0.125628141,0.668341709
0,0.537688442
0.005025126,0.045226131
1,0.733668342
1,0.396984925
0,0.648241206
0.010050251,0.618090452
0.969849246,0.432160804
0.899497487,0.140703518
0.974874372,0.412060302
0.944723618,0.201005025
0.969849246,0.48241206
1,0.361809045
0.989949749,0.512562814
0,0.753768844
0.974874372,0.346733668
0.020100503,1
0.974874372,0.51758794
0.788944724,0.924623116
0.015075377,0.190954774
0.994974874,0.27638191
0.859296482,0.32160804
0.010050251,0.341708543
0.989949749,0.472361809
0.035175879,0.366834171
0,0.623115578
0.994974874,0.271356784
0.005025126,0.472361809
0.005025126,0.603015075
0.025125628,0.195979899
0.939698492,0.64321608
0.984924623,0.51758794
0.969849246,0.442211055
0.015075377,0.40201005
0.989949749,0.608040201
0.874371859,0.386934673
0.050251256,0.351758794
0.914572864,0.331658291
0,0.221105528
0.015075377,0.788944724
0.542713568,0.216080402
0.010050251,0.371859296
0.005025126,0.487437186
0.869346734,0.35678392
0.914572864,0.638190955
0.693467337,0.417085427
0.015075377,0.809045226
0.959798995,0.226130653
0.005025126,0.105527638
0.994974874,0.623115578
0.005025126,0.185929648
1,0.35678392
0.35678392,0.371859296
0.030150754,0.51758794
0.005025126,0.572864322
0,0.51758794
0.974874372,0.24120603
0.924623116,0.572864322
0.005025126,0.256281407
0.994974874,0.618090452
0.020100503,0.608040201
1,0.577889447
0,0.396984925
0.909547739,0.56281407
0.010050251,0.271356784
0,0.537688442
0.015075377,0.603015075
0.783919598,0.944723618
0.020100503,0.733668342
0,0.497487437
0.025125628,0.577889447
0.994974874,0.361809045
1,0.32160804
0.974874372,0.386934673
0.015075377,0.552763819
1,0.668341709
0.005025126,0.35678392
0.909547739,0.633165829
0.909547739,0.64321608
0.964824121,0.527638191
0.055276382,0.854271357
0.909547739,0.51758794
0,0.155778894
1,0.256281407
0.814070352,0.326633166
1,0.814070352
0,0.226130653
1,0.326633166
0.010050251,0.577889447
0.673366834,0.703517588
0.030150754,0.537688442
0.929648241,0.231155779
0.020100503,0.422110553
0.025125628,0.507537688
0.060301508,0.623115578
0.979899497,0.502512563
0.010050251,0.748743719
0.698492462,0.351758794
0.010050251,0.547738693
0.005025126,0.422110553
0,0.623115578
0.909547739,0.472361809
0.819095477,0.165829146
0.015075377,0.497487437
1,0.552763819
0.025125628,0.427135678
0.040201005,0.733668342
0.015075377,0.623115578
0,0.582914573
0,0.492462312
0.010050251,0.442211055
0.010050251,0.572864322
0.030150754,0.587939698
0.025125628,0
0.020100503,0.32160804
0.005025126,0.40201005
0.015075377,0.115577889
0,0.512562814
0.809045226,0.040201005
0.045226131,0.291457286
0.788944724,0.522613065
0.020100503,0.422110553
0.015075377,0.688442211
0,0.231155779
0.015075377,0.452261307
0.005025126,0.412060302
0.015075377,0.231155779
0.145728643,0.371859296
0.743718593,0.432160804
0.045226131,0.296482412
0,0.743718593
0.015075377,0.51758794
0.904522613,0.190954774
0.005025126,0.67839196
0.055276382,0.783919598
0.020100503,0.522613065
0.653266332,0.733668342
0.994974874,0.125628141
0.010050251,0.150753769
1,0.412060302
0.010050251,0.542713568
0.025125628,0.603015075
0.507537688,0.56281407
1,0.24120603
0.055276382,0.768844221
1,0
0.979899497,0.366834171
0.040201005,0.095477387
0.035175879,0.492462312
0.783919598,0.301507538
0.010050251,0.618090452
0.979899497,0.512562814
0.909547739,0.266331658
1,0.326633166
0,0.266331658
0.859296482,0.422110553
0.979899497,0.412060302
1,0.653266332
0.045226131,0.391959799
0.989949749,0.35678392
1,0.939698492
0.994974874,0.301507538
0.964824121,0.713567839
0.964824121,0.552763819
0.08040201,0.371859296
0.035175879,0.301507538
0,0.236180905
0.984924623,0.557788945
0.894472362,0.075376884
0,0.281407035
0.070351759,0.271356784
0.924623116,0.201005025
0,0.40201005
0.015075377,0.361809045
0.974874372,0.256281407
0,0.341708543
0.964824121,0.422110553
0.929648241,0.427135678
0.005025126,0.532663317
0.989949749,0.195979899
0.829145729,0.673366834
0.010050251,0.487437186
0.91959799,0.407035176
0.035175879,0.512562814
0,0.331658291
0,0.417085427
0.849246231,0.427135678
0.005025126,0.221105528
0.984924623,0.613065327
0.035175879,0.351758794
1,0.422110553
0.884422111,0.32160804
0.864321608,0.351758794
0.005025126,0.311557789
0,0.83919598
0.939698492,0.206030151
0,0.301507538
0.934673367,0.190954774
0,0.206030151
0.050251256,0.547738693
0.025125628,0.251256281
0.994974874,0.487437186
0.050251256,0.75879397
0.939698492,0.271356784
0.783919598,0.567839196
0.984924623,0.266331658
0,0.67839196
0.934673367,0.572864322
0.005025126,0.522613065
0.979899497,0.366834171
0.035175879,0.195979899
0.994974874,0.100502513
0.391959799,0.537688442
0.025125628,0.778894472
0.005025126,0.090452261
0.025125628,0.306532663
0,0.236180905
0.050251256,0.16080402
0.914572864,0.32160804
0.939698492,0.447236181
0.884422111,0.201005025
0,0.43718593
0.934673367,0.256281407
0.030150754,0.271356784
0.914572864,0.48241206
0.040201005,0.331658291
0.949748744,0.120603015
0.944723618,0.341708543
0.904522613,0.100502513
0.005025126,0.864321608
0.949748744,0.592964824
0.020100503,0.361809045
0.994974874,0.708542714
1,0.43718593
0.959798995,0.43718593
0.954773869,0.407035176
0.768844221,0.366834171
1,0.376884422
0.075376884,0.653266332
0,0.442211055
0.020100503,0.351758794
0.015075377,0.879396985
0.994974874,0.331658291
0.994974874,0.417085427
0.030150754,0.105527638
0.005025126,0.688442211
0.944723618,0.351758794
0.994974874,0.572864322
0.005025126,0.155778894
0.005025126,0.231155779
0.025125628,0.75879397
0.944723618,0.663316583
0.969849246,0.547738693
0.030150754,0.75879397
0.954773869,0.261306533
0.005025126,0.412060302
0.005025126,0.48241206
0,0.35678392
0.020100503,0.236180905
0.954773869,0.472361809
0,0.552763819
1,0.386934673
0.864321608,0.432160804
1,0.603015075
0.894472362,0.537688442
0.798994975,0.56281407
0.010050251,0.376884422
0,0.381909548
0.929648241,0.432160804
0.929648241,0.804020101
0.075376884,0.864321608
0,0.206030151
0.020100503,0.638190955
0.040201005,0.497487437
0,0.48241206
0.804020101,0.190954774
0.010050251,0.859296482
0.974874372,0.849246231
0.939698492,0.633165829
0.939698492,0.271356784
0.889447236,1
0.005025126,0.422110553
0.954773869,0.35678392
0.185929648,0.316582915
1,0.487437186
0.989949749,0.718592965
0.005025126,0.025125628
0.32160804,0.688442211
0.969849246,0.698492462
0.010050251,0.070351759
0.959798995,0.326633166
0,0.59798995
0.969849246,0.407035176
0.025125628,0.432160804
1,0.140703518
0.773869347,0.457286432
1,0.713567839
0.020100503,0.155778894
0.020100503,0.864321608
0.035175879,0.552763819
0.005025126,0.547738693
0.045226131,0.261306533
1,0.773869347
0,0.56281407
0.974874372,0.577889447
0.959798995,0.211055276
0.989949749,0.35678392
0.005025126,0.587939698
0.015075377,0.180904523
0,0.582914573
0.924623116,0.487437186
0.015075377,0.467336683
0.025125628,0.899497487
0.065326633,0.552763819
0.015075377,0.281407035
0,0.201005025
0.914572864,0.497487437
0.010050251,0.155778894
0.989949749,0.306532663
0.884422111,0.281407035
1,0.417085427
0.095477387,0.713567839
0.572864322,0.683417085
0.989949749,0.115577889
0.015075377,0.180904523
0,0.512562814
0.964824121,0.829145729
0.984924623,0.256281407
0.015075377,0.713567839
0.010050251,0.371859296
0.035175879,0.412060302
0.035175879,0.673366834
0,0.683417085
0.974874372,0.155778894
0,0.286432161
0.994974874,0.472361809
0.070351759,0.326633166
0.854271357,0.638190955
0,0.35678392
0,0.206030151
0.010050251,0.577889447
0.718592965,0.477386935
0.005025126,0.442211055
0.949748744,0.281407035
0,0.477386935
0.889447236,0.43718593
0.934673367,0.100502513
0.110552764,0.467336683
0.974874372,0.271356784
0.030150754,0.165829146
0.015075377,0.216080402
0,0.527638191
0,0.708542714
0.030150754,0.326633166
0.949748744,0.211055276
0.035175879,0.477386935
0.020100503,0.618090452
0.055276382,0.190954774
0.005025126,0.16080402
0.010050251,0.40201005
0.959798995,0.512562814
0.934673367,0.768844221
0.070351759,0.854271357
0.959798995,0.472361809
0.914572864,0.959798995
0.994974874,0.291457286
0.949748744,0.587939698
0.969849246,0.301507538
0.025125628,0.502512563
0.010050251,0.75879397
0,0.542713568
0.08040201,0.271356784
0.035175879,0.447236181
0.904522613,0.974874372
0.155778894,0.663316583
0.964824121,0.447236181
0.100502513,0.316582915
0.035175879,0.396984925
0.035175879,0.532663317
0,0.155778894
0.025125628,0.447236181
0.025125628,0.472361809
0.040201005,0.552763819
0.969849246,0.623115578
0,0
0.005025126,0.442211055
0,0
0.030150754,0.256281407
0.035175879,0.286432161
0.879396985,0.567839196
0.874371859,0.618090452
0.015075377,0.331658291
0.025125628,0.592964824
0.050251256,0.738693467
0.010050251,0.190954774
0.015075377,0.361809045
0.944723618,0.653266332
0,0.386934673
0.628140704,0.51758794
0.989949749,0.296482412
0.005025126,0.291457286
0.015075377,0.48241206
0.91959799,0.718592965
0.050251256,0.341708543
0.814070352,0.27638191
0.939698492,0.537688442
0,0.422110553
0.005025126,0.16080402
0.969849246,0.311557789
0.969849246,0.110552764
0.909547739,0.371859296
0.010050251,0.050251256
0.010050251,0.376884422
0.030150754,0.236180905
0.025125628,0.532663317
0.994974874,0.447236181
0.015075377,0.75879397
0.984924623,0.668341709
0.005025126,0.135678392
0.010050251,0.190954774
0.010050251,0.668341709
0,0.854271357
0.035175879,0.442211055
0.708542714,0.216080402
0,0.065326633
0.070351759,0.884422111
0.829145729,0.522613065
0.035175879,0.884422111
0.005025126,0.090452261
0.095477387,0.608040201
0.884422111,0.301507538
0.778894472,0.331658291
1,0.75879397
0.010050251,0.673366834
0,0.366834171
0.91959799,0.537688442
0,0.613065327
0,0.447236181
0.934673367,0.43718593
0,0.547738693
0,0.261306533
0.874371859,0.522613065
0.015075377,0.120603015
0.949748744,0.361809045
0.025125628,0.381909548
0.969849246,0.346733668
0.015075377,0.809045226
1,0.572864322
0.949748744,0.216080402
0.025125628,0.201005025
0,0.336683417
0.010050251,0.542713568
0.005025126,0.422110553
0.989949749,0.477386935
0,0.010050251
0.020100503,0.502512563
0.005025126,0.185929648
0,0.35678392
0.959798995,0.497487437
0.773869347,0.351758794
0.859296482,0.346733668
0.015075377,0.698492462
0,0.316582915
0.005025126,0.291457286
0.055276382,0.91959799
0.949748744,0.522613065
0.070351759,0.56281407
0.020100503,0.125628141
0.055276382,0.83919598
0.025125628,0.763819095
0.020100503,0.768844221
0.010050251,0.110552764
0.994974874,0.326633166
0.899497487,0.190954774
0.055276382,0.547738693
0.010050251,0.72361809
0.984924623,0.552763819
0.035175879,0.291457286
0,0.743718593
0.085427136,0.658291457
0,0.412060302
0.979899497,0.763819095
0.020100503,0.703517588
0.788944724,0.211055276
0.060301508,0.180904523
0.969849246,0
0.884422111,0.271356784
0.864321608,0.849246231
0.020100503,0.683417085
0.939698492,0.361809045
0.005025126,0.67839196
0.005025126,0.733668342
0.969849246,0.261306533
0.964824121,0.195979899
0.020100503,0.105527638
0.467336683,0.301507538
1,0.180904523
0.060301508,0.150753769
1,0.849246231
0.030150754,0.246231156
0.939698492,0.497487437
0,0.869346734
0,0.281407035
0.040201005,0.040201005
0.015075377,0.391959799
0.165829146,0.075376884
0,0.552763819
0.005025126,0.613065327
0.025125628,0.16080402
1,0.567839196
0,0.457286432
0.045226131,0.577889447
0.025125628,0.59798995
0.025125628,0.638190955
0,0.261306533
0.010050251,0.763819095
0.869346734,0.381909548
0.025125628,0.326633166
0.984924623,0.391959799
0.819095477,0.165829146
0.788944724,0.412060302
0.025125628,0.216080402
0,0.346733668
0.030150754,0.35678392
0.005025126,0.552763819
0.030150754,0.447236181
0.914572864,0.27638191
0.989949749,0.648241206
0.783919598,0.51758794
0.020100503,0.452261307
0.015075377,0.48241206
0.060301508,0.457286432
0,0.341708543
0.010050251,0.396984925
0.005025126,0.728643216
0.020100503,0.251256281
0.010050251,0.457286432
0.015075377,0.51758794
0.025125628,0.16080402
0.211055276,0.195979899
0,0.326633166
0.025125628,0.738693467
0.899497487,0.201005025
0.010050251,0.371859296
0.974874372,0.306532663
0.015075377,0.24120603
0.753768844,0.346733668
0.010050251,0.698492462
1,0.452261307
0.989949749,0.386934673
0.989949749,0.170854271
0,0.477386935
0.934673367,0.24120603
0.005025126,0.954773869
1,0.412060302
0,0.487437186
1,0.532663317
0.005025126,0.472361809
1,0.824120603
0.005025126,0.361809045
0.804020101,0.447236181
0.030150754,0.492462312
0.824120603,0.547738693
0.974874372,0.331658291
0.984924623,0.613065327
0.778894472,0.427135678
0.979899497,0.577889447
0.025125628,0.572864322
1,0.190954774
0.969849246,0.738693467
0.005025126,0.432160804
0.020100503,0.582914573
0.010050251,0.351758794
0.944723618,0.522613065
0.879396985,0.713567839
0.040201005,0.281407035
0.979899497,0.231155779
0,0.236180905
1,0.793969849
0.959798995,0.623115578
0.864321608,0.246231156
0.733668342,0.532663317
0.899497487,0.472361809
0.929648241,0.020100503
0.944723618,0.532663317
0.989949749,0.316582915
0.949748744,0.477386935
0.020100503,0.150753769
0.944723618,0.743718593
0.010050251,0.221105528
0.899497487,0.557788945
0,0.547738693
0.050251256,0.552763819
0.055276382,0.226130653
0.025125628,0.316582915
0.035175879,0.386934673
0,0.577889447
0.015075377,0.381909548
0.944723618,0.56281407
0.974874372,0.542713568
0.005025126,0.728643216
1,0.984924623
0.035175879,0.522613065
0.924623116,0.633165829
0.035175879,0.502512563
1,0.899497487
0.949748744,0.64321608
1,0.442211055
0.613065327,0.050251256
0.296482412,0.24120603
0.010050251,0.236180905
1,0.64321608
0.914572864,0.251256281
0.959798995,0.804020101
0.010050251,0.020100503
1,0.577889447
0.035175879,0.587939698
1,0.316582915
0.010050251,0.467336683
0.964824121,0.341708543
0.618090452,0.100502513
0.994974874,0.281407035
0.778894472,0.236180905
0.824120603,0.266331658
1,0.527638191
0.964824121,0.522613065
0.944723618,0.552763819
0.969849246,0.638190955
0.964824121,0.381909548
0.834170854,0.43718593
0.984924623,0.291457286
0,0.577889447
0.954773869,0.814070352
0.005025126,0.246231156
0.859296482,0.557788945
0.984924623,0.547738693
1,0.251256281
0.894472362,0.668341709
0.819095477,0.417085427
0.060301508,0.08040201
0,0.266331658
0.035175879,0.381909548
0.020100503,0.557788945
0.005025126,0.452261307
0.914572864,0.211055276
1,0.783919598
0.035175879,0.492462312
1,0.467336683
0.909547739,0.804020101
0.005025126,0.371859296
0.010050251,0.150753769
0.969849246,0.502512563
0.035175879,0.165829146
0.010050251,0.150753769
0.949748744,0.507537688
0,0.512562814
0.994974874,0.703517588
0.015075377,0.427135678
1,0.633165829
0.020100503,0.67839196
0.939698492,0.432160804
1,0.361809045
1,0.180904523
0.889447236,0.236180905
0.969849246,0.216080402
0.954773869,0.407035176
0.015075377,0.552763819
1,0.572864322
0.010050251,0.834170854
0.010050251,0.296482412
0.994974874,0.48241206
1,0.35678392
0.030150754,0.090452261
0.979899497,0.492462312
0,0.783919598
0.984924623,0.854271357
0.567839196,0.236180905
0.040201005,0.125628141
0.020100503,0.045226131
0.010050251,0.447236181
0.949748744,0.376884422
0.015075377,0.537688442
1,0.497487437
0.035175879,0.618090452
0,0.391959799
0.728643216,0.618090452
0.989949749,0.603015075
0.015075377,0.422110553
0.788944724,0.638190955
0.72361809,0.442211055
0.874371859,0.512562814
0.030150754,0.532663317
0.974874372,0.48241206
1,0.32160804
0.949748744,0.095477387
0.869346734,0.040201005
0.396984925,0.623115578
0.959798995,0.59798995
0,0.075376884
1,0.648241206
1,0.542713568
0.959798995,0.783919598
0.055276382,0.748743719
0.693467337,0.447236181
0.035175879,0.386934673
0.884422111,0.708542714
0.005025126,0.231155779
0.010050251,0.386934673
0.005025126,0.462311558
0.020100503,0.442211055
0.964824121,0.391959799
0.814070352,0.120603015
0.788944724,0.201005025
0.989949749,0.381909548
1,0.648241206
0.899497487,0.472361809
0.035175879,0.457286432
0,0.537688442
0.914572864,0.281407035
0.175879397,0.51758794
0.005025126,0.371859296
0.969849246,0.512562814
0.065326633,0.150753769
0.934673367,0.206030151
0,0.281407035
0.989949749,0.472361809
0.100502513,0.547738693
0.050251256,0.381909548
0.010050251,0.557788945
0.030150754,0.673366834
0.010050251,0.165829146
0.91959799,0.341708543
0.010050251,0.155778894
0.005025126,0.582914573
0.040201005,0.246231156
0.984924623,0.487437186
0.005025126,0.190954774
0.005025126,0.537688442
0.005025126,0.291457286
0.040201005,0.56281407
0.08040201,0.899497487
0.010050251,0.291457286
0.994974874,0.346733668
0.005025126,0.698492462
0.005025126,0.221105528
0,0.140703518
0.954773869,0.663316583
0.095477387,0.673366834
0.889447236,0.683417085
0.924623116,0.407035176
0.070351759,0.618090452
0.728643216,0.266331658
0.874371859,0.211055276
0,0.386934673
0.005025126,0.743718593
0.934673367,0.447236181
0.015075377,0.105527638
0.015075377,0.532663317
0.025125628,0.592964824
0.010050251,0.854271357
0.020100503,0.447236181
1,0.386934673
0,0.231155779
1,0.351758794
0.773869347,0.552763819
1,0.246231156
0.939698492,0.286432161
1,0.266331658
1,0.381909548
0.773869347,0.497487437
0,0.582914573
1,0.336683417
1,0.462311558
1,0.226130653
0.005025126,0.628140704
0.944723618,0.190954774
0.924623116,0.693467337
1,0.688442211
0.969849246,0.522613065
0.909547739,0.653266332
0.894472362,0.537688442
0.924623116,0.477386935
0.005025126,0.376884422
0,0.814070352
0.015075377,0.572864322
0.005025126,0.502512563
0.010050251,0.231155779
0.045226131,0.773869347
0.015075377,0.577889447
0.748743719,0.809045226
0.969849246,0.512562814
0.010050251,0.125628141
0.959798995,0.507537688
0,0.693467337
0.854271357,0.618090452
0.020100503,0.301507538
1,0.316582915
0.020100503,0.281407035
1,0.422110553
0,0.306532663
0,0.427135678
0.944723618,0.502512563
0.949748744,0.417085427
0.035175879,0.361809045
0,0.633165829
0.849246231,0.407035176
0.929648241,0.457286432
0.005025126,0.648241206
0.025125628,0.16080402
0,0.351758794
0.035175879,0.638190955
0,0.407035176
0.934673367,0.849246231
0.050251256,0.35678392
0.005025126,0.542713568
0.005025126,0.477386935
0.924623116,0.175879397
0.030150754,0.527638191
1,0.633165829
0,0.653266332
0.040201005,0.447236181
0.005025126,0.336683417
0.974874372,0.814070352
0.874371859,0.673366834
0.879396985,0.24120603
0.974874372,0.663316583
0.949748744,0.24120603
0.020100503,0.236180905
0.010050251,0.804020101
0.095477387,0.72361809
0.989949749,0.422110553
0,0.467336683
1,0.623115578
0.050251256,0.025125628
0.949748744,0.422110553
0.944723618,0.125628141
1,0.658291457
0.020100503,0.135678392
0.075376884,0.542713568
0.020100503,0.628140704
0.959798995,0.824120603
0.005025126,0.236180905
0.010050251,0.608040201
0,0.32160804
0.015075377,0.572864322
0.025125628,0.175879397
0.010050251,0.286432161
0.899497487,0.67839196
0.050251256,0.477386935
1,0.376884422
0.969849246,0.748743719
1,0.085427136
0,0.125628141
0.964824121,0.728643216
0.954773869,0.728643216
1,0.457286432
0,0.281407035
0.969849246,0.613065327
0.010050251,0.497487437
1,0.331658291
0.005025126,0.271356784
1,0.231155779
0.005025126,0.231155779
1,0.407035176
0.798994975,0.693467337
0.91959799,0.361809045
1,0.346733668
0.934673367,0.201005025
0.020100503,0.713567839
0.904522613,0.005025126
1,0.793969849
0.984924623,0.311557789
0.954773869,0.140703518
0.211055276,0.432160804
1,0.743718593
0,0.376884422
1,0.829145729
1,0.296482412
0.793969849,0.216080402
0.974874372,0.708542714
1,0.542713568
0.909547739,0.552763819
0.899497487,0.613065327
0.844221106,0.83919598
1,0.507537688
1,0.633165829
0.994974874,0.246231156
0.91959799,0.135678392
1,0.351758794
0.969849246,0.261306533
1,0.170854271
0.020100503,0.668341709
0.040201005,0.542713568
0.020100503,0.361809045
1,0.165829146
0.989949749,0.447236181
0.974874372,0.120603015
1,0.150753769
0.025125628,0.43718593
0.929648241,0.577889447
0.010050251,0.326633166
0.994974874,0.743718593
0.015075377,0.326633166
0.979899497,0.412060302
0.085427136,0.432160804
0.934673367,0.301507538
0.924623116,0.221105528
1,0.557788945
0.949748744,0.492462312
0.989949749,0.195979899
0.095477387,0.572864322
0.874371859,0.422110553
0.603015075,0.165829146
0.070351759,0.708542714
0,0.140703518
0.005025126,0.336683417
0.08040201,0.296482412
0.040201005,0.668341709
0.929648241,0.522613065
1,0.442211055
0.010050251,0.442211055
0.010050251,0.577889447
0.894472362,0.110552764
0,0.477386935
1,0.703517588
0.979899497,0.798994975
0.989949749,0.557788945
1,0.572864322
0.020100503,0.291457286
0,0.432160804
0.015075377,0.35678392
1,0.281407035
0.989949749,0.608040201
0.969849246,0.175879397
0,0.592964824
1,0.492462312
0.949748744,0.638190955
0.035175879,0.296482412
0.442211055,0.492462312
0.934673367,0.542713568
0.824120603,0.206030151
0.010050251,0.582914573
0.773869347,0.577889447
0,0.35678392
0.914572864,0.623115578
0,0.27638191
1,0.728643216
0.899497487,0.40201005
0.834170854,0.291457286
0.944723618,0.381909548
0.010050251,0.216080402
0.859296482,0.266331658
0.020100503,0.648241206
0.005025126,0.487437186
0.954773869,0.713567839
0.713567839,0.472361809
0.834170854,0.341708543
0,0.206030151
0.849246231,0.105527638
0.763819095,0.412060302
1,0.301507538
0.874371859,0.623115578
0.035175879,0.492462312
0.964824121,0.552763819
0.050251256,0.502512563
0.984924623,0.547738693
0.964824121,0.75879397
0.010050251,0.366834171
1,0.462311558
0.301507538,0.51758794
0.015075377,0.56281407
0.969849246,0.296482412
0.994974874,0.40201005
0.045226131,0.361809045
0.055276382,0.648241206
1,0.537688442
0.989949749,0.577889447
0.944723618,0.386934673
1,0.537688442
0.954773869,0.371859296
1,0.959798995
0,0.542713568
0.944723618,0.603015075
0.010050251,0.236180905
0.030150754,0.341708543
0.964824121,0.582914573
0.904522613,0.251256281
0.025125628,0.653266332
0.929648241,0.120603015
0,0.949748744
0.010050251,0.457286432
0.994974874,0.939698492
0.010050251,0.743718593
0.934673367,0.316582915
0,0.592964824
0.889447236,0.261306533
0,0.673366834
0.738693467,0.728643216
0.025125628,0.412060302
0.969849246,0.306532663
0.030150754,0.251256281
0.010050251,0.361809045
0,0.085427136
0.623115578,0.422110553
0,0.422110553
0.010050251,0.587939698
0.005025126,0.623115578
0.020100503,0.35678392
0.804020101,0.572864322
0.015075377,0.371859296
0.91959799,0.306532663
0,0.572864322
0,0.658291457
0.025125628,0.618090452
1,0.386934673
0.005025126,0.311557789
0.010050251,0.105527638
0.944723618,0.698492462
0.010050251,0.658291457
0,0.231155779
0.025125628,0.452261307
0.035175879,0.281407035
0.939698492,0.396984925
0.020100503,0.135678392
0.090452261,0.718592965
0.010050251,0.281407035
0.010050251,0.582914573
0.025125628,0
1,0.427135678
0,0.251256281
0.005025126,0.542713568
0.969849246,0.472361809
0.045226131,0.542713568
0.010050251,0.733668342
0.020100503,0.512562814
0.969849246,0.618090452
1,0.648241206
0.914572864,0.557788945
0.969849246,0.221105528
1,0.256281407
0.030150754,0.316582915
0.125628141,0.286432161
0,0.718592965
0.994974874,0.32160804
0.904522613,0.703517588
0.768844221,0.35678392
0.015075377,0.376884422
0.020100503,0.070351759
0.944723618,0.361809045
0.190954774,0.180904523
0.974874372,0.366834171
0.035175879,0.256281407
0.015075377,0.743718593
1,0.336683417
0.110552764,0.291457286
0.045226131,0.512562814
0.693467337,0.452261307
0.733668342,0.547738693
0.005025126,0.185929648
0.974874372,0.613065327
0.045226131,0.663316583
0.91959799,0.537688442
0.974874372,0.51758794
0.005025126,0.40201005
0.949748744,0.532663317
0.879396985,0.130653266
0.005025126,0.753768844
0.974874372,0.361809045
0.035175879,0.653266332
0.628140704,0.35678392
0.969849246,0.472361809
0,0.587939698
0.864321608,0.447236181
0,0.673366834
1,0.291457286
0.005025126,0.150753769
0.969849246,0.311557789
0.005025126,0.386934673
0.025125628,0.291457286
0.035175879,0.296482412
1,0.849246231
0.035175879,0.798994975
0,0.743718593
0.959798995,0.301507538
0,0.829145729
1,0.251256281
0.015075377,0.64321608
0.050251256,0.326633166
0.603015075,0.844221106
0.015075377,0.462311558
0.070351759,0.577889447
0,0.266331658
0.582914573,0.27638191
0,0.306532663
0.728643216,0.502512563
0.005025126,0.467336683
0.005025126,0.592964824
0.020100503,0.552763819
0.959798995,0.236180905
0.005025126,0.577889447
0,0.587939698
0.025125628,0.331658291
0.025125628,0.195979899
0.969849246,0.527638191
0,0.40201005
0.964824121,0.688442211
0.005025126,0.768844221
0,0.753768844
0.010050251,0.170854271
0.025125628,0.291457286
0.949748744,0.688442211
0.020100503,0.462311558
0.010050251,0.748743719
0.974874372,0.311557789
0.909547739,0.567839196
0.959798995,0.778894472
0.030150754,0.567839196
0.005025126,0.472361809
0,0.613065327
0.140703518,0.457286432
0,0.522613065
0,0.693467337
1,0.849246231
0.864321608,0.407035176
0.984924623,0.301507538
0.025125628,0.331658291
0.035175879,0.095477387
0.010050251,0.462311558
0.045226131,0.301507538
0.989949749,0.27638191
1,0.246231156
0.035175879,0.427135678
0,0.331658291
0.065326633,0.59798995
0.733668342,0.35678392
0.020100503,0.477386935
0.849246231,0.256281407
0.025125628,0.180904523
0.778894472,0.547738693
0.909547739,0.08040201
0.663316583,0.718592965
0.025125628,0.346733668
0.015075377,0.351758794
0.979899497,0.793969849
0.025125628,0.236180905
1,0.603015075
0.005025126,0.819095477
0.040201005,0.748743719
0.010050251,0.899497487
0.065326633,0.658291457
0.949748744,0.552763819
0.050251256,0.788944724
0.020100503,0.261306533
0.899497487,0.381909548
0.974874372,0.407035176
0.979899497,0.532663317
0.005025126,0.351758794
0.060301508,0.849246231
0.050251256,0.251256281
0.889447236,0.261306533
0.984924623,0.442211055
1,0.788944724
0.969849246,0.391959799
0.984924623,0.618090452
0.050251256,0.271356784
0.010050251,0.48241206
0.005025126,0.16080402
0.974874372,0.412060302
0.015075377,0.331658291
0.979899497,0.542713568
0.733668342,0.211055276
0,0.693467337
0.869346734,0.577889447
0.994974874,0.497487437
0.025125628,0.592964824
1,0.587939698
0,0.708542714
0.045226131,0.296482412
0,0.572864322
0.718592965,1
0.010050251,0.547738693
0.075376884,0.24120603
0.83919598,0.587939698
0.130653266,0.532663317
0.025125628,0.115577889
0,0.296482412
0.030150754,0.346733668
0.005025126,0.48241206
0.010050251,0.618090452
0.035175879,0.396984925
0.929648241,0.522613065
0,0.341708543
1,0.688442211
0.608040201,0.829145729
0,0.16080402
0.025125628,0.502512563
0.015075377,0.120603015
0.954773869,0.165829146
0.010050251,0.502512563
0.010050251,0.236180905
0.954773869,0.844221106
0.83919598,0.341708543
0.939698492,0.532663317
0.005025126,0.487437186
0,0.618090452
0.055276382,0.829145729
0.015075377,0.286432161
0.904522613,0.477386935
0,0.683417085
0.005025126,0.567839196
0.015075377,0.552763819
0.959798995,0.567839196
0.894472362,0.804020101
0.040201005,0.427135678
0.969849246,0.497487437
0.959798995,0.567839196
0.834170854,0.783919598
0.005025126,0.51758794
0.005025126,0.457286432
0,0.552763819
0.010050251,0.417085427
0.557788945,0.301507538
0.055276382,0.613065327
0.984924623,0.773869347
0.010050251,0.361809045
1,0.708542714
0.964824121,0.190954774
0.798994975,0.190954774
0.949748744,0.286432161
0.904522613,0.447236181
0.994974874,0.532663317
0.989949749,0.603015075
0.984924623,0.105527638
0.809045226,0.587939698
0.005025126,0.256281407
0.060301508,0.688442211
0.989949749,0.442211055
0,0.351758794
0.979899497,0.457286432
0.010050251,0.271356784
0.025125628,0.457286432
0.929648241,0.582914573
0.025125628,0.165829146
0.010050251,0.698492462
0.939698492,0.110552764
0.020100503,0.371859296
0.819095477,0.557788945
0.804020101,0.628140704
0.105527638,0.115577889
0.859296482,0.100502513
0.989949749,0.507537688
0.83919598,0.422110553
0.035175879,0.376884422
1,0.487437186
1,0.748743719
1,0.51758794
0.070351759,0.175879397
0.035175879,0.256281407
1,0.346733668
0.969849246,0.628140704
0.070351759,0.16080402
0.91959799,0.542713568
0.884422111,0.718592965
0.964824121,0.457286432
0,0.341708543
0.035175879,0.316582915
0.934673367,0.015075377
0,0.804020101
0.010050251,0.51758794
0.055276382,0.648241206
0.894472362,0.497487437
1,0.291457286
0.864321608,0.125628141
0.015075377,0.216080402
1,0.577889447
0.005025126,0.748743719
0.005025126,0.301507538
0.969849246,0.351758794
0.814070352,0.48241206
0.894472362,0.075376884
0.035175879,0.115577889
0.949748744,0.391959799
0.040201005,0.59798995
0.030150754,0.311557789
0.949748744,0.668341709
0.979899497,0.195979899
0.030150754,0.633165829
0.793969849,0.412060302
0.020100503,0.532663317
0.788944724,0.613065327
0.979899497,0.155778894
0.989949749,0.48241206
0.090452261,0.587939698
0,0.346733668
0.783919598,0.51758794
0.984924623,0.59798995
0.75879397,0.75879397
0,0.35678392
0.005025126,0.170854271
0.010050251,0.396984925
0.698492462,0.32160804
0.060301508,0.768844221
0.005025126,0.804020101
0.025125628,0.32160804
0.005025126,0.648241206
0.939698492,0.216080402
0.020100503,0.572864322
0.964824121,0.165829146
0,0.311557789
1,0.577889447
0.075376884,0.48241206
0.798994975,0.407035176
0.010050251,0.447236181
0.974874372,0.346733668
1,0.628140704
0.025125628,0.095477387
0.783919598,0.462311558
0,0.638190955
1,0.32160804
0.010050251,0.396984925
0.030150754,0.462311558
0.783919598,0.185929648
1,0.346733668
0.934673367,0.386934673
0.140703518,0.572864322
0.296482412,0.391959799
0.020100503,0.110552764
0.914572864,0.64321608
0.809045226,0.48241206
0,0.366834171
0,0.512562814
0.015075377,0.572864322
0.095477387,0.613065327
0.005025126,0.32160804
0.050251256,0.703517588
0.020100503,0.658291457
0.005025126,0.462311558
0.005025126,0.326633166
0,0.341708543
0.025125628,0.180904523
0.994974874,0.391959799
0.889447236,0.40201005
0.909547739,0.442211055
0.889447236,0.798994975
0.743718593,0.693467337
0.020100503,0.56281407
0.025125628,0.522613065
0.020100503,0.512562814
0,0.567839196
0.100502513,0.180904523
0.994974874,0.432160804
0.989949749,0.743718593
0,0.75879397
0,0.698492462
0.909547739,0.185929648
0.040201005,0.472361809
0.005025126,0.376884422
0.010050251,0.733668342
0.979899497,0.266331658
0,0.095477387
0,0.085427136
0.251256281,0.346733668
0,0.733668342
0.030150754,0.27638191
0,0.251256281
0.899497487,0.502512563
0,0.040201005
0,0.427135678
0.914572864,0.618090452
0.010050251,0.778894472
0.045226131,0.718592965
0.105527638,0.427135678
0.91959799,0.537688442
0.025125628,0.507537688
0.015075377,0.974874372
0.015075377,0.130653266
0.035175879,0.150753769
0.015075377,0.261306533
0.015075377,0.386934673
0,0.090452261
0.045226131,0.432160804
0,0.527638191
0.005025126,0.396984925
0.894472362,0.577889447
0.025125628,0.351758794
0,0.452261307
0.030150754,0.557788945
0.015075377,0.24120603
0.251256281,0.532663317
0.010050251,0.577889447
0.005025126,0.557788945
0,0.502512563
1,0.361809045
0.010050251,0.59798995
0.010050251,0.361809045
0.954773869,0.271356784
0.025125628,0.266331658
0,0.115577889
0.035175879,0.261306533
0.045226131,0.557788945
0.010050251,0.211055276
0.065326633,0.306532663
1,0.512562814
0.015075377,0.341708543
0,0.371859296
0.83919598,0.447236181
0.969849246,0.150753769
0.045226131,0.170854271
0.864321608,0.457286432
0.010050251,0.587939698
0,0.341708543
0.949748744,0.512562814
0,0.577889447
0,0.085427136
0,0.56281407
0,0.135678392
0.005025126,0.366834171
0,0.376884422
0.025125628,0.452261307
0.100502513,0.668341709
0.045226131,0.623115578
0.010050251,0.216080402
0.005025126,0.346733668
0.889447236,0.331658291
0.035175879,0.618090452
0.979899497,0.618090452
0.969849246,0.180904523
0.010050251,0.351758794
0,0.59798995
1,0.286432161
0.824120603,0.889447236
0,0.879396985
0.984924623,0.346733668
1,0.603015075
0,0.703517588
0,0.201005025
0,0.391959799
0.020100503,0.969849246
0.015075377,0.306532663
0.964824121,0.351758794
0.944723618,0.507537688
1,0.271356784
0.984924623,0.256281407
0.035175879,0.40201005
0,0.72361809
0,0.768844221
0.015075377,0.170854271
0.030150754,0.663316583
0,0.40201005
0.879396985,0.472361809
0.929648241,0.316582915
0.020100503,0.809045226
0.045226131,0.366834171
0.035175879,0.40201005
0.949748744,0.155778894
0.050251256,0.32160804
0.854271357,0.316582915
0.005025126,0.24120603
0.984924623,0.889447236
0.005025126,0.537688442
0,0.271356784
0.010050251,0.733668342
0,0.487437186
0.005025126,0.467336683
0.005025126,0.497487437
0.08040201,0.100502513
0.989949749,0.56281407
0.010050251,0.67839196
0,0.381909548
0,0.572864322
0.040201005,0.64321608
0,0.155778894
0.994974874,0.145728643
0.984924623,0.572864322
0.91959799,0.577889447
0.964824121,0.592964824
0.964824121,0.572864322
0.859296482,0.336683417
0.994974874,0.824120603
0.025125628,0.527638191
0.005025126,0.542713568
0.718592965,0.623115578
0.949748744,0.125628141
0,0.658291457
0.020100503,0.386934673
0,0.487437186
0,0.457286432
0.83919598,0.366834171
0.964824121,0.311557789
0.005025126,0.120603015
0,0.417085427
0,0.512562814
0.854271357,0.633165829
1,0.452261307
0.964824121,0.91959799
0.979899497,0.27638191
1,0.608040201
1,0.286432161
0.020100503,0.748743719
0.974874372,0.371859296
0.859296482,0.809045226
1,0.35678392
0.005025126,0.522613065
1,0.487437186
0.025125628,0.125628141
1,0.67839196
0.005025126,0.72361809
0.819095477,0.341708543
0.025125628,0.311557789
0.994974874,0.442211055
0.899497487,0.748743719
0,0.432160804
0.015075377,0.623115578
0.944723618,0.557788945
0.201005025,0.301507538
1,0.673366834
0.065326633,0.773869347
0,0.83919598
1,0.170854271
0.788944724,0.59798995
1,0.929648241
0.030150754,0.51758794
0.040201005,0.859296482
0.512562814,0.432160804
0.879396985,0.185929648
0.959798995,0.603015075
0.085427136,0.467336683
0.045226131,0.120603015
0.040201005,0.557788945
0.899497487,0.231155779
0.934673367,0.432160804
0.065326633,0.261306533
1,0.08040201
1,0.507537688
0.010050251,0.572864322
0.894472362,0.733668342
0.974874372,0.381909548
0.984924623,0.668341709
0.065326633,0.633165829
0.91959799,0.35678392
0.924623116,0.467336683
0.24120603,0.266331658
0.934673367,0.221105528
0.030150754,0.492462312
0.020100503,0.648241206
0,0.316582915
0.733668342,0.125628141
0.010050251,0.030150754
0.010050251,0.427135678
1,0.371859296
0.984924623,0.56281407
0.984924623,0.728643216
1,0.547738693
1,0.301507538
0.030150754,0.452261307
1,0.527638191
0.035175879,0.301507538
0.005025126,0.351758794
0.005025126,0.221105528
0,0.728643216
0.070351759,0.261306533
0.979899497,0.72361809
0.015075377,0.396984925
0.75879397,0.618090452
0.025125628,0.432160804
0.939698492,0.246231156
0.020100503,0.507537688
0.949748744,0.301507538
0.065326633,0.713567839
0.909547739,0.658291457
0,0.391959799
0.035175879,0.221105528
0.984924623,0.502512563
0.055276382,0.793969849
0.91959799,0.457286432
0.075376884,0.587939698
0.959798995,0.56281407
0.125628141,0.462311558
1,0.693467337
0.969849246,0.391959799
0.939698492,0.56281407
0.964824121,0.638190955
0.010050251,0.376884422
0.015075377,0.718592965
0.889447236,0.286432161
0.909547739,0.40201005
0.994974874,0.130653266
0.929648241,0.567839196
0.929648241,0.577889447
0.698492462,0.125628141
0.010050251,0.211055276
0.020100503,0.663316583
0,0.311557789
1,0.512562814
0.005025126,0.613065327
0.783919598,0.185929648
0.879396985,0.201005025
1,0.40201005
0.929648241,0.165829146
0.005025126,0.507537688
0.592964824,0.231155779
0.994974874,0.452261307
0.909547739,0.095477387
0.005025126,0.738693467
0.020100503,0.824120603
0.969849246,0.899497487
0.964824121,0.633165829
0.959798995,0.341708543
1,0.361809045
0.010050251,0.100502513
0.005025126,0.658291457
0,0.055276382
0.010050251,0.819095477
0.040201005,0.854271357
1,0.185929648
0.005025126,0.291457286
1,0.48241206
0.929648241,0.572864322
0.040201005,0.648241206
0,0.27638191
0.964824121,0.40201005
0.015075377,0.658291457
0,0.351758794
0.010050251,0.648241206
0,0.261306533
0.949748744,0.351758794
0.035175879,0.688442211
0.015075377,0.527638191
0.030150754,0.522613065
0.954773869,0.195979899
0.010050251,0.718592965
0.884422111,0.693467337
0.959798995,0.185929648
0.005025126,0.582914573
0.030150754,0.613065327
0,0.206030151
0.934673367,0.547738693
0.884422111,0.663316583
0.969849246,0.261306533
0.989949749,0.256281407
0.055276382,0.668341709
0.40201005,0.542713568
1,0.929648241
0.939698492,0.874371859
0.010050251,0.40201005
0.899497487,0.552763819
0.864321608,0.668341709
0,0.824120603
0.959798995,0.216080402
0.864321608,0.72361809
0.989949749,0.577889447
0.010050251,0.587939698
0.994974874,0.592964824
0.025125628,0.286432161
0,0.497487437
0.040201005,0.301507538
0.989949749,0.75879397
0.005025126,0.412060302
0.989949749,0.175879397
0.005025126,0.497487437
0.959798995,0.587939698
0,0.336683417
0,0.804020101
0.010050251,0.743718593
0,0.35678392
0,0.48241206
0.939698492,0.688442211
1,0.417085427
0.964824121,0.72361809
0.020100503,0.256281407
0.005025126,0.371859296
0.949748744,0.653266332
0.010050251,0.311557789
0.899497487,0.206030151
0.889447236,0.608040201
1,0.396984925
0.010050251,0.341708543
0.949748744,0.125628141
0.040201005,0.236180905
0.005025126,0.140703518
0,0.718592965
0.879396985,0.231155779
0.010050251,0.371859296
0.035175879,0.507537688
0.698492462,0.361809045
0.954773869,0.537688442
0.005025126,0.603015075
0.683417085,0.552763819
0.035175879,0.030150754
0.959798995,0.306532663
0.964824121,0.286432161
0,0.834170854
0.984924623,0.447236181
0.035175879,0.371859296
0.331658291,0.281407035
0.040201005,0.366834171
0.889447236,0.180904523
0.889447236,0.532663317
0.949748744,0.381909548
1,0.216080402
0.005025126,0.552763819
0.623115578,0.326633166
0,0.844221106
0.035175879,0.301507538
0.015075377,0.246231156
0.904522613,0.251256281
0.889447236,0.226130653
0.929648241,0.477386935
0,0.407035176
0.964824121,0.658291457
0,0.798994975
0,0.020100503
0,0.582914573
0.015075377,0.572864322
0,0.341708543
1,0.537688442
0.015075377,0.221105528
0.010050251,0.115577889
0,0.618090452
0.005025126,0.311557789
0.020100503,0.281407035
0.206030151,0.663316583
0.025125628,0.381909548
0.010050251,0.72361809
0.030150754,0.145728643
0.005025126,0.291457286
0.884422111,0.567839196
0.035175879,0.195979899
0.055276382,0.180904523
0.045226131,0.557788945
0.050251256,0.582914573
0.793969849,0.618090452
0.025125628,0.512562814
0.150753769,0.246231156
0.015075377,0.331658291
0.015075377,0.778894472
0.934673367,0.407035176
0.020100503,0.251256281
0.025125628,0.32160804
0.879396985,0.27638191
0.030150754,0.582914573
0.793969849,0.587939698
0.984924623,0.477386935
1,0.552763819
0.889447236,0.055276382
0.010050251,0.587939698
0.030150754,0.201005025
0.979899497,0.361809045
0.718592965,0.221105528
0.030150754,0.467336683
0.969849246,0.386934673
0.849246231,0.271356784
0.040201005,0.175879397
0.944723618,0.638190955
0.984924623,0.296482412
0,0.306532663
0,0.788944724
0.984924623,0.417085427
0.005025126,0.567839196
0.974874372,0.778894472
0.954773869,0.105527638
0.959798995,0.804020101
0.020100503,0.472361809
0.979899497,0.281407035
0.005025126,0.613065327
0,0.608040201
0.83919598,0.386934673
0.974874372,0.628140704
0.914572864,0.35678392
0.005025126,0.819095477
0.974874372,0.110552764
0.020100503,0.351758794
0.005025126,0.341708543
0,0.175879397
0.994974874,0.386934673
0.989949749,0.557788945
0.005025126,0.56281407
0.844221106,0.618090452
0.964824121,0.75879397
0.984924623,0.190954774
0.010050251,0.618090452
0.030150754,0.628140704
0.984924623,0.266331658
0.849246231,0.653266332
0.994974874,0.281407035
0.56281407,0.236180905
0.015075377,0.572864322
0,0.231155779
1,0.502512563
0.015075377,0.361809045
0.020100503,0.653266332
0,0.180904523
0.979899497,0.412060302
0.939698492,0.391959799
0.894472362,0.442211055
0.005025126,0.502512563
0,0.708542714
0.829145729,0.221105528
0.045226131,0.24120603
0.025125628,0.140703518
1,0.542713568
0.72361809,0.281407035
0.733668342,0.733668342
1,0.487437186
0.964824121,0.512562814
0.025125628,0.216080402
0.994974874,0.231155779
0,0.502512563
0.376884422,0.492462312
0.025125628,0.261306533
0.025125628,0.432160804
0.929648241,0.698492462
0.683417085,0.135678392
1,0.507537688
0.979899497,0.708542714
0.075376884,0.487437186
0,0.502512563
0,0.748743719
0.984924623,0.522613065
0.005025126,0.703517588
0.040201005,0.407035176
1,0.814070352
1,0.542713568
0.020100503,0.502512563
0,0.432160804
0.010050251,0.527638191
0.025125628,0.075376884
0.085427136,0.648241206
0.025125628,0.467336683
0.030150754,0.748743719
0.849246231,0.527638191
0.959798995,0.648241206
0.954773869,0.618090452
0.025125628,0.251256281
0.949748744,0.386934673
0.005025126,0.32160804
1,0.582914573
0.010050251,0.829145729
0.994974874,0.226130653
0,0.497487437
0.894472362,0.64321608
0.010050251,0.527638191
0.110552764,0.417085427
0.934673367,0.43718593
0.929648241,0.728643216
0.994974874,0.48241206
0.010050251,0.572864322
0.959798995,0.351758794
0.005025126,0.633165829
0.130653266,0.180904523
0.974874372,0.286432161
0.884422111,0.663316583
0.814070352,0.613065327
0.005025126,0.366834171
0.005025126,0.693467337
0.055276382,0.532663317
0.035175879,0.442211055
0.025125628,0.376884422
1,0.522613065
1,0.768844221
0.005025126,0.371859296
0.005025126,0.889447236
0.939698492,0.381909548
0.889447236,0.51758794
0,0.216080402
0.025125628,0.251256281
0.030150754,0.155778894
0.010050251,0.849246231
0.959798995,0.266331658
0.984924623,0.386934673
0.969849246,0.814070352
0.010050251,0.331658291
0.035175879,0.175879397
0,0.718592965
0.015075377,0.577889447
0.974874372,0.376884422
0.020100503,0.432160804
0.778894472,0.623115578
0.050251256,0.457286432
1,0.613065327
0.929648241,0.51758794
0.010050251,0.48241206
0.010050251,0.251256281
0.020100503,0.412060302
0,0.502512563
0.030150754,0.32160804
0.035175879,0.412060302
0.954773869,0.427135678
0.989949749,0.603015075
0.91959799,0.472361809
0.005025126,0.48241206
0.994974874,0.386934673
1,0.472361809
0.939698492,0.206030151
0.949748744,0.311557789
0.050251256,0.43718593
0.984924623,0.432160804
0.804020101,0.51758794
0.889447236,0.165829146
0.015075377,0.145728643
0.989949749,0.231155779
0,0.557788945
0,0.095477387
0.944723618,0.386934673
0.020100503,0.884422111
0.974874372,0.336683417
0.964824121,0.216080402
0.005025126,0.728643216
0.859296482,0.457286432
0.899497487,0.115577889
0.904522613,0.547738693
0.994974874,0.120603015
0.909547739,0.618090452
0.974874372,0.381909548
0.994974874,0.195979899
0.944723618,0.572864322
0.010050251,0.72361809
0.015075377,0.703517588
0.974874372,0.27638191
0.964824121,0.256281407
1,0.185929648
0.025125628,0.180904523
0.075376884,0.572864322
0.959798995,0.407035176
0,0.592964824
0.979899497,0.547738693
0.035175879,0.010050251
0.974874372,0.753768844
0.949748744,0.844221106
0,0.638190955
0.010050251,0.432160804
0.984924623,0.216080402
0,0.743718593
0.964824121,0.462311558
0,0.396984925
0,0.371859296
0.91959799,0.150753769
0.964824121,0.703517588
0.020100503,0.221105528
0.884422111,0.281407035
0.005025126,0.487437186
0.974874372,0.371859296
0.552763819,0.728643216
0.005025126,0.552763819
1,0.633165829
0.994974874,0.442211055
0.010050251,0.371859296
0.025125628,0.165829146
0,0.145728643
0.030150754,0.236180905
0.005025126,0.366834171
0,0.236180905
0.010050251,0.653266332
0.005025126,0.201005025
0.020100503,0.447236181
0.989949749,0.361809045
0,0.391959799
0.010050251,0.412060302
0.010050251,0.331658291
0.010050251,0
0.010050251,0.412060302
0.005025126,0.32160804
0.025125628,0.155778894
0.854271357,0.557788945
0,0.251256281
0.050251256,0.688442211
0.025125628,0.361809045
0.005025126,0.547738693
0.989949749,0.316582915
0,0.35678392
1,0.40201005
0,0.180904523
0.959798995,0.537688442
0.005025126,0.83919598
0.989949749,0.753768844
0.020100503,0.105527638
0.653266332,0.487437186
0.959798995,0.753768844
0,0.412060302
0.030150754,0.452261307
1,0.110552764
0,0.180904523
1,0.331658291
0.914572864,0.351758794
0.854271357,0.08040201
0.050251256,0.195979899
1,0.613065327
0.954773869,0.32160804
0.005025126,0.613065327
1,0.346733668
1,0.43718593
0.994974874,0.281407035
0.994974874,0.703517588
0.974874372,0.618090452
0.964824121,0.331658291
0.055276382,0.587939698
0.979899497,0.708542714
0.979899497,0.613065327
0.005025126,0
0.768844221,0.27638191
0,0.271356784
0.969849246,0.110552764
0.994974874,0.412060302
0.929648241,0.246231156
0.035175879,0.457286432
0,0.180904523
0.015075377,0.361809045
0.959798995,0.477386935
0.020100503,0.251256281
0.025125628,0.59798995
0.005025126,0.673366834
0.894472362,0.180904523
0.005025126,0.83919598
0.447236181,0.286432161
0.015075377,0.35678392
0.015075377,0.27638191
0.889447236,0.608040201
0.055276382,0.231155779
1,0.592964824
0.899497487,0.266331658
0.005025126,0.542713568
0.824120603,0.135678392
0.030150754,0.16080402
0.969849246,0.638190955
0.889447236,0.35678392
1,0.462311558
0.959798995,0.698492462
0.91959799,0.432160804
1,0
0.989949749,0.286432161
0.010050251,0.422110553
0.015075377,0.27638191
0.020100503,0.376884422
0,0.341708543
0.959798995,0.603015075
0.005025126,0.48241206
0.979899497,0.572864322
0.005025126,0.497487437
0.969849246,0.030150754
0.206030151,0.386934673
0.964824121,0.522613065
0.025125628,0.668341709
0.025125628,0.32160804
0.969849246,0.582914573
0.070351759,0.497487437
0.959798995,0.537688442
0.050251256,0.673366834
0.030150754,0.829145729
0.060301508,0.040201005
0.045226131,0.663316583
0.974874372,0.145728643
0.015075377,0.648241206
0.964824121,0.72361809
0.005025126,0.24120603
0,0.859296482
0.025125628,0.608040201
0.015075377,0.246231156
0.964824121,0.396984925
0,0.145728643
0.020100503,0.628140704
0.914572864,0.417085427
0,0.140703518
0.939698492,0.457286432
0.030150754,0.613065327
0.045226131,0.346733668
0.035175879,0.427135678
0.070351759,0.547738693
0.015075377,0.261306533
0,0.155778894
0.015075377,0.663316583
0.010050251,0.814070352
1,0.326633166
0.015075377,0.351758794
0.015075377,0.804020101
0.010050251,0.462311558
0.055276382,0.16080402
1,0.060301508
0.035175879,0.43718593
0.974874372,0.59798995
0.025125628,0.221105528
0,0.422110553
0.015075377,0.140703518
0.949748744,0.492462312
0,0.497487437
0.894472362,0.120603015
0.015075377,0.592964824
0.040201005,0.954773869
1,0.477386935
0.015075377,0.522613065
1,0.753768844
0.964824121,0.467336683
1,0.025125628
0.065326633,0.381909548
0.658291457,0.527638191
0.065326633,0.542713568
0.015075377,0.733668342
0.939698492,0.547738693
0.974874372,0.27638191
0.572864322,0.381909548
0.834170854,0.633165829
1,0.452261307
1,0.59798995
0,0.582914573
0.954773869,0.748743719
1,0.572864322
0.869346734,0.185929648
0.010050251,0.502512563
0.783919598,0.226130653
0.979899497,0.64321608
0.944723618,0.216080402
0.050251256,0.211055276
0.954773869,0.648241206
0,0.050251256
0,0.527638191
0.814070352,0.407035176
0.130653266,0.613065327
0.824120603,0.095477387
0.110552764,0.231155779
0.783919598,0.35678392
0.010050251,0.603015075
0.030150754,0.542713568
0.969849246,0.512562814
0.929648241,0.537688442
0.030150754,0.512562814
0,0.211055276
1,0.286432161
0.763819095,0.552763819
0,0.567839196
0.005025126,0.301507538
0.040201005,0.462311558
0.91959799,0.417085427
0.924623116,0.407035176
1,0.226130653
0.025125628,0.296482412
0.819095477,0.693467337
0.974874372,0.577889447
1,0.457286432
0.994974874,0.296482412
0.035175879,0.512562814
1,0.738693467
0.010050251,0.592964824
0.030150754,0.211055276
0.974874372,0.59798995
0.964824121,0.648241206
1,0.351758794
0.030150754,0.502512563
0.954773869,0.809045226
0.040201005,0.778894472
1,0.281407035
0.994974874,0.110552764
0.994974874,0.120603015
0.010050251,0.366834171
0.939698492,0.311557789
1,0.447236181
0.040201005,0.427135678
0.944723618,0.376884422
0.015075377,0.261306533
0.060301508,0.165829146
0.939698492,0.763819095
0.909547739,0.477386935
0.788944724,0.442211055
0.010050251,0.522613065
0.929648241,0.376884422
1,0.899497487
0.055276382,0.452261307
0.412060302,0.542713568
1,0.477386935
0.959798995,0.447236181
0.005025126,0.788944724
0.909547739,0.311557789
0.939698492,0.427135678
0.874371859,0.417085427
0.989949749,0.266331658
0.874371859,0.150753769
1,0.542713568
0.020100503,0.59798995
0.979899497,0.40201005
0.929648241,0.829145729
1,0.417085427
0.015075377,0.452261307
0.939698492,0.201005025
0.809045226,0.271356784
0.070351759,0.32160804
0.989949749,0.778894472
0.020100503,0.51758794
0.91959799,0.366834171
0.954773869,0.653266332
0.015075377,0.592964824
0.994974874,0.236180905
0.015075377,0.778894472
0,0.462311558
0.08040201,0.316582915
0,0.43718593
0.844221106,0.67839196
0,0.462311558
0.005025126,0.457286432
0.040201005,0.442211055
0.005025126,0.185929648
0.010050251,0.738693467
0.030150754,0.432160804
0.040201005,0.633165829
0.005025126,0.547738693
0.974874372,0.778894472
0.030150754,0.497487437
0.909547739,0.587939698
0.020100503,0.391959799
1,0.67839196
0.814070352,0.32160804
0.025125628,0.32160804
0,0.130653266
0.030150754,0.231155779
0.015075377,0.08040201
0.894472362,0.67839196
1,0.56281407
1,0.422110553
0.944723618,0.72361809
0.005025126,0.608040201
0.015075377,0.422110553
0.045226131,0.24120603
1,0.386934673
0.934673367,0.020100503
0.989949749,0.532663317
0.005025126,0.351758794
0,0.537688442
0,0.778894472
0.959798995,0.673366834
0.025125628,0.311557789
0.015075377,0.40201005
0,0.175879397
0.974874372,0.638190955
0.015075377,0.577889447
0.085427136,0.502512563
0.974874372,0.859296482
0.025125628,0.296482412
0.060301508,0.256281407
0.070351759,0.055276382
0,0.43718593
0.030150754,0.658291457
0.020100503,0.125628141
0.979899497,0.733668342
0.889447236,0.261306533
1,0.125628141
1,0.452261307
1,0.592964824
0.974874372,0.447236181
0.929648241,0.43718593
1,0.592964824
0.859296482,0.331658291
0.929648241,0.452261307
0.984924623,0.165829146
0.261306533,0.442211055
1,0.663316583
0.994974874,0.698492462
0.070351759,0.773869347
0.005025126,0.175879397
0.984924623,0.572864322
0.954773869,0.135678392
0,0.336683417
0.949748744,0.35678392
0.904522613,0.381909548
0.944723618,0.336683417
0.783919598,0.316582915
0.020100503,0.864321608
0.060301508,0.427135678
0.065326633,0.261306533
1,0.266331658
0.055276382,0.733668342
0.994974874,0.43718593
0.979899497,0.020100503
0,0.618090452
0.879396985,0.708542714
0.979899497,0.417085427
0,0.185929648
0.020100503,0.487437186
1,0.371859296
0.738693467,0.64321608
0.954773869,0.743718593
0.899497487,0.64321608
0.944723618,0.422110553
0.979899497,0.603015075
0.005025126,0.442211055
0.005025126,0.859296482
0,0.341708543
0.894472362,0.567839196
0.904522613,0.819095477
0.859296482,0.72361809
0.969849246,0.587939698
0.075376884,0.718592965
0.859296482,0.090452261
0,0.145728643
0,0.251256281
0.010050251,0.492462312
1,0.316582915
0.020100503,0.381909548
0.105527638,0.391959799
0,0.281407035
0.819095477,0.266331658
0.442211055,0.24120603
0.964824121,0.592964824
0.889447236,0.180904523
0.025125628,0.286432161
0.989949749,0.51758794
0.010050251,0.527638191
0.708542714,0.447236181
0.954773869,0.557788945
0.979899497,0.537688442
1,0.261306533
0.984924623,0.35678392
0.924623116,0.165829146
0.949748744,0.718592965
0.040201005,0.396984925
0.994974874,0.522613065
0.954773869,0
0.010050251,0.618090452
0.944723618,0.638190955
0.959798995,0.512562814
0.909547739,0.135678392
0.005025126,0.467336683
0.010050251,0.51758794
0.005025126,0.59798995
0.005025126,0.688442211
0,0.67839196
0.994974874,0.266331658
0.949748744,0.507537688
0.040201005,0.24120603
0.005025126,0.422110553
0.025125628,0.231155779
1,0.231155779
0,0.809045226
0.005025126,0.51758794
0.005025126,0.341708543
0.959798995,0.27638191
0.989949749,0.472361809
0.959798995,0.231155779
0.994974874,0.170854271
0.83919598,0.56281407
0.005025126,0.56281407
0.984924623,0.522613065
0.974874372,0.361809045
0.040201005,0.452261307
0.974874372,0.180904523
0.015075377,0.211055276
0.005025126,0.40201005
0.020100503,0.386934673
0,0.391959799
0.954773869,0.417085427
0.959798995,0.75879397
0.005025126,0.547738693
0.010050251,0.567839196
0.924623116,0.718592965
0.010050251,0.246231156
0.040201005,0.477386935
1,0.442211055
0.964824121,0.653266332
0.874371859,0.633165829
0.989949749,0.452261307
0.959798995,0.608040201
0.005025126,0.221105528
0.045226131,0.587939698
0,0.090452261
0.065326633,0.537688442
0.929648241,0.64321608
0.005025126,0.030150754
0.020100503,0.668341709
0.050251256,0.386934673
0.015075377,0.407035176
0.010050251,0.251256281
0.005025126,0.492462312
0.125628141,0.201005025
0.035175879,0.59798995
0.879396985,0.27638191
0.010050251,0.396984925
0.829145729,0.08040201
0,0.271356784
0.984924623,0.512562814
1,0.195979899
0.025125628,0.407035176
0,0.653266332
0.979899497,0.336683417
0.035175879,0.653266332
0.005025126,0.336683417
0.045226131,0.577889447
0.708542714,0.35678392
0.005025126,0.492462312
0.015075377,0.195979899
0.015075377,0.834170854
0.010050251,0.201005025
0.894472362,0.316582915
0.909547739,0.206030151
0.557788945,0.341708543
0.050251256,0.386934673
0.015075377,0.366834171
1,0.502512563
0.015075377,0.452261307
0.909547739,0.457286432
1,0.211055276
0.683417085,1
0.954773869,0.396984925
0.959798995,0.316582915
0.984924623,0.552763819
0.070351759,0.733668342
0.030150754,0.522613065
0.989949749,0.417085427
0.010050251,0.537688442
0.030150754,0.512562814
0.914572864,0.391959799
0.949748744,0.326633166
1,0.547738693
0.010050251,0.366834171
0.070351759,0.829145729
0.015075377,0.412060302
0,0.266331658
0.010050251,0.256281407
1,0.442211055
1,0.492462312
0,0.472361809
0.030150754,0.859296482
0,0.427135678
0.015075377,0.773869347
0.964824121,0.070351759
0.015075377,0.713567839
1,0.608040201
0,0.316582915
0.010050251,0.231155779
0,0.56281407
0,0.256281407
0.788944724,0.170854271
0.010050251,0.457286432
1,0.668341709
0.005025126,0.537688442
0.025125628,0.447236181
0.055276382,0.341708543
0.989949749,0.371859296
1,0.165829146
0.010050251,0.783919598
0.693467337,0.316582915
0.030150754,0.231155779
0.010050251,0.532663317
0.969849246,0.623115578
0.909547739,0.201005025
0.979899497,0.417085427
0,0.361809045
0.944723618,0.407035176
0,0.27638191
0,0.266331658
0.020100503,0.557788945
0.884422111,0.211055276
0.964824121,0.326633166
1,0.477386935
0.040201005,0.407035176
0,0.100502513
0.487437186,0.939698492
0.954773869,0.40201005
1,0.75879397
1,0.301507538
0.005025126,0.246231156
0.964824121,0.522613065
0.974874372,0.16080402
0.015075377,0.552763819
0.120603015,0.236180905
0.949748744,0.512562814
0.060301508,0.391959799
0.060301508,0.582914573
0.914572864,0.668341709
0.020100503,0.336683417
0.929648241,0.291457286
0.020100503,0.417085427
0.015075377,0.572864322
0.085427136,0.477386935
0,0.638190955
0.904522613,0.693467337
0,0.221105528
0.075376884,0.301507538
0,0.572864322
0.989949749,0.592964824
0.979899497,0.311557789
0.939698492,0.070351759
0.08040201,0.40201005
0.020100503,0.48241206
0.065326633,0.608040201
0.015075377,0.638190955
0.939698492,0.527638191
0.045226131,0.286432161
0.994974874,0.59798995
0.055276382,0.532663317
0.055276382,0.085427136
0.306532663,0.442211055
0.005025126,0.43718593
0.075376884,0.251256281
0.738693467,0.452261307
0.085427136,0.567839196
0,0.221105528
0.030150754,0.125628141
0.864321608,0.738693467
0.005025126,0.673366834
0.979899497,0.733668342
1,0.809045226
0.979899497,0.432160804
0.994974874,0.115577889
0.432160804,0.673366834
0.08040201,0.271356784
0.924623116,0.788944724
0,0.462311558
0.924623116,0.628140704
1,0.497487437
0.964824121,0.291457286
0.944723618,0.658291457
0.994974874,0.75879397
0.005025126,0.628140704
0.020100503,0.522613065
0.894472362,0.256281407
0.914572864,0.422110553
0.964824121,0.396984925
0.050251256,0.783919598
0.075376884,0.442211055
0.030150754,0.844221106
0.005025126,0.291457286
0.974874372,0.713567839
0.015075377,0.653266332
0,0.748743719
0,0.100502513
0.979899497,0.462311558
0.939698492,0.718592965
0.904522613,0.311557789
0.090452261,0.56281407
0.959798995,0.582914573
1,0.809045226
0.065326633,0.281407035
0.944723618,0.246231156
0.025125628,0.738693467
0.020100503,0.532663317
0.778894472,0.713567839
0.010050251,0.346733668
0.035175879,0.663316583
0.025125628,0.502512563
0.055276382,0.527638191
0,0.748743719
0,0.366834171
0,0.396984925
0.090452261,0.180904523
0.567839196,0.346733668
0.005025126,0.542713568
0.040201005,0.216080402
0.020100503,0.201005025
0.015075377,0.798994975
0.005025126,0.572864322
0.994974874,0.306532663
0.964824121,0.130653266
0.005025126,0.542713568
0.040201005,0.286432161
0.713567839,0.27638191
0.100502513,0.010050251
0.849246231,0.251256281
0.020100503,0.547738693
0.015075377,0.206030151
0.060301508,0.16080402
0.814070352,0.417085427
0.010050251,0.281407035
0.939698492,0.376884422
0.015075377,0.371859296
0.964824121,0.472361809
0.045226131,0.798994975
0.015075377,0.311557789
0.015075377,0.301507538
0.934673367,0.592964824
0,0.296482412
0.984924623,0.296482412
0.010050251,0.457286432
0.809045226,0.090452261
0.025125628,0.537688442
0.864321608,0.592964824
1,0.728643216
0.010050251,0.427135678
1,0.095477387
0.025125628,0
0.708542714,0.75879397
0.020100503,0.889447236
0.934673367,0.653266332
0.015075377,0.35678392
0.060301508,0.27638191
0.035175879,0.296482412
0.005025126,0.577889447
0.005025126,0.32160804
0.040201005,0.386934673
0.005025126,0.462311558
0.944723618,0.51758794
0.010050251,0.281407035
0.974874372,0.472361809
0.010050251,0.587939698
0.829145729,0.231155779
0.010050251,0.351758794
0.020100503,0.547738693
0.030150754,0.346733668
0.904522613,0.346733668
0.020100503,0.688442211
0.010050251,0.201005025
0.819095477,0.773869347
0.025125628,0.547738693
0.974874372,0.733668342
0.969849246,0.180904523
0.959798995,0.809045226
0.005025126,0.336683417
0.949748744,0.386934673
0.989949749,0.587939698
0.874371859,0.351758794
0.015075377,0.773869347
0.010050251,0.296482412
0.964824121,0.638190955
0.939698492,0.783919598
0.005025126,0.924623116
0.005025126,0.763819095
0.005025126,0.251256281
0.025125628,0.376884422
0.994974874,0.32160804
0.874371859,0.100502513
0.040201005,0.201005025
0.010050251,0.527638191
0.065326633,0.75879397
1,0.085427136
0.909547739,0.557788945
0.030150754,0.432160804
0,0.281407035
0.015075377,0.336683417
0.025125628,0.944723618
0.015075377,0.246231156
0.015075377,0.427135678
0.025125628,0.743718593
0.713567839,0.226130653
0.381909548,0.804020101
0.030150754,0.648241206
0.040201005,0.663316583
1,0.59798995
0.864321608,0.447236181
0.969849246,0.532663317
0.085427136,0.467336683
0.005025126,0.396984925
0.271356784,0.226130653
0.005025126,0.738693467
0.025125628,0.467336683
0.010050251,0.502512563
1,0.246231156
0.005025126,0.497487437
0.005025126,0.467336683
0.969849246,0.442211055
0.110552764,0.311557789
0.040201005,0.59798995
0.025125628,0.442211055
0.854271357,0.326633166
0.819095477,0.51758794
0.015075377,0.331658291
0.010050251,0
0.070351759,0.226130653
0.904522613,0.291457286
0.929648241,0.170854271
0.040201005,0.361809045
0.005025126,0.537688442
0.005025126,0.206030151
0.909547739,0.633165829
0.879396985,0.361809045
0,0.527638191
0.070351759,0.849246231
0.713567839,0.683417085
0,0.291457286
0.08040201,0.175879397
0.914572864,0.582914573
0.010050251,0.532663317
0.010050251,0.547738693
1,0.030150754
0.914572864,0.64321608
0.979899497,0.512562814
0.24120603,0.140703518
0.954773869,0.336683417
0.984924623,0.221105528
0.020100503,0.557788945
0.055276382,0.35678392
0.974874372,0.170854271
0.035175879,0.08040201
0.819095477,0.628140704
0,0.366834171
0.974874372,0.67839196
0.899497487,0.331658291
0.91959799,0.452261307
0.949748744,0.703517588
0.025125628,0.155778894
0,0.59798995
0.954773869,0.24120603
0.949748744,0.236180905
0.829145729,0.798994975
0.005025126,0.35678392
0,0.110552764
0.934673367,0.195979899
0,0.180904523
0.035175879,0.48241206
0,0.412060302
0.015075377,0.67839196
0.859296482,0.412060302
0.020100503,0.507537688
0.015075377,0.296482412
0.060301508,0.537688442
0.025125628,0.32160804
0.964824121,0.105527638
0.005025126,0.311557789
0,0.628140704
0.025125628,0.025125628
1,0.658291457
0.91959799,0.497487437
0.894472362,0.175879397
0.010050251,0.140703518
0,0.537688442
0.010050251,0.67839196
0.713567839,0.190954774
0.010050251,0.185929648
0.045226131,0.738693467
0,0.346733668
0.015075377,0.221105528
0.005025126,0.748743719
0.778894472,0.577889447
0.005025126,0.261306533
0.989949749,0.48241206
0,0.396984925
0.020100503,0.291457286
0,0.638190955
0.994974874,0.412060302
0.964824121,0.291457286
0.954773869,0.59798995
0.673366834,0.346733668
0.27638191,0.412060302
0.954773869,0.442211055
1,0.59798995
0.899497487,0.457286432
0.879396985,0.48241206
0.83919598,0.206030151
1,0.467336683
0,0.582914573
0.924623116,0.56281407
1,0.809045226
0.015075377,0.51758794
1,0.497487437
0.020100503,0.391959799
1,0
0.010050251,0.246231156
1,0.829145729
1,0.673366834
0.005025126,0.221105528
0,0.396984925
0.040201005,0.492462312
0.020100503,0.336683417
0.035175879,0.683417085
0.849246231,0.185929648
0.809045226,0.703517588
0.989949749,0.40201005
0.964824121,0.371859296
0,0.432160804
0.020100503,0.221105528
0.994974874,0.663316583
1,0.492462312
0.025125628,0.929648241
0.51758794,0.497487437
0.050251256,0.658291457
0.020100503,0.713567839
1,0.231155779
0.010050251,0.386934673
0.015075377,0.32160804
0.989949749,0.814070352
0.025125628,0.231155779
0,0.743718593
0.874371859,0.51758794
0.035175879,0.366834171
0.010050251,0.447236181
0.005025126,0.150753769
0.979899497,0.211055276
0.899497487,0.351758794
0.065326633,0.798994975
0.507537688,0.40201005
0.91959799,0
0.974874372,0.733668342
0,0.251256281
0.939698492,0.547738693
0.834170854,0.663316583
0.005025126,0.567839196
0.959798995,0.472361809
1,0.376884422
0.060301508,0.663316583
0,0.67839196
0.010050251,0.638190955
0.974874372,0.783919598
0.025125628,0.346733668
0.824120603,0.386934673
1,0.51758794
0.020100503,0.59798995
0.005025126,0.427135678
0,0.698492462
0.055276382,0.27638191
0.030150754,0.331658291
0.055276382,0.175879397
0.949748744,0.386934673
0.045226131,0.216080402
0.849246231,0.567839196
0.924623116,0.623115578
0.035175879,0.638190955
0.879396985,0.422110553
0.979899497,0.59798995
0.025125628,0.472361809
0.944723618,0.67839196
0.959798995,0.100502513
0,0.281407035
0.010050251,0.728643216
0.020100503,0.195979899
0.040201005,0.417085427
0.989949749,0.336683417
0,0.492462312
0.979899497,0.432160804
0,0.552763819
0.909547739,0.728643216
0.959798995,0.35678392
0.035175879,0.216080402
0.989949749,0.537688442
0.020100503,0.537688442
0.020100503,0.271356784
0.708542714,0.391959799
0.954773869,0
0.010050251,0.713567839
0.979899497,0.567839196
0.869346734,0.628140704
0.030150754,0.527638191
0.030150754,0.32160804
1,0.306532663
1,0.653266332
0.552763819,0.64321608
0.005025126,0.407035176
0.939698492,0.768844221
0.944723618,0.422110553
1,0.603015075
0.944723618,0.286432161
0.035175879,0.648241206
0.105527638,0.432160804
0.050251256,0.361809045
0.045226131,0.396984925
0.005025126,0.206030151
0.954773869,0.351758794
0.768844221,0.24120603
0.050251256,0.703517588
0.783919598,0.427135678
0.944723618,0.557788945
0.005025126,0.271356784
0.005025126,0.361809045
0.035175879,0.396984925
0,0.386934673
0.010050251,0.341708543
0.020100503,0.914572864
1,0.869346734
0.859296482,0.783919598
0.854271357,0.829145729
0.020100503,0.361809045
0.969849246,0.447236181
0.020100503,0.417085427
0,0.170854271
0.974874372,0.793969849
0.005025126,0.341708543
0.959798995,0.648241206
0.994974874,0.633165829
0.974874372,0.783919598
0.010050251,0.788944724
0.010050251,0.150753769
0,0.628140704
0,0.286432161
0.874371859,0.120603015
0.844221106,0.27638191
0.969849246,0.668341709
0.020100503,0.668341709
0,0.291457286
0.020100503,0.512562814
0.025125628,0.542713568
0,0.477386935
0.979899497,0.542713568
0.91959799,0.698492462
0.964824121,0.43718593
1,0.452261307
0.964824121,0.773869347
0.698492462,0.452261307
0.010050251,0.015075377
0.040201005,0.361809045
0.025125628,0.683417085
0.989949749,0.618090452
0.964824121,0.879396985
0.030150754,0.67839196
0.959798995,0.361809045
0.994974874,0.804020101
0.984924623,0.221105528
0.030150754,0.51758794
0,0.256281407
1,0.507537688
0.005025126,0.266331658
0.040201005,0.713567839
0.949748744,0.67839196
0.974874372,0.175879397
0.010050251,0.512562814
0.005025126,0.407035176
0.949748744,0.030150754
0.025125628,0.32160804
0.010050251,0.366834171
0.120603015,0.306532663
0.879396985,0.201005025
0.934673367,0.35678392
0,0.40201005
0.015075377,0.713567839
0.763819095,0.105527638
0,0.542713568
0.969849246,0.472361809
0.020100503,0.27638191
0.899497487,0.994974874
0,0.72361809
0.949748744,0.27638191
0,0.211055276
0.879396985,0.552763819
0.909547739,0.733668342
0,0.371859296
0,0.778894472
0.035175879,0.386934673
0.884422111,0.427135678
0.070351759,0.628140704
0.025125628,0.557788945
0.010050251,0.065326633
0,0.391959799
0.005025126,0.829145729
0.020100503,0.256281407
0.085427136,0.266331658
0.829145729,0.884422111
0,0.135678392
0.984924623,0.336683417
0.010050251,0.608040201
0.065326633,0.814070352
0.989949749,0.417085427
0.020100503,0.256281407
1,0.572864322
0.904522613,0.59798995
0.954773869,0.613065327
0,0.783919598
0.994974874,0.608040201
0.035175879,0.311557789
0.939698492,0.376884422
0.83919598,0.412060302
0.909547739,0.552763819
1,0.753768844
0.085427136,0.472361809
0.040201005,0.432160804
0.959798995,0.371859296
0.914572864,0.366834171
0.753768844,0.32160804
0.010050251,0.055276382
0.989949749,1
1,0.72361809
0.030150754,0.366834171
0,0.407035176
0.884422111,0.547738693
0.929648241,0.577889447
0.16080402,0.201005025
0,0.638190955
0.793969849,0.683417085
0.005025126,0.075376884
0.030150754,0.557788945
0.015075377,0.271356784
0.075376884,0.326633166
0,0.281407035
0,0.492462312
0.095477387,0.693467337
0.015075377,0.492462312
0.08040201,0.427135678
1,0.457286432
0.070351759,0.221105528
0.025125628,0.35678392
0.115577889,0.407035176
0.030150754,0.261306533
0.020100503,0.100502513
0.914572864,0.43718593
1,0.56281407
0.939698492,0.472361809
0,0.507537688
0.859296482,0.361809045
0.884422111,0.638190955
0.015075377,0.090452261
0.020100503,0.582914573
0.005025126,0.648241206
0.005025126,0.502512563
0.924623116,0.487437186
0.040201005,0.432160804
0.572864322,0.542713568
0.969849246,0.778894472
0.015075377,0.08040201
0,0.668341709
1,0.683417085
0.055276382,0.256281407
0,0.422110553
0.010050251,0.658291457
0.020100503,0.582914573
0,0.809045226
0,0.266331658
0.005025126,0.341708543
0,0.412060302
0.050251256,0.442211055
0,0.100502513
0.979899497,0.145728643
0.035175879,0.83919598
0.075376884,0.432160804
0.934673367,0.291457286
0.879396985,0.190954774
0.025125628,0.618090452
0.969849246,0.346733668
0.005025126,0.502512563
0.969849246,1
0.909547739,0.206030151
0.804020101,0.351758794
0.994974874,0.316582915
0.899497487,0.527638191
0.025125628,0.386934673
0.944723618,0.487437186
0.090452261,0.683417085
0,0.768844221
0.949748744,0.527638191
0.020100503,0.59798995
0.045226131,0.120603015
0.015075377,0.603015075
0.969849246,0.51758794
0.030150754,0.708542714
0.869346734,0.713567839
0.025125628,0.306532663
0.005025126,0.547738693
0.934673367,0.733668342
0.487437186,0.587939698
0.934673367,0.316582915
0.979899497,0.623115578
0,0.552763819
0.020100503,0.190954774
0.005025126,0.336683417
0.020100503,0.552763819
0.035175879,0.512562814
0.005025126,0.904522613
0.035175879,0.286432161
0.984924623,0.67839196
0.005025126,0.743718593
0.060301508,0.572864322
0.974874372,0.457286432
0.015075377,0.688442211
0.934673367,0.457286432
0.150753769,0.457286432
1,0.08040201
0.994974874,0.542713568
0.115577889,0.613065327
0.949748744,0.703517588
0.020100503,0.638190955
0.969849246,0.502512563
0,0.502512563
0.899497487,0.236180905
0.005025126,0.391959799
0.005025126,0.085427136
0.030150754,0.135678392
0.025125628,0.552763819
0.979899497,0.216080402
0.025125628,0.567839196
0.015075377,0.407035176
0.050251256,0.844221106
0,0.366834171
0.030150754,0.708542714
0.005025126,0.216080402
0.025125628,0.59798995
0.010050251,0.396984925
0.899497487,0.090452261
0.025125628,0.537688442
0.994974874,0.316582915
1,0.221105528
1,0.577889447
1,0.457286432
0.984924623,0.512562814
0.974874372,0.467336683
0.904522613,0.75879397
0.030150754,0.291457286
0.984924623,0.693467337
0,0.376884422
0.030150754,0.572864322
0.879396985,0.658291457
0.809045226,0.291457286
0.874371859,0.532663317
0.015075377,0.361809045
0.025125628,0.542713568
0.015075377,0.834170854
0.015075377,0.120603015
0,0.226130653
0.030150754,0.396984925
0,0.195979899
0.005025126,0.070351759
0.005025126,0.366834171
0.859296482,0.462311558
0.020100503,0.296482412
0.015075377,0.708542714
0,0.663316583
0.065326633,0.40201005
0.015075377,0.185929648
0.005025126,0.266331658
0.025125628,0.648241206
0.020100503,0.567839196
0.050251256,0.507537688
0.015075377,0.391959799
0.904522613,0.336683417
0.989949749,0.492462312
0.994974874,0.386934673
0.939698492,0.542713568
1,0.331658291
1,0.743718593
0.974874372,0.48241206
0.944723618,0.75879397
0.969849246,0.351758794
0.763819095,0.582914573
0,0.40201005
0,0.110552764
0.045226131,0.396984925
0.005025126,0.281407035
1,0.231155779
0.939698492,0.291457286
0.005025126,0.698492462
0.170854271,0.231155779
0,0.195979899
0.914572864,0.432160804
0.005025126,0.668341709
0.648241206,0.522613065
0.08040201,0.346733668
0.025125628,0.075376884
0.020100503,0.447236181
0.020100503,0.135678392
0.085427136,0.768844221
0.010050251,0.648241206
0.050251256,0.718592965
0.959798995,0.281407035
0.005025126,0.381909548
0.005025126,0.673366834
0.005025126,0.226130653
0.944723618,0.582914573
0.015075377,0.447236181
0.939698492,0.829145729
0.91959799,0.185929648
0.989949749,0.366834171
0.929648241,0.663316583
0.015075377,0.331658291
0.989949749,0.462311558
0.859296482,0.40201005
0,0.246231156
0,0.51758794
0.015075377,0.281407035
0,0.432160804
0,0.668341709
0.974874372,0.341708543
1,0.165829146
0.030150754,0.56281407
0.050251256,0.613065327
0.924623116,0.296482412
0.989949749,0.452261307
0,0.43718593
0.793969849,0.974874372
0.989949749,0.487437186
0.974874372,0.226130653
0.994974874,0.095477387
0.894472362,0.185929648
0.954773869,0.899497487
1,0.246231156
0.949748744,0.195979899
0.994974874,0.502512563
0.025125628,0.286432161
0.994974874,0.698492462
0.336683417,0.170854271
0.005025126,0.532663317
0.025125628,0.165829146
0.83919598,0.567839196
0.005025126,0.532663317
0.08040201,0.628140704
0.015075377,0.859296482
0.030150754,0.351758794
0.015075377,0.432160804
0.005025126,0.683417085
0.010050251,0.487437186
0.065326633,0.733668342
1,0.457286432
0.984924623,0.628140704
0.969849246,0.346733668
0.025125628,0.266331658
0.065326633,0.798994975
0.994974874,0.532663317
0.994974874,0.783919598
0,0.582914573
0.989949749,0.56281407
1,0.045226131
0.954773869,0.190954774
0.909547739,0.396984925
0.010050251,0.567839196
1,0.497487437
0.025125628,0.653266332
0.959798995,0.070351759
0.010050251,0.733668342
0,0.798994975
0.221105528,0.567839196
0.005025126,0.286432161
0.110552764,0.361809045
0.974874372,0.341708543
0.984924623,0.140703518
0.984924623,0.236180905
0.91959799,0.130653266
0.879396985,0.773869347
0.015075377,0.155778894
1,0.552763819
0,0.331658291
0.010050251,0.346733668
0.964824121,0.311557789
0.874371859,0.849246231
0.095477387,0.140703518
0,0.24120603
0.72361809,0.366834171
0.768844221,0.296482412
1,0.613065327
0.748743719,0.773869347
0.256281407,0.140703518
0.864321608,0.673366834
0.020100503,0.16080402
0.010050251,0.296482412
0.005025126,0.728643216
0,0.51758794
0.005025126,0.27638191
0.819095477,0.648241206
0.010050251,0.728643216
0,0.497487437
1,0.427135678
0.974874372,0.391959799
0.974874372,0.432160804
1,0.291457286
1,0.216080402
1,0.075376884
0.994974874,0.869346734
0.005025126,0.668341709
0.834170854,0.442211055
0.065326633,0.844221106
0.045226131,0.743718593
0.040201005,0.346733668
0,0.819095477
0.020100503,0.653266332
0.914572864,0.56281407
0.045226131,0.537688442
0.979899497,0.477386935
0,0.221105528
0.979899497,0.763819095
0.030150754,0.432160804
0.994974874,0.271356784
0.83919598,0.412060302
0.91959799,0.442211055
0.989949749,0.417085427
0.010050251,0.291457286
0.070351759,0.341708543
0.934673367,0.391959799
0.005025126,0.572864322
0,0.417085427
1,0.567839196
0,0.567839196
0.658291457,0.457286432
0.010050251,0.67839196
0.979899497,0.572864322
0.879396985,0.271356784
0.708542714,0.005025126
0.994974874,0.743718593
0.010050251,0.206030151
0,0.572864322
0.683417085,0.145728643
1,0.412060302
0.336683417,0.91959799
0.949748744,0.708542714
0.889447236,0.331658291
0.020100503,0.56281407
0.005025126,0.422110553
0.904522613,0.311557789
0.989949749,0.618090452
0.040201005,0.256281407
0.010050251,0.412060302
0.979899497,0.35678392
0.979899497,0.427135678
0.929648241,0.32160804
0.020100503,0.67839196
0.939698492,0.341708543
0.929648241,0.336683417
0.005025126,0.286432161
0.939698492,0.462311558
0.030150754,0.361809045
0.959798995,0.125628141
0.005025126,0.472361809
0,0.361809045
0,0.532663317
0.824120603,0.462311558
0.924623116,0.442211055
0.015075377,0.427135678
0.040201005,0.477386935
1,0.572864322
0.64321608,0.296482412
1,0.64321608
0.020100503,0.361809045
0.005025126,0.412060302
0.989949749,0.16080402
0.924623116,0.542713568
0.894472362,0.256281407
0.040201005,0.582914573
0.030150754,0.51758794
1,0.552763819
0.964824121,0.477386935
0.994974874,0.457286432
0.422110553,0.648241206
0.135678392,0.502512563
0.025125628,0.175879397
0.035175879,0.452261307
1,0.231155779
0.904522613,0.462311558
0.994974874,0.673366834
1,0.462311558
0,0.582914573
0.994974874,0.64321608
1,0.527638191
0.030150754,0.698492462
0.91959799,0.663316583
0.849246231,0.35678392
0,0.40201005
0.969849246,0.427135678
0.010050251,0.366834171
0.864321608,0.547738693
1,0.75879397
0.924623116,0.577889447
1,0.577889447
0,0.67839196
0.015075377,0.557788945
0.035175879,0.532663317
1,0.427135678
0.994974874,0.457286432
0.035175879,0.221105528
0.010050251,0.221105528
0.005025126,0.72361809
0.010050251,0.075376884
0.020100503,0.246231156
1,0.266331658
0.005025126,0.417085427
0.005025126,0.286432161
0.959798995,0.56281407
0.969849246,0.40201005
0.959798995,0.422110553
0.979899497,0.085427136
0.954773869,0
0.010050251,0.221105528
0.773869347,0.59798995
0.040201005,0.537688442
0.974874372,0.115577889
0.050251256,0.190954774
0.979899497,0.32160804
1,0.67839196
0,0.638190955
1,0.492462312
0.984924623,0.75879397
0.005025126,0.306532663
0.005025126,0.72361809
0.673366834,0.467336683
0,0
0.859296482,0.301507538
0.994974874,0.668341709
0.979899497,0.361809045
0.060301508,0.256281407
0.025125628,0.633165829
0.005025126,0.361809045
0.859296482,0.281407035
0.989949749,0.72361809
0.005025126,0.753768844
0.72361809,0.904522613
0.984924623,0.236180905
0.005025126,0.502512563
0.025125628,0.763819095
0.914572864,0.175879397
0.015075377,0.396984925
0.984924623,0.768844221
1,0.557788945
0.030150754,0.427135678
0.060301508,0.904522613
0,0.366834171
0,0.763819095
0.793969849,0.341708543
0.040201005,0.417085427
1,0.266331658
0.844221106,0.934673367
1,0.608040201
0,0.316582915
0.055276382,0.788944724
0.979899497,0.407035176
0.005025126,0.291457286
0.984924623,0.221105528
0.824120603,0.417085427
0,0.447236181
0.743718593,0.326633166
0.959798995,0.271356784
0.010050251,0.814070352
0.778894472,0.512562814
0.005025126,0.542713568
0,0.572864322
0.040201005,0.844221106
0,0.432160804
0.015075377,0.753768844
0.040201005,0.592964824
0.336683417,0.51758794
0.969849246,0.527638191
0.060301508,0.507537688
0.507537688,0.452261307
1,0.27638191
0.005025126,0.246231156
0.025125628,0.417085427
0.939698492,0.341708543
0.864321608,0.336683417
0.914572864,0.442211055
0.904522613,0.341708543
0,0.256281407
0.934673367,0.824120603
1,0.281407035
1,0.72361809
1,0.492462312
0.050251256,0.673366834
0.929648241,0.231155779
1,0.231155779
1,0.005025126
0.115577889,0.221105528
0.804020101,0.346733668
0.005025126,0
0,0.336683417
1,0.180904523
0,0.251256281
1,0.407035176
0.824120603,0.733668342
0.994974874,0.286432161
0.844221106,0.522613065
0,0.608040201
0.045226131,0.361809045
0.894472362,0.371859296
0.653266332,0.708542714
0.015075377,0.311557789
0.055276382,0.658291457
0.020100503,0.708542714
0.030150754,0.728643216
0.944723618,0.708542714
0.020100503,0.190954774
0.020100503,0.24120603
0.924623116,0.32160804
0.015075377,0.542713568
0,0.371859296
0.020100503,0.201005025
1,0.407035176
0.989949749,0.452261307
0.025125628,0.557788945
0.929648241,0.83919598
0.844221106,0.713567839
0.979899497,0.75879397
1,0.698492462
0.924623116,0.587939698
0.889447236,0.613065327
0,0.477386935
0.819095477,0.653266332
0.984924623,0.286432161
0.030150754,0.341708543
0.969849246,0.67839196
0.994974874,0.633165829
0.010050251,0.547738693
0.015075377,0.246231156
1,0.427135678
0.974874372,0.708542714
0.899497487,0.532663317
1,0.603015075
0.994974874,0.43718593
0.010050251,0.341708543
0,0.48241206
0.899497487,0.738693467
0.949748744,0.32160804
1,0.567839196
0.994974874,0.753768844
0.969849246,0.698492462
0,0.608040201
0.954773869,0.527638191
0,0.432160804
0.964824121,0.582914573
0.884422111,0.341708543
0.025125628,0.48241206
0.984924623,0.246231156
0.974874372,0.613065327
0.989949749,0.492462312
0.989949749,0.211055276
0.025125628,0.492462312
0.020100503,0.361809045
0.005025126,0.67839196
0.015075377,0.487437186
0,0.296482412
1,0.613065327
0,0.381909548
0.015075377,0.361809045
0.618090452,0.673366834
0,0.331658291
0.788944724,0.447236181
0,0.226130653
1,0.35678392
0.055276382,0.35678392
0.964824121,0.587939698
0.015075377,0.613065327
0.83919598,0.51758794
0.391959799,0.547738693
0.010050251,0.502512563
0.030150754,0.532663317
0.025125628,0.341708543
0.969849246,0.648241206
0.010050251,0.40201005
0.83919598,0.366834171
0.783919598,0.542713568
0,0.43718593
1,0.105527638
0.959798995,0.331658291
0.994974874,0.256281407
0.83919598,0.658291457
0.010050251,0.783919598
0.964824121,0.366834171
1,0.442211055
0.989949749,0.633165829
0.005025126,0.447236181
0.91959799,0.316582915
0.904522613,0.381909548
0,0.336683417
0.055276382,0.336683417
0,0.391959799
0.030150754,0.231155779
0.075376884,0.452261307
0.924623116,0.190954774
0.030150754,0.487437186
0.005025126,0.613065327
0,0.778894472
0.934673367,0.773869347
1,0.351758794
0.949748744,0.783919598
0.994974874,0.703517588
0.005025126,0.75879397
0.989949749,0.296482412
0.015075377,0.778894472
0.030150754,0.467336683
0,0.065326633
0,0.316582915
0.015075377,0.75879397
0.904522613,0.492462312
0.035175879,0.512562814
0.984924623,0.175879397
0.035175879,0.296482412
0.994974874,0.587939698
0.944723618,0.728643216
0.005025126,0.633165829
0.050251256,0.346733668
0.010050251,0.673366834
0.874371859,0.331658291
0,0.512562814
0.010050251,0.608040201
0.005025126,0.658291457
1,0.055276382
0,0.618090452
0.060301508,0.829145729
0.065326633,0.462311558
0.045226131,0.663316583
0.040201005,0.633165829
0.010050251,0.381909548
0.899497487,0.296482412
1,0.341708543
0,0.376884422
0.030150754,0.24120603
0.944723618,0.552763819
0.015075377,0.447236181
0.854271357,0.27638191
0.904522613,0.502512563
1,0.713567839
0.135678392,0.376884422
0.824120603,0.256281407
0,0.32160804
0.005025126,0.120603015
0.010050251,0.64321608
0.045226131,0.497487437
0.030150754,0.64321608
0.020100503,0.75879397
0.929648241,0.185929648
0.628140704,0.346733668
0.924623116,0.391959799
0.035175879,0.864321608
0,0.336683417
0.914572864,0.266331658
0.040201005,0.587939698
0.371859296,0.40201005
0.015075377,0.412060302
0.010050251,0.447236181
0.015075377,0.417085427
0.005025126,0.59798995
0.030150754,0.170854271
0.879396985,0.075376884
0.055276382,0.376884422
0.989949749,0.653266332
0.045226131,0.16080402
0,0.221105528
0,0.316582915
0.894472362,0.522613065
0.698492462,0.371859296
0.085427136,0.738693467
0.015075377,0.577889447
0,0.130653266
0.035175879,0.567839196
0.020100503,0.633165829
0.025125628,0.613065327
0.045226131,0.708542714
0.025125628,0.346733668
0.954773869,0.266331658
0.010050251,0.497487437
0,0.185929648
0.005025126,0.120603015
0.015075377,0.582914573
0,0.467336683
0.894472362,0.472361809
0.165829146,0.522613065
0,0.547738693
0.979899497,0.341708543
0,0.577889447
0.060301508,0.859296482
0.944723618,0.386934673
0.989949749,0.201005025
0.939698492,0.874371859
0.994974874,0.72361809
0.939698492,0.768844221
0,0.51758794
0.020100503,0.613065327
0.959798995,0.472361809
0.989949749,0.487437186
1,0.59798995
0.010050251,0.020100503
0.989949749,0.427135678
0.929648241,0.386934673
0.035175879,0.753768844
0,0.582914573
1,0.793969849
0.020100503,0.175879397
0.015075377,0.623115578
0.994974874,0.497487437
1,0.296482412
0.989949749,0.301507538
0.015075377,0.477386935
0.929648241,0.291457286
1,0.542713568
0.864321608,0.48241206
0.884422111,0.56281407
0.954773869,0.376884422
0,0.271356784
0.929648241,0.527638191
1,0.211055276
0.005025126,0.507537688
0.954773869,0.703517588
0.015075377,0.32160804
0.020100503,0.51758794
0,0.326633166
0.030150754,0.201005025
0.005025126,0.371859296
0.010050251,0.623115578
0.819095477,0.391959799
0.964824121,0.472361809
0.040201005,0.567839196
1,0.603015075
0.954773869,0.060301508
0.020100503,0.366834171
0.025125628,0.537688442
1,0.331658291
0.994974874,0.32160804
0,0.150753769
1,0.256281407
0.005025126,0.603015075
0.869346734,0.030150754
0.814070352,0.67839196
0.949748744,0.507537688
0.984924623,0.613065327
0.005025126,0.487437186
0,0.452261307
0,0.316582915
0.015075377,0.346733668
1,0.577889447
0.060301508,0.64321608
0.984924623,0.221105528
0.065326633,0.502512563
0,0.206030151
0.824120603,0.271356784
0.969849246,0.683417085
0,0.467336683
0,0.532663317
0.773869347,0.296482412
0.929648241,0.497487437
0.944723618,0.281407035
0.030150754,0.296482412
0.969849246,0.663316583
1,0.346733668
0.010050251,0.407035176
0.989949749,0.27638191
0.949748744,0.663316583
1,0.341708543
0.010050251,0.788944724
0.095477387,0.577889447
0.030150754,0.251256281
0,0.447236181
0,0.442211055
0.91959799,0.48241206
0.035175879,0.35678392
0.924623116,0.773869347
0.005025126,0.311557789
0.165829146,0.693467337
0,0.180904523
0.020100503,0.16080402
0.869346734,0.608040201
0.949748744,0.623115578
1,0.467336683
0.994974874,0.412060302
0.035175879,0.663316583
0.929648241,0.422110553
0.974874372,0.286432161
0.798994975,0.371859296
0.869346734,0.804020101
0,0.381909548
0.005025126,0.592964824
0.763819095,0.407035176
0.005025126,0.391959799
0.904522613,0.331658291
0.869346734,0.462311558
1,0.311557789
1,0.798994975
0.944723618,0.547738693
0.984924623,0.396984925
0.994974874,0.422110553
0.989949749,0.120603015
1,0.527638191
0.030150754,0.537688442
0.989949749,0.834170854
0.075376884,0.623115578
0.085427136,0.733668342
0,0.206030151
0,0.819095477
0.030150754,0.819095477
1,0.753768844
0.879396985,0.35678392
1,0.618090452
1,0.613065327
0.718592965,0.266331658
0.010050251,0.703517588
0.83919598,0.396984925
0.979899497,0.075376884
0.91959799,1
1,0.090452261
0.050251256,0.296482412
0.020100503,0.577889447
0.015075377,0.386934673
0.010050251,0.251256281
0.035175879,0.748743719
0.025125628,0.648241206
0,0.51758794
0.155778894,0.532663317
0,0.492462312
0.934673367,0.27638191
0.994974874,0.522613065
0.914572864,0.457286432
1,0.512562814
0.889447236,0.301507538
0.924623116,0.447236181
0.025125628,0.753768844
0.804020101,0.286432161
0,0.35678392
0.08040201,0.442211055
0.944723618,0.648241206
0.809045226,0.381909548
0.949748744,0.140703518
0.834170854,0.67839196
0.984924623,0.432160804
0.020100503,0.67839196
1,0.236180905
0,0.532663317
0.984924623,0.557788945
0.010050251,0.768844221
0.91959799,0.83919598
0.010050251,0.738693467
0.934673367,0.150753769
0.035175879,0.603015075
0.010050251,0.814070352
0.075376884,0.59798995
0.954773869,0.452261307
0.030150754,0.572864322
0.949748744,0.633165829
0.899497487,0.537688442
0,0.180904523
0,0.407035176
1,0.48241206
0.944723618,0.713567839
0.959798995,0.261306533
0.025125628,0.371859296
0.015075377,0.266331658
0.040201005,0.613065327
0.929648241,0.216080402
0.959798995,0.236180905
0.984924623,0.286432161
0.56281407,0.728643216
0.974874372,0.32160804
0,0.346733668
0,0.849246231
0.050251256,0.512562814
1,0.859296482
1,0.522613065
0.899497487,0.537688442
0.005025126,0.522613065
0.939698492,0.432160804
0.035175879,0.351758794
0,0.286432161
0.648241206,0.211055276
0.020100503,0.105527638
0.974874372,0.527638191
0,0.653266332
1,0.462311558
0.904522613,0.819095477
0,0.67839196
0.065326633,0.753768844
0.904522613,0.537688442
1,0.502512563
0.959798995,0.40201005
0.844221106,0.417085427
0.020100503,0.346733668
0.984924623,0.623115578
1,0.407035176
0.984924623,0.396984925
0.849246231,0.185929648
0.020100503,0.216080402
0.020100503,0.457286432
0.929648241,0.170854271
0.005025126,0.376884422
1,0.708542714
0.005025126,0.733668342
0.020100503,0.165829146
0.010050251,0.532663317
0.83919598,0.648241206
0.105527638,0.35678392
0.025125628,0.512562814
0.005025126,0.753768844
0.015075377,0.542713568
0.025125628,0.592964824
0.969849246,0.512562814
0.994974874,0.512562814
0.974874372,0.587939698
0.989949749,0.698492462
0.005025126,0.522613065
0.949748744,0.542713568
0.045226131,0.462311558
0.582914573,0.201005025
0,0.914572864
0.954773869,0.557788945
0.934673367,0.216080402
0.050251256,0.477386935
0,0.381909548
0,0.236180905
0.020100503,0.683417085
1,0.407035176
0.939698492,0.447236181
0,0.311557789
0.979899497,0.633165829
0.994974874,0.633165829
0.060301508,0.316582915
0.819095477,0.587939698
0,0.477386935
0.91959799,0.391959799
0.748743719,0.567839196
0.984924623,0.743718593
0.874371859,0.27638191
0.984924623,0.16080402
0.27638191,0.613065327
0.974874372,0.587939698
0,0.51758794
0,0.452261307
0.979899497,0.829145729
0.261306533,0.83919598
0,0.417085427
0.010050251,0.603015075
0.035175879,0.628140704
0.005025126,0.547738693
0.934673367,0.492462312
0.010050251,0.341708543
0.005025126,0.809045226
0.060301508,0.457286432
0.974874372,0.507537688
0.055276382,0.497487437
1,0.100502513
0.959798995,0.226130653
1,0.59798995
0.984924623,0.633165829
0.085427136,0.386934673
0.030150754,0.100502513
0.060301508,0.155778894
0.964824121,0.311557789
0.045226131,0.522613065
0.005025126,0.497487437
0,0.341708543
0,0.251256281
1,0.216080402
0,0.170854271
0.015075377,0.658291457
0.924623116,0.311557789
0.91959799,0.170854271
0,0.547738693
0.939698492,0.236180905
0.64321608,0.628140704
1,0.185929648
0.658291457,0.532663317
0.984924623,0.341708543
0.005025126,0.341708543
0,0.502512563
0.979899497,0.256281407
0,0.221105528
0,0.613065327
1,0.592964824
0.025125628,1
0.894472362,0.236180905
1,0.185929648
0.015075377,0.492462312
0.045226131,0.743718593
0.040201005,0.653266332
0.005025126,0.587939698
0.899497487,0.527638191
0.939698492,0.698492462
0.969849246,0.281407035
0.944723618,0.306532663
0.969849246,0.477386935
1,0.67839196
0.984924623,0.537688442
0.020100503,0.824120603
0.879396985,0.341708543
0.959798995,0.859296482
0.979899497,0.412060302
0.904522613,0.346733668
1,0.542713568
0.964824121,0.336683417
0.005025126,0.140703518
0.040201005,0.527638191
0.020100503,0.396984925
0.010050251,0.412060302
0.005025126,0.572864322
0.974874372,0.663316583
0.030150754,0.386934673
0.020100503,0.251256281
0.939698492,0.688442211
0.005025126,0.542713568
0.030150754,0.507537688
0.944723618,0.638190955
0,0.814070352
0,0.35678392
0.005025126,0.155778894
0.964824121,0.306532663
0.844221106,0.487437186
0,0.603015075
0.884422111,0.261306533
0,0.487437186
0.984924623,0.43718593
0.005025126,0.281407035
0.979899497,0.753768844
0.944723618,0.814070352
0.944723618,0.396984925
1,0.226130653
0.939698492,0.135678392
0.015075377,0.798994975
0.979899497,0.457286432
0.879396985,0.592964824
0.773869347,0.311557789
0.884422111,0.814070352
0.984924623,0.753768844
0.964824121,0.361809045
0.015075377,0.326633166
0,0.83919598
0.929648241,0.447236181
0,0.738693467
0.020100503,0.08040201
0.125628141,0.75879397
0.944723618,0.613065327
1,0.256281407
0.989949749,0.125628141
0.994974874,0.35678392
0.964824121,0.557788945
0.015075377,0.613065327
0.336683417,0.67839196
0.91959799,0.512562814
0.929648241,0.507537688
0.859296482,0.768844221
0.025125628,0.427135678
1,0.708542714
0.668341709,0.306532663
0.120603015,0.296482412
0.944723618,0.809045226
0.010050251,0.75879397
0.984924623,0.155778894
0.969849246,0.216080402
0.020100503,0.467336683
0.91959799,0.75879397
0.939698492,0.608040201
0.251256281,0.266331658
0.040201005,0.56281407
0.005025126,0.24120603
0.040201005,0.206030151
0.015075377,0.412060302
0.020100503,0.417085427
0.025125628,0.32160804
0.979899497,0.341708543
0.005025126,0.422110553
0.005025126,0.819095477
0.929648241,0.376884422
0.974874372,0.728643216
0,0.452261307
0.015075377,0.618090452
0.854271357,0.668341709
1,0.095477387
0.934673367,0.351758794
0.994974874,0.773869347
0.010050251,0.055276382
0.753768844,0.743718593
0.944723618,0.412060302
0.974874372,0.587939698
0.75879397,0.08040201
0.075376884,0.311557789
0.949748744,0.432160804
0.969849246,0.211055276
0.010050251,0.693467337
0.045226131,0.613065327
0.020100503,0.728643216
0.005025126,0.72361809
0.185929648,0.507537688
0.984924623,0.653266332
0.859296482,0.467336683
0.010050251,0.512562814
0.010050251,0.623115578
0.035175879,0.326633166
0.944723618,0.733668342
0,0.462311558
0.005025126,0.577889447
0.959798995,0.537688442
0.010050251,0.201005025
0.48241206,0.522613065
0.934673367,0.814070352
1,0.422110553
0.010050251,0.768844221
0.979899497,0.427135678
0.005025126,0.346733668
0.015075377,0.050251256
0.874371859,0.869346734
0.899497487,0.51758794
0.984924623,0.452261307
0,0.663316583
0,0.43718593
1,0.311557789
0.010050251,0.417085427
1,0.346733668
0.819095477,0.316582915
0.949748744,0.477386935
0.030150754,0.417085427
1,0.24120603
0.929648241,0.64321608
0.020100503,0.175879397
0.854271357,0.391959799
0,0.341708543
0,0.27638191
0.030150754,0.623115578
0.015075377,0.527638191
0.979899497,0.407035176
0.974874372,0.532663317
0,0.32160804
0.914572864,0.51758794
0.025125628,0.613065327
0.964824121,0.778894472
0.763819095,0.48241206
0.035175879,0.778894472
0.989949749,0.386934673
0.979899497,0.648241206
0.015075377,0.487437186
0.085427136,0.512562814
0.025125628,0.412060302
0,0.48241206
0.005025126,0.648241206
0.020100503,0.286432161
0.623115578,0.572864322
0.979899497,0.125628141
0.020100503,0.653266332
0.974874372,0.261306533
0.929648241,0.08040201
0.944723618,0.150753769
0.005025126,0.864321608
0.904522613,0.648241206
0.969849246,0.703517588
0.924623116,0.296482412
1,0.336683417
0.974874372,0.698492462
0,0.522613065
0.974874372,0.51758794
0.005025126,0.24120603
0.015075377,0.417085427
0.798994975,0.236180905
0.005025126,0.43718593
0.010050251,0.798994975
0.030150754,0.567839196
0.005025126,0.427135678
0,0.457286432
0.005025126,0.447236181
0.110552764,0.522613065
0,0.266331658
0.899497487,0.075376884
0,0.492462312
0.075376884,0.743718593
0.24120603,0.296482412
0.020100503,0.316582915
0.989949749,0.125628141
0.08040201,0.351758794
0.185929648,0.291457286
1,0.331658291
0.809045226,0.618090452
0,0.346733668
0.628140704,0.35678392
0.010050251,0.552763819
0.010050251,0.135678392
0.025125628,0.51758794
0.005025126,0.190954774
0.994974874,0.64321608
0.040201005,0.683417085
0.060301508,0.316582915
0.005025126,0.48241206
0.633165829,0.376884422
0.989949749,0.381909548
1,0.281407035
0,0.487437186
0.045226131,0.577889447
0.969849246,0.301507538
0.884422111,0.804020101
0.969849246,0.778894472
0.944723618,0.462311558
0.959798995,0.64321608
0.015075377,0.688442211
0.879396985,0.492462312
0.954773869,0.16080402
0.035175879,0.467336683
0.055276382,0.396984925
0.025125628,0.542713568
0.025125628,0.537688442
0.974874372,0.587939698
0.984924623,0.432160804
0.929648241,0.105527638
1,0.351758794
0.914572864,0.532663317
1,0.763819095
0.010050251,0.683417085
0.969849246,0.331658291
0,0.407035176
0.859296482,0.100502513
0.010050251,0.507537688
0.994974874,0.633165829
1,0.743718593
1,0.336683417
1,0.266331658
0.824120603,0.713567839
0.899497487,0.306532663
0.884422111,0.497487437
0.954773869,0.346733668
0.959798995,0.457286432
0.934673367,0.728643216
1,0.577889447
1,0.653266332
0.085427136,0.492462312
0.974874372,0.316582915
0.954773869,0.56281407
0.035175879,0.331658291
0.040201005,0.24120603
0,0.59798995
0,0.512562814
0.929648241,0.733668342
0.005025126,0.537688442
0.005025126,0.542713568
0,0.472361809
0.939698492,0.507537688
0.010050251,0.381909548
0.015075377,0
0.844221106,0.457286432
0.83919598,0.145728643
0.025125628,0.542713568
0.954773869,0.135678392
1,0.628140704
0.005025126,0.537688442
0.045226131,0.728643216
0.894472362,0.748743719
0.91959799,0.40201005
1,0.351758794
0.964824121,0.869346734
0.005025126,0.432160804
0.974874372,0.386934673
0.934673367,0.552763819
0.005025126,0.48241206
1,0.190954774
0,0.658291457
0,0.306532663
0.015075377,0.27638191
0.944723618,0.939698492
0.914572864,0.442211055
0.984924623,0.376884422
0.974874372,0.035175879
0.67839196,0.743718593
0,0.658291457
0.974874372,0.417085427
0.944723618,0.266331658
0.924623116,0.502512563
1,0.331658291
0,0.547738693
0.663316583,0.336683417
1,0.120603015
0.984924623,0.633165829
0.934673367,0.432160804
0.010050251,0.115577889
0.979899497,0.095477387
0,0.24120603
0.005025126,0.35678392
0.989949749,0.753768844
0.060301508,0.206030151
0.015075377,0.613065327
0.050251256,0.59798995
0.020100503,0.336683417
1,0.48241206
1,0.532663317
0.904522613,0.467336683
0,0.326633166
0.884422111,0.572864322
0.763819095,0.809045226
0.005025126,0.452261307
0.899497487,0.532663317
0.045226131,0.51758794
0,0.442211055
0.969849246,0.75879397
0.994974874,0.814070352
0.964824121,0.43718593
0.949748744,0.653266332
1,0.959798995
0.959798995,0.211055276
0.994974874,0.452261307
0.994974874,0.673366834
0.994974874,0.442211055
0.854271357,0.899497487
0.884422111,0.095477387
0.939698492,0.341708543
1,0.522613065
0.989949749,0.135678392
0.994974874,0.301507538
0.904522613,0.391959799
0,0.673366834
1,0.537688442
0.989949749,0.623115578
0.859296482,0.497487437
0.989949749,0.834170854
0,0.48241206
0.070351759,0.216080402
0.969849246,0.59798995
0.015075377,0.226130653
0.010050251,0.336683417
1,0.366834171
0.010050251,0.407035176
0.904522613,0.27638191
0.005025126,0.346733668
0.015075377,0.386934673
0,0.51758794
0.030150754,0.447236181
0.015075377,0.40201005
0.085427136,0.386934673
0.994974874,0.577889447
0.974874372,0.738693467
0.944723618,0.095477387
1,0.211055276
0.909547739,0.567839196
1,0.753768844
0.010050251,0.507537688
0.969849246,0.301507538
0.994974874,0.864321608
0.934673367,0.809045226
1,0.72361809
1,0.326633166
0.045226131,0.613065327
0.874371859,0.261306533
0.844221106,0.381909548
0.010050251,0.381909548
0.969849246,0.728643216
0.010050251,0.165829146
1,0.366834171
0.005025126,0.738693467
