cycle,avg_know,avg_att,avg_pbc,avg_moral,avg_sn,avg_int,avg_habit,participation
0,44.12792405,62.31668636,44.20340889,80.34538248,63.75550189,0,0,0
1,44.12792405,62.32803821,7.19083496,80.05872026,45.11621216,31.38180716,0,2.405640813
2,44.22282464,62.33972796,6.45483376,79.7796712,37.73173147,29.79512685,0.07127808,2.281211116
3,44.2870541,62.34815697,6.498687973,79.50202049,34.66916879,29.27497478,0.135733829,2.737453339
4,44.3621995,62.3583515,6.67763876,79.22705617,33.46293364,29.119644,0.211107923,2.716715056
5,44.43088694,62.36852427,6.752314084,78.95321871,32.90628629,29.01020693,0.285096954,2.695976773
6,44.49099545,62.37627911,6.762757542,78.6806345,32.64131399,28.94570927,0.354604581,2.841144753
7,44.55128323,62.38405205,6.801596696,78.40969485,32.52133128,28.91764575,0.427064144,2.944836168
8,44.60833915,62.39065767,6.868311967,78.14021042,32.44427305,28.89671409,0.497374159,2.944836168
9,44.66037564,62.39767044,6.902181835,77.87240136,32.45233892,28.86378182,0.562007789,3.193695562
10,44.71800644,62.40550938,6.989754288,77.60664472,32.49469245,28.85073258,0.634624866,3.131480713
11,44.76992605,62.41236045,7.039147406,77.34162597,32.4201516,28.80945291,0.703376144,3.172957279
12,44.81993333,62.41957883,7.058518181,77.07821611,32.41057284,28.77477518,0.770234004,3.131480713
13,44.85795509,62.42537691,7.062619324,76.81601523,32.38483274,28.74498632,0.831692165,3.504769805
14,44.91274626,62.43278363,7.165975945,76.5560058,32.40986733,28.74610157,0.905367666,3.338863542
15,44.95305452,62.43884497,7.148487597,76.29699663,32.4015723,28.69967126,0.969639044,3.504769805
16,44.99940515,62.44569353,7.253813497,76.03950253,32.37750133,28.68072282,1.036858872,3.401078391
17,45.04089112,62.45149119,7.236548727,75.78316051,32.3608344,28.63441048,1.095840354,3.670676068
18,45.08093407,62.45681528,7.286062321,75.5286258,32.35567807,28.61797946,1.159803076,3.795105765
19,45.12772581,62.46352238,7.333672445,75.27544719,32.32249722,28.58857331,1.227918289,3.878058897
20,45.16932072,62.46795213,7.422086734,75.02430529,32.40217261,28.58077598,1.293992309,3.961012028
21,45.21400489,62.47412754,7.457104743,74.77462386,32.43690646,28.56774968,1.360149982,4.064703443
22,45.25917912,62.480248,7.515739754,74.52573598,32.33433369,28.51972015,1.427507607,3.89879718
23,45.2928984,62.48516944,7.478349481,74.27824104,32.34722688,28.46739666,1.485827354,4.230609706
24,45.33385148,62.49076822,7.598543557,74.03261467,32.35897523,28.48164654,1.555038844,4.230609706
25,45.37615767,62.49623742,7.65637295,73.78866244,32.42709267,28.48993971,1.621094788,4.500207383
26,45.42417693,62.50255437,7.772453731,73.54608205,32.39787451,28.49232566,1.691185001,4.313562837
27,45.46283092,62.50817953,7.719213136,73.30410123,32.3214876,28.42586273,1.752889148,4.272086271
28,45.49581383,62.51340301,7.712569298,73.06357413,32.32861825,28.38256408,1.811257817,4.458730817
29,45.53824854,62.51918262,7.762259524,72.82504253,32.40456795,28.38512523,1.877034347,4.91497304
30,45.58828081,62.52644056,7.927922294,72.58843274,32.42610628,28.4117708,1.953123258,4.583160514
31,45.63070185,62.53241622,7.931592473,72.35220584,32.37779731,28.36241206,2.016581635,4.728328494
32,45.67119093,62.53808689,7.965583147,72.11715284,32.30510241,28.32588561,2.081945382,4.645375363
33,45.70300914,62.54278428,7.989390459,71.88340604,32.30555507,28.30615548,2.141186699,4.76980506
34,45.73809395,62.54783999,8.039989813,71.65121174,32.3256437,28.28961133,2.20233397,4.997926172
35,45.77301331,62.55273488,8.133487557,71.42057893,32.32880238,28.29645644,2.265745556,4.832019909
36,45.80433478,62.55692948,8.143540198,71.19060816,32.28163717,28.24140859,2.324072705,4.91497304
37,45.83528081,62.56119374,8.163558984,70.96157594,32.19231168,28.19164968,2.381801282,5.122355869
38,45.87536296,62.56737967,8.198198087,70.73496868,32.30010689,28.20454931,2.442458577,5.309000415
39,45.92087905,62.57354294,8.282665716,70.50946982,32.28405761,28.16645086,2.506924524,5.163832435
40,45.95097084,62.57723097,8.305291002,70.28487856,32.26862671,28.13297783,2.566138297,5.267523849
41,45.98617588,62.58233691,8.275975983,70.06153509,32.24414573,28.09905583,2.622270936,5.371215263
42,46.0239954,62.58789415,8.310769063,69.83962734,32.24744692,28.08931801,2.681810008,5.309000415
43,46.05046182,62.59099236,8.302324824,69.61870631,32.2332551,28.04958155,2.737576784,5.246785566
44,46.07407403,62.59364006,8.321457034,69.39859084,32.1852566,27.99551916,2.788361697,5.412691829
45,46.09885646,62.5978321,8.420455229,69.17941136,32.08198772,27.97142856,2.842280968,5.039402737
46,46.11726203,62.6005636,8.344049085,68.96052387,31.99228304,27.88191564,2.88493785,5.309000415
47,46.13280725,62.60272976,8.370921566,68.74385813,32.05804281,27.8729466,2.934316759,5.640812941
48,46.16839188,62.6077922,8.493173519,68.5289146,32.09550681,27.89145048,2.989795587,5.474906678
49,46.1889988,62.61011916,8.468658062,68.31461716,32.07544785,27.85838821,3.038782514,5.723766072
50,46.22303762,62.61445434,8.578632929,68.10191735,32.07624069,27.85042993,3.094818417,5.620074658
51,46.24668945,62.61725299,8.585543961,67.88959998,31.98011376,27.78981998,3.14420416,5.454168395
52,46.26754773,62.61963508,8.556552477,67.67844728,31.99003257,27.75105251,3.186551813,5.785980921
53,46.29881789,62.62393277,8.636737015,67.46933991,32.06159715,27.75571923,3.236944907,5.868934052
54,46.3304358,62.62839203,8.690711953,67.26124113,32.0555261,27.75101945,3.286571311,6.076316881
55,46.35115067,62.63108265,8.78480805,67.05426436,31.99903632,27.71936728,3.343268987,5.661551224
56,46.36900279,62.63362566,8.687591472,66.84767054,31.96597774,27.66802581,3.385789831,5.848195769
57,46.38724428,62.63577265,8.742828034,66.6416509,31.81744714,27.6174153,3.435452881,5.412691829
58,46.39571461,62.63733565,8.649629184,66.43616929,31.77797992,27.53995383,3.468294962,6.076316881
59,46.42640283,62.64162311,8.77580935,66.23332148,31.842087,27.56774593,3.519983983,5.889672335
60,46.45147779,62.64485419,8.783576634,66.03076886,31.78959719,27.55986268,3.560977955,5.806719204
61,46.46702362,62.64710338,8.764746002,65.82908725,31.75534014,27.50090539,3.602030615,5.868934052
62,46.48912427,62.6498637,8.775403921,65.62876126,31.77104114,27.47826153,3.640297966,6.034840315
63,46.50594181,62.65192218,8.868333535,65.42954079,31.74227924,27.46202556,3.683609244,6.014102032
64,46.52241482,62.65391835,8.870373821,65.2310861,31.68737594,27.42099782,3.723215667,5.910410618
65,46.53704543,62.65602008,8.819634518,65.03354165,31.66731526,27.3759368,3.760320126,6.117793447
66,46.55498042,62.65826362,8.903082281,64.83732574,31.65190296,27.35903016,3.804458939,6.014102032
67,46.56687943,62.65994987,8.911412871,64.6415714,31.57723694,27.31252624,3.841187247,5.889672335
68,46.5791288,62.66153274,8.883775466,64.44667304,31.54799339,27.26531418,3.874110308,5.931148901
69,46.59199397,62.66242649,8.866189349,64.25290212,31.54074632,27.23781923,3.904816157,6.076316881
70,46.60406809,62.66387593,8.877128108,64.06049749,31.55624674,27.2183077,3.93837395,6.200746578
71,46.62282936,62.66667927,8.932113176,63.8693624,31.57076649,27.21489243,3.975509933,6.304437993
72,46.64892924,62.67055608,8.986385558,63.67932236,31.56547986,27.21764474,4.012341538,6.325176275
73,46.66337171,62.67219337,9.015057977,63.49033062,31.56535487,27.17114096,4.046605619,6.387391124
74,46.67776239,62.67464938,9.096127585,63.30233962,31.54868476,27.14892231,4.084621548,6.304437993
75,46.68861303,62.67609047,9.083932285,63.114633,31.44532797,27.09839078,4.117134701,6.221484861
76,46.69820345,62.67637773,9.07874638,62.92825523,31.47863873,27.07122113,4.14630137,6.470344255
77,46.71964313,62.67903349,9.09710406,62.74283264,31.42192686,27.05784643,4.183099546,6.325176275
78,46.72875277,62.68079136,9.081728923,62.55814618,31.39591064,27.00289611,4.215298082,6.387391124
79,46.73731524,62.68151957,9.088141894,62.37390627,31.28066745,26.96152168,4.246215795,6.117793447
80,46.74836146,62.68243262,9.019665495,62.19043212,31.26681905,26.92090757,4.268339371,6.42886769
81,46.76115062,62.68436652,9.094297978,62.00820774,31.22401753,26.89495177,4.299750222,6.449605973
82,46.76932998,62.68571113,9.16547443,61.82762148,31.31271298,26.91210235,4.327710653,6.57403567
83,46.78748901,62.68803951,9.19280462,61.64781399,31.29029016,26.8850518,4.361013867,6.491082538
84,46.79160406,62.688744,9.213491182,61.46828173,31.19109103,26.83801584,4.391496567,6.408129407
85,46.79987718,62.68954492,9.185053091,61.28967455,31.16549877,26.78986804,4.417446727,6.42886769
86,46.81396417,62.69174499,9.17693971,61.11225186,31.18891623,26.74903767,4.442799099,6.677727084
87,46.82509866,62.69316605,9.226300364,60.93575573,31.13252803,26.73775883,4.474276418,6.325176275
88,46.82900041,62.69376146,9.20137989,60.75907585,31.01574252,26.68304533,4.496371596,6.449605973
89,46.83474504,62.69466348,9.212924035,60.58394122,31.0324861,26.67205163,4.517674725,6.739941933
90,46.85087691,62.69664566,9.368227624,60.41056378,31.1019568,26.67649569,4.548489211,6.71920365
91,46.86255789,62.69872568,9.376211059,60.23769557,31.070417,26.6498301,4.579795504,6.470344255
92,46.86997853,62.69914919,9.336556952,60.06514248,31.02249947,26.60853321,4.600888652,6.86437163
93,46.88378447,62.70069473,9.44165194,59.89424853,31.02117625,26.62275268,4.632165326,6.511820821
94,46.88840731,62.70138997,9.363329167,59.72312817,30.92694425,26.54658759,4.653142491,6.636250518
95,46.89493013,62.70184252,9.379269917,59.55358315,30.96436427,26.5294676,4.675604924,6.86437163
96,46.90703822,62.70296996,9.465004846,59.38530157,30.98099356,26.53294777,4.704812225,6.905848196
97,46.91710908,62.70423871,9.549972055,59.21761171,30.92810426,26.50613011,4.736334499,6.42886769
98,46.92204918,62.70459166,9.362269228,59.04929326,30.77967161,26.40622644,4.751993663,6.822895064
99,46.93176758,62.70572812,9.455371193,58.88297102,30.79470057,26.41816976,4.776882427,6.656988801
100,46.94062189,62.70713823,9.416121811,58.71709677,30.77481723,26.36742045,4.796340166,6.739941933
101,46.94647633,62.70794544,9.465123555,58.55240003,30.79543188,26.35881411,4.817961,6.781418499
102,46.95297218,62.7088257,9.472815634,58.38856679,30.79359717,26.34259992,4.838261853,6.926586479
103,46.95963037,62.70947816,9.536440053,58.2255128,30.74045388,26.32176083,4.864620869,6.615512236
104,46.96317724,62.71012667,9.489364198,58.06262942,30.68352743,26.27484385,4.88222533,6.739941933
105,46.97372487,62.71143397,9.507268035,57.90040252,30.59140601,26.25141495,4.90040388,6.532559104
106,46.98035967,62.71204896,9.41963767,57.73897652,30.59767409,26.18985099,4.910994088,6.905848196
107,46.98890303,62.71338985,9.493685896,57.57900069,30.60113305,26.19138392,4.93257023,6.677727084
108,46.99235295,62.71387318,9.470232421,57.41928902,30.56822394,26.13668656,4.946683222,6.926586479
109,47.00108934,62.71530448,9.541213962,57.26105458,30.59388448,26.14382346,4.969010782,6.968063044
110,47.01378888,62.71655064,9.548909829,57.10371304,30.60353937,26.13434507,4.99107551,7.092492742
111,47.0235155,62.71797226,9.618238927,56.94715082,30.56599296,26.12312801,5.012854302,6.86437163
112,47.02895015,62.71842179,9.54103563,56.79083088,30.51124806,26.07062259,5.029665158,6.843633347
113,47.03341073,62.71884454,9.548295519,56.63461787,30.37361886,26.02777571,5.045844148,6.656988801
114,47.03622407,62.71957465,9.457073344,56.47926748,30.36952116,25.96182468,5.057933125,6.843633347
115,47.04115227,62.72011151,9.491897965,56.3249342,30.35124279,25.94767041,5.073649843,6.843633347
116,47.04814791,62.72077876,9.510212532,56.17144551,30.34873594,25.93265435,5.088530411,6.988801327
117,47.05605952,62.72189877,9.587426752,56.01883338,30.31997409,25.91838953,5.104365576,6.905848196
118,47.0630743,62.72283367,9.568309756,55.86688944,30.30665591,25.8775959,5.120735794,6.885109913
119,47.06581925,62.72287828,9.600801237,55.71532597,30.23678321,25.85452873,5.134291415,6.739941933
120,47.06551974,62.72289017,9.52223693,55.56480064,30.28538873,25.82331102,5.145490223,7.279137287
121,47.0741399,62.72386813,9.699517877,55.41602997,30.3227562,25.86139341,5.17190931,6.926586479
122,47.07378335,62.72404546,9.659021699,55.26666247,30.20301512,25.80539999,5.186171701,7.071754459
123,47.07992776,62.72480579,9.675831062,55.11878968,30.22988782,25.78905852,5.201062729,7.030277893
124,47.08402881,62.72554898,9.717403943,54.97118796,30.1679818,25.76284917,5.21528573,6.822895064
125,47.08765418,62.72626359,9.600868517,54.82384393,30.10976679,25.7016787,5.223315308,7.00953961
126,47.0915416,62.72694526,9.615234336,54.67762457,30.09244975,25.67669448,5.23601877,7.071754459
127,47.0925482,62.72722064,9.683590597,54.53219217,30.07233332,25.66528752,5.251239935,6.947324762
128,47.09866618,62.72813817,9.670390663,54.38736379,30.06998157,25.63324256,5.262554389,7.00953961
129,47.10284998,62.72875917,9.639606943,54.24336264,30.06323054,25.60403328,5.274904395,7.00953961
130,47.1120134,62.73017874,9.614897032,54.09989557,30.02169636,25.56874639,5.286641961,7.133969307
131,47.11922344,62.7310969,9.692702365,53.95734084,29.99594374,25.5593103,5.300370664,7.133969307
132,47.12148805,62.731519,9.73351899,53.81518203,29.92583737,25.53105764,5.315200095,6.636250518
133,47.11787768,62.73090819,9.565090446,53.67247484,29.81093971,25.45371614,5.314219542,7.00953961
134,47.11943959,62.73091975,9.598403317,53.5314656,29.81843982,25.44082049,5.324905318,6.947324762
135,47.12156795,62.7311619,9.60200999,53.39112618,29.82694606,25.40848633,5.332411384,7.092492742
136,47.12463952,62.73172547,9.684811549,53.25193368,29.8603483,25.41678624,5.345625426,6.988801327
137,47.12550664,62.73196585,9.677176947,53.1130058,29.82493913,25.39287148,5.353962436,7.196184156
138,47.12898792,62.73229558,9.721548872,52.97498835,29.78303476,25.37955781,5.369472386,7.071754459
139,47.13126329,62.73245289,9.730359566,52.837737,29.8039918,25.36560343,5.378109933,7.29987557
140,47.13303616,62.73279301,9.826031701,52.70158499,29.81673809,25.3728304,5.395329997,7.196184156
141,47.13496148,62.73294562,9.825215129,52.56595486,29.81799158,25.35230059,5.409236633,7.258399005
142,47.13411156,62.73277487,9.829303765,52.43074438,29.75203954,25.31667306,5.424229199,7.030277893
143,47.13341412,62.73270493,9.777079407,52.29537689,29.63947675,25.26253017,5.430826879,6.86437163
144,47.13155685,62.73238804,9.631582831,52.15986644,29.49160636,25.18720194,5.433386127,6.822895064
145,47.13006839,62.73214443,9.597643802,52.02551378,29.5126648,25.16332396,5.434193887,7.030277893
146,47.13343711,62.73268934,9.649092589,51.89204196,29.49579358,25.1453629,5.440502956,6.905848196
147,47.13401984,62.732982,9.646565549,51.75911327,29.49521923,25.12217475,5.442015226,7.113231024
148,47.13265193,62.73276458,9.729894344,51.627113,29.47815694,25.10925596,5.454838829,6.843633347
149,47.13195308,62.73263208,9.671108257,51.4950931,29.42227869,25.06038947,5.457977356,6.947324762
150,47.13045121,62.73234004,9.69007232,51.36377256,29.37152504,25.04253689,5.463414915,6.885109913
151,47.13192722,62.73269215,9.66662128,51.23289833,29.32489306,25.01468764,5.464368028,6.926586479
152,47.13163302,62.73244864,9.697359507,51.10314061,29.36492542,25.01796905,5.469411957,7.258399005
153,47.13451403,62.73279421,9.806957959,50.97460326,29.38330196,25.02503367,5.482574749,6.988801327
154,47.13419836,62.73245315,9.730242356,50.84577932,29.30283014,24.96967017,5.486359368,6.968063044
155,47.132704,62.73216702,9.716196158,50.71768343,29.2825382,24.9405261,5.490251513,7.258399005
156,47.13514938,62.73248234,9.806986551,50.59107112,29.33111007,24.9508399,5.502182351,7.133969307
157,47.13368007,62.73222398,9.779367451,50.464582,29.29404746,24.91902455,5.509346462,6.988801327
158,47.1351818,62.73231014,9.707188029,50.33840387,29.25662518,24.87425496,5.512422113,7.341352136
159,47.14066389,62.73300382,9.798196518,50.2135021,29.24825463,24.88291714,5.526701041,7.030277893
160,47.14416351,62.7332932,9.711066896,50.08860315,29.21799953,24.83352702,5.530998612,7.071754459
161,47.14423239,62.73337615,9.689198302,49.96420261,29.16804651,24.79284074,5.537981038,6.968063044
162,47.14442193,62.73326684,9.640625731,49.84014176,29.12129292,24.75546891,5.539558976,6.988801327
163,47.14712502,62.73375773,9.645565119,49.71688697,29.12259534,24.72700504,5.54118942,7.15470759
164,47.1487942,62.73399604,9.712550353,49.59446698,29.1109558,24.74168773,5.548871362,7.15470759
165,47.14930249,62.73409114,9.760041377,49.47253016,29.07781181,24.72418402,5.55747904,7.133969307
166,47.15136977,62.73470568,9.74446188,49.35087055,29.00753462,24.684775,5.564711238,6.926586479
167,47.15364831,62.73497976,9.682106887,49.22971448,29.00962469,24.65558233,5.56258227,7.175445873
168,47.15512813,62.73535684,9.729369018,49.10964537,29.01897845,24.65263927,5.56982258,6.988801327
169,47.15413419,62.73540591,9.688736675,48.98932995,28.92625823,24.60808069,5.572213826,7.15470759
170,47.16002991,62.73662247,9.748026588,48.87032272,28.95443297,24.60380665,5.577716339,6.988801327
171,47.16132781,62.736447,9.702651878,48.75129297,28.90335608,24.56681717,5.579010787,7.133969307
172,47.16265545,62.7365529,9.764589956,48.63326234,28.90397741,24.56304146,5.584936839,7.071754459
173,47.16312524,62.73641017,9.739980356,48.51538769,28.84260047,24.53392558,5.588149463,7.071754459
174,47.16487794,62.73665956,9.765677457,48.3985294,28.8826666,24.52692952,5.593128101,7.258399005
175,47.16598491,62.7367993,9.832162795,48.28255181,28.89501068,24.52741128,5.601993727,7.362090419
176,47.17034379,62.73724757,9.890070571,48.16724362,28.88132553,24.52720519,5.613609083,7.133969307
177,47.17181007,62.7372602,9.830413481,48.05200724,28.84740086,24.49437236,5.617013504,7.15470759
178,47.17609849,62.73773044,9.809141013,47.93717276,28.79377064,24.46118527,5.621243262,7.15470759
179,47.18007049,62.73827497,9.823272475,47.82296473,28.77412977,24.43586517,5.626231286,7.237660722
180,47.1803787,62.73829293,9.851445646,47.70950438,28.76804432,24.42602593,5.629392357,7.237660722
181,47.18195049,62.73862156,9.862627958,47.59643059,28.728757,24.40904416,5.63448892,7.237660722
182,47.18196254,62.73858038,9.850867582,47.48432895,28.77543031,24.39934853,5.640646214,7.341352136
183,47.18205657,62.73849081,9.907574899,47.37241676,28.70180515,24.37728846,5.649837789,7.237660722
184,47.18370375,62.73883803,9.895638531,47.2609411,28.6721416,24.36611502,5.655865574,7.092492742
185,47.18491364,62.73897653,9.8147719,47.14953073,28.61124266,24.31704194,5.655233451,6.988801327
186,47.18221079,62.73846085,9.731110651,47.03836542,28.55456095,24.26326332,5.653061029,7.196184156
187,47.18522512,62.73913317,9.817458672,46.92810547,28.52847099,24.27354657,5.6578905,7.113231024
188,47.18476453,62.73897487,9.819204089,46.81848329,28.5500006,24.24906237,5.65892446,7.175445873
189,47.18541386,62.73898282,9.809034225,46.70903504,28.47535715,24.22465099,5.663646541,6.843633347
190,47.18423762,62.73881488,9.693208401,46.59924847,28.37839791,24.16989023,5.657644358,6.947324762
191,47.18225153,62.73848381,9.663219488,46.49021179,28.33726588,24.13227232,5.654327375,7.175445873
192,47.18659808,62.73891069,9.750001885,46.38248735,28.3832904,24.14837213,5.658145494,6.968063044
193,47.18643089,62.73884731,9.695318729,46.27460352,28.33786011,24.10060111,5.657184597,7.092492742
194,47.19148087,62.7395804,9.716744438,46.16813058,28.42579361,24.10881588,5.658388143,7.362090419
195,47.19682074,62.74021913,9.838503594,46.06236407,28.41677708,24.11934708,5.669834333,7.216922439
196,47.19810765,62.74037293,9.879541059,45.95669998,28.37518102,24.10655848,5.674133014,7.051016176
197,47.19596002,62.73984241,9.806177139,45.85126273,28.34586674,24.07314844,5.673325417,7.279137287
198,47.19754594,62.7399566,9.843577593,45.74681206,28.34381283,24.07573932,5.679859233,7.15470759
199,47.19926008,62.74025352,9.822152412,45.64250747,28.3096348,24.04274696,5.682515968,7.279137287
200,47.20124103,62.74048549,9.859135421,45.53886583,28.27927091,24.03291594,5.689178102,7.030277893
201,47.19979003,62.74016028,9.798697953,45.43531599,28.25726899,23.98561662,5.688601928,7.29987557
202,47.2023502,62.7403821,9.885797832,45.33275008,28.24953857,23.99871815,5.696671173,7.258399005
203,47.20523546,62.74047558,9.88555877,45.23052008,28.22333896,23.9671866,5.702603299,7.092492742
204,47.20411994,62.74046896,9.84383139,45.12841066,28.18746178,23.93048159,5.704472695,7.237660722
205,47.20506335,62.74073071,9.878480648,45.02696217,28.15461969,23.92544829,5.71183063,7.092492742
206,47.20382445,62.74049258,9.806865934,44.92576099,28.13099076,23.90412842,5.711242528,7.196184156
207,47.20460061,62.74049802,9.806169885,44.82508584,28.09189017,23.89005434,5.713303286,7.133969307
208,47.20331544,62.74040995,9.823968389,44.72493813,28.09154217,23.87454995,5.71374539,7.216922439
209,47.20624561,62.74072256,9.847167813,44.62542154,28.08708204,23.86093694,5.718106392,7.15470759
210,47.20560488,62.74062435,9.862495214,44.52610562,28.04783108,23.84105041,5.721032873,7.113231024
211,47.20582654,62.74043172,9.859294112,44.42734641,28.04709823,23.8342835,5.721496677,7.29987557
212,47.20715931,62.74053783,9.89315172,44.32945589,28.05533956,23.83118459,5.726945707,7.15470759
213,47.20926238,62.74069174,9.876601497,44.23152148,28.00416863,23.81436428,5.725494716,7.133969307
214,47.20968381,62.74080641,9.846041668,44.13402083,27.97316051,23.77415052,5.725904203,7.196184156
215,47.21192327,62.74126831,9.8662817,44.03734414,27.99615811,23.76942893,5.727502094,7.258399005
216,47.21204674,62.74136313,9.885165999,43.9408555,27.93686569,23.74019679,5.730357352,7.00953961
217,47.21208794,62.7412433,9.774152874,43.8444353,27.90516145,23.68482935,5.728528672,7.29987557
218,47.21188397,62.74116939,9.882394182,43.74908739,27.90717055,23.70827436,5.735531022,7.196184156
219,47.21307036,62.74112464,9.862718487,43.65433877,27.95156138,23.69588864,5.734018481,7.424305268
220,47.21611606,62.74154825,9.938009576,43.56010167,27.9123592,23.69439824,5.741864727,7.216922439
221,47.21573318,62.74152334,9.885112566,43.46594814,27.88179417,23.66857899,5.743896458,7.175445873
222,47.21621647,62.74160555,9.826218485,43.37210646,27.84883555,23.6283435,5.745489038,7.196184156
223,47.21376104,62.74123783,9.824472064,43.27873849,27.82659844,23.59795618,5.747524902,7.175445873
224,47.21301711,62.74104814,9.798624853,43.1857453,27.80360973,23.58509196,5.750341709,7.051016176
225,47.2104755,62.74076549,9.763662251,43.0925882,27.717569,23.546934,5.749827251,7.113231024
226,47.21035804,62.74071075,9.803673244,43.00025804,27.72013326,23.54036808,5.74848468,7.196184156
227,47.21269408,62.740944,9.817470807,42.90838181,27.69484668,23.5296258,5.746845617,7.196184156
228,47.21343616,62.74115969,9.850744636,42.81709767,27.70354964,23.52852997,5.749130002,6.968063044
229,47.21260828,62.74093476,9.751027135,42.72546221,27.62853032,23.48978165,5.743032451,7.196184156
230,47.2116166,62.74065833,9.823533171,42.63451198,27.56818773,23.48978275,5.743874558,6.885109913
231,47.21003778,62.74043612,9.717223481,42.54356034,27.54544206,23.42863026,5.737580182,7.051016176
232,47.21043694,62.74045718,9.742103397,42.45339139,27.54297284,23.41014645,5.734142165,7.175445873
233,47.21196587,62.74055703,9.778666936,42.36413446,27.58177637,23.4242544,5.734552366,7.196184156
234,47.21439615,62.7407529,9.822119541,42.27539836,27.60161547,23.43468504,5.735330211,7.15470759
235,47.2153699,62.74095417,9.790103613,42.18661695,27.53587551,23.39079599,5.735401593,7.113231024
236,47.21493001,62.74083132,9.736478029,42.09765076,27.40914737,23.35851819,5.735742506,6.698465367
237,47.21030347,62.74016913,9.572137671,42.00867915,27.38495237,23.29740523,5.724485968,7.113231024
238,47.21065154,62.74017574,9.688682698,41.92114942,27.427983,23.32359379,5.724241198,7.279137287
239,47.21368934,62.74065464,9.794332176,41.83443181,27.46149154,23.3580075,5.72803217,7.092492742
240,47.21508081,62.74080848,9.801912872,41.74779753,27.46350069,23.34599487,5.726232297,7.382828702
241,47.21873389,62.74139949,9.935976368,41.66238312,27.51422338,23.3616773,5.73318434,7.216922439
242,47.21896755,62.74137929,9.862205695,41.57690499,27.49505084,23.33373503,5.737829489,7.29987557
243,47.21811758,62.74124906,9.90502783,41.49191582,27.4702896,23.32322301,5.744172074,7.29987557
244,47.21994755,62.74162136,9.910777453,41.40729113,27.44670905,23.31996789,5.748998952,7.00953961
245,47.22161606,62.74157346,9.783803232,41.32238707,27.39396029,23.26724244,5.745726187,7.362090419
246,47.22449995,62.74219146,9.876759123,41.23892652,27.44224206,23.27972137,5.751257051,7.320613853
247,47.22322278,62.74199103,9.927155103,41.15533873,27.38134676,23.27486485,5.756941508,7.237660722
248,47.22353305,62.74209888,9.926031152,41.0724918,27.42681623,23.26775086,5.761438574,7.362090419
249,47.22722775,62.7424578,9.964571949,40.99003686,27.40685378,23.26108835,5.767172077,7.403566985
250,47.22684177,62.74230822,9.998208476,40.90772121,27.33758944,23.24870201,5.773298907,7.071754459
251,47.22674113,62.74242159,9.846139628,40.82515356,27.2813843,23.18262954,5.771833016,7.113231024
252,47.22509117,62.74217029,9.83487152,40.74325036,27.28544139,23.16872396,5.770154745,7.403566985
253,47.22746274,62.7427335,9.919652384,40.66205086,27.25547587,23.17007917,5.777284843,7.092492742
254,47.22408894,62.7421863,9.81477589,40.58007966,27.12504421,23.11718261,5.777751193,6.843633347
255,47.22282231,62.74183547,9.705085395,40.49821598,27.07948165,23.0645379,5.769581034,7.113231024
256,47.22089248,62.74167311,9.77725257,40.41750934,27.10938212,23.07644446,5.76904018,7.175445873
257,47.22087849,62.74169424,9.816969648,40.33761948,27.1726889,23.09369396,5.768396422,7.382828702
258,47.2238498,62.74206213,9.902127767,40.25845145,27.1957608,23.1071301,5.776498271,7.29987557
259,47.22627817,62.74224851,9.895657436,40.17914409,27.13559948,23.07818677,5.778423867,7.092492742
260,47.22556297,62.74211584,9.85254562,40.09994778,27.11294421,23.0520885,5.777460099,7.279137287
261,47.22597503,62.74236357,9.892593897,40.0214057,27.09365701,23.04435952,5.780634129,7.051016176
262,47.22435675,62.7422219,9.837673305,39.94259229,27.0326494,23.01732182,5.77796441,6.968063044
263,47.22300091,62.74196256,9.736243692,39.8637895,26.96025588,22.97191302,5.771512226,6.802156781
264,47.21928434,62.74157917,9.655310416,39.78532559,26.9602019,22.93073515,5.762081442,7.216922439
265,47.22118017,62.74177061,9.757979494,39.70815016,26.99628318,22.95062368,5.764951594,7.237660722
266,47.22232803,62.74189271,9.848698459,39.63135017,27.00081934,22.95847615,5.766818548,7.175445873
267,47.2245099,62.74233019,9.849691829,39.55481216,26.99659305,22.95208791,5.767696907,7.133969307
268,47.22241521,62.74212687,9.832156718,39.47814192,26.91691169,22.9315575,5.767098586,6.968063044
269,47.22262317,62.742173,9.771261542,39.40177943,26.91041845,22.88716783,5.761598955,7.15470759
270,47.22184568,62.74211379,9.820688348,39.32603153,26.89402328,22.88948957,5.763623658,7.051016176
271,47.22088656,62.74207502,9.779318075,39.25045859,26.87868903,22.87500901,5.760738078,7.071754459
272,47.22093525,62.74203984,9.759522274,39.17546955,26.89803947,22.8627625,5.758442074,7.279137287
273,47.22217249,62.74219651,9.825612454,39.10108183,26.88558099,22.8604725,5.760690164,7.051016176
274,47.21982561,62.74199269,9.798825938,39.02649717,26.8431771,22.84062103,5.757588414,7.237660722
275,47.21964824,62.74193618,9.871304857,38.95320754,26.92564267,22.85830171,5.76219899,7.362090419
276,47.22143263,62.74216392,9.928980051,38.8801125,26.89721273,22.85681003,5.770069307,7.237660722
277,47.22300646,62.74235294,9.913325242,38.80732228,26.90349915,22.84409745,5.774187223,7.341352136
278,47.22218998,62.7422326,9.941790021,38.73489263,26.87509858,22.84399404,5.779485578,7.133969307
279,47.22266876,62.74242162,9.885696714,38.66233171,26.83327429,22.80057413,5.780470481,7.237660722
280,47.22262814,62.74249908,9.905672878,38.58998896,26.75957034,22.79417711,5.784311777,6.905848196
281,47.22071069,62.74226651,9.77812595,38.51759985,26.7457137,22.75677755,5.775994476,7.258399005
282,47.22182204,62.74250833,9.853860029,38.44582041,26.6849413,22.7559925,5.778801568,6.968063044
283,47.21842683,62.74197561,9.7778754,38.37395611,26.65843312,22.72997525,5.772975793,7.133969307
284,47.21906304,62.7419588,9.795610757,38.30284125,26.66426474,22.73288845,5.772789329,7.030277893
285,47.21618543,62.74153015,9.82181092,38.23192819,26.66683441,22.71790584,5.771848023,7.237660722
286,47.21666645,62.74160841,9.898158199,38.16187412,26.69391939,22.73474428,5.774049984,7.196184156
287,47.21879507,62.74184784,9.885396029,38.09186376,26.66205089,22.7169753,5.773503865,7.15470759
288,47.21735105,62.74173975,9.851040883,38.02180691,26.59055013,22.68110297,5.773810672,6.802156781
289,47.21490369,62.7415579,9.690563542,37.9513911,26.53211122,22.60785889,5.762661821,7.175445873
290,47.21599107,62.74154261,9.784216857,37.88271419,26.63564957,22.64953759,5.763110763,7.486520116
291,47.21968639,62.74222151,9.937360577,37.81510474,26.71572321,22.68939066,5.773940298,7.258399005
292,47.21985845,62.74231469,9.927491081,37.74675374,26.63023336,22.66995151,5.777144428,7.133969307
293,47.22232151,62.74280562,9.854428389,37.67851691,26.58541288,22.63454023,5.773729981,7.071754459
294,47.22206827,62.7428171,9.79300045,37.6100332,26.48189692,22.59790048,5.774113315,6.947324762
295,47.22186917,62.74271576,9.75986898,37.54190761,26.46891148,22.5657512,5.767912178,6.988801327
296,47.22107996,62.7426712,9.749439109,37.47412066,26.44873048,22.54990777,5.764470508,7.00953961
297,47.22056792,62.74251197,9.72944306,37.40672951,26.4409997,22.53621935,5.759916979,7.113231024
298,47.22065752,62.74268937,9.769559381,37.33988038,26.44223414,22.55064722,5.760150426,6.968063044
299,47.2172884,62.74209928,9.7714842,37.27335052,26.47612636,22.54920498,5.754786652,7.362090419
300,47.22097293,62.74249157,9.916587283,37.20795075,26.51617726,22.57986761,5.761027458,7.320613853
301,47.22207892,62.74254006,9.904685781,37.14282701,26.53359845,22.56204895,5.765238127,7.196184156
302,47.22380665,62.74263557,9.861344608,37.07747324,26.4787229,22.53419668,5.76609307,7.216922439
303,47.22415246,62.74238354,9.831677694,37.01241528,26.44152004,22.51876245,5.769163953,7.092492742
304,47.22271189,62.74209779,9.847700504,36.94752874,26.42966131,22.50762688,5.76523854,7.216922439
305,47.22209749,62.74198159,9.863022531,36.88300372,26.39534361,22.49261421,5.767856977,7.15470759
306,47.22195148,62.74201562,9.854839212,36.81883074,26.40083697,22.48584032,5.767727095,7.237660722
307,47.2236764,62.74227698,9.883528359,36.75484839,26.35623669,22.48345559,5.768785874,7.030277893
308,47.22388701,62.7422969,9.811101083,36.69081094,26.32695697,22.45334126,5.766696288,7.092492742
309,47.22566666,62.74260065,9.772790981,36.62710346,26.29743333,22.43953455,5.764506782,7.00953961
310,47.22512024,62.7426483,9.773901282,36.56370861,26.30270225,22.42505887,5.76105779,7.15470759
311,47.22524305,62.74280376,9.843908561,36.50065584,26.26729835,22.43109899,5.761764106,7.030277893
312,47.22311239,62.74251926,9.825952482,36.43772171,26.2502736,22.41036558,5.758779822,7.071754459
313,47.22359162,62.74263841,9.756793264,36.37506857,26.22495264,22.37567243,5.757373393,7.030277893
314,47.22329178,62.7426322,9.715437794,36.31260027,26.20002257,22.34055782,5.753258197,7.071754459
315,47.22489939,62.74289263,9.751934247,36.25025179,26.14386554,22.34742246,5.750838854,7.00953961
316,47.22617626,62.74304101,9.722861689,36.18850212,26.18112958,22.33574044,5.746894806,7.092492742
317,47.2247644,62.74285568,9.750016347,36.12735796,26.22324915,22.32504048,5.747080135,7.175445873
318,47.2266081,62.74311527,9.802717987,36.06663635,26.23623756,22.34632161,5.751229124,7.196184156
319,47.22678834,62.74326745,9.85402558,36.00641546,26.26746851,22.3540609,5.753495977,7.196184156
320,47.22786062,62.74338929,9.862346411,35.9463986,26.26180998,22.34465675,5.754911016,7.320613853
321,47.22984505,62.74366082,9.911300908,35.88693369,26.26748084,22.36155652,5.760706504,7.175445873
322,47.23006838,62.74374779,9.891122472,35.82728061,26.22465713,22.33824613,5.763780182,7.29987557
323,47.23191041,62.74407865,9.922603463,35.76837775,26.24576784,22.33585734,5.767514002,7.175445873
324,47.23101393,62.74402951,9.90218275,35.70923938,26.19735542,22.31528838,5.768336167,7.258399005
325,47.2309431,62.7439641,9.938304504,35.65067441,26.19842518,22.31661689,5.773007906,7.237660722
326,47.23272921,62.7441948,9.954102742,35.59267469,26.24660171,22.317408,5.776866582,7.382828702
327,47.23403389,62.74450793,9.970658004,35.53451276,26.15162747,22.29919136,5.783363769,6.988801327
328,47.23359974,62.74434155,9.851295622,35.47606488,26.11625842,22.26371395,5.777109319,7.258399005
329,47.2370302,62.74490147,9.863526764,35.41831462,26.09615512,22.24750963,5.77759496,7.15470759
330,47.23608169,62.74475883,9.849808236,35.36059411,26.06874565,22.24157827,5.778650644,6.968063044
331,47.23521762,62.74477873,9.780792478,35.30243363,25.98240089,22.19655129,5.775012443,6.822895064
332,47.2322665,62.74431929,9.683166737,35.2443934,25.95267133,22.16581292,5.765312041,7.092492742
333,47.23176126,62.74429416,9.745071239,35.18723739,25.96445283,22.1760389,5.764363724,7.00953961
334,47.22912944,62.74387688,9.728245689,35.1303478,25.98711981,22.16545033,5.760954396,7.320613853
335,47.23046725,62.74392884,9.838611169,35.07438009,26.0185881,22.1925188,5.768283618,7.030277893
336,47.2293192,62.74370361,9.83478905,35.0180646,26.00324999,22.18295429,5.765975738,7.175445873
337,47.22923016,62.74380702,9.817557989,34.96231549,26.00275958,22.17030559,5.76732445,7.362090419
338,47.23047642,62.74386962,9.92425496,34.90734395,26.03337215,22.19761411,5.770878219,7.216922439
339,47.23066883,62.74387567,9.877141157,34.8522104,26.01018103,22.1762297,5.773110478,7.320613853
340,47.23181127,62.74419698,9.947344809,34.79779544,26.0444714,22.17881882,5.777347553,7.403566985
341,47.23329653,62.74429461,9.989588964,34.74381151,26.06192238,22.18891326,5.785630339,7.216922439
342,47.23238204,62.7440733,9.926730115,34.68893115,25.92297669,22.14392979,5.785454768,6.885109913
343,47.22952396,62.74381375,9.798652322,34.63364248,25.83408664,22.08565195,5.777869534,7.030277893
344,47.22864478,62.74366835,9.773943897,34.57928662,25.86429099,22.07828728,5.773901201,7.15470759
345,47.22844172,62.74365502,9.823283458,34.52526637,25.85414923,22.08791826,5.775895673,6.988801327
346,47.22584559,62.74324791,9.756490041,34.47120574,25.84001169,22.06183035,5.769763643,7.113231024
347,47.22429313,62.74304775,9.799003789,34.4177145,25.84778468,22.05786624,5.76769468,7.133969307
348,47.22431529,62.74312213,9.814921895,34.36452603,25.84884626,22.05243428,5.765411654,7.133969307
349,47.22425414,62.74318298,9.814958123,34.31148374,25.82658609,22.045309,5.76481201,7.092492742
350,47.22034755,62.74256005,9.805793762,34.25833182,25.76376939,22.0188471,5.762424856,7.113231024
351,47.22020562,62.7426585,9.83800121,34.20563813,25.76111845,22.01783817,5.760453063,6.926586479
352,47.21693241,62.742115,9.736355213,34.15238633,25.67061928,21.97019558,5.754344443,6.947324762
353,47.21464,62.7418083,9.718085182,34.09988375,25.70437073,21.97592072,5.749970194,7.00953961
354,47.21408338,62.7417745,9.724196812,34.04763734,25.69977289,21.96322539,5.748044124,7.175445873
355,47.21376083,62.74176772,9.798488236,33.99639666,25.77618091,21.9902237,5.747979418,7.175445873
356,47.21409789,62.74173424,9.821912827,33.94512475,25.76011281,21.97802192,5.74948169,7.196184156
357,47.21382521,62.74168264,9.815138702,33.89428985,25.77494166,21.97556139,5.75227336,7.216922439
358,47.21189518,62.74150644,9.85988994,33.84355431,25.74827099,21.96846135,5.757976454,7.00953961
359,47.20909035,62.7410536,9.794481895,33.79280861,25.74550176,21.96271969,5.755018157,7.279137287
360,47.21123999,62.74139882,9.868507709,33.74277221,25.74636226,21.97735389,5.760501037,7.030277893
361,47.20878689,62.74095104,9.738024085,33.69232324,25.70088519,21.92520145,5.755975835,7.15470759
362,47.20849551,62.7407992,9.795492686,33.64288377,25.77253434,21.94895297,5.758483548,7.44504355
363,47.21007263,62.74089535,9.922997554,33.59369952,25.72529101,21.97610289,5.769530727,7.030277893
364,47.20953922,62.74087475,9.852144265,33.54393035,25.67464188,21.94795764,5.767997572,7.071754459
365,47.21039066,62.74094682,9.827461963,33.49437086,25.63384683,21.91135059,5.764832612,7.133969307
366,47.2094889,62.74080182,12.45884657,33.44685939,25.89786503,22.45235789,5.764786116,8.585649108
367,48.09237745,71.32596955,13.76098148,33.40403587,26.3667678,24.71615749,5.807983324,9.041891331
368,48.83950591,73.12375822,14.40188774,33.3634862,26.79162713,25.41036476,5.858771268,9.726254666
369,49.49833305,73.96226896,15.05334441,33.32514563,27.12680796,25.9642928,5.928878806,10.12028204
370,50.10241347,74.86827995,15.46484658,33.28775307,27.29111972,26.47853768,6.009494207,9.871422646
371,50.64126629,75.14307522,15.44302545,33.25046586,27.41242179,26.64444989,6.079488562,10.07880547
372,51.12001403,75.51778057,15.67833582,33.21415085,27.54132077,26.96856403,6.152147692,10.47283285
373,51.60005479,75.80060349,16.01647273,33.17850549,27.57087294,27.22376125,6.236739638,10.03732891
374,52.02651196,76.06036607,15.84433159,33.14226262,27.57052632,27.30987561,6.300382304,10.68021568
375,52.42652821,76.15232488,16.30066178,33.10808564,27.71362718,27.60508396,6.381660028,10.57652426
376,52.80465985,76.28301874,16.40380651,33.07428077,27.83708618,27.76967363,6.457190034,11.11571962
377,53.1710983,76.34036572,16.83879046,33.04225874,28.01358832,28.13550722,6.54755771,11.55122356
378,53.52923875,76.38871639,17.20727869,33.01164952,28.18111179,28.35901338,6.645187068,11.17793447
379,53.8392822,76.39825221,17.03850194,32.98052172,28.24122889,28.37177091,6.729105229,11.75860639
380,54.13232144,76.30448096,17.48684686,32.95131824,28.40800814,28.64036115,6.82654212,11.55122356
381,54.40855607,76.38352691,17.4332937,32.9214516,28.40050317,28.74437999,6.912578609,12.00746578
382,54.68443173,76.48298727,17.83246007,32.89320518,28.52063683,28.97498519,7.00906671,11.96598922
383,54.94286686,76.39951531,17.86654927,32.86558531,28.66342446,29.07229646,7.105010766,12.54666114
384,55.19465694,76.40486714,18.26556502,32.83925665,28.7647842,29.30693472,7.211047868,12.15263376
385,55.41605906,76.3496785,18.08703841,32.81195914,28.72964835,29.24395799,7.304828823,11.84155952
386,55.60023769,76.3704272,17.94196728,32.78424092,28.70359709,29.22941728,7.386119955,12.31854002
387,55.8055362,76.26322832,18.25666817,32.75787244,28.76501514,29.36546939,7.4764785,12.54666114
388,55.99922823,76.31056516,18.50004833,32.73283514,28.93045946,29.52465005,7.570878893,12.7125674
389,56.16639777,76.24844562,18.66750828,32.70811377,28.99060434,29.58325314,7.664986659,12.87847366
390,56.35369162,76.33606879,18.89060953,32.68496226,29.21179864,29.78020223,7.761674105,13.58357528
391,56.57461786,76.43803443,19.41915759,32.66369773,29.41593924,30.13626869,7.872633127,13.21028619
392,56.74660188,76.40022899,19.20747139,32.64152906,29.43503097,30.08512991,7.969208491,13.41766902
393,56.91957939,76.4009906,19.36700307,32.6199122,29.46050419,30.18700388,8.068767029,13.33471589
394,57.08649931,76.43299797,19.3848883,32.59856979,29.52166856,30.19915003,8.160139581,13.58357528
395,57.22641259,76.35243231,19.64042231,32.57800069,29.59282666,30.42000043,8.256532413,13.68726669
396,57.39828498,76.46411228,19.80577579,32.55852702,29.76233557,30.48762956,8.35700777,14.30941518
397,57.5616399,76.11185896,20.22064394,32.54030446,29.86417119,30.69565755,8.471853111,13.91538781
398,57.72716121,76.00466766,20.06456643,32.52158014,29.91453511,30.65130015,8.568311576,14.26793861
399,57.89109857,75.94400446,20.28250973,32.50398891,30.01476011,30.77702836,8.673825017,14.47532144
400,58.03291493,75.80195565,20.50083483,32.48719198,30.12191322,30.8760173,8.775667205,14.66196599
401,58.18363044,75.7960499,20.69655519,32.4709216,30.19237199,30.99437189,8.880216634,14.66196599
402,58.33848381,75.72095841,20.72938136,32.45457813,30.19697514,31.05532491,8.983780543,14.59975114
403,58.48210282,75.66719936,20.76640923,32.43844132,30.23762314,31.03238969,9.080297008,14.55827457
404,58.61280305,75.6413432,20.75210887,32.42262018,30.30533409,31.11147567,9.170627106,15.07673165
405,58.72346891,75.55402405,21.14160831,32.40824259,30.42393707,31.20892109,9.274348168,14.8900871
406,58.83310284,75.52905538,21.09251643,32.39395308,30.52846791,31.26676968,9.362250749,15.26337619
407,58.95196876,75.44351668,21.36981943,32.38126747,30.73088818,31.42438888,9.463601414,15.94773953
408,59.07966737,75.48637252,21.86196229,32.36987363,30.84135551,31.58019288,9.582040591,15.42928246
409,59.19123592,75.51332314,21.62127743,32.35703968,30.77826452,31.57545021,9.681132456,15.42928246
410,59.29639722,75.56185901,21.56336278,32.34442577,30.7760108,31.61948612,9.776331952,15.65740357
411,59.41881078,75.51215092,21.80166781,32.33279216,30.86692204,31.73124238,9.870100504,16.25881377
412,59.53334001,75.46353787,22.28647673,32.32392305,31.1977831,32.03094836,9.984389742,16.38324347
413,59.66519121,75.53102468,22.40018229,32.31393279,31.11519055,32.07765217,10.09354074,15.7403567
414,59.74127555,75.50558954,22.05300847,32.30364089,31.19049062,31.9751805,10.18145386,16.77727084
415,59.87021487,75.54753648,22.76010847,32.29627836,31.42566462,32.30392354,10.29446014,16.54914973
416,59.95403421,75.5102326,22.67338411,32.28745754,31.34279432,32.25969633,10.3953029,16.27955205
417,60.04601701,75.51839403,22.5532525,32.27848543,31.34582308,32.22856255,10.48550424,16.27955205
418,60.13762215,75.52766973,22.58436953,32.27010167,31.43792447,32.33370497,10.57340751,17.08834509
419,60.24321736,75.56844158,23.12419667,32.26349691,31.55122965,32.57553225,10.6798108,16.54914973
420,60.32808535,75.56466056,22.84020657,32.25616058,31.6160045,32.48794386,10.76640848,16.90170054
421,60.43074949,75.64518754,23.04181568,32.24957144,31.67174812,32.6105983,10.86076907,17.21277478
422,60.53454741,75.68807317,23.35505031,32.24436363,31.83684309,32.77245248,10.96386404,17.44089589
423,60.63244263,75.65552603,23.49994634,32.23939309,31.88513732,32.91434688,11.06980645,16.96391539
424,60.71290402,75.76134902,23.31280445,32.23401625,31.96042073,32.87645188,11.15859893,17.48237246
425,60.77031379,75.68547286,23.66175257,32.22953007,31.99984756,33.02552438,11.25581069,17.58606387
426,60.85035949,75.57656921,23.78957804,32.22589753,32.13012079,33.09077236,11.35518578,17.89713812
427,60.95450262,75.6871175,23.99014693,32.22261994,32.15973795,33.20150282,11.46181259,17.75197014
428,61.04871068,75.68964936,23.92030976,32.2193453,32.21093601,33.23208276,11.55634561,17.98009125
429,61.1158659,75.7324305,24.15203181,32.21703707,32.33246035,33.37066605,11.65904918,18.10452095
430,61.20931068,75.7039037,24.27874624,32.21488199,32.37732863,33.44624512,11.758561,18.24968893
431,61.31805342,75.79333024,24.43243669,32.21363723,32.50890113,33.60132716,11.86163665,18.35338034
432,61.41239779,75.7611136,24.53998882,32.21251091,32.55984953,33.62881367,11.96301719,18.24968893
433,61.4628247,75.70383298,24.51384502,32.21117999,32.57561075,33.60876988,12.05326101,18.47781004
434,61.54778045,75.75779793,24.56448426,32.21014754,32.57149014,33.62023581,12.14568332,18.58150145
435,61.64118884,75.82799596,24.70892724,32.20961496,32.62695115,33.75922973,12.24565026,18.62297802
436,61.7067432,75.76505195,24.80012611,32.21017211,32.82200981,33.79683757,12.33878115,19.03774367
437,61.80260758,75.83656108,25.18872387,32.21176469,32.97126455,34.08254809,12.43935361,19.14143509
438,61.86240202,75.72613417,25.29826902,32.21397095,33.11277117,34.15437766,12.54023902,19.45250933
439,61.93523108,75.83344857,25.47850615,32.21629595,33.11360787,34.24334685,12.64574248,19.07922024
440,62.00196834,75.76003349,25.3174388,32.21830886,33.16311267,34.20968351,12.73906493,19.39029448
441,62.108482,75.83062595,25.5810468,32.22079734,33.18502943,34.31978369,12.83757014,19.14143509
442,62.16731578,75.75836068,25.40579109,32.22293461,33.20591419,34.18207516,12.92522951,19.70136873
443,62.24617377,75.72037921,25.78263135,32.22669932,33.34026331,34.38265152,13.02247735,19.88801327
444,62.31772604,75.69636153,26.00831642,32.23128989,33.490024,34.56212685,13.12137745,19.88801327
445,62.41435209,75.81703251,26.01098424,32.2358838,33.56301645,34.61284159,13.22307449,19.72210701
446,62.47812464,75.82852417,25.94662116,32.23970998,33.51724327,34.63919255,13.31205264,19.78432186
447,62.54859167,75.87711161,25.96281735,32.24441414,33.63155288,34.72389179,13.40142554,20.42720863
448,62.61818584,75.7882835,26.46527695,32.25041248,33.73223406,34.90020184,13.50430165,19.95022812
449,62.66511448,75.7762175,26.24082026,32.25532471,33.72834947,34.76750488,13.58741084,20.40647034
450,62.72964258,75.83670094,26.49122734,32.26129981,33.78701912,34.89145099,13.68280405,19.9709664
451,62.77579006,75.81420356,26.25599246,32.26614502,33.74645325,34.77845709,13.76404526,20.03318125
452,62.82552648,75.81497378,26.24978977,32.27044023,33.62338808,34.79673492,13.84526058,19.70136873
453,62.85137569,75.87809098,26.10696376,32.27508804,33.72196356,34.7490071,13.90914494,20.57237661
454,62.89718543,75.769089,26.68718634,32.28233057,33.97130113,35.00001439,13.99478958,20.59311489
455,62.98537968,75.88444757,26.78474644,32.28922576,34.02471954,35.15314541,14.07825642,20.821236
456,63.04172696,75.79259347,26.99159124,32.29745906,34.21654815,35.26938547,14.16726726,20.98714226
457,63.0927694,75.83685034,27.08384564,32.305825,34.28562394,35.28427509,14.25653527,20.92492742
458,63.14812969,75.83165462,27.07686636,32.3138,34.27671944,35.3049316,14.33735058,20.90418913
459,63.19695349,75.88304601,27.11136484,32.32133692,34.2140255,35.3418199,14.42058244,20.77975944
460,63.2544471,75.91031074,27.09525078,32.32955889,34.34331303,35.38711764,14.49621794,21.25673994
461,63.32205891,75.89433729,27.38122165,32.33874017,34.44038047,35.55075319,14.5867109,21.21526338
462,63.37294138,75.86614593,27.39500214,32.34762063,34.45209875,35.53564811,14.66418789,21.11157196
463,63.40627193,75.89778393,27.34283729,32.3564497,34.4847219,35.5084695,14.74091724,21.50559934
464,63.45909724,75.83880633,27.64414426,32.36622166,34.55974458,35.6461705,14.82636867,21.21526338
465,63.51063383,75.85585155,27.54445265,32.37556555,34.60672167,35.64242696,14.90210653,21.38116964
466,63.57516475,75.9813908,27.63662586,32.38563174,34.71366211,35.82747309,14.97619705,21.71298217
467,63.64223979,76.00999019,27.82963694,32.39542482,34.6377898,35.79629287,15.05737613,21.60929075
468,63.68945241,76.01200588,27.88979799,32.40601265,34.77375202,35.84355409,15.13124163,21.6715056
469,63.75268999,75.95531774,27.8936006,32.41645183,34.80423269,35.87748654,15.20510283,21.6715056
470,63.80797482,75.96753521,27.94926537,32.4273021,34.89486678,35.94513822,15.28324493,22.18996267
471,63.85839332,75.8970841,28.33463732,32.43966075,35.05793508,36.1349368,15.36976379,22.21070095
472,63.91823002,75.91070412,28.41490263,32.4529148,35.28294755,36.27786092,15.45690489,22.62546661
473,63.98306401,75.89889956,28.73603034,32.46627757,35.30339321,36.35611741,15.55317508,22.62546661
474,64.06559044,75.96609021,28.6873651,32.47944619,35.29163737,36.33400221,15.64312107,22.18996267
475,64.10402618,75.90756179,28.49894413,32.49113216,35.16883585,36.22616362,15.71682057,21.89962671
476,64.14121957,75.93796654,28.18384571,32.50175777,35.02708017,36.12541279,15.7812897,21.73372045
477,64.16397604,75.9219354,28.09669152,32.51255575,35.04811285,36.17093708,15.83963797,22.04479469
478,64.20769865,75.96836552,28.39427888,32.52530103,35.3106153,36.35299982,15.89979041,23.26835338
479,64.31233083,76.00184138,29.27318006,32.54069454,35.55335694,36.77161664,15.99836976,22.79137287
480,64.35249733,75.92193542,29.04999158,32.55494192,35.61155266,36.65726815,16.07483658,22.9987557
481,64.4057114,76.01804452,29.22286813,32.56986789,35.70640351,36.76291865,16.15499777,23.35130651
482,64.48559616,75.99739746,29.40591473,32.58545757,35.77824133,36.85908426,16.24109769,23.01949399
483,64.5329328,76.01374259,29.26313984,32.59969094,35.68770921,36.76902175,16.31657855,22.95727914
484,64.56443776,75.91790531,29.17543975,32.61429198,35.74085809,36.84606831,16.38695209,23.16466197
485,64.61880785,75.95505337,29.36410724,32.62938896,35.80445993,36.90185186,16.46017169,23.45499793
486,64.67763497,75.9799602,29.54313664,32.64478709,35.8190546,36.94497923,16.54561368,22.9987557
487,64.70995728,75.99846438,29.35803591,32.65924887,35.8052458,36.92961319,16.60899226,23.20613853
488,64.7582927,75.96815348,29.50572068,32.67461797,35.90836943,37.03719772,16.67517972,23.49647449
489,64.80519919,75.98217372,29.69673324,32.69099097,36.05868259,37.12530672,16.74881628,24.05640813
490,64.88995921,75.98740495,30.02147245,32.708499,36.17831669,37.30541178,16.83755182,23.55868934
491,64.94016397,76.05842081,29.77621601,32.72495756,36.20537704,37.19126857,16.90921002,23.8490253
492,64.96567644,75.97690772,29.93361712,32.74125236,36.12722356,37.27294131,16.98750222,23.30982995
493,64.99977958,75.97314061,29.64121767,32.75676283,36.12193691,37.1561055,17.04410543,23.66238075
494,65.04558647,76.01711691,29.78853613,32.77301173,36.16341525,37.28212453,17.11273337,24.05640813
495,65.09887869,76.05308973,30.2044737,32.79079862,36.34580263,37.48652682,17.1928348,24.32600581
496,65.17923747,76.20662279,30.41940814,32.80906255,36.44941951,37.69592975,17.27285284,24.28452924
497,65.22126175,76.1112968,30.49874484,32.82755234,36.56208796,37.70474901,17.34849162,24.4504355
498,65.27481794,76.12483529,30.66089449,32.84710096,36.76194273,37.7834616,17.42089227,24.96889258
499,65.3243956,76.118416,31.02016997,32.86717088,36.81758808,37.91253183,17.50775379,24.47117379
500,65.33910957,76.06439438,30.77732126,32.88645453,36.86247737,37.83190757,17.58035472,24.88593944
501,65.38652791,76.05570635,30.99254234,32.90605158,36.8413448,37.9353643,17.66605945,24.63708005
502,65.44147096,76.11341532,30.87393856,32.92537004,36.86891459,37.90452831,17.73617587,24.42969722
503,65.49598056,76.12551057,30.72843125,32.94351719,36.75691634,37.90679492,17.79866366,24.61634177
504,65.52701156,75.94712292,30.83525058,32.96290136,36.88188273,37.90579539,17.86400164,24.90667773
505,65.58349589,76.05300714,31.0412685,32.98264626,36.9411826,38.04260975,17.93791964,25.03110742
506,65.63760201,76.11371659,31.21324324,33.00335139,37.11017275,38.19910046,18.00788496,25.11406056
507,65.6999525,76.10259913,31.33366109,33.02470025,37.28984043,38.27370315,18.08005839,25.88137702
508,65.76092752,76.1065021,31.80730437,33.04705278,37.35020329,38.44581471,18.1699241,25.03110742
509,65.79007659,76.07939143,31.29363852,33.06660788,37.15672499,38.2376563,18.22944786,25.01036914
510,65.82461628,76.11988346,31.38199344,33.08712155,37.25229242,38.28504214,18.28842709,25.48734965
511,65.87455043,76.10229057,31.6056989,33.10853914,37.33780205,38.40948978,18.36251629,25.69473248
512,65.92732288,76.078558,31.82663352,33.13084179,37.48975035,38.51173941,18.43980125,25.73620904
513,65.97038518,76.11478175,31.86516315,33.15265281,37.48513907,38.55646346,18.51609078,25.3007051
514,65.97949596,76.01223876,31.57510847,33.17355824,37.46832707,38.38228211,18.57426175,25.4251348
515,66.02167827,76.12468855,31.63511953,33.19461559,37.4720096,38.47074172,18.63795301,25.71547076
516,66.06570084,76.1152724,31.83250593,33.21618141,37.50114352,38.54190286,18.70387554,25.59104106
517,66.09548699,76.0940368,31.82815483,33.2371856,37.47492611,38.54166917,18.76740275,25.50808793
518,66.13677888,76.09961398,31.79984015,33.25828097,37.52061662,38.60356642,18.82477746,25.83990046
519,66.17015797,76.140435,32.0001231,33.28008924,37.58925405,38.69611076,18.88922826,25.83990046
520,66.22348025,76.19839312,32.08364007,33.30221609,37.69189181,38.73155698,18.95236304,25.71547076
521,66.25604984,76.16327717,32.01539163,33.32397096,37.72867361,38.76687215,19.00775451,26.39983409
522,66.2983285,76.05154695,32.41207132,33.34749617,37.87799334,38.91203342,19.0833502,26.21318955
523,66.33475344,76.10460853,32.3453387,33.36997382,37.84151854,38.94066995,19.14816457,26.04728328
524,66.37930692,76.16637688,32.35651321,33.39321539,38.01736788,38.93206975,19.20637959,26.81459975
525,66.41295252,76.15281975,32.89932844,33.4184816,38.24778268,39.24296465,19.28555477,27.02198258
526,66.44680224,76.06789975,33.0945047,33.44409924,38.37515389,39.32777636,19.36786068,27.16715056
527,66.47352175,76.04688245,33.29067004,33.47042113,38.53395136,39.44252507,19.44969577,27.10493571
528,66.52655248,76.09138299,33.2309257,33.49631488,38.57155087,39.44025394,19.52970052,27.33305682
529,66.58905681,76.21754808,33.43010529,33.52224672,38.5568879,39.58574518,19.61198523,27.18788884
530,66.63292332,76.15299731,33.32967977,33.54772369,38.53720767,39.50914804,19.6851737,27.06345915
531,66.64997527,76.1525943,33.26856646,33.57321315,38.58681457,39.50473911,19.75120487,26.81459975
532,66.6854285,76.15353714,33.08589384,33.59792734,38.56950204,39.45212791,19.80898772,27.08419743
533,66.71448403,76.12046692,33.2420107,33.62315368,38.59820367,39.51374865,19.87430864,27.41600995
534,66.75764511,76.17180366,33.5315014,33.64923141,38.68881953,39.6402586,19.94463495,27.31231854
535,66.79773848,76.15527141,33.48398526,33.67485699,38.70339909,39.70120486,20.00952796,27.31231854
536,66.84215402,76.17727512,33.53256505,33.70052935,38.73860709,39.72007521,20.07467282,27.4782248
537,66.87776039,76.19346269,33.66931041,33.72653787,38.79019661,39.76731802,20.1405909,27.64413107
538,66.92806211,76.19107683,33.77773766,33.75306726,38.87887287,39.83167644,20.20918067,27.74782248
539,66.96771845,76.20272258,33.94028226,33.78045658,39.0580971,39.89402773,20.2774165,28.03815844
540,67.03010931,76.23015347,34.15856445,33.80816345,39.13915476,40.03151535,20.35305394,28.03815844
541,67.10618876,76.22744664,34.16085482,33.83538634,39.12040157,40.06218218,20.43005631,27.68560763
542,67.1431081,76.26734177,33.84653325,33.86111684,38.98229389,39.94176339,20.49114483,27.41600995
543,67.1618531,76.29096884,33.66319072,33.88605005,38.88464678,39.91188966,20.54122823,27.27084197
544,67.18983654,76.27728882,33.54964716,33.91059263,38.83832548,39.87746151,20.58619492,27.4782248
545,67.21197494,76.18966976,33.65236862,33.93557293,38.85735264,39.95111033,20.63776887,27.68560763
546,67.23093421,76.22651993,33.81905075,33.96165702,39.0165843,40.01718762,20.68910813,27.87225218
547,67.26181242,76.21659779,34.0152417,33.98798882,39.10177187,40.10282086,20.74468208,28.36997097
548,67.31770493,76.31742126,34.42535541,34.01563768,39.24847099,40.31011295,20.80574377,27.91372874
549,67.34472651,76.20645658,34.18546845,34.04203507,39.25177542,40.19502644,20.85518,28.12111157
550,67.37385268,76.27839957,34.30559348,34.06945901,39.39348604,40.26160491,20.90765039,28.41144753
551,67.40299908,76.25343225,34.45659145,34.09647515,39.33646497,40.33165849,20.96560975,27.93446703
552,67.43016853,76.26731158,34.22344171,34.12285417,39.35751425,40.27795403,21.01594607,28.14184985
553,67.47219382,76.25537769,34.3450381,34.14994652,39.45512945,40.32031314,21.06323708,28.61883036
554,67.5275144,76.30155741,34.68240158,34.17775203,39.51620946,40.50354414,21.12845724,28.24554127
555,67.55755346,76.32788286,34.53958623,34.20501626,39.5766714,40.4651391,21.18112333,28.63956864
556,67.59546586,76.29244837,34.7592889,34.23332221,39.69473294,40.55128388,21.24230961,28.61883036
557,67.61888733,76.27642653,34.846231,34.26138704,39.73826085,40.58895109,21.30403021,29.22024056
558,67.6669936,76.22094668,35.2367757,34.29087551,39.85876821,40.75540983,21.38152358,28.95064289
559,67.71936771,76.2772172,35.08084145,34.31938918,39.8469991,40.74868928,21.44321653,28.68104521
560,67.72006218,76.19929145,34.89504783,34.34749741,39.87185799,40.69580743,21.49764802,28.95064289
561,67.73452792,76.20414408,35.03624165,34.37606344,39.91189243,40.74825395,21.55926125,29.32393198
562,67.79331489,76.29737608,35.39806553,34.4060566,40.09296198,40.92666211,21.62741113,29.34467026
563,67.84298557,76.34243939,35.42592318,34.43533007,40.0746587,40.98494249,21.69458342,28.78473662
564,67.84618387,76.24065215,35.00369227,34.46316934,40.00464473,40.83379098,21.74465164,28.80547491
565,67.85893762,76.24089291,34.96159531,34.4901271,39.84597457,40.74911399,21.79037538,28.76399834
566,67.86604481,76.20203194,34.99879766,34.51752261,39.88481891,40.78377803,21.83210532,28.9299046
567,67.90105287,76.22789388,35.09951217,34.54504316,39.90500431,40.83743731,21.87717998,29.0543343
568,67.92140895,76.20737438,35.21357681,34.57277491,39.94080033,40.91060968,21.92283182,29.03359602
569,67.95203194,76.17188539,35.23504873,34.60117718,40.10023082,40.9136978,21.96745029,29.44836168
570,67.99390432,76.25774002,35.55327213,34.62967981,40.10068493,41.06966182,22.02234212,28.9299046
571,68.00049159,76.19458778,35.26095542,34.65743336,40.14007386,40.98550105,22.0623173,29.48983824
572,68.03990554,76.27397275,35.60192814,34.68666159,40.27996181,41.16136504,22.11571191,29.46909996
573,68.08782012,76.3176951,35.65477298,34.71610164,40.40685915,41.23897192,22.16564692,29.94608046
574,68.13140346,76.28985132,35.97706769,34.74630909,40.48921,41.39573815,22.22926091,29.55205309
575,68.15934862,76.29629222,35.77728628,34.77577234,40.53650525,41.34498626,22.27765289,30.11198673
576,68.19480588,76.261711,36.1440946,34.80642898,40.6361158,41.50446956,22.34276341,29.9046039
577,68.22987808,76.34540274,36.06781938,34.83662412,40.68566276,41.50258679,22.39901019,30.36084612
578,68.28021723,76.33330434,36.4145567,34.86817979,40.83980137,41.6016984,22.46654624,30.73413521
579,68.33715525,76.31713317,36.72853301,34.90052651,40.96730307,41.81841432,22.54680801,30.13272501
580,68.36210541,76.28059625,36.38256318,34.9304931,40.81623969,41.67694206,22.59840553,30.15346329
581,68.38517619,76.30956171,36.41479024,34.96092868,40.84679351,41.67341795,22.65385809,30.23641642
582,68.41846439,76.29696097,36.45801656,34.99159128,40.90399173,41.75390815,22.70382614,30.54749067
583,68.46405614,76.36470048,36.65718869,35.02274421,40.95738132,41.8690079,22.76276084,30.54749067
584,68.50456239,76.36836515,36.70793625,35.05429009,41.07569253,41.91015895,22.82253954,30.69265865
585,68.55165548,76.35448228,36.72315718,35.08566318,41.0896057,41.9996708,22.8875996,30.13272501
586,68.55952449,76.2741719,36.42457257,35.11573084,41.05549458,41.84974685,22.92783606,30.92077976
587,68.63735257,76.39428509,36.91430344,35.14768779,41.17031019,42.10427672,22.99370439,30.3815844
588,68.66370055,76.3256458,36.59709582,35.17753096,41.03880518,41.92855038,23.03980944,30.36084612
589,68.67166202,76.29001383,36.49272602,35.20718873,40.98364049,41.89880588,23.08430102,30.54749067
590,68.70176611,76.33693179,36.68831883,35.23741196,41.03132181,42.01471628,23.13547103,30.60970552
591,68.73328288,76.31147859,36.73307133,35.2676751,41.07090009,41.98253089,23.18462269,30.27789299
592,68.76393259,76.36964588,36.51945902,35.29623115,40.92142066,41.9627523,23.2231623,29.82165077
593,68.75944741,76.27556235,36.1655495,35.32340509,40.77318162,41.76254535,23.24603665,29.84238905
594,68.76947427,76.28983427,36.18112116,35.35209029,40.97961709,41.81343895,23.26891661,31.02447117
595,68.83461831,76.41822876,36.96593824,35.38301053,41.15501204,42.13673695,23.32561193,30.83782663
596,68.84894513,76.30038596,36.94492134,35.41361452,41.25731104,42.14252929,23.37657064,30.52675238
597,68.8618229,76.37612744,36.74744207,35.44331646,41.26226413,42.13680202,23.41756572,31.06594774
598,68.89489524,76.39983659,37.16164469,35.47471643,41.42977714,42.26193494,23.46836138,31.10742431
599,68.90847546,76.35259511,37.24966847,35.5059415,41.49130852,42.32141444,23.52171764,31.19037744
600,68.93714487,76.32472473,37.37746224,35.53770081,41.61268914,42.43408419,23.56979744,31.66735794
601,68.99236388,76.39677745,37.70201295,35.57066114,41.7670579,42.60796889,23.63403188,31.56366653
602,69.03244069,76.37649296,37.6398075,35.60309494,41.80415467,42.61365709,23.69280717,31.52218996
603,69.08890848,76.36304609,37.58819684,35.6348334,41.74294855,42.59855273,23.74859678,31.25259229
604,69.09943668,76.37507666,37.46999028,35.66618351,41.75336928,42.51842073,23.79257349,31.29406885
605,69.11952786,76.29533274,37.40964907,35.69705823,41.69658619,42.48078354,23.8337942,31.27333057
606,69.15934686,76.36058198,37.39086646,35.7281175,41.73567229,42.50595193,23.87280278,31.50145168
607,69.18314871,76.33661346,37.58011737,35.75908407,41.70351873,42.62073405,23.91620177,31.41849855
608,69.1961213,76.30084926,37.55730908,35.79009985,41.74868561,42.64383949,23.95970958,31.10742431
609,69.21637462,76.37110031,37.39874689,35.82029292,41.74206798,42.51871714,23.99274498,31.231854
610,69.24001413,76.38027401,37.46339533,35.85042497,41.72251972,42.5473134,24.02632076,31.66735794
611,69.26735693,76.37645692,37.77260451,35.88226434,41.91063212,42.70650415,24.07372393,32.04064703
612,69.30423592,76.34935466,38.07408033,35.91510625,42.08936156,42.82187902,24.12907495,31.72957279
613,69.32477338,76.39473344,37.96027973,35.94692398,42.1088556,42.80187336,24.17227143,31.91621734
614,69.34637918,76.32378254,38.06060708,35.97902018,42.14219258,42.86996216,24.21830998,32.06138532
615,69.38861631,76.42010066,38.21088992,36.01185092,42.26945254,43.00914768,24.26872695,31.99917047
616,69.41280234,76.40250107,38.12426949,36.04343649,42.16123824,42.96128808,24.31633747,31.70883451
617,69.42906614,76.34519919,37.94877235,36.07429702,42.10046134,42.89489232,24.35201593,31.87474077
618,69.45020327,76.41522573,38.01628744,36.10589852,42.18086608,42.94346519,24.3873759,31.9576939
619,69.49414885,76.46694213,38.12080806,36.13761838,42.24190332,42.99781222,24.43055063,32.35172128
620,69.52868324,76.4438739,38.44574233,36.16978784,42.26714109,43.16930333,24.48349477,31.83326421
621,69.53872175,76.39101736,38.17505417,36.20138941,42.35189008,43.0650787,24.52270855,32.45541269
622,69.58165717,76.41295404,38.50797455,36.23438955,42.48352926,43.15969672,24.57210047,32.41393613
623,69.61264732,76.44719187,38.57445374,36.26740604,42.58554179,43.23845741,24.62259157,32.57984239
624,69.63986239,76.43800115,38.62261665,36.30021651,42.5795239,43.26020201,24.67209938,32.60058067
625,69.67968757,76.37410548,38.65208552,36.3329566,42.58790843,43.30727113,24.72553432,32.22729158
626,69.67543637,76.38343563,38.40524346,36.36492147,42.591318,43.22959846,24.76344205,32.55910411
627,69.70564645,76.46261446,38.67921345,36.39777358,42.68262204,43.38902194,24.81207278,32.70427209
628,69.73292809,76.52097019,38.82207821,36.43089948,42.75954828,43.42826554,24.86521851,32.51762754
629,69.75752397,76.48409356,38.7345881,36.46337799,42.76578445,43.45615059,24.90757203,33.07756118
630,69.79086102,76.48008788,39.07595684,36.4975529,42.9311411,43.61065272,24.966909,32.91165491
631,69.7913125,76.40371714,39.01956705,36.53056603,42.88571549,43.59328653,25.01917887,32.82870178
632,69.83342009,76.45079733,39.0107715,36.56383651,42.95902065,43.53494341,25.0652796,33.13977603
633,69.85549048,76.44755749,39.21599263,36.5972646,42.96547677,43.63553651,25.11908247,32.8079635
634,69.87188051,76.39215306,39.00694138,36.62970965,42.92266363,43.53502003,25.16340293,32.78722522
635,69.87631028,76.42441755,38.95492906,36.66178702,42.87587959,43.55131088,25.19989991,32.53836582
636,69.88861759,76.38239586,38.75175555,36.69260245,42.74166425,43.44749196,25.23282419,32.28950643
637,69.87944571,76.41121814,38.55074753,36.72282072,42.67890603,43.40222107,25.26043771,32.64205724
638,69.90293944,76.42657069,38.77164915,36.75449069,42.82666205,43.56754702,25.29214006,33.18125259
639,69.92084512,76.33322818,39.16781108,36.7874464,42.99000394,43.67527869,25.33909958,32.9323932
640,69.94700834,76.44146129,39.0883125,36.81898348,42.91901271,43.69207155,25.37981375,32.74574865
641,69.95830463,76.41182873,38.97215429,36.85016307,42.90801461,43.66414463,25.41166382,32.9323932
642,69.96878339,76.39014525,39.05088306,36.88177427,42.95206791,43.68967028,25.44960842,33.0568229
643,69.99836065,76.37290478,39.18431357,36.91432984,43.12398556,43.75462539,25.48458994,33.51306512
644,70.03977787,76.51287389,39.49666765,36.94812156,43.31261363,43.93612387,25.53408237,33.59601825
645,70.05426799,76.44468389,39.65226138,36.98154598,43.34166605,43.98500235,25.57869092,33.59601825
646,70.09928904,76.49838851,39.73333358,37.01575277,43.51327944,44.05889415,25.62605862,34.05226047
647,70.12053609,76.49076812,40.01442513,37.05032347,43.55793517,44.18078477,25.68984777,33.36789714
648,70.1345816,76.46022015,39.60432797,37.08299052,43.47365193,44.03692121,25.72340194,33.5338034
649,70.16025784,76.49799065,39.58352183,37.11574554,43.43820225,44.06341408,25.76449171,33.6582331
650,70.18569827,76.4868371,39.71928169,37.14887508,43.48144193,44.16220116,25.80600363,33.32642057
651,70.18680458,76.53142949,39.56757721,37.18126877,43.4967775,44.07075632,25.83376623,34.03152219
652,70.2226659,76.45112162,40.02037759,37.21558825,43.66546758,44.26715719,25.88583592,33.88635421
653,70.25441997,76.49426996,39.9522316,37.24851814,43.57634759,44.24223464,25.93199673,33.5338034
654,70.2810135,76.46313619,39.73986931,37.28099123,43.58738027,44.15966444,25.96646397,33.67897138
655,70.31116618,76.50442898,39.75714952,37.31336612,43.56453301,44.18837094,26.00008478,33.5338034
656,70.31511619,76.47892692,39.71764969,37.34554279,43.59058389,44.19125837,26.03071036,34.19742845
657,70.34078303,76.45309985,40.13051321,37.37939962,43.73447128,44.33978608,26.07827625,33.96930734
658,70.36437155,76.44581285,40.03402266,37.41234669,43.73890118,44.33977181,26.11701164,33.80340108
659,70.36932029,76.50334027,39.94425644,37.44495003,43.75658704,44.30140258,26.14828153,34.1352136
660,70.38908409,76.52520899,40.20677194,37.47845066,43.85348201,44.38242286,26.18741588,33.90709249
661,70.41091477,76.51633567,40.05758935,37.51093043,43.81610765,44.3544706,26.22200815,34.03152219
662,70.4378971,76.51566757,40.16114221,37.54392691,43.88209834,44.42325526,26.25770644,34.1352136
663,70.45322394,76.5453664,40.23119626,37.57698648,43.92262446,44.54218968,26.29547413,34.34259643
664,70.45447458,76.42031237,40.39629545,37.61058539,44.00448857,44.56768174,26.33785828,34.30111987
665,70.50028502,76.52833808,40.38901905,37.64390002,44.03453337,44.59647846,26.37572621,34.42554956
666,70.51693344,76.48277067,40.53402283,37.6775662,44.10451094,44.646456,26.41898075,34.34259643
667,70.54908634,76.53434981,40.48297844,37.71103012,44.15397819,44.70182061,26.45542504,34.59145583
668,70.59621936,76.56861045,40.63624352,37.74465669,44.16461575,44.74354626,26.50256383,34.34259643
669,70.60612361,76.51104877,40.533816,37.77774459,44.17582383,44.73290339,26.53760199,34.44628785
670,70.6450639,76.62206511,40.50576023,37.81028622,44.09225806,44.73821173,26.57416235,34.1352136
671,70.65365204,76.57863379,40.30571752,37.84242601,44.101795,44.6401581,26.60008181,34.32185815
672,70.67160681,76.57600467,40.43981619,37.87461149,44.09411765,44.70396462,26.62777554,34.5085027
673,70.69982413,76.58993022,40.57985484,37.90746063,44.17863721,44.76241407,26.66865557,34.90253007
674,70.72125516,76.51285718,40.92192425,37.94152497,44.34269693,44.92319076,26.71534912,34.69514724
675,70.7451094,76.52294467,40.80810091,37.97467541,44.34848013,44.92668366,26.7540613,34.81957694
676,70.76818566,76.48317607,40.81446461,38.00797602,44.37357868,44.90760049,26.79415868,34.59145583
677,70.79230416,76.50161583,40.72289544,38.04045849,44.33868102,44.91588822,26.82795007,34.81957694
678,70.80639048,76.46364849,40.87608656,38.0735177,44.38613157,44.94948008,26.86650918,34.44628785
679,70.82068323,76.48420819,40.67474032,38.10539232,44.3401719,44.90733731,26.89321391,34.71588552
680,70.85882565,76.50897893,40.85058107,38.13881573,44.53456848,45.0770172,26.9244914,35.33803401
681,70.90396526,76.53386173,41.24333553,38.17269313,44.55817863,45.19382101,26.97252735,34.77810037
682,70.91154443,76.51604704,40.97328629,38.20522103,44.5244335,45.09483326,27.00617904,35.08917462
683,70.92895064,76.62706359,41.15078017,38.23889182,44.64574385,45.18143924,27.04327551,34.96474492
684,70.94664859,76.53344821,41.06247705,38.27147607,44.58044756,45.16631263,27.0761627,34.94400664
685,70.94606114,76.53178211,41.07888353,38.30376684,44.53690941,45.16302719,27.10806887,34.81957694
686,70.95926434,76.47417244,40.99537041,38.3361517,44.59631339,45.11249294,27.13655087,35.08917462
687,71.0033314,76.49823255,41.14666973,38.36925118,44.69939913,45.22173332,27.17125277,35.08917462
688,71.01862307,76.53523955,41.21591431,38.40238733,44.78062602,45.28574561,27.20194516,35.35877229
689,71.04405248,76.51138164,41.40194053,38.43611139,44.87047213,45.383659,27.24311332,35.42098714
690,71.07473917,76.51030612,41.46574207,38.46985378,44.9290732,45.48202871,27.28602482,35.64910825
691,71.09566679,76.52060277,41.61141518,38.50345125,44.90044938,45.47684527,27.33269752,35.27581916
692,71.1226948,76.59730396,41.4310204,38.53636835,44.90391498,45.43210952,27.36713935,35.40024886
693,71.14150869,76.60150877,41.50199508,38.56975862,44.98006935,45.48461702,27.39777985,35.48320199
694,71.16348945,76.62412867,41.55950697,38.60278042,44.95998554,45.49011124,27.43220304,35.54541684
695,71.17598133,76.5857865,41.63315496,38.63590855,44.98230393,45.52822012,27.47004634,35.46246371
696,71.1773904,76.550604,41.57641346,38.66918716,45.06698349,45.4713298,27.50503167,35.66984654
697,71.19520294,76.45394789,41.75674192,38.7029276,45.15635848,45.57534092,27.54332043,36.00165906
698,71.23128636,76.54201814,41.92853852,38.73722012,45.23124966,45.71899758,27.58698488,35.79427623
699,71.25212109,76.57155715,41.8261241,38.770548,45.18583764,45.6831225,27.6235974,35.48320199
700,71.26213058,76.48814911,41.60885348,38.8027648,45.09430625,45.60266972,27.65053607,35.66984654
701,71.27216884,76.50168752,41.76993133,38.8360261,45.20746623,45.70844285,27.68215611,35.89796765
702,71.27910356,76.47068391,41.90613226,38.86933419,45.23602699,45.76351804,27.71845535,35.7113231
703,71.27658482,76.4459395,41.83089803,38.90214503,45.24660918,45.70267475,27.75062214,35.81501452
704,71.30567727,76.57743547,41.84085711,38.93485661,45.23522178,45.72882849,27.78616446,35.7113231
705,71.31453697,76.50521525,41.80349782,38.96735171,45.25045346,45.74007357,27.81455138,35.79427623
706,71.33638727,76.5326443,41.88579172,39.00002803,45.29428318,45.76708179,27.84621743,36.02239735
707,71.35700887,76.59460616,42.05116658,39.03325068,45.37365634,45.90476707,27.88143135,36.00165906
708,71.3799876,76.58886193,42.05142112,39.06648001,45.44745289,45.92395548,27.91409219,36.37494815
709,71.40992912,76.6235178,42.22883514,39.10007443,45.47084134,45.98536493,27.95843619,36.02239735
710,71.42161058,76.59701212,42.12742353,39.13315523,45.51782678,45.9096078,27.98976996,36.04313563
711,71.43823684,76.56660875,42.17939172,39.16637136,45.58298891,45.99456652,28.02127047,36.33347159
712,71.46804508,76.58778417,42.30758827,39.19945274,45.53947264,46.09244165,28.06021449,36.25051846
713,71.4935023,76.5750786,42.37846078,39.23320392,45.68240711,46.12368071,28.09687539,36.60306927
714,71.51801906,76.61742794,42.53177066,39.26716549,45.71847233,46.20077585,28.14312139,36.33347159
715,71.5443926,76.66417002,42.43065933,39.3002689,45.69440382,46.17557855,28.17836666,36.27125674
716,71.57945889,76.741843,42.32910054,39.33279418,45.63170841,46.13667407,28.21169854,36.35420987
717,71.58436637,76.65322341,42.4106329,39.36576312,45.68575201,46.16402274,28.24362053,36.5615927
718,71.61515562,76.70750046,42.53672381,39.39892633,45.71651059,46.21779082,28.28367348,36.20904189
719,71.62870648,76.67571144,42.37469985,39.43168146,45.78658488,46.16586904,28.30831704,36.78971381
720,71.64166975,76.52808684,42.7079272,39.46560896,45.88811557,46.29933676,28.34867026,36.58233098
721,71.65928013,76.56329077,42.59710398,39.49895205,45.92016066,46.27701852,28.38249336,36.99709664
722,71.69774852,76.6895001,42.89848782,39.53309652,45.98550372,46.42753308,28.42600182,36.45790129
723,71.69694786,76.64491939,42.62667534,39.56623971,46.02355764,46.35987728,28.45581819,36.85192866
724,71.73652987,76.68109256,42.84119596,39.59991571,46.0525306,46.49564615,28.49043704,36.70676068
725,71.75268027,76.61055356,42.72146794,39.63283846,46.00976081,46.40402654,28.52357315,36.70676068
726,71.76825427,76.61070358,42.73261431,39.66561223,45.99528118,46.41907165,28.55482699,36.47863957
727,71.7907635,76.68192952,42.5549079,39.69777705,45.97623638,46.4027745,28.57872557,36.5615927
728,71.79123637,76.58735469,42.56333959,39.72957999,45.91453924,46.35863545,28.60425695,36.60306927
729,71.79913313,76.60966727,42.68873104,39.76239076,46.07529013,46.40038991,28.63102357,37.24595603
730,71.81620819,76.63678812,43.07682492,39.79579695,46.10337053,46.58623325,28.67325803,36.45790129
731,71.80859992,76.61873553,35.25934774,39.8252582,45.69514017,44.73856993,28.69289549,34.57071754
732,71.33871532,74.29724941,32.98956466,39.84878135,45.0556289,43.60240512,28.65817524,34.48776441
733,71.03069115,73.08116694,31.80706939,39.87172774,44.72577517,43.04859712,28.62456483,33.90709249
734,70.77368665,72.21477512,30.87664613,39.89220747,44.3450626,42.55279697,28.57421456,33.55454168
735,70.54125944,71.5419315,30.21587259,39.91200952,44.17932332,42.22071412,28.51624828,33.82413936
736,70.33534923,70.98327816,29.97248573,39.93192312,44.07167302,42.02118637,28.46861089,33.22272916
737,70.13128728,70.50076686,29.50706791,39.95013578,43.92009034,41.750003,28.39918183,33.0568229
738,69.93433236,70.07873385,29.23223487,39.96750155,43.77287981,41.54031706,28.3356148,33.13977603
739,69.74354105,69.69833953,29.1418989,39.98553699,43.81391865,41.38745182,28.27843171,33.07756118
740,69.56323667,69.35645125,28.9977247,40.00340734,43.83899033,41.27025661,28.21595564,33.5338034
741,69.3941001,69.04629259,29.0701109,40.02188613,43.84647937,41.23834384,28.17121031,33.30568229
742,69.21433549,68.75533113,29.07341354,40.04033725,43.92098486,41.17604376,28.12098282,33.6582331
743,69.05105649,68.48645198,29.13998838,40.05903432,43.91734993,41.12644443,28.08375804,33.32642057
744,68.87763224,68.23124203,29.03923574,40.07690375,43.88348153,41.02102394,28.03577322,33.18125259
745,68.7103652,67.99017806,28.99157566,40.09478033,43.92279778,40.92431583,27.98654327,33.4093737
746,68.55106334,67.76030394,28.99122844,40.11225331,43.82810324,40.82761432,27.94656015,32.84944007
747,68.38669851,67.54785015,28.76881243,40.1284843,43.74579021,40.71949493,27.88860846,33.11903774
748,68.23020863,67.34214154,28.66931875,40.14516602,43.72688294,40.58190828,27.84713333,32.9323932
749,68.07312284,67.14792879,28.61364214,40.16113834,43.6645643,40.46599617,27.79752781,32.8079635
750,67.91586364,66.96850751,28.51236455,40.17686606,43.64275503,40.39119181,27.75021636,32.84944007
751,67.75443101,66.79055575,28.45701683,40.19183891,43.51230183,40.31213394,27.70473986,32.51762754
752,67.60329495,66.6141397,28.36010261,40.20588925,43.40295806,40.20591711,27.64879074,32.37245956
753,67.44823521,66.44866125,28.13434617,40.21912686,43.27028465,40.04280764,27.59420796,31.93695562
754,67.29681306,66.28692873,27.92994471,40.23126589,43.16042692,39.90875656,27.52866451,32.24802986
755,67.15272882,66.1351594,27.97620541,40.24428839,43.18810096,39.87165907,27.47496158,32.12360017
756,67.01325677,65.98720556,27.89440661,40.25687011,43.17088978,39.82757642,27.41907886,32.35172128
757,66.88115579,65.84114973,27.90969672,40.27024515,43.24633506,39.80651824,27.37071127,32.10286188
758,66.74380062,65.70484671,27.79505172,40.28276409,43.21359708,39.71880984,27.31789665,32.04064703
759,66.61417394,65.57004298,27.69757447,40.29491955,43.16407969,39.64423987,27.26099339,32.2065533
760,66.48365867,65.43763814,27.7196739,40.30688751,43.07932618,39.58855377,27.21470282,31.91621734
761,66.3551308,65.3102714,27.63645022,40.31832018,43.0411158,39.51017631,27.15856255,31.89547905
762,66.2340675,65.29443094,27.53471502,40.32901593,42.91713133,39.4620212,27.10815555,31.79178764
763,66.11561297,65.27882497,27.43693819,40.34040947,43.01783197,39.40850725,27.05419026,31.93695562
764,65.9974503,65.26323675,27.44148719,40.35209597,43.08287629,39.3886632,27.01361697,32.01990875
765,65.89194534,65.24942268,27.43557389,40.36290031,42.95197204,39.34755276,26.97615712,31.37702198
766,65.77864596,65.2347155,27.13079997,40.37229051,42.84008522,39.1829313,26.91544083,31.89547905
767,65.68968286,65.22266858,27.24444742,40.38347754,42.96089671,39.218978,26.87275641,32.06138532
768,65.5955929,65.21027594,27.3663229,40.39464989,42.97763831,39.21311255,26.8386697,31.77104936
769,65.49871957,65.1972444,27.3230049,40.40488654,42.91587671,39.1792837,26.79585757,31.39776027
770,65.41007236,65.18582726,27.06614827,40.41371871,42.76276636,39.04423107,26.74442572,31.19037744
771,65.31573906,65.17319725,26.91497558,40.42244833,42.7432522,38.9817605,26.69003504,31.79178764
772,65.23439239,65.16243563,27.11854905,40.43267312,42.82988294,39.03260156,26.6514166,31.43923683
773,65.15422945,65.15171148,26.99812499,40.44157458,42.75166282,38.98999114,26.60472731,31.39776027
774,65.0741033,65.14169489,26.92812825,40.45030779,42.70852419,38.92307453,26.55715743,31.52218996
775,64.9933372,65.13101298,26.90265688,40.45921484,42.69384923,38.89800521,26.51556925,31.14890087
776,64.91315895,65.12044018,26.79343334,40.46707945,42.62273924,38.81820697,26.46743251,31.10742431
777,64.8404589,65.11089633,26.70665312,40.47475879,42.57969992,38.75406489,26.41946642,31.16963915
778,64.76839313,65.10168573,26.77272088,40.48274596,42.6004219,38.77337014,26.37920539,31.27333057
779,64.69381568,65.09196832,26.89868934,40.4906726,42.57947795,38.78772465,26.340667,31.14890087
780,64.62795247,65.08348678,26.8883463,40.49844406,42.58603103,38.78575231,26.29975265,31.41849855
781,64.56413575,65.0750903,27.00743148,40.5072065,42.68918942,38.81338023,26.26669096,31.43923683
782,64.50495916,65.0673578,27.11881114,40.51650504,42.82495519,38.85564104,26.23742197,31.60514309
783,64.44776554,65.05984125,27.16086824,40.52555758,42.80583333,38.85129621,26.2099625,31.54292825
784,64.38888458,65.05206828,27.12916798,40.53377977,42.68504941,38.83733384,26.18438534,30.79635006
785,64.32359659,65.04369723,26.83232621,40.54073715,42.62527268,38.69451743,26.13754825,31.31480713
786,64.26836715,65.03648282,26.87556153,40.54928041,42.73206614,38.69928491,26.1066058,31.52218996
787,64.21241998,65.02913869,26.95876222,40.55758488,42.6922754,38.72670162,26.08413478,31.06594774
788,64.15750665,65.02204396,26.85389531,40.56458643,42.5876189,38.67929225,26.05253914,31.19037744
789,64.10167694,65.01477824,26.74254131,40.57169483,42.53290256,38.59847716,26.01942325,30.94151804
790,64.04773879,65.0074889,26.67773508,40.57830996,42.49773641,38.54764857,25.98284833,31.04520946
791,63.99610414,65.00048182,26.67465394,40.58479775,42.43712903,38.54058991,25.95119145,31.02447117
792,63.9458303,64.99406043,26.6381204,40.59183278,42.51325119,38.5493842,25.91980838,31.08668602
793,63.90137624,64.98827017,26.63744881,40.59853749,42.48383463,38.53568552,25.88870837,30.94151804
794,63.85190428,64.98209078,26.58659205,40.60444296,42.38225674,38.4579402,25.85539119,30.67192036
795,63.7938451,64.97414219,26.50473236,40.61052057,42.44127974,38.43755006,25.81912934,31.04520946
796,63.7470071,64.96811098,26.53616219,40.61696352,42.43558757,38.43596735,25.79043255,30.90004148
797,63.69980662,64.96168422,26.46286393,40.6233353,42.46566621,38.42205069,25.75972187,30.71339693
798,63.65455815,64.95617841,26.44031801,40.62924586,42.45764662,38.376506,25.72668602,31.12816259
799,63.61230109,64.95036636,26.56650488,40.63558854,42.42040754,38.3935427,25.70362044,30.67192036
800,63.56344754,64.94388521,26.32528495,40.64062895,42.3137954,38.30732299,25.66950593,30.67192036
801,63.51146696,64.93709056,26.35966631,40.64570902,42.27782568,38.31177222,25.63938416,30.6304438
802,63.46658543,64.9307567,26.30499928,40.65049649,42.23146036,38.31066145,25.60632186,30.48527582
803,63.42234781,64.92466715,26.23460548,40.65497474,42.20155406,38.26641619,25.57433979,30.60970552
804,63.37865359,64.91906246,26.1762782,40.65988362,42.23323904,38.2375697,25.54209684,30.6304438
805,63.33172011,64.9126258,26.28814372,40.66486872,42.2579854,38.25475113,25.51515933,30.83782663
806,63.29455094,64.90744008,26.37495716,40.67029432,42.29171728,38.29212592,25.49231482,30.56822895
807,63.25692683,64.90290768,26.27462312,40.67515057,42.28698889,38.22512676,25.46174296,30.79635006
808,63.22493287,64.89851823,26.25410121,40.68016437,42.2547928,38.23031707,25.44115418,30.48527582
809,63.18329749,64.89264267,26.16397397,40.6842512,42.17427241,38.1476054,25.41080474,30.04977188
810,63.13806768,64.88650137,25.92010046,40.68695115,42.02757462,38.00638013,25.36719135,30.00829531
811,63.09225221,64.880582,25.85632445,40.68939984,41.93729154,37.95803218,25.32689608,29.94608046
812,63.04860723,64.87453779,25.81593014,40.6916696,41.88598442,37.93748985,25.2895654,30.21567814
813,63.01634085,64.87014256,25.94519388,40.69428864,41.85321564,37.95221409,25.25736619,29.73869764
814,62.97399138,64.86486262,25.69109162,40.6963647,41.87916991,37.85521409,25.21257116,30.52675238
815,62.93706855,64.85995928,25.93297149,40.70085216,42.08222037,37.9737616,25.19332777,30.21567814
816,62.90193766,64.85527656,25.95390948,40.70399826,42.03395562,37.95007662,25.16713225,30.25715471
817,62.86561329,64.85052302,25.97712404,40.70736802,42.04102208,37.96157137,25.14182594,30.29863127
818,62.8298841,64.84589098,25.99606481,40.71037486,41.97506719,37.97514646,25.11648292,30.00829531
819,62.79511622,64.84128187,25.87533741,40.71304828,41.97005864,37.91043259,25.08652058,30.17420158
820,62.76304381,64.83682365,25.86657619,40.7158167,41.9414778,37.90370465,25.06144771,30.09124844
821,62.73050432,64.83246814,25.84915162,40.71842467,41.92628791,37.88638857,25.03708503,30.23641642
822,62.70106181,64.82830716,25.84643888,40.72117498,41.90664059,37.88495231,25.01871606,29.88386562
823,62.67628382,64.82530099,25.72916467,40.72340583,41.9092923,37.84864061,24.98691556,30.11198673
824,62.64484572,64.82125262,25.77402203,40.72649346,41.99544014,37.87043042,24.96617452,30.31936956
825,62.61285249,64.81706807,25.81169562,40.72927702,41.9304696,37.84146339,24.9540798,29.88386562
826,62.58056005,64.81301078,25.57898201,40.73093486,41.83332419,37.73650959,24.92881178,29.61426794
827,62.54631464,64.80844754,25.46448181,40.73212478,41.78488973,37.68797682,24.89464024,30.13272501
828,62.51390028,64.80394355,25.57950069,40.73421165,41.77625625,37.73599965,24.87750611,29.61426794
829,62.47820167,64.79908384,25.50230688,40.73539176,41.76070992,37.69720339,24.8426713,30.07051016
830,62.44587797,64.79484095,25.51914564,40.73734878,41.76260234,37.64859214,24.82934073,29.67648279
831,62.4144267,64.79063133,25.45394227,40.73840986,41.72236187,37.6353471,24.80442989,29.92534218
832,62.38954138,64.78724097,25.58101353,40.74068756,41.8423217,37.66706876,24.78587476,30.00829531
833,62.36405052,64.78415531,25.63266717,40.7431044,41.89848261,37.68144982,24.76520227,30.00829531
834,62.33490114,64.78047269,25.65317554,40.74507301,41.84867917,37.67070386,24.74693489,29.82165077
835,62.30737949,64.77662535,25.57872192,40.74654088,41.79559146,37.67434203,24.72564152,30.13272501
836,62.28424212,64.77374793,25.68743923,40.74908499,41.87104369,37.68665136,24.71747425,29.84238905
837,62.25968906,64.77031931,25.57634428,40.7504345,41.78377249,37.64699366,24.70218382,29.9046039
838,62.23427511,64.76724072,25.54825047,40.75171125,41.71631127,37.64819325,24.6846361,29.40688511
839,62.20510698,64.76342293,25.31535909,40.75182985,41.63038651,37.52313475,24.65343567,29.69722107
840,62.17595522,64.75984765,25.41407596,40.75292722,41.67635193,37.53093719,24.63085032,29.71795935
841,62.14671275,64.7563174,25.50260042,40.75459554,41.78635244,37.57512728,24.61477452,30.13272501
842,62.12427552,64.75329654,25.69317275,40.75748278,41.92952966,37.65503893,24.6093385,30.3815844
843,62.10236799,64.75040524,25.86603901,40.76033411,41.92314163,37.706872,24.61149786,29.63500622
844,62.07577077,64.74690636,25.66096996,40.76103481,41.76288979,37.60756338,24.59113246,29.67648279
845,62.05031977,64.74334949,25.63170618,40.76194753,41.71758011,37.58206333,24.56945555,29.53131481
846,62.02791617,64.74071887,25.41622567,40.76247408,41.67121218,37.49749772,24.54673815,30.09124844
847,62.00824094,64.73819825,25.64754607,40.76528302,41.88212876,37.5723887,24.54378745,30.31936956
848,61.9850713,64.73506112,25.8175861,40.76813266,41.92419371,37.67383669,24.543497,29.98755703
849,61.95893618,64.73153483,25.78132366,40.77025102,41.91126278,37.63497147,24.53347884,29.98755703
850,61.9369372,64.72879654,25.71740745,40.7716926,41.79466682,37.57185404,24.5243975,29.6557445
851,61.91083271,64.72547353,25.60225994,40.77240627,41.71365766,37.53496074,24.50792905,29.71795935
852,61.88991875,64.72246373,25.56738142,40.77357994,41.73888633,37.55620353,24.49445494,30.0290336
853,61.8687528,64.71971586,25.62059865,40.77554168,41.79975527,37.57384897,24.48761534,29.6557445
854,61.84382552,64.71651956,25.51875201,40.77584787,41.6530272,37.53170527,24.47613947,29.26171713
855,61.81803906,64.71344783,25.33188297,40.77494442,41.49170756,37.4131964,24.44721925,29.22024056
856,61.79291319,64.71020377,25.19138087,40.77458938,41.51986659,37.36585,24.41988122,29.75943592
857,61.77705343,64.70823449,25.35968529,40.77540485,41.58501788,37.42423446,24.41150206,29.44836168
858,61.75416479,64.70526525,25.35359007,40.77537955,41.55940131,37.43879329,24.3907166,29.44836168
859,61.73265457,64.70221041,25.32432378,40.7751102,41.5082102,37.3754354,24.3720281,29.34467026
860,61.7100556,64.69940214,25.19635422,40.77449004,41.45431387,37.3335216,24.3487235,29.34467026
861,61.68892023,64.69638463,25.15620366,40.77337419,41.34746336,37.27799501,24.32730883,29.178764
862,61.6641583,64.69364533,25.07094408,40.77235092,41.3581728,37.26753362,24.30005338,29.07507258
863,61.63855327,64.69045893,25.01412653,40.77107955,41.34859156,37.23789167,24.27675875,29.15802572
864,61.61982445,64.68799975,25.10774649,40.76975719,41.31334648,37.25296484,24.25678498,29.28245541
865,61.60089951,64.68569484,25.1649719,40.76924944,41.39821904,37.27787713,24.23677996,29.48983824
866,61.58649111,64.68367318,25.2608589,40.76941208,41.49144633,37.3093239,24.22598544,29.69722107
867,61.57235908,64.6815116,25.42170389,40.77016764,41.57446387,37.36991574,24.22235288,29.53131481
868,61.55318224,64.67911756,25.36775077,40.7702466,41.54230043,37.33239812,24.20963458,29.44836168
869,61.53017121,64.67663094,25.33527182,40.76981557,41.46677505,37.3193923,24.1994958,29.09581087
870,61.50358685,64.67386233,25.14401504,40.7683988,41.36270617,37.20855685,24.17834833,29.34467026
871,61.48814128,64.67171784,25.1287045,40.76808783,41.43193452,37.25233763,24.16558015,29.53131481
872,61.47567443,64.67035927,25.24556263,40.7679443,41.4400982,37.24832572,24.15515294,29.46909996
873,61.4548461,64.66756755,25.29140323,40.76783541,41.46649959,37.25445168,24.14589535,29.24097885
874,61.43400447,64.66500485,25.19985443,40.76711677,41.43755287,37.21775289,24.12612392,29.55205309
875,61.41697558,64.66282301,25.25523057,40.76724362,41.48124458,37.26887903,24.12293679,29.26171713
876,61.39977547,64.66100616,25.2143206,40.76597188,41.34548071,37.19578042,24.10524543,29.178764
877,61.37822876,64.65809647,25.14463881,40.7651793,41.38774108,37.18442137,24.08635627,29.09581087
878,61.35583033,64.65531119,25.09250857,40.76366199,41.30698138,37.1741877,24.06603935,29.32393198
879,61.34080199,64.65332325,25.12465407,40.76308023,41.36476197,37.21417961,24.05544719,29.11654915
880,61.32226507,64.65095942,25.07658854,40.7619713,41.35796459,37.13193968,24.03735347,29.22024056
881,61.30675048,64.64853798,25.05996883,40.76133898,41.40579201,37.11403232,24.02546183,29.48983824
882,61.28943083,64.64622441,25.26106132,40.76099685,41.40218293,37.18208291,24.02295534,29.09581087
883,61.27172084,64.64413006,25.1147009,40.75987949,41.37740246,37.10884353,24.00654903,29.34467026
884,61.25553052,64.6418936,25.19806112,40.75922122,41.37557096,37.12761816,24.0020567,29.09581087
885,61.23119184,64.63878724,25.18718045,40.75820835,41.38043492,37.11974463,23.98488469,28.97138117
886,61.20914696,64.63549164,25.07300689,40.75703966,41.38822291,37.11388635,23.96641883,29.55205309
887,61.19326718,64.63330639,25.23912669,40.75660739,41.35838598,37.19362037,23.96827548,29.01285774
888,61.17190614,64.63054692,25.06525381,40.75520835,41.32923995,37.1010351,23.95093199,29.28245541
889,61.15628821,64.62833186,25.10283172,40.75393045,41.26443768,37.09672743,23.94310634,29.03359602
890,61.14162278,64.62650089,25.04870641,40.75181225,41.16040055,37.04823645,23.92752795,28.66030693
891,61.11875657,64.62319955,24.90420553,40.74992004,41.25164676,37.02028716,23.90265207,29.44836168
892,61.1051691,64.62129924,25.08985652,40.74965622,41.35096747,37.07489074,23.9013666,29.03359602
893,61.08567555,64.61871914,25.04059021,40.74878969,41.40264788,37.02192465,23.88999098,29.61426794
894,61.07754504,64.6174711,25.23997398,40.74879152,41.4145,37.12120942,23.89571376,29.3031937
895,61.0585775,64.61514229,25.14262937,40.74762286,41.30680843,37.08566263,23.89373492,28.63956864
896,61.03769666,64.61227269,24.88511066,40.74468061,41.14002147,36.95438202,23.87215322,28.88842804
897,61.02263557,64.61002956,24.85892111,40.74273727,41.16426619,36.95676597,23.85899183,28.86768976
898,61.00527447,64.60760472,24.80428164,40.74051337,41.13235521,36.92834442,23.84501681,28.78473662
899,60.98996956,64.60575088,24.80196909,40.73773727,41.04564534,36.90622092,23.82913038,28.78473662
900,60.97341673,64.60339447,24.77348262,40.73520043,41.04534624,36.90323838,23.81181469,28.66030693
901,60.95588534,64.60105119,24.76457197,40.73231379,41.01854819,36.87782439,23.78971665,28.84695147
902,60.94371215,64.59968835,24.79697608,40.73011367,41.06819866,36.90325665,23.77577862,28.68104521
903,60.92853003,64.59821361,24.73881358,40.72729468,41.02908839,36.89683265,23.75979132,28.90916632
904,60.91568811,64.59654159,24.78752596,40.72468668,40.98429049,36.90979768,23.74528654,28.22480299
905,60.89668516,64.59420894,24.47948265,40.72090311,40.94836493,36.77783971,23.71191521,28.68104521
906,60.88249313,64.592699,24.54194623,40.71758583,40.88764397,36.77847077,23.6964266,28.4529241
907,60.86884287,64.59147502,24.48717501,40.71402069,40.87756148,36.73985882,23.67283644,28.55661551
908,60.85331638,64.58923546,24.57024481,40.71117914,40.96287105,36.7574015,23.65288861,28.78473662
909,60.84008723,64.58759381,24.60916792,40.70864643,40.98795368,36.81268115,23.64130475,28.53587723
910,60.82527107,64.58547324,24.48148397,40.70548832,40.95850529,36.75110083,23.62314418,28.74326006
911,60.81203606,64.58357832,24.54815235,40.70307968,41.01287553,36.78034754,23.61201022,28.88842804
912,60.7981195,64.58172897,24.65868814,40.70139808,41.1152895,36.79508811,23.60461922,29.0543343
913,60.78557818,64.58005865,24.84111729,40.69981167,41.13133239,36.83745772,23.60429907,28.76399834
914,60.77090917,64.5782592,24.77006525,40.69714398,41.03397667,36.78959463,23.59032372,28.80547491
915,60.75698144,64.57648667,24.72237526,40.69455322,40.99058685,36.7547308,23.58137842,28.59809208
916,60.74370614,64.57486735,24.72414696,40.6919544,41.02303725,36.75208502,23.56891805,28.86768976
917,60.72930604,64.57300642,24.80229094,40.68961433,41.00573588,36.78676773,23.56438499,28.36997097
918,60.71238985,64.57106316,24.60902343,40.68640658,40.98387436,36.71957442,23.54422887,29.07507258
919,60.7007363,64.56978172,24.82047206,40.68481106,41.05092089,36.79951867,23.54525963,28.72252178
920,60.68691595,64.56806917,24.79084959,40.68277693,41.09972083,36.80192323,23.53739522,28.90916632
921,60.6765157,64.56668576,24.90273195,40.68119408,41.14392357,36.82767718,23.53584584,28.84695147
922,60.66483787,64.56513792,24.90541814,40.67976897,41.20535582,36.8504214,23.53357479,29.36540854
923,60.65775396,64.56431467,25.09279696,40.67888273,41.18141134,36.88955708,23.54533494,28.70178349
924,60.6429283,64.56256381,24.96241349,40.67645108,41.08882215,36.81062573,23.53735326,28.53587723
925,60.62995957,64.56088857,24.7635172,40.67331716,40.9742058,36.71052537,23.52202769,28.55661551
926,60.61858364,64.55929711,24.67004481,40.67025527,40.92819521,36.68141934,23.51095549,28.72252178
927,60.60364791,64.55771179,24.71684393,40.66744546,40.90200712,36.70212028,23.50401304,28.49440066
928,60.58570092,64.55537415,24.69927581,40.66413396,40.86761909,36.64766716,23.49110669,28.14184985
929,60.56918018,64.55340596,24.5094353,40.66007244,40.8181403,36.59493882,23.46938844,28.59809208
930,60.55601651,64.55161617,24.60484813,40.65707106,40.84866473,36.62397617,23.46289712,28.49440066
931,60.54176508,64.54995667,24.57119428,40.65373539,40.83219686,36.60320991,23.45338789,28.36997097
932,60.52708898,64.54806273,24.51765039,40.65053973,40.87724005,36.56137419,23.4368274,28.82621319
933,60.51741655,64.54683072,24.70772081,40.64861331,40.98524337,36.67434752,23.43356909,28.76399834
934,60.50708041,64.54537177,24.72187565,40.64668245,41.04593994,36.65043693,23.42905506,28.97138117
935,60.49987537,64.54426967,24.79381594,40.64501788,41.05911944,36.69555462,23.43016183,28.49440066
936,60.48681379,64.54276616,24.68358164,40.64191288,40.94999096,36.64055829,23.41884279,28.34923268
937,60.47010057,64.54060988,24.5346863,40.63798365,40.8020832,36.55381782,23.4036944,28.28701783
938,60.45323286,64.5380563,24.43459957,40.63443392,40.81500628,36.50148825,23.39238913,28.18332642
939,60.43943797,64.53613248,24.41928143,40.63031287,40.74918575,36.49296139,23.37408305,28.4529241
940,60.42584293,64.53428319,24.53462355,40.62687798,40.75782014,36.54980576,23.36695166,28.34923268
941,60.41399823,64.53264422,24.47750473,40.62314982,40.73847243,36.51746159,23.35673155,28.36997097
942,60.40530505,64.53179322,24.40882628,40.61941669,40.72030016,36.50075934,23.34393178,28.24554127
943,60.39093799,64.52974488,24.37479526,40.61556088,40.72108556,36.50481207,23.32794446,28.30775612
944,60.37813712,64.52815076,24.45362762,40.61177145,40.71114003,36.49976096,23.3144938,28.4529241
945,60.3681889,64.52684561,24.51865992,40.60895037,40.82543778,36.54080817,23.30290583,28.82621319
946,60.36039325,64.525637,24.6935999,40.60688012,40.8985119,36.59591841,23.30621778,28.43218582
947,60.34661104,64.52380708,24.60794152,40.60391009,40.88504999,36.56768789,23.29610017,28.39070925
948,60.33451634,64.52234159,24.59407502,40.60072075,40.84977758,36.56749083,23.28892809,28.61883036
949,60.32190526,64.5209339,24.67020703,40.59787955,40.82966046,36.56822615,23.28860718,28.39070925
950,60.31103389,64.51948048,24.63429215,40.59463099,40.81100826,36.5447246,23.27836255,28.4529241
951,60.30317833,64.51859531,24.55790075,40.59203154,40.8899476,36.55031948,23.27012483,28.76399834
952,60.29487646,64.51759309,24.70474906,40.58989401,40.91601397,36.62542455,23.27389915,28.66030693
953,60.28968387,64.51698745,24.69031161,40.58700288,40.82801216,36.58355491,23.27387088,28.16258814
954,60.27572821,64.51527439,24.53436097,40.58347609,40.81403284,36.52376796,23.26043182,28.80547491
955,60.26820931,64.51435612,24.74038716,40.58216717,41.00350603,36.59980445,23.2630004,29.07507258
956,60.26253572,64.51344462,24.95581832,40.58062056,40.97402604,36.66512618,23.27472002,28.39070925
957,60.24869121,64.51146951,24.7212798,40.57714605,40.8197091,36.55115409,23.26641006,28.07963501
958,60.23482611,64.51008225,24.47406144,40.57280475,40.68699476,36.46002452,23.24857954,28.22480299
959,60.22442866,64.50897753,24.36182225,40.56936703,40.73846163,36.43896205,23.23848543,28.49440066
960,60.21505419,64.50769972,24.45908505,40.56643861,40.77216733,36.4512893,23.23427374,28.34923268
961,60.20424363,64.5065387,24.47009532,40.56248352,40.65019994,36.40863927,23.22668312,27.83077561
962,60.19203931,64.50467861,24.22742769,40.55777826,40.60601185,36.35672559,23.20157523,28.3284944
963,60.18539768,64.50394367,24.3119951,40.55477546,40.73350456,36.38732271,23.19366787,28.61883036
964,60.17589891,64.50266922,24.51937863,40.55182027,40.71651798,36.47028732,23.19758549,28.16258814
965,60.16218954,64.50113448,24.41575397,40.54877937,40.81254324,36.4224935,23.18460239,28.70178349
966,60.15468956,64.50029746,24.55518115,40.54566941,40.69877096,36.46109456,23.19264819,27.83077561
967,60.13918,64.49838194,24.30075865,40.54098843,40.61444366,36.34807147,23.17374196,28.03815844
968,60.13031895,64.49725247,24.26426393,40.53700543,40.63605356,36.36303478,23.16017199,28.28701783
969,60.12125831,64.49611266,24.33346912,40.53297142,40.56753298,36.36791752,23.15334682,28.18332642
970,60.11041818,64.49450698,24.38796867,40.52881653,40.54118809,36.37861666,23.14309258,27.95520531
971,60.09960761,64.49302859,24.23490184,40.52454842,40.56771421,36.26877863,23.12820414,28.16258814
972,60.0913152,64.4919226,24.22352001,40.52046791,40.55100186,36.29814103,23.11514268,28.07963501
973,60.0832553,64.49119202,24.24339171,40.51687027,40.64538688,36.31341896,23.09917639,28.28701783
974,60.07727455,64.49039639,24.29909788,40.51308612,40.59713304,36.32374165,23.09495653,27.91372874
975,60.06486537,64.48882636,24.18751997,40.50845454,40.52996124,36.26733901,23.07856809,27.99668187
976,60.05868343,64.48814213,24.25793728,40.50428845,40.55333209,36.27156983,23.06511433,28.36997097
977,60.04832547,64.48646823,24.33693737,40.50158435,40.70178684,36.3556348,23.06436166,28.4529241
978,60.04076675,64.48543505,24.3852263,40.49806185,40.60598091,36.32989532,23.06769676,28.01742016
979,60.02851844,64.48377075,24.22624576,40.49407735,40.59622716,36.26798603,23.0582994,28.30775612
980,60.02274232,64.48291672,24.34368155,40.49085488,40.63872742,36.31529243,23.05698605,28.14184985
981,60.01160417,64.48128996,24.26326072,40.48718976,40.62497096,36.27314662,23.04798963,28.26627955
982,60.0048856,64.48030218,24.30928789,40.48369774,40.6130272,36.28148701,23.04446584,28.14184985
983,59.99488412,64.47856971,24.25884612,40.48010805,40.62209749,36.28919663,23.03799257,28.16258814
984,59.98532702,64.47715084,24.27142458,40.476516,40.61744091,36.26609522,23.03175659,28.36997097
985,59.98186759,64.47621803,24.36443939,40.47343935,40.64394248,36.3070587,23.03551335,27.95520531
986,59.97247521,64.47498801,24.24876607,40.46911825,40.5550592,36.26817303,23.02168274,28.05889672
987,59.95893754,64.47319608,24.30795023,40.46590162,40.66802869,36.28258926,23.01045047,28.49440066
988,59.95490117,64.47252143,24.52138289,40.46355165,40.74302111,36.35635379,23.0185019,28.30775612
989,59.94350651,64.47104519,24.48748033,40.46079261,40.75555771,36.31741983,23.01785446,28.4529241
990,59.93672352,64.47006801,24.55991614,40.45766428,40.65790074,36.34253757,23.01924954,27.76856076
991,59.92404655,64.4683371,24.2499394,40.45291146,40.52362152,36.19021066,23.00404266,27.99668187
992,59.91306487,64.46671918,24.26672404,40.4493121,40.59257353,36.21076434,22.99399846,28.24554127
993,59.90488546,64.46588138,24.37250402,40.44599139,40.60037036,36.26174422,22.99226746,28.16258814
994,59.89561961,64.46462629,24.38583016,40.44279793,40.64380927,36.27037999,22.99007358,28.24554127
995,59.88708545,64.46367689,24.38301652,40.4396667,40.64815976,36.26027767,22.99100893,28.12111157
996,59.87766037,64.46270177,24.35667105,40.43630873,40.6418454,36.21377428,22.98425928,28.39070925
997,59.87098315,64.46160415,24.42542344,40.43344329,40.64610963,36.23203406,22.98643123,27.99668187
998,59.86269124,64.46048121,24.29230719,40.42893923,40.47781885,36.15421869,22.97406703,27.68560763
999,59.85113719,64.45896162,24.11206671,40.42389212,40.39363172,36.09167574,22.95389118,27.68560763
1000,59.84125615,64.45754494,23.99344834,40.41889518,40.36267158,36.0784159,22.93451693,27.64413107
1001,59.83209716,64.4561601,23.88067974,40.41377426,40.33309665,36.03011728,22.91922664,27.78929905
1002,59.82349814,64.45496597,23.8750811,40.40898672,40.33234561,36.01893484,22.90327022,27.81003733
1003,59.81109627,64.45343479,23.93066417,40.40452222,40.37518059,36.06672865,22.89433696,27.83077561
1004,59.80440069,64.45236835,23.96035733,40.40019863,40.40860135,36.04752183,22.88648735,27.91372874
1005,59.79411895,64.45129005,24.00949679,40.39632467,40.47115931,36.07609773,22.88261484,27.83077561
1006,59.78398714,64.44986827,24.0415015,40.39196519,40.43652551,36.07564692,22.87651647,28.03815844
1007,59.77967962,64.44922413,24.0454001,40.38813507,40.44926656,36.11365416,22.87442013,27.7270842
1008,59.76937404,64.44771164,23.96682762,40.38327542,40.3647879,36.06957182,22.85958303,28.16258814
1009,59.76543863,64.44696397,24.09196755,40.37993461,40.45969176,36.11455524,22.86026754,28.05889672
1010,59.76363681,64.44661914,24.18012626,40.37612267,40.44619962,36.14066294,22.85464007,27.78929905
1011,59.75452536,64.44547813,24.07570481,40.37150048,40.37517007,36.06929568,22.84343952,27.81003733
1012,59.74718585,64.44442984,24.07713052,40.36719759,40.38897919,36.05766083,22.83219948,27.74782248
1013,59.74153348,64.44356604,24.01986505,40.36264772,40.36756795,36.03994588,22.82449666,27.70634591
1014,59.73178656,64.44208776,23.96749478,40.35856803,40.44320581,36.02139487,22.81414751,28.26627955
1015,59.72610598,64.44139916,24.19579108,40.35525977,40.45044724,36.12644365,22.82254411,27.76856076
1016,59.71667258,64.44032129,24.10515516,40.35115575,40.45189736,36.08671068,22.81245349,27.95520531
1017,59.70755593,64.43931861,24.12111103,40.34700426,40.38884308,36.07015099,22.81145931,27.83077561
1018,59.7009898,64.43825634,24.16803644,40.34320561,40.45074857,36.08050374,22.8067618,28.05889672
1019,59.69566107,64.43767483,24.16903627,40.33973436,40.46869253,36.09540248,22.80752034,27.81003733
1020,59.68665242,64.43654268,24.14002945,40.33543045,40.39947936,36.04771831,22.7991417,27.87225218
1021,59.67758451,64.4354677,24.19117316,40.33147054,40.40536225,36.06508949,22.79219217,27.83077561
1022,59.67060332,64.434642,24.21097805,40.32744214,40.40436767,36.06640348,22.78295653,27.7270842
1023,59.66218371,64.43354613,24.07048117,40.3223857,40.25775538,35.99888911,22.77632215,27.54043965
1024,59.6518714,64.43249753,23.97664891,40.31732773,40.23825964,35.99363609,22.76244783,27.6026545
1025,59.64653065,64.43173887,23.95814941,40.31255648,40.25784549,35.99234264,22.74898041,28.07963501
1026,59.63829315,64.43066641,24.09833225,40.30965471,40.44655597,36.06457011,22.75155081,27.85151389
1027,59.63117489,64.42978319,24.05097231,40.30569045,40.41169646,36.05333613,22.7461739,28.01742016
1028,59.62362975,64.42878179,24.19894921,40.30215162,40.41930825,36.08353065,22.7451842,27.76856076
1029,59.61640131,64.42791415,24.15889915,40.29840879,40.45092751,36.03177194,22.73922098,28.10037329
1030,59.61133503,64.42739112,24.283872,40.29525297,40.47118059,36.09479178,22.74204102,27.83077561
1031,59.60436472,64.42652719,24.1962529,40.29143455,40.43898851,36.05340758,22.73577596,28.01742016
1032,59.60159858,64.4259187,24.30484057,40.28807783,40.44744323,36.08837047,22.73778671,27.74782248
1033,59.60016554,64.42580179,24.18821029,40.28434556,40.45575078,36.04886957,22.73071142,28.14184985
1034,59.59439724,64.42514721,24.33691609,40.28133966,40.47244849,36.07713231,22.73705129,27.74782248
1035,59.58523804,64.42406181,24.23586064,40.27774891,40.48390106,36.0651937,22.73147045,28.16258814
1036,59.58257026,64.42396912,24.22583132,40.2746603,40.46051019,36.06072935,22.73478702,27.78929905
1037,59.57736589,64.42316199,24.07485064,40.2701525,40.30857469,35.99488652,22.72894881,27.66486935
1038,59.56760235,64.42159796,24.07288618,40.26597844,40.32698495,36.02935529,22.72040081,27.91372874
1039,59.56126604,64.42077204,24.14929927,40.26260967,40.39830735,36.05044916,22.71962931,28.01742016
1040,59.55661921,64.41996865,24.22641431,40.25938495,40.42390126,36.06713823,22.72085309,27.76856076
1041,59.55026065,64.41921165,24.1822472,40.25504796,40.31299273,36.0213517,22.71517027,27.64413107
1042,59.54180732,64.41796971,24.07447503,40.25029298,40.22517084,35.95629817,22.70382018,27.4782248
1043,59.53236126,64.41676615,23.90455487,40.24508324,40.1509061,35.86792163,22.68744641,27.54043965
1044,59.52512555,64.4157325,23.92668819,40.24032644,40.17162139,35.88100357,22.67531372,27.4782248
1045,59.51806184,64.414796,23.89428429,40.23513175,40.12006521,35.8810524,22.66181184,27.7270842
1046,59.5107051,64.41402226,23.9495071,40.23117179,40.23440411,35.90977026,22.65650438,27.45748652
1047,59.50276041,64.41297698,23.84974609,40.2259688,40.14318599,35.87283945,22.64531429,27.41600995
1048,59.49610019,64.41202476,23.81353552,40.22082666,40.12019202,35.88109437,22.63229594,27.62339278
1049,59.49000021,64.41151626,23.86172604,40.21658176,40.20125347,35.8742817,22.62709905,27.66486935
1050,59.48452738,64.41079375,23.8756942,40.2121413,40.18917038,35.88656203,22.6247517,27.58191622
1051,59.4751052,64.40955095,23.95113436,40.2080317,40.2582661,35.88964172,22.61614982,27.89299046
1052,59.47053548,64.40901937,24.10674028,40.20498903,40.3791126,35.97103632,22.61708882,27.99668187
1053,59.46536688,64.40812055,24.15272576,40.20215482,40.43674788,36.00723413,22.62244039,28.05889672
1054,59.46191657,64.40769339,24.21700812,40.19877488,40.35162847,35.99597425,22.62926536,27.68560763
1055,59.45538321,64.40670661,24.11846524,40.19465562,40.28656929,35.9700183,22.62408945,27.83077561
1056,59.45033292,64.40638426,24.03347716,40.19084108,40.26615548,35.91779002,22.62504611,27.56117793
1057,59.4430485,64.40504061,23.96026083,40.18650238,40.23826101,35.873481,22.61721249,27.81003733
1058,59.4330793,64.40363828,24.04175793,40.18321918,40.33274952,35.93050803,22.61734973,28.05889672
1059,59.42615031,64.40277205,24.16632069,40.1803164,40.36739788,35.96633628,22.62538657,27.64413107
1060,59.41762328,64.40171359,24.14209237,40.17669947,40.37239802,35.93372387,22.6214112,27.99668187
1061,59.41320293,64.40105292,24.23210471,40.17335374,40.32227704,35.96138821,22.62746698,27.4782248
1062,59.40635433,64.3999505,24.03716513,40.16865065,40.20799581,35.86925812,22.62008814,27.56117793
1063,59.39657106,64.3986789,24.02044234,40.16461565,40.24311354,35.8782309,22.61371405,27.78929905
1064,59.39414031,64.3983515,24.09220393,40.16144784,40.33956091,35.90183447,22.61312908,27.87225218
1065,59.39471127,64.39850611,24.11069779,40.15779595,40.27654262,35.91886782,22.61530788,27.56117793
1066,59.38808251,64.39715896,23.98880356,40.1533626,40.19763015,35.84342857,22.60772843,27.49896309
1067,59.38062893,64.39625484,23.94218354,40.14844245,40.09374476,35.83842846,22.59917055,27.12567399
1068,59.36726421,64.39443831,23.70901641,40.14286063,40.03355645,35.74285085,22.58294111,27.68560763
1069,59.36171158,64.39341712,23.78418492,40.13841526,40.04260087,35.79486289,22.57683132,27.4782248
1070,59.35641689,64.39282319,23.80203302,40.13355148,40.02875672,35.81651883,22.56733908,27.14641228
1071,59.3456337,64.39146647,23.66419833,40.12853757,40.08262786,35.75323677,22.54832462,27.7270842
1072,59.3403564,64.39093793,23.84777576,40.12490448,40.17490395,35.81378268,22.54776297,27.68560763
1073,59.33595785,64.39030683,23.87856316,40.12084756,40.15270048,35.81497853,22.54316699,27.51970137
1074,59.32944179,64.38942478,23.82684783,40.11635868,40.1116707,35.81017723,22.5376403,27.33305682
1075,59.32050222,64.38824202,23.66430596,40.11137765,40.05739429,35.75052278,22.52992488,27.35379511
1076,59.31225182,64.38707408,23.72925197,40.10687142,40.1035722,35.75385386,22.51704088,27.54043965
1077,59.30787065,64.38665095,23.81590429,40.10271837,40.12838891,35.80340485,22.51052916,27.54043965
1078,59.30304378,64.38634004,23.81960259,40.09847131,40.11987103,35.77676403,22.50060783,27.4782248
1079,59.2944227,64.38489505,23.82221389,40.09375307,40.05069011,35.75664632,22.49619065,27.35379511
1080,59.28739732,64.38386172,23.74826682,40.08944918,40.11908982,35.74675768,22.48473631,27.64413107
1081,59.28123892,64.38313681,23.8489433,40.08599409,40.20831235,35.7870039,22.48215871,27.83077561
1082,59.27982662,64.38301105,23.9539638,40.08259376,40.20520072,35.81506057,22.48642046,27.76856076
1083,59.27602666,64.38257724,23.99753486,40.07917442,40.21381393,35.85166504,22.49221087,27.70634591
1084,59.27233725,64.38202985,24.01882408,40.07571245,40.22406373,35.85273594,22.49303158,27.51970137
1085,59.26493473,64.38093944,23.88360537,40.07220398,40.26678039,35.78391324,22.48548369,27.95520531
1086,59.25960067,64.38015447,23.99822504,40.06928165,40.26336515,35.83278165,22.49290683,27.35379511
1087,59.25295764,64.37928534,23.88060706,40.0645159,40.11218032,35.77305984,22.48433324,27.76856076
1088,59.24925985,64.37875562,24.01118568,40.0613854,40.20460302,35.80959282,22.4862597,27.56117793
1089,59.24524631,64.37822856,23.9666304,40.05704235,40.09453805,35.78951285,22.48224764,27.33305682
1090,59.2359889,64.3771644,23.85518739,40.05243557,40.05888738,35.76049546,22.472924,27.31231854
1091,59.22820238,64.37604541,23.79731347,40.04758153,40.00511959,35.72385242,22.46163239,27.25010369
1092,59.22067595,64.37509184,23.74736601,40.04300005,40.03954933,35.70040932,22.45385622,27.43674824
1093,59.2166201,64.37458264,23.7771699,40.03922004,40.13483933,35.68746008,22.45065671,27.89299046
1094,59.21540252,64.37437701,24.04486489,40.03598588,40.14234619,35.78150447,22.45637946,27.45748652
1095,59.20753723,64.37335908,23.98772567,40.03238396,40.19737869,35.76465868,22.45239854,27.78929905
1096,59.20620734,64.37327207,24.13448033,40.02913623,40.1874993,35.79223615,22.45594859,27.56117793
1097,59.19797846,64.37197879,24.01727803,40.02399731,39.92517531,35.72564213,22.45426882,26.69017005
1098,59.18698383,64.37046135,23.63820564,40.01771631,39.84656063,35.59824679,22.42424829,27.08419743
1099,59.17936273,64.36924865,23.59943677,40.0123305,39.85032715,35.58134147,22.40881731,27.14641228
1100,59.17519273,64.3687547,23.58317766,40.00752974,39.92720526,35.63403314,22.39640861,27.51970137
1101,59.17269712,64.36817011,23.73127575,40.00353145,39.98968987,35.67824553,22.39753753,27.43674824
1102,59.16787313,64.367545,23.76652528,39.99896376,39.94157136,35.66128515,22.39025194,27.10493571
1103,59.15969457,64.36641497,23.66246106,39.99435819,39.99801953,35.61607215,22.37988793,27.7270842
1104,59.15753547,64.36612191,23.92464512,39.99182912,40.20029525,35.71686389,22.38748743,27.89299046
1105,59.15778774,64.36613933,24.11418308,39.98844217,40.10018426,35.79576925,22.40154668,27.10493571
1106,59.15056011,64.36517868,23.8131225,39.98382628,40.05635689,35.65514777,22.39071802,27.6026545
1107,59.14643978,64.36446182,23.85824825,39.97983957,40.00633565,35.67342563,22.39474768,27.18788884
1108,59.13730719,64.36326156,23.77432884,39.97493955,39.94044697,35.62610219,22.38717782,27.16715056
1109,59.13288162,64.36258315,23.65900598,39.97046514,39.98257033,35.59726703,22.38166937,27.6026545
1110,59.12933256,64.36203346,23.82047164,39.96627511,39.92864983,35.6461666,22.38374748,26.89755288
1111,59.12222279,64.36091174,23.59097542,39.96001047,39.74444066,35.54950963,22.36546167,26.8768146
1112,59.11302503,64.35975798,23.47988577,39.95430014,39.75517566,35.5210597,22.34823672,27.27084197
1113,59.1081661,64.35942784,23.61969266,39.94977825,39.84872696,35.57086678,22.34139328,27.27084197
1114,59.10403508,64.35900311,23.68331659,39.94505129,39.85120467,35.58383397,22.33784667,26.85607632
1115,59.09204569,64.35722561,23.44198858,39.9392148,39.77420047,35.49239242,22.31991859,27.18788884
1116,59.08512801,64.3563463,23.55593021,39.93476766,39.87894588,35.53098982,22.31541011,27.35379511
1117,59.08190719,64.35607723,23.62603735,39.93101818,39.99428137,35.57892369,22.31422702,27.49896309
1118,59.07764586,64.35570609,23.72936024,39.92753349,40.04648868,35.62435348,22.31492098,27.37453339
1119,59.07365147,64.35513733,23.68467648,39.92346291,40.00103323,35.60545105,22.30990776,27.4782248
1120,59.0692415,64.35456761,23.72147465,39.91928112,39.92919176,35.6430554,22.31298372,27.08419743
1121,59.0600557,64.35340196,23.59431794,39.9138505,39.79071654,35.57209666,22.30512564,26.93902945
1122,59.04975902,64.3518909,23.55087786,39.90874709,39.81980622,35.53555766,22.29077017,27.33305682
1123,59.04370082,64.35111682,23.67749099,39.90473469,39.90706144,35.58292564,22.28842728,27.41600995
1124,59.04130125,64.3509382,23.74946705,39.90116585,39.99345366,35.59588688,22.28848887,27.41600995
1125,59.03725562,64.3502553,23.7842225,39.896859,39.90240111,35.5687733,22.28805395,26.98050601
1126,59.02645778,64.34865271,23.69532112,39.89197286,39.87725519,35.55571556,22.2749705,27.29158026
1127,59.02043287,64.34777243,23.70561069,39.88762448,39.86836649,35.56026121,22.27226017,27.18788884
1128,59.01037102,64.34634903,23.70737292,39.88343191,39.91485531,35.56805079,22.26560942,27.20862713
1129,59.00684317,64.34583878,23.72293949,39.87921297,39.92160216,35.56400078,22.26100264,27.49896309
1130,59.00030568,64.34531851,23.80991214,39.87572945,39.96770495,35.55776223,22.26491894,27.33305682
1131,58.99203639,64.34414616,23.80326387,39.87192022,39.97467219,35.55594966,22.26660365,27.43674824
1132,58.98553933,64.34345788,23.86542026,39.868631,40.03285192,35.57136834,22.26996282,27.68560763
1133,58.98268981,64.34295975,23.97208274,39.86601092,40.09903542,35.63222109,22.28085958,27.43674824
1134,58.97885129,64.34261924,23.87908722,39.86229188,40.01009615,35.58611324,22.28370522,27.27084197
1135,58.97272923,64.34202759,23.83614172,39.85772479,39.86939981,35.56473605,22.28046326,27.0012443
1136,58.9625882,64.34086634,23.67103402,39.85326162,39.89429175,35.51511595,22.27215223,27.41600995
1137,58.95741801,64.340107,23.75066857,39.84970281,39.94118365,35.54865432,22.27241919,27.08419743
1138,58.9508951,64.33906148,23.6368962,39.84494714,39.84731024,35.50053136,22.26747905,27.10493571
1139,58.93844687,64.33728377,23.59387307,39.84007933,39.77832525,35.46392291,22.25904743,27.14641228
1140,58.9315688,64.33629933,23.63410623,39.83605324,39.87269431,35.49863378,22.25685682,27.37453339
1141,58.92701192,64.33561952,23.69172292,39.83184315,39.81955567,35.49132292,22.25700922,26.89755288
1142,58.92300694,64.33515365,23.49880697,39.82710595,39.83050701,35.43988875,22.24725503,27.39527167
1143,58.92271579,64.33490239,23.64304707,39.82337101,39.8659674,35.48347594,22.24823193,27.10493571
1144,58.92097639,64.33481627,23.54610088,39.81908123,39.86379168,35.45542753,22.23938468,27.37453339
1145,58.91705841,64.3340813,23.66918023,39.81510885,39.83966801,35.4845572,22.23978099,27.06345915
1146,58.9097217,64.33306757,23.49560771,39.81025178,39.76103677,35.42327924,22.22815305,27.02198258
1147,58.90141018,64.33208707,23.44980066,39.80558141,39.76359389,35.38883008,22.21669865,27.08419743
1148,58.89614256,64.33128347,23.49286395,39.80095274,39.75120993,35.39064017,22.20869185,27.29158026
1149,58.89427521,64.33102416,23.59551296,39.79722234,39.83517578,35.44376884,22.20305654,27.29158026
1150,58.88767758,64.32998106,23.58767851,39.7932713,39.83348226,35.4282221,22.19891134,27.04272086
1151,58.87955603,64.32913116,23.6021536,39.78893724,39.8308905,35.42925022,22.19307619,27.45748652
1152,58.87840574,64.32892176,23.6906555,39.78551863,39.86813903,35.50545508,22.19961954,27.20862713
1153,58.87260425,64.32811375,23.66906976,39.78157784,39.86030054,35.46916269,22.1954316,27.27084197
1154,58.86593898,64.32740171,23.75523836,39.77791026,39.88099822,35.47909834,22.19511134,27.43674824
1155,58.86474013,64.32714494,23.87608293,39.77498222,39.96656157,35.53665275,22.19947376,27.35379511
1156,58.85965321,64.32651875,23.84630626,39.77179467,39.97930478,35.50695285,22.20249544,27.27084197
1157,58.85300429,64.32543471,23.73111307,39.76778266,39.86601607,35.47695664,22.20392432,27.08419743
1158,58.84599933,64.32462598,23.6963777,39.76371475,39.85404095,35.4643891,22.20030949,27.22936541
1159,58.84209517,64.32439488,23.69278776,39.75993269,39.85465518,35.45979341,22.19863144,27.35379511
1160,58.83818955,64.32383179,23.76957407,39.75594347,39.78329572,35.48081244,22.20066184,26.91829117
1161,58.8332508,64.32316102,23.6134482,39.7509656,39.70047601,35.42655902,22.18874124,26.91829117
1162,58.82683044,64.32208306,23.51194047,39.7470027,39.8282461,35.4128004,22.18141846,27.68560763
1163,58.8277431,64.3221188,23.7348978,39.74433447,39.89387138,35.50802813,22.1919805,27.12567399
1164,58.82241672,64.32142322,23.64549865,39.74000352,39.7906487,35.45874079,22.18936396,27.10493571
1165,58.81903065,64.32089774,23.59089468,39.73588262,39.78117319,35.43639485,22.18435088,27.22936541
1166,58.81656799,64.32051211,23.63007578,39.73216361,39.80850257,35.44229411,22.18290605,27.20862713
1167,58.80996382,64.31960615,23.61328299,39.72842476,39.82042192,35.42269428,22.18086954,27.25010369
1168,58.80403397,64.31879839,23.64365645,39.72467366,39.80793149,35.43168157,22.18117789,26.95976773
1169,58.80111979,64.31832706,23.52992042,39.72001083,39.72379825,35.36454189,22.17360136,27.16715056
1170,58.80108492,64.31843971,23.52540691,39.71613473,39.75832182,35.40431815,22.17299956,26.95976773
1171,58.79193567,64.31723355,23.49174772,39.71197876,39.77932668,35.35725929,22.16207182,27.29158026
1172,58.78857942,64.31694877,23.59835064,39.7080123,39.72861993,35.40247462,22.16095545,27.12567399
1173,58.78351275,64.31638576,23.59900273,39.70433581,39.79465038,35.40330766,22.15469359,27.18788884
1174,58.77898475,64.31566586,23.60254974,39.7007321,39.81782314,35.40807541,22.15462059,27.22936541
1175,58.77579576,64.31498205,23.65162286,39.6976654,39.9033628,35.42510617,22.1544726,27.62339278
1176,58.77490196,64.31501701,23.85892802,39.69527524,39.94538217,35.50981153,22.16421268,27.22936541
1177,58.77092559,64.31473588,23.71459578,39.69202529,39.92287123,35.44644066,22.16691341,27.39527167
1178,58.76453933,64.31393336,23.86042167,39.68871948,39.85597046,35.46960274,22.17145781,26.7523849
1179,58.75774787,64.31291642,23.58215236,39.68395503,39.75153901,35.37753558,22.15637955,27.29158026
1180,58.75446989,64.31254302,23.69407871,39.68033663,39.74952078,35.42436516,22.15423701,27.14641228
1181,58.75055777,64.31222534,23.60999085,39.67639294,39.732193,35.40013883,22.15013683,26.93902945
1182,58.74363585,64.31124374,23.51594704,39.67219663,39.73361947,35.3194823,22.14291591,27.04272086
1183,58.73655034,64.3099049,23.50494437,39.66819591,39.7354417,35.3219574,22.1406144,27.12567399
1184,58.73260412,64.30926763,23.59599093,39.66477624,39.80699798,35.35601481,22.13775307,27.4782248
1185,58.73233461,64.30952512,23.81094946,39.66214285,39.87266709,35.43914536,22.14775785,27.12567399
1186,58.72706548,64.30867169,23.73032864,39.65815591,39.76644965,35.37926964,22.14288765,27.02198258
1187,58.72307383,64.30821673,23.64415805,39.65434074,39.7715874,35.35752352,22.13744265,27.12567399
1188,58.71818658,64.30759711,23.52740881,39.65020819,39.69127915,35.34069204,22.13508496,27.04272086
1189,58.71306221,64.30681564,23.57537809,39.64662817,39.76597631,35.36919553,22.1310179,27.14641228
1190,58.70851118,64.30626148,23.56503672,39.64249456,39.6755685,35.34854872,22.12916479,26.58647864
1191,58.70349544,64.30588254,23.38710873,39.63729391,39.60195624,35.29089365,22.11477449,26.85607632
1192,58.69981555,64.30548941,23.31512202,39.63216034,39.50435122,35.25848329,22.1071001,26.42057238
1193,58.69209423,64.30458396,23.06568778,39.62645988,39.47788035,35.15992453,22.08769061,26.89755288
1194,58.68629968,64.30358338,23.25534506,39.62259679,39.64223405,35.22065277,22.08133899,27.27084197
1195,58.68673396,64.30365966,23.47778181,39.61933098,39.7104331,35.30269541,22.08482522,26.56574036
1196,58.68011832,64.30280167,23.23834792,39.61385645,39.5587376,35.20374931,22.06625644,26.8768146
1197,58.67640201,64.30229714,23.28167632,39.61003367,39.67916957,35.22018809,22.05977969,27.35379511
1198,58.67650106,64.30220581,23.53113909,39.60732451,39.7854093,35.33600889,22.06632242,27.16715056
1199,58.67588192,64.30228639,23.59263586,39.60398807,39.77505131,35.3493921,22.06539729,27.20862713
1200,58.67409099,64.30203128,23.55269131,39.60027624,39.69518837,35.33226712,22.06942343,26.73164662
1201,58.66522552,64.30052146,23.36660856,39.59540241,39.58821943,35.23958995,22.06032106,26.77312319
1202,58.66071309,64.30000006,23.35133848,39.59091646,39.59076553,35.24686967,22.05008147,26.8768146
1203,58.65819877,64.29967158,23.42228803,39.5871992,39.68849265,35.27450893,22.04579837,26.98050601
1204,58.65619047,64.29973692,23.41920881,39.5828174,39.59105827,35.26646313,22.03963778,27.06345915
1205,58.65187793,64.29904713,23.50730013,39.57977844,39.74370903,35.30412872,22.03807336,27.33305682
1206,58.65216579,64.29912231,23.65633827,39.57635209,39.67323742,35.32268237,22.04838377,26.73164662
1207,58.64743602,64.29840762,23.51967076,39.5716023,39.57900523,35.26610072,22.03654792,26.77312319
1208,58.64264702,64.2977371,23.35708067,39.56712034,39.5671422,35.22276933,22.02799709,26.91829117
1209,58.63874649,64.29714508,23.4124094,39.56293685,39.56838553,35.2207885,22.02162984,26.7523849
1210,58.63502845,64.29684236,23.3417084,39.55869515,39.60057547,35.20596671,22.01425359,27.06345915
1211,58.63388732,64.29670856,23.45964325,39.55515198,39.64363146,35.26874187,22.01375622,26.95976773
1212,58.63088733,64.2963683,23.51472655,39.55121509,39.62294436,35.29629847,22.01422058,27.06345915
1213,58.62755419,64.29582621,23.61433443,39.54770153,39.65129911,35.31848909,22.01612334,26.81459975
1214,58.62264824,64.29503657,23.49471275,39.54350827,39.61446248,35.2670111,22.01116189,27.14641228
1215,58.61972111,64.29463367,23.6185888,39.54011816,39.64079818,35.31295419,22.01581858,27.22936541
1216,58.61875412,64.29463707,23.67983723,39.53744049,39.74619013,35.33072807,22.02110708,27.04272086
1217,58.61567043,64.294039,23.63540755,39.5337118,39.66497935,35.29364304,22.0210232,26.8768146
1218,58.61344825,64.2935364,23.62166556,39.52973488,39.62860338,35.29559435,22.01419405,26.8768146
1219,58.60826269,64.2931464,23.52873911,39.52617209,39.67813333,35.26787061,22.00845335,27.25010369
1220,58.60667796,64.29314153,23.63723286,39.52336648,39.72236747,35.3176499,22.01480966,27.02198258
1221,58.60438056,64.29295245,23.57862907,39.51927351,39.58522115,35.26926837,22.01578623,26.64869349
1222,58.59908048,64.29223188,23.35795299,39.51468206,39.53835225,35.2297355,22.00477177,27.0012443
1223,58.59473516,64.29169417,23.45036133,39.51160686,39.6735459,35.24810273,21.99998043,27.33305682
1224,58.59327158,64.29140791,23.6061906,39.50878714,39.68373731,35.30839168,22.01026579,26.66943177
1225,58.58644275,64.29070005,23.39646624,39.50393388,39.52314508,35.21943809,21.99969231,26.83533803
1226,58.58423189,64.29001974,23.29888551,39.49999501,39.55435769,35.19103697,21.99547848,26.83533803
1227,58.58113458,64.28973696,23.29922914,39.49562571,39.49226205,35.16478122,21.99016333,26.7523849
1228,58.57539901,64.2888501,23.33634207,39.49192329,39.59482564,35.18073333,21.98398929,26.95976773
1229,58.57514021,64.28909725,23.39038022,39.4881666,39.57274027,35.16895129,21.98360592,26.89755288
1230,58.57155021,64.2885252,23.406801,39.4841764,39.53793727,35.16102676,21.98256032,26.81459975
1231,58.56712789,64.28787655,23.41089951,39.47963477,39.4500065,35.16151868,21.97736227,26.62795521
1232,58.55701279,64.28659221,23.33779095,39.47544749,39.51666639,35.16586677,21.96648094,27.20862713
1233,58.55520938,64.28629091,23.54750215,39.4728738,39.6567281,35.26792804,21.96981622,27.10493571
1234,58.55175301,64.28560146,23.63232962,39.46998017,39.69031819,35.29042539,21.97562249,26.89755288
1235,58.54889522,64.28501928,23.54104303,39.465778,39.54070354,35.23114563,21.97234107,26.66943177
1236,58.54325732,64.28421554,23.41690297,39.46121403,39.46995457,35.18025158,21.96164004,26.79386147
1237,58.54084173,64.28392371,23.41693584,39.45745257,39.53477186,35.21009394,21.95827894,27.12567399
1238,58.53758831,64.28324051,23.57030864,39.45459658,39.623622,35.26543966,21.9608551,27.0012443
1239,58.53582536,64.28303922,23.5853699,39.45142751,39.63976342,35.23684508,21.96022798,26.93902945
1240,58.53515103,64.28316825,23.49218483,39.44744574,39.5240562,35.20965779,21.96090074,26.71090834
1241,58.52968583,64.28253231,23.44247831,39.4436949,39.56759493,35.18829574,21.95527582,27.12567399
1242,58.52794777,64.28240678,23.55263577,39.4412223,39.68672674,35.22426324,21.95973992,26.98050601
1243,58.52696116,64.2822637,23.53901391,39.43795718,39.64458338,35.23023192,21.962371,26.93902945
1244,58.52713706,64.2823365,23.53920715,39.43478212,39.64906319,35.21244571,21.96136866,27.06345915
1245,58.52601517,64.28239625,23.63667205,39.43159796,39.61438706,35.22655587,21.96088332,26.69017005
1246,58.51996643,64.28151427,23.49569016,39.42753192,39.54919468,35.19953868,21.95390387,26.89755288
1247,58.51852306,64.28134662,23.45248193,39.4242067,39.58582519,35.21465366,21.95059613,26.7523849
1248,58.51241077,64.28050013,23.37371837,39.42015376,39.51477186,35.18001421,21.94663857,26.73164662
1249,58.51069213,64.28012733,23.28142298,39.41627377,39.51468389,35.159686,21.93843959,27.08419743
1250,58.50968045,64.27992654,23.42049831,39.41299869,39.5194824,35.19689465,21.94413775,26.69017005
1251,58.50366047,64.27905306,23.35957598,39.40931061,39.55386474,35.15611838,21.93896418,27.14641228
1252,58.5008021,64.27841731,23.52395025,39.40688817,39.65491095,35.2221918,21.94745925,26.98050601
1253,58.49786059,64.27795525,23.51843798,39.40379695,39.63027736,35.20589887,21.95023426,27.06345915
1254,58.49562776,64.27769523,23.59081366,39.4014902,39.72554311,35.23371748,21.95347045,27.14641228
1255,58.49411553,64.27718706,23.65154529,39.39875692,39.67235996,35.2437319,21.95688649,26.93902945
1256,58.4899204,64.27658767,23.57911525,39.39528507,39.57914885,35.19766524,21.95512364,26.64869349
1257,58.48470324,64.27606421,23.40102056,39.39136191,39.53794945,35.13160894,21.94710964,26.91829117
1258,58.48461577,64.27602487,23.49528894,39.38822971,39.57576583,35.17275279,21.94566967,26.95976773
1259,58.48253657,64.27601586,23.52834046,39.38559528,39.66067225,35.19054868,21.94699778,27.20862713
1260,58.48397361,64.27630648,23.6531479,39.3831349,39.65779425,35.22170651,21.95163874,26.81459975
1261,58.48067906,64.27579879,23.58288095,39.37959052,39.57780489,35.18398052,21.9452953,26.91829117
1262,58.47825119,64.27542276,23.53815553,39.37647271,39.58315166,35.17183778,21.94277506,26.95976773
1263,58.47320982,64.27463332,23.55494967,39.37342145,39.58262932,35.17721197,21.94164224,26.89755288
1264,58.4691781,64.27422795,23.52808938,39.36983274,39.50680364,35.16876925,21.94051481,26.62795521
1265,58.46290646,64.27323351,23.39459292,39.36586005,39.47819851,35.09135686,21.92638371,26.73164662
1266,58.45879307,64.27278515,23.39054382,39.3615268,39.37410616,35.06549621,21.92163681,26.48278723
1267,58.45570331,64.27252012,23.30063203,39.35670923,39.30895442,35.03134005,21.90837739,26.39983409
1268,58.44937364,64.27158167,23.22232636,39.35255034,39.40938538,35.05160388,21.89445204,27.22936541
1269,58.45029899,64.27150143,23.52695629,39.35044074,39.57114457,35.17129124,21.90584562,27.02198258
1270,58.44900908,64.27139813,23.5394072,39.34793351,39.62913949,35.17991868,21.91078892,26.73164662
1271,58.44377407,64.27050868,23.42447348,39.34408962,39.50647441,35.14342903,21.90483618,26.89755288
1272,58.4406563,64.27045831,23.42653011,39.34133504,39.58531981,35.15552107,21.90537616,26.98050601
1273,58.43795502,64.27028573,23.53666982,39.33788926,39.48152443,35.16450038,21.90963358,26.54500207
1274,58.43369162,64.26971509,23.38229517,39.33323528,39.34598511,35.09221775,21.89447235,26.06802157
1275,58.4240115,64.2684003,23.03248448,39.32750631,39.23181427,34.97803208,21.86922828,26.77312319
1276,58.41989175,64.26787725,23.15354262,39.32397815,39.35550303,35.05565313,21.86569771,26.69017005
1277,58.41698357,64.26738334,23.18094963,39.32058705,39.45126777,35.06052657,21.85812182,26.85607632
1278,58.41490952,64.26706365,23.35697497,39.31753653,39.50288295,35.11080411,21.85909732,27.0012443
1279,58.41443737,64.2670716,23.46281854,39.3146265,39.50692467,35.14169019,21.86333928,26.64869349
1280,58.40906414,64.26643027,23.2647457,39.31047777,39.39424745,35.08030414,21.85706419,26.48278723
1281,58.40282745,64.26561155,23.19632005,39.3062985,39.37952321,35.04798747,21.85177683,26.66943177
1282,58.39955371,64.26515612,23.23252206,39.30146776,39.21009416,35.02649208,21.84631238,25.96433015
1283,58.39176607,64.26415982,22.90406028,39.2959477,39.20395697,34.91501515,21.82281071,26.66943177
1284,58.39060753,64.26415157,23.0635033,39.29198135,39.26911574,34.97927981,21.81880192,26.44131066
1285,58.38447822,64.26319067,23.07464658,39.28745941,39.26434349,34.96559224,21.80859639,26.48278723
1286,58.38035716,64.26280297,23.07953608,39.28317283,39.28657107,34.95552121,21.80194328,26.46204894
1287,58.37622803,64.26222433,23.13763381,39.27903865,39.32321068,34.96890955,21.79522779,26.66943177
1288,58.37529664,64.26200276,23.20081581,39.27536657,39.3565726,34.98471373,21.79354847,26.81459975
1289,58.3719671,64.26135575,23.33891394,39.27209166,39.39528772,35.03727604,21.79753214,26.58647864
1290,58.36769415,64.26079541,23.22927267,39.26820531,39.36820925,34.98353934,21.78854588,26.66943177
1291,58.36403025,64.26015601,23.21722086,39.2640714,39.29051797,34.95409345,21.78644875,26.17171298
1292,58.35816888,64.25926397,23.03498743,39.2586907,39.17768633,34.89834064,21.77007737,26.52426379
1293,58.35356507,64.25867645,23.04338674,39.25392915,39.13206258,34.89490239,21.76517764,26.08875985
1294,58.34841198,64.25818137,22.88908281,39.24868359,39.14523161,34.83879844,21.74894355,26.17171298
1295,58.34367643,64.25732323,22.79561676,39.24326715,39.09414593,34.80152875,21.732029,26.25466611
1296,58.33740162,64.25638907,22.88919503,39.2388644,39.21372307,34.83269078,21.71755719,26.71090834
1297,58.3343146,64.25608812,23.05502903,39.23550834,39.31496922,34.90186413,21.71847723,26.66943177
1298,58.33100038,64.25550922,23.18152134,39.23207297,39.35366616,34.95519088,21.72046752,26.44131066
1299,58.32662187,64.25496069,23.11415018,39.22797285,39.31792087,34.91638803,21.71607179,26.58647864
1300,58.32250017,64.25447587,23.14212394,39.22416443,39.30935794,34.90607622,21.71382372,26.54500207
1301,58.31998173,64.25411817,23.16767217,39.22025674,39.29715501,34.90612113,21.71167756,26.52426379
1302,58.31652271,64.25377612,23.16871913,39.21644838,39.31031886,34.9255559,21.70870923,26.64869349
1303,58.3156465,64.25374646,23.20963242,39.21280669,39.30680912,34.94135373,21.70916612,26.46204894
1304,58.31415155,64.2535893,23.13837971,39.20920757,39.35632891,34.945554,21.70528115,26.62795521
1305,58.3134221,64.2536676,23.2349884,39.20637208,39.45884069,34.98391335,21.70594118,26.95976773
1306,58.31086234,64.2531971,23.3694623,39.20367376,39.4361608,35.01556997,21.71738254,26.56574036
1307,58.30577167,64.25256603,23.32770786,39.19947002,39.27709639,34.96326268,21.71760555,26.2754044
1308,58.3005827,64.25170966,23.17246296,39.19550049,39.31827844,34.92194242,21.70393007,26.64869349
1309,58.29721108,64.25107126,23.23268956,39.19215979,39.33988075,34.96529271,21.7050313,26.69017005
1310,58.29454089,64.25069032,23.23728546,39.18870567,39.3160503,34.98367786,21.70995039,26.60721692
1311,58.29216063,64.25046757,23.25833953,39.18565162,39.39190671,34.97325998,21.70679541,26.64869349
1312,58.2907905,64.25032447,23.32616981,39.18185457,39.28768021,34.95827328,21.707898,26.33761925
1313,58.28646896,64.24965399,23.20636636,39.17717669,39.17413477,34.88718221,21.69874991,26.21318955
1314,58.28054871,64.24884613,23.00255769,39.17241717,39.14051824,34.81840546,21.68719224,26.23392783
1315,58.27747672,64.24860548,22.92267915,39.16807832,39.18614695,34.79342011,21.67515759,26.54500207
1316,58.27432663,64.24815463,23.00815719,39.16435721,39.22212306,34.83058153,21.67488386,26.44131066
1317,58.27300034,64.24790276,23.01425591,39.16073815,39.27997383,34.85313989,21.66806402,26.62795521
1318,58.27080333,64.24777139,23.14926367,39.15711705,39.2531878,34.89703633,21.66902388,26.33761925
1319,58.2657124,64.2471241,23.01654382,39.15250617,39.14891609,34.84503592,21.66333342,26.17171298
1320,58.26093408,64.2465946,22.99378825,39.14753161,39.08208949,34.85207544,21.64926122,26.2754044
1321,58.25894942,64.24636852,22.87752144,39.14355087,39.18537362,34.80985175,21.63883501,26.79386147
1322,58.26293627,64.24672763,23.08351161,39.14012636,39.18244607,34.88446516,21.64522497,26.04728328
1323,58.25286518,64.24547166,22.88927887,39.13511841,39.11422698,34.78875203,21.62819446,26.37909581
1324,58.24866581,64.24480381,22.93850853,39.13060349,39.07457096,34.81330572,21.62359886,25.86063874
1325,58.24211363,64.24403587,22.71452268,39.12505451,39.01799893,34.72375794,21.60120783,26.39983409
1326,58.24175673,64.24416052,22.82099001,39.12117993,39.12494909,34.75984237,21.59698926,26.46204894
1327,58.23870478,64.24392863,22.94908037,39.11733346,39.15633886,34.81126586,21.59623437,26.21318955
1328,58.23437531,64.24327342,22.89761352,39.11316181,39.17738024,34.81471801,21.5864749,26.62795521
1329,58.23242807,64.2430693,23.05562082,39.11083928,39.37944665,34.86374287,21.59032803,26.89755288
1330,58.23301829,64.24322545,23.29618795,39.10878192,39.43985793,34.94047328,21.60243212,26.81459975
1331,58.23412085,64.2433344,23.31180241,39.10582816,39.33706402,34.92944024,21.61176144,26.48278723
1332,58.23266245,64.24298096,23.25918763,39.10262096,39.33485412,34.92412756,21.60854427,26.60721692
1333,58.22978633,64.24265814,23.24800877,39.09954649,39.32083386,34.93531784,21.61390532,26.64869349
1334,58.22958641,64.24266425,23.26431976,39.09680825,39.35533238,34.93802706,21.61801582,26.77312319
1335,58.23039481,64.24297799,23.29998748,39.09393101,39.31154904,34.9531364,21.62370999,26.54500207
1336,58.22554901,64.24243458,23.30209073,39.09098323,39.3393591,34.9387244,21.62709947,26.91829117
1337,58.22586257,64.24195911,23.37698901,39.08856061,39.33724999,34.93633409,21.64081156,26.37909581
1338,58.22158338,64.24113268,23.26148464,39.08444008,39.19564153,34.86224289,21.63557753,26.33761925
1339,58.2183275,64.24067321,23.10161952,39.08095496,39.24763779,34.80887466,21.62978425,26.46204894
1340,58.21549436,64.24036255,23.11688549,39.07670025,39.10542882,34.82547184,21.62846673,26.06802157
1341,58.21101752,64.23971953,22.89541489,39.07237559,39.13242294,34.76800835,21.61541959,26.66943177
1342,58.2116116,64.23964704,23.04261264,39.0698737,39.28217202,34.86781977,21.6177957,26.60721692
1343,58.209266,64.23948687,23.14953877,39.06690046,39.28420523,34.85463544,21.62259344,26.7523849
1344,58.2076436,64.23905833,23.2575623,39.06473445,39.37767939,34.9166316,21.62799186,26.69017005
1345,58.20477,64.23905659,23.23851524,39.06160904,39.2752237,34.87625274,21.63325333,26.17171298
1346,58.20248427,64.23905633,23.05757485,39.05778466,39.24810802,34.79946778,21.62250179,26.79386147
1347,58.20253637,64.2391672,23.20146954,39.05533315,39.29499329,34.86671549,21.63253142,26.35835753
1348,58.20030902,64.23876466,23.07834085,39.05143244,39.1879383,34.83848371,21.63036567,26.44131066
1349,58.19570894,64.23813859,23.11702849,39.04836489,39.25307021,34.84274362,21.62927546,26.56574036
1350,58.1899851,64.23748128,23.21760388,39.04538924,39.26095226,34.86855431,21.63289215,26.83533803
1351,58.18953013,64.2375116,23.39685086,39.04339678,39.35647834,34.95492041,21.64138764,26.73164662
1352,58.18981422,64.23759912,23.38798881,39.04091107,39.34206067,34.91957113,21.64526909,26.56574036
1353,58.18488063,64.23689007,23.3072968,39.03772954,39.26106159,34.89332821,21.64384042,26.69017005
1354,58.18239678,64.2363502,23.32973889,39.03466164,39.208162,34.89685042,21.65226775,26.42057238
1355,58.17961993,64.23599156,23.19305874,39.03085175,39.12987861,34.83880084,21.64888803,26.10949813
1356,58.1729477,64.23508744,22.97229919,39.02642783,39.07275843,34.73826293,21.63270563,26.29614268
1357,58.16964921,64.23464124,23.04227658,39.02258371,39.0925012,34.77074801,21.62491162,26.52426379
1358,58.16738667,64.23418953,23.09347677,39.01962099,39.18351953,34.77579568,21.62680694,26.25466611
1359,58.16352061,64.23380999,23.01828662,39.01610789,39.20071485,34.75911567,21.61819837,26.83533803
1360,58.16366283,64.2337508,23.17816146,39.01395857,39.27681782,34.84207307,21.62511951,26.54500207
1361,58.16131655,64.2335552,23.26105134,39.01110205,39.26840763,34.85756863,21.62593292,26.48278723
1362,58.16059316,64.23354592,23.21891853,39.00815957,39.26342377,34.8285027,21.62255914,26.58647864
1363,58.1576086,64.23312473,23.24826271,39.00494261,39.18506531,34.83712746,21.62415804,26.39983409
1364,58.15395402,64.23261583,23.18837356,39.00150094,39.16053849,34.81631564,21.61847349,26.31688096
1365,58.15109066,64.23225308,23.14830211,38.99805357,39.16883713,34.79207036,21.60705041,26.71090834
1366,58.15090359,64.23220594,23.28416372,38.99560348,39.22914039,34.83700606,21.61467259,26.33761925
1367,58.14735895,64.23184288,23.17837644,38.99213712,39.18457353,34.79973669,21.61150292,26.37909581
1368,58.14496741,64.23153735,23.12592599,38.98855481,39.13112476,34.77467081,21.6091433,26.21318955
1369,58.13940667,64.23064897,23.01559883,38.98415014,39.01084333,34.71614667,21.60185961,26.10949813
1370,58.13333057,64.22963942,22.94260188,38.98007799,39.03912672,34.69809372,21.59034057,26.44131066
1371,58.1333507,64.22975577,23.09081763,38.97648824,39.04042108,34.76666881,21.59066936,26.13023642
1372,58.13008562,64.22936149,23.01388172,38.97180444,38.93727652,34.72026523,21.58140418,25.79842389
1373,58.12559123,64.22865404,22.82246943,38.96661775,38.89307415,34.65548918,21.55955723,26.17171298
1374,58.12158122,64.22796128,22.85149764,38.96245282,38.93943845,34.66436047,21.54887184,26.06802157
1375,58.11760136,64.227446,22.81237807,38.95826386,38.97973034,34.69800604,21.53667123,26.37909581
1376,58.1147417,64.22699172,22.97882895,38.95473072,39.0217129,34.72655713,21.5353633,26.04728328
1377,58.11220869,64.226402,22.88956078,38.95068863,39.03985143,34.67126911,21.52166762,26.56574036
1378,58.11067068,64.22597613,23.01870743,38.94813626,39.1538234,34.74457577,21.5262277,26.37909581
1379,58.10710562,64.2258145,22.99334552,38.94460305,39.08695312,34.72001811,21.52411557,26.23392783
1380,58.10465084,64.22529049,22.91999105,38.94066553,39.0249541,34.71437313,21.51845462,26.10949813
1381,58.09824889,64.22436499,22.85613025,38.93736862,39.1351816,34.71540155,21.51115401,26.73164662
1382,58.09929295,64.22424594,23.09684473,38.93540146,39.23654895,34.77996553,21.5181882,26.48278723
1383,58.09943496,64.22430366,23.10738492,38.93260464,39.20747606,34.77907172,21.52186749,26.31688096
1384,58.0948116,64.22389301,22.98020231,38.92941813,39.17136517,34.75818467,21.51736628,26.60721692
1385,58.09276287,64.22351089,23.19216991,38.92721846,39.24214881,34.83428156,21.52470788,26.39983409
1386,58.09111339,64.22345248,23.14638725,38.92366014,39.09834346,34.80547267,21.52579933,26.026545
1387,58.08570433,64.22253902,22.93035103,38.92000142,39.11359388,34.72757138,21.51493916,26.44131066
1388,58.08298765,64.22244536,22.98579947,38.91675119,39.07480789,34.71845076,21.51574629,26.08875985
1389,58.07928227,64.22195454,22.94050918,38.91306228,39.07560209,34.67862445,21.50634692,26.48278723
1390,58.07909443,64.22204659,23.05807138,38.91060312,39.17309747,34.74222536,21.50869147,26.42057238
1391,58.07850776,64.22180459,23.06373894,38.90720548,39.07382674,34.70952239,21.50811663,26.31688096
1392,58.07539762,64.22144399,23.04619428,38.90458351,39.18361151,34.73897805,21.50680877,26.79386147
1393,58.07260429,64.22105802,23.23358559,38.90274092,39.23388768,34.77113299,21.51771578,26.29614268
1394,58.06783279,64.22065801,23.06850662,38.8991885,39.10219205,34.72174489,21.51106125,26.33761925
1395,58.06432735,64.22008974,23.08840452,38.89581545,39.05925613,34.7038398,21.50734974,26.29614268
1396,58.06186326,64.21980206,23.04679821,38.89272742,39.0937241,34.69573857,21.49999849,26.44131066
1397,58.05969836,64.21950222,23.08964208,38.88958128,39.05966696,34.71010046,21.4975012,26.08875985
1398,58.05444386,64.2190431,22.99951818,38.88596711,39.05657021,34.6875488,21.48731539,26.64869349
1399,58.05685938,64.21946035,23.15014309,38.88416258,39.20508293,34.75824952,21.49250548,26.71090834
1400,58.05587471,64.21932718,23.27192653,38.88224255,39.23337258,34.80610047,21.50377608,26.46204894
1401,58.05398617,64.2191954,23.21183421,38.87890414,39.07444416,34.79177794,21.50628774,26.10949813
1402,58.04931256,64.21868829,23.02413278,38.87579178,39.13394715,34.74311346,21.50009722,26.62795521
1403,58.04860682,64.21857776,23.20257491,38.87381206,39.20869274,34.82233511,21.50578453,26.29614268
1404,58.04469781,64.21798479,23.10439612,38.87043691,39.09430698,34.74531471,21.50438831,26.23392783
1405,58.04269591,64.21772549,23.05691619,38.86710691,39.06439798,34.73634623,21.50248826,26.29614268
1406,58.03877053,64.21722351,23.0743589,38.86399402,39.06831526,34.71679075,21.50135872,26.35835753
1407,58.03493807,64.21678569,23.06238346,38.86122069,39.10701557,34.7303308,21.50055083,26.35835753
1408,58.0326368,64.21672099,23.00424228,38.858086,39.06211286,34.66850039,21.49883934,26.33761925
1409,58.0288118,64.21612559,23.01568536,38.85536073,39.11268518,34.69499061,21.4964828,26.42057238
1410,58.02947075,64.21619106,23.09131649,38.85267589,39.11754582,34.69285731,21.49673739,26.46204894
1411,58.02630612,64.21597141,23.19169488,38.85075583,39.23362847,34.75532433,21.49993552,26.7523849
1412,58.02524535,64.21584035,23.35286068,38.84900257,39.23210816,34.8024808,21.51377047,26.48278723
1413,58.02309675,64.2154885,23.25226385,38.84647083,39.17157002,34.76777249,21.51427348,26.2754044
1414,58.01910726,64.21486811,23.15572018,38.84340865,39.10956615,34.7288017,21.51212272,26.35835753
1415,58.01581764,64.21432706,23.11514747,38.84056616,39.09480447,34.70214372,21.50941893,26.39983409
1416,58.01241729,64.21387155,23.12199174,38.83792916,39.10876618,34.70619192,21.50762193,26.33761925
1417,58.00979226,64.21354693,23.06618546,38.83471658,39.03227179,34.67954492,21.50758983,26.23392783
1418,58.00489222,64.21296103,22.9901009,38.83127002,38.98430915,34.66858623,21.50434766,26.19245127
1419,58.0025677,64.2128239,22.95798746,38.82804189,39.00821875,34.6523767,21.50182951,26.39983409
1420,58.00159331,64.2126797,23.02083641,38.82530832,39.04487966,34.67233843,21.50385255,26.44131066
1421,57.99993513,64.21244256,23.14021144,38.82231578,39.00394365,34.70115818,21.50351356,25.88137702
1422,57.99342627,64.21163029,22.84638753,38.81791095,38.89741859,34.60266249,21.48707019,25.98506844
1423,57.99116913,64.21128545,22.79872843,38.81403807,38.90695213,34.56202229,21.47367424,26.23392783
1424,57.9897837,64.21132322,22.84410492,38.8107415,38.936628,34.61959814,21.469466,26.13023642
1425,57.98365709,64.21045984,22.8137879,38.80712482,38.92151831,34.60594403,21.4616437,26.17171298
1426,57.98028233,64.20993901,22.85162699,38.80410975,39.00110709,34.59665998,21.45506293,26.62795521
1427,57.9810172,64.21009562,23.0415831,38.80250698,39.14786068,34.69190505,21.46200332,26.44131066
1428,57.97890551,64.20985776,23.05665509,38.79972274,39.0628899,34.69052537,21.46461285,26.33761925
1429,57.9763077,64.20961232,23.07812356,38.79672012,39.01363992,34.68505064,21.46266926,26.026545
1430,57.97230868,64.20898453,22.98678694,38.79288852,38.93460217,34.62315304,21.45252803,26.13023642
1431,57.96874636,64.20873283,22.95229113,38.78984652,39.00150252,34.64877754,21.44524955,26.37909581
1432,57.96853814,64.20849154,23.01019423,38.78755925,39.08774497,34.66918164,21.44536891,26.56574036
1433,57.96835851,64.20867068,23.17146619,38.78576267,39.1544942,34.73653894,21.45364593,26.46204894
1434,57.96696637,64.20848444,23.16380706,38.78373183,39.17102775,34.73308829,21.45836547,26.50352551
1435,57.9670241,64.20854556,23.16175347,38.78124557,39.08943455,34.68929127,21.46028376,26.23392783
1436,57.96280845,64.20791897,23.13958095,38.77892536,39.15146814,34.6957828,21.45982931,26.60721692
1437,57.96273015,64.20802214,23.25099886,38.77697022,39.13822648,34.72668136,21.46737476,26.37909581
1438,57.96073586,64.20766514,23.16789898,38.77488035,39.16828744,34.69213211,21.46966134,26.48278723
1439,57.9575788,64.20727866,23.161076,38.7719996,39.0201661,34.68721547,21.47368569,25.79842389
1440,57.95308966,64.20683862,22.90787981,38.768211,38.984387,34.62203451,21.45628743,26.23392783
1441,57.95072046,64.20672806,22.94050122,38.76481206,38.91492512,34.6130676,21.4556729,26.026545
1442,57.94758791,64.20644033,22.86585399,38.76165272,38.97645597,34.58731774,21.44686616,26.33761925
1443,57.94630354,64.20642443,22.93579646,38.75912034,39.01993285,34.63047808,21.44909965,26.35835753
1444,57.94452424,64.20637794,22.98709269,38.75659808,39.03276469,34.65441378,21.45052432,26.13023642
1445,57.9408825,64.20580417,22.85583921,38.75341717,38.98736313,34.59414839,21.44506894,26.17171298
1446,57.93579688,64.20517585,22.83544509,38.74949812,38.83095201,34.58908894,21.4420493,25.83990046
1447,57.93047062,64.20459309,22.77887532,38.74580058,38.88335391,34.58475322,21.42867074,26.42057238
1448,57.92769202,64.20422985,22.89998375,38.74358076,38.99604836,34.64877011,21.43145427,26.33761925
1449,57.92587859,64.20403064,23.00283616,38.74123462,39.04334223,34.64664576,21.43141681,26.69017005
1450,57.92605761,64.20426527,23.20215421,38.73993543,39.14307752,34.73782155,21.4440277,26.48278723
1451,57.92487354,64.20417296,23.15682965,38.73791959,39.12067958,34.71301222,21.44928007,26.19245127
1452,57.92230037,64.20367892,23.08522899,38.73535965,39.09597287,34.68323586,21.44708808,26.60721692
1453,57.92153434,64.20358276,23.22518114,38.73349479,39.08825762,34.71366076,21.45377166,26.1509747
1454,57.91779187,64.20318145,23.10537565,38.73024813,38.97413137,34.65236635,21.44481282,26.04728328
1455,57.91346622,64.20266706,22.95117694,38.72707245,38.95982612,34.60055349,21.43517781,26.46204894
1456,57.91422205,64.20269348,22.98201026,38.72458422,38.95582328,34.61905653,21.43911186,26.06802157
1457,57.90967006,64.20222255,22.91112929,38.7215664,38.96898898,34.60141889,21.43185196,26.46204894
1458,57.91164471,64.20243493,23.00638216,38.71949648,39.02703031,34.65934044,21.43445766,26.31688096
1459,57.91054577,64.20246061,23.02929175,38.71696859,39.01251481,34.66193996,21.43628451,26.1509747
1460,57.90692491,64.20202653,22.9044849,38.71394341,38.96578265,34.61830807,21.43210744,26.04728328
1461,57.90409493,64.20157831,22.83020488,38.71105726,38.99267453,34.57995723,21.4247834,26.46204894
1462,57.903993,64.20145595,23.02499786,38.70962627,39.13419815,34.63253352,21.42630372,26.77312319
1463,57.90630525,64.20173216,23.2309742,38.70803082,39.08383271,34.70335495,21.43827974,26.04728328
1464,57.90279044,64.20118395,23.03057814,38.70501939,39.01698025,34.60097337,21.42912105,26.42057238
1465,57.90280082,64.20105201,23.12212846,38.70290595,39.03447481,34.63473104,21.43420701,26.19245127
1466,57.89946838,64.20065336,23.05602354,38.69993808,38.95893931,34.60822869,21.42830076,26.17171298
1467,57.89658658,64.20006582,22.99916319,38.69723443,38.97467769,34.59504743,21.42421663,26.026545
1468,57.89094017,64.1994335,22.88084964,38.69402479,38.93285085,34.55380578,21.41726105,26.21318955
1469,57.88746337,64.19906486,22.92706618,38.69133286,38.94807357,34.57620882,21.4156659,26.2754044
1470,57.88625292,64.19916857,23.00131583,38.68917379,39.02477204,34.62883118,21.41376996,26.42057238
1471,57.88650903,64.19931033,23.03732356,38.68694471,39.00574746,34.62196351,21.42016288,26.1509747
1472,57.88472574,64.19896172,23.03246823,38.68456776,39.04314819,34.6047482,21.41641915,26.52426379
1473,57.88363379,64.19894912,23.09551709,38.68264627,39.03406283,34.61833642,21.42297174,26.04728328
1474,57.88030578,64.19857871,23.01039618,38.67955541,38.95947843,34.58958345,21.41739735,26.19245127
1475,57.87921431,64.19850074,22.98327254,38.6769832,38.97278871,34.55692289,21.41702851,26.31688096
1476,57.8767627,64.19812409,23.06756659,38.67422223,38.91249367,34.59009066,21.41711462,26.00580672
1477,57.87367634,64.19784011,22.893224,38.67128351,38.93492369,34.56809302,21.41172592,26.23392783
1478,57.87075579,64.19757814,22.91798891,38.66839604,38.88973784,34.55603666,21.4121432,26.17171298
1479,57.86801641,64.19737787,22.94225185,38.66634805,39.02491721,34.55447234,21.40946165,26.50352551
1480,57.86779192,64.19760681,23.08254735,38.66462898,39.04881703,34.62535247,21.41633478,26.29614268
1481,57.86691258,64.19747215,23.07424602,38.66214481,38.98700817,34.59395041,21.41725399,26.026545
1482,57.86384304,64.19718823,22.91349977,38.658795,38.88265788,34.53504209,21.41316051,26.13023642
1483,57.86091994,64.19694737,22.91337672,38.6557974,38.86426401,34.51581819,21.41154511,26.06802157
1484,57.85795837,64.1964629,22.88132413,38.65288376,38.88562086,34.49536405,21.40123972,26.19245127
1485,57.8565826,64.19621329,22.92019005,38.65045155,38.93876079,34.51564079,21.39879917,26.13023642
1486,57.85349119,64.19586192,22.90406641,38.64745626,38.88369346,34.52670075,21.39547571,25.71547076
1487,57.84956001,64.19515843,22.67077743,38.64254006,38.64742062,34.42923472,21.38071139,25.46661136
1488,57.84354026,64.19429884,22.49847532,38.63771359,38.62014922,34.38399378,21.35949753,25.98506844
1489,57.84174538,64.19406625,22.57527299,38.63477169,38.78024393,34.4172013,21.35060896,26.10949813
1490,57.83854273,64.19365237,22.65270813,38.63231626,38.89545582,34.44531219,21.34882611,26.1509747
1491,57.83587327,64.19344932,22.7390737,38.62950308,38.87319531,34.47512117,21.34801957,25.92285359
1492,57.8341909,64.19328707,22.72849922,38.62648156,38.88657874,34.47758869,21.33829328,26.21318955
1493,57.83130925,64.19303443,22.89757603,38.62352403,38.82258323,34.52477644,21.34109032,25.96433015
1494,57.82916033,64.19272464,22.80554249,38.6205685,38.85993973,34.46944549,21.33506192,26.06802157
1495,57.827707,64.19259439,22.82553028,38.61782026,38.88083005,34.49907606,21.3308088,26.10949813
1496,57.82606068,64.1923273,22.79174778,38.61540443,38.9299877,34.51897351,21.33309245,26.2754044
1497,57.82428038,64.19208092,22.87806243,38.61299674,38.90686435,34.52022059,21.33451579,26.10949813
1498,57.82431489,64.19218158,22.85532658,38.61022186,38.8775951,34.49762705,21.33442444,26.00580672
1499,57.82283452,64.19176597,22.829096,38.60727405,38.86071467,34.48726947,21.33125045,26.1509747
1500,57.82107848,64.19133949,22.90958775,38.60496703,38.91958871,34.52248741,21.33308513,26.026545
1501,57.81945988,64.19102124,22.77482407,38.60143942,38.7722892,34.47627495,21.32896348,25.46661136
1502,57.81218959,64.19011733,22.53602047,38.59713276,38.72369905,34.39722773,21.30926652,26.17171298
1503,57.81041151,64.18991421,22.69630227,38.5947685,38.83512441,34.42839276,21.30821903,25.96433015
1504,57.80909376,64.18963617,22.74737613,38.59145935,38.77998128,34.42457956,21.30321075,25.79842389
1505,57.80637769,64.18945413,22.71508657,38.58776953,38.73184222,34.40235269,21.29196819,26.04728328
1506,57.8066573,64.18932375,22.76792157,38.58523088,38.83479614,34.44069511,21.28732865,26.46204894
1507,57.80473854,64.1890953,22.9371517,38.5840142,38.9868718,34.51702409,21.29673721,26.23392783
1508,57.80261713,64.18894235,22.98262417,38.58164381,38.92069883,34.54392062,21.30037186,26.06802157
1509,57.79993683,64.18872296,22.92599753,38.57953816,38.97797632,34.50917682,21.29867852,26.54500207
1510,57.80104192,64.18898762,23.08302989,38.57792587,38.95593114,34.57456758,21.30863694,25.79842389
1511,57.79796806,64.18871914,22.87300683,38.57455321,38.85127931,34.4982749,21.2982645,26.00580672
1512,57.7955947,64.18849768,22.83789131,38.57157851,38.81401534,34.46417253,21.29330404,26.04728328
1513,57.79316891,64.1880035,22.86041498,38.56919832,38.88327749,34.47913469,21.29269911,26.19245127
1514,57.79276719,64.1880532,22.94181853,38.56654367,38.82841346,34.49567506,21.2929147,25.98506844
1515,57.7916175,64.18793719,22.91378979,38.56382042,38.84503178,34.48772348,21.28709395,26.10949813
1516,57.78995411,64.1877022,22.95373238,38.5613493,38.85828428,34.50843395,21.28486013,26.06802157
1517,57.78828457,64.18732591,22.93680902,38.55893672,38.88206358,34.51437938,21.28228655,26.37909581
1518,57.78743016,64.18739808,23.03766076,38.55754685,38.97923479,34.54538642,21.29122581,26.10949813
1519,57.78429962,64.18715912,22.96665592,38.5550794,38.91366579,34.51232117,21.29328507,26.37909581
1520,57.78377203,64.18702415,23.12465435,38.55345878,38.95164569,34.57324226,21.30200486,26.10949813
1521,57.78198977,64.18668115,22.99726367,38.55083017,38.86999397,34.52065229,21.30329188,25.92285359
1522,57.77819724,64.1861581,22.86470803,38.54792868,38.83553566,34.46683726,21.30039337,26.17171298
1523,57.77587138,64.18602367,22.81961562,38.54549426,38.82934598,34.46505519,21.30283398,26.00580672
1524,57.77241907,64.1854418,22.79231821,38.54308043,38.87178464,34.4697484,21.2992063,26.13023642
1525,57.77171846,64.18539104,22.90061246,38.54105639,38.91968262,34.49102289,21.29856077,26.2754044
1526,57.77126751,64.1853228,22.95744016,38.53855741,38.81987045,34.49613638,21.30453337,25.83990046
1527,57.76836037,64.18483789,22.8539711,38.53557895,38.81092347,34.44563376,21.29473217,26.1509747
1528,57.76777365,64.18480752,22.90317646,38.5334405,38.8610974,34.46267133,21.29476831,26.08875985
1529,57.76378163,64.18450119,22.89012551,38.53112058,38.86821686,34.45300479,21.29411795,26.17171298
1530,57.76358416,64.18449998,22.9103711,38.52871215,38.83209005,34.4812105,21.29735507,26.026545
1531,57.76128643,64.18401946,22.92275298,38.52642665,38.87293685,34.49910578,21.29651767,26.1509747
1532,57.75879137,64.18368097,22.92626492,38.5243821,38.89456219,34.50917943,21.29836052,26.54500207
1533,57.75943097,64.18392588,23.12828217,38.52350824,38.99492034,34.58135531,21.31057511,26.04728328
1534,57.75508985,64.18323045,22.97648637,38.5209411,38.8873633,34.49976801,21.30945997,26.08875985
1535,57.75236386,64.1828941,22.86283468,38.51874409,38.88778255,34.4615582,21.30698864,26.10949813
1536,57.7500095,64.1825515,22.86561584,38.51671662,38.90880926,34.47688566,21.30374668,26.04728328
1537,57.7463121,64.18189692,22.87695041,38.51438911,38.88428716,34.47626204,21.29931171,26.00580672
1538,57.74498964,64.18151914,22.79008688,38.51177582,38.83340378,34.42846223,21.29847882,26.13023642
1539,57.7431006,64.18138553,22.80963314,38.50945749,38.82497873,34.44449602,21.30037997,25.94359187
1540,57.73827435,64.18076004,22.81415329,38.50642442,38.74977874,34.42458408,21.29566124,26.00580672
1541,57.73553281,64.18035627,22.80126586,38.50357513,38.73019883,34.42237684,21.29401303,25.75694732
1542,57.73143513,64.17987805,22.70912846,38.50012526,38.68402261,34.37417338,21.28218964,26.00580672
1543,57.73010891,64.17977901,22.72226568,38.49731882,38.70245842,34.37248804,21.27964184,25.9021153
1544,57.7273207,64.17946994,22.65612216,38.49464271,38.75730823,34.36023172,21.27412777,25.9021153
1545,57.72639783,64.17945513,22.62094545,38.49156562,38.71220096,34.34926333,21.26677242,25.98506844
1546,57.72494999,64.1793805,22.66057482,38.48864213,38.69423321,34.32868136,21.26414324,25.67399419
1547,57.71950969,64.17860144,22.58794068,38.48532151,38.69937977,34.33899626,21.25216147,26.23392783
1548,57.7189452,64.1783896,22.73052706,38.48370308,38.83319677,34.40275214,21.25426019,26.08875985
1549,57.71690311,64.1782629,22.82147079,38.48153773,38.83860441,34.41826176,21.25525343,25.81916217
1550,57.71333422,64.17793353,22.74299685,38.47864166,38.78777793,34.39139058,21.24904885,26.08875985
1551,57.71362995,64.17808898,22.85827643,38.47649164,38.81478025,34.41825567,21.25109405,25.92285359
1552,57.71110825,64.17773234,22.80166933,38.47387816,38.79311228,34.3806055,21.24460071,25.98506844
1553,57.70830226,64.17746037,22.81018292,38.47183311,38.85991828,34.38656486,21.24490562,26.10949813
1554,57.70866712,64.1775311,22.88170965,38.46988978,38.87029797,34.42422074,21.24830388,26.33761925
1555,57.71152313,64.17794343,23.04967677,38.46819725,38.8538084,34.47667448,21.25664003,26.10949813
1556,57.7094165,64.1776791,23.03770332,38.46617299,38.85051728,34.47712331,21.2580748,25.9021153
1557,57.70623973,64.17724776,22.87674284,38.46348466,38.79237425,34.41358098,21.25336977,26.06802157
1558,57.70710687,64.17733082,22.88948163,38.46138324,38.81711169,34.41445909,21.2572556,25.92285359
1559,57.70529096,64.17703581,22.80969472,38.45856139,38.74463818,34.39263092,21.2537707,26.06802157
1560,57.70389922,64.17683662,22.85728886,38.45666186,38.82566443,34.41088603,21.25088951,26.31688096
1561,57.70224351,64.17671437,22.96395377,38.45556696,38.9271495,34.47233948,21.25840028,26.2754044
1562,57.70177021,64.17648922,22.98533044,38.45391965,38.89052383,34.47614781,21.26291336,26.08875985
1563,57.6999366,64.17635603,22.90365099,38.45204994,38.88580629,34.44085906,21.26535016,26.026545
1564,57.69847114,64.1759035,22.89586958,38.44958582,38.79904634,34.43900383,21.26094995,25.92285359
1565,57.69788058,64.17571528,22.76509756,38.44670464,38.71666939,34.37521835,21.25694611,25.61177934
1566,57.69488848,64.17536062,22.63016142,38.44311952,38.64362995,34.32875143,21.24401238,25.79842389
1567,57.69205485,64.17500794,22.67095653,38.44060144,38.73590594,34.32811594,21.23843581,26.06802157
1568,57.69069148,64.17474759,22.78127662,38.43791596,38.67480106,34.37548661,21.23706893,25.63251763
1569,57.68641755,64.17433339,22.65545387,38.43451506,38.64434145,34.30728096,21.22470278,25.81916217
1570,57.68470466,64.17404825,22.64899455,38.43194151,38.7148814,34.3198761,21.2211129,26.04728328
1571,57.68393724,64.17393141,22.69453861,38.42979449,38.75361142,34.35214034,21.22179305,26.19245127
1572,57.68396668,64.17397073,22.84252911,38.42776394,38.74793043,34.38895635,21.22882737,25.77768561
1573,57.6815284,64.17377241,22.76211594,38.42491695,38.71805351,34.35369891,21.22329125,26.00580672
1574,57.68034796,64.17351102,22.74971429,38.42283335,38.77011052,34.36107138,21.22099711,25.92285359
1575,57.6803918,64.17342565,22.68968046,38.42055037,38.77907557,34.36491955,21.21616014,26.13023642
1576,57.68073509,64.17356178,22.78562529,38.41922063,38.88650197,34.40885311,21.21912035,26.39983409
1577,57.68131285,64.17359485,22.97073018,38.41869499,38.99446122,34.47825304,21.22794035,26.13023642
1578,57.68091286,64.17351575,22.98553382,38.41681352,38.88652259,34.44803775,21.23039203,26.17171298
1579,57.68129232,64.17367289,23.0272148,38.41505598,38.84815475,34.45968311,21.23484503,25.86063874
1580,57.67834256,64.17319155,22.84976474,38.41250572,38.77956503,34.38821387,21.22863753,25.77768561
1581,57.67634113,64.1728449,22.71241474,38.40932724,38.66477921,34.33929042,21.22154494,25.71547076
1582,57.67291512,64.17225899,22.5922936,38.40604283,38.61044645,34.3208719,21.21366521,25.79842389
1583,57.67046782,64.17197595,22.55783318,38.40354268,38.69203212,34.32365956,21.20769026,26.1509747
1584,57.67182295,64.1721287,22.7358205,38.40141351,38.694784,34.36024622,21.20907649,25.75694732
1585,57.66798807,64.17155538,22.74623904,38.39898883,38.74851176,34.37650397,21.20110676,26.19245127
1586,57.66705578,64.17147053,22.84571263,38.39761786,38.82988605,34.39585623,21.20867607,26.23392783
1587,57.66898482,64.17175572,22.88536687,38.39643501,38.88354509,34.41036158,21.21450199,26.19245127
1588,57.66849783,64.17175297,22.94721396,38.39465148,38.81704434,34.39096066,21.21911228,25.83990046
1589,57.66660443,64.17141346,22.7758199,38.3923344,38.79092506,34.36395116,21.21327657,26.00580672
1590,57.66427252,64.17102089,22.82070976,38.38991075,38.71530848,34.3595643,21.21537932,25.40439652
1591,57.65889073,64.17024154,22.5043507,38.38594555,38.58366342,34.25116651,21.19999057,25.81916217
1592,57.65654906,64.16988756,22.54344188,38.38327246,38.62885949,34.27601543,21.1942774,25.81916217
1593,57.6543385,64.16957699,22.6402995,38.38140046,38.77896378,34.31575538,21.18782639,26.1509747
1594,57.65490207,64.16973513,22.78367285,38.37965547,38.77468644,34.36413985,21.19419444,25.9021153
1595,57.65231641,64.16931014,22.70415754,38.37775752,38.81221762,34.32632838,21.18982518,25.96433015
1596,57.65036898,64.16911393,22.77599441,38.37577809,38.79648582,34.36075143,21.18790083,25.86063874
1597,57.64769134,64.1688936,22.77506206,38.37313703,38.70586938,34.3451223,21.18479795,25.88137702
1598,57.64604468,64.16879542,22.74547745,38.37076118,38.70313991,34.31215744,21.17917667,25.81916217
1599,57.64517257,64.16859007,22.62693627,38.36758308,38.58180693,34.25554674,21.1770104,25.25922854
1600,57.64035282,64.16779127,22.44362145,38.3633688,38.50361312,34.18637543,21.15660136,25.86063874
1601,57.63757702,64.16743339,22.53223271,38.36106597,38.62306328,34.27361959,21.15484021,26.00580672
1602,57.63563665,64.16725861,22.68791101,38.35934052,38.7331756,34.3169198,21.15595391,25.96433015
1603,57.63507324,64.16736761,22.7332386,38.35651344,38.60666599,34.29690349,21.15494226,25.34218167
1604,57.62924222,64.16655515,22.46927039,38.35287339,38.57799325,34.21301415,21.13528107,25.98506844
1605,57.62953557,64.16662997,22.6010394,38.3512902,38.73484547,34.26911034,21.13333849,26.08875985
1606,57.62868179,64.16658097,22.74282417,38.34977691,38.78592152,34.33786327,21.14007302,26.33761925
1607,57.63046883,64.16697805,22.95220228,38.34862176,38.79928151,34.40695139,21.15570342,25.77768561
1608,57.62834198,64.16666954,22.8345341,38.34631217,38.76064301,34.35319029,21.15031192,26.026545
1609,57.62910721,64.16699308,22.87178179,38.34419199,38.70844195,34.36804235,21.15469497,25.69473248
1610,57.62549494,64.16658621,22.7043196,38.34144635,38.66860189,34.31131764,21.14613329,25.59104106
1611,57.62120648,64.16599839,22.6517043,38.3385333,38.6475008,34.28786714,21.13743856,25.71547076
1612,57.61901098,64.16585808,22.6308962,38.33573811,38.62286294,34.30478792,21.13233462,25.50808793
1613,57.61435329,64.16507378,22.52761257,38.33222039,38.54373332,34.23867874,21.12572226,25.86063874
1614,57.61375948,64.16504767,22.62428897,38.32991199,38.61326762,34.2828272,21.12420416,25.94359187
1615,57.61112007,64.16459986,22.68848429,38.32829072,38.73333968,34.29294299,21.12802342,26.08875985
1616,57.61031145,64.16460271,22.85132911,38.32670599,38.75166585,34.32646903,21.13478192,25.94359187
1617,57.60934565,64.16441421,22.84803186,38.32440379,38.67720529,34.32661451,21.13692343,25.63251763
1618,57.60570371,64.16382637,22.68955946,38.32116775,38.57008844,34.26375058,21.12859263,25.5495645
1619,57.60192693,64.1634674,22.57059686,38.31857492,38.64915565,34.24374927,21.11785562,26.10949813
1620,57.60048697,64.16331758,22.74958118,38.31732778,38.75772524,34.30256975,21.1223806,26.23392783
1621,57.59927047,64.16311951,22.92035756,38.31657701,38.85337932,34.39538622,21.13276775,26.1509747
1622,57.5982009,64.16306249,22.92722377,38.31531403,38.83136837,34.37814119,21.13848603,25.83990046
1623,57.59672743,64.16288251,22.80011816,38.31268405,38.67492258,34.31592981,21.1345382,25.4251348
1624,57.59213097,64.16219533,22.59386288,38.30869783,38.48799018,34.22011056,21.116741,25.4251348
1625,57.58912043,64.16166586,22.43893669,38.30533277,38.50684763,34.18402376,21.10225739,25.79842389
1626,57.5882887,64.16151899,22.55421077,38.30272383,38.53995573,34.20447079,21.09956447,25.71547076
1627,57.58611049,64.16107328,22.56752586,38.29958514,38.48576064,34.19836584,21.09574218,25.32144338
1628,57.57972074,64.16005735,22.37742089,38.29614498,38.51359746,34.16101864,21.07688952,25.83990046
1629,57.57769675,64.15990464,22.48989815,38.29377085,38.56272464,34.20820144,21.07604597,25.71547076
1630,57.57576527,64.1596162,22.59838263,38.29133675,38.60433138,34.20654259,21.07391593,25.69473248
1631,57.57508533,64.15956125,22.58829193,38.28894837,38.63291214,34.20982135,21.07151136,25.88137702
1632,57.57446806,64.15945994,22.69961614,38.28697384,38.66341065,34.27434607,21.07243379,25.67399419
1633,57.57350174,64.1593204,22.62740042,38.28437642,38.62680438,34.24656184,21.06587777,25.94359187
1634,57.57355174,64.15938535,22.74542882,38.28260738,38.67386628,34.29232758,21.06686607,25.94359187
1635,57.57324248,64.15930195,22.74562784,38.28061613,38.65609691,34.29245659,21.06999543,25.61177934
1636,57.57129729,64.15897476,22.62243449,38.27781395,38.59892088,34.22698683,21.06306179,25.94359187
1637,57.57038484,64.15885001,22.6771225,38.27569644,38.59758502,34.21089279,21.06662468,25.94359187
1638,57.56893341,64.15855484,22.74284349,38.27414676,38.68856126,34.21987582,21.06812671,25.92285359
1639,57.5684226,64.15847959,22.78670699,38.2724593,38.70959349,34.26822052,21.06996844,25.86063874
1640,57.56845205,64.15847981,22.725963,38.2697105,38.55856412,34.23145857,21.07139981,25.73620904
1641,57.56529755,64.15806387,22.65613652,38.26758298,38.62652723,34.22957859,21.06737344,25.83990046
1642,57.56410633,64.158012,22.64889092,38.26583807,38.69064122,34.21741507,21.07011457,26.04728328
1643,57.56370362,64.15783283,22.73398433,38.26442855,38.71768519,34.25657035,21.0757954,25.81916217
1644,57.56229965,64.15774916,22.70814118,38.26250788,38.70332993,34.25981857,21.07692408,25.92285359
1645,57.56174994,64.15772331,22.79420845,38.26030458,38.62073951,34.29068255,21.07749154,25.9021153
1646,57.56059416,64.1575974,22.76551173,38.25835577,38.63150901,34.28604444,21.0789556,25.59104106
1647,57.55782602,64.15732956,22.67599036,38.25587244,38.62884066,34.24078352,21.072445,25.73620904
1648,57.5560997,64.1572428,22.66185589,38.25349419,38.60485809,34.23812325,21.06807228,25.9021153
1649,57.5561553,64.15714937,22.72591691,38.25187466,38.67399307,34.24617865,21.06873159,25.96433015
1650,57.55615631,64.15711806,22.79703899,38.24990515,38.62774839,34.25774569,21.0731409,25.88137702
1651,57.55443598,64.15665848,22.81842718,38.24762318,38.57563171,34.28554164,21.07415492,25.50808793
1652,57.55022711,64.15595473,22.6577528,38.24456346,38.52080799,34.21979247,21.06498548,25.77768561
1653,57.54742975,64.15538191,22.66125722,38.24229914,38.55490405,34.21750539,21.06416121,25.67399419
1654,57.54478206,64.15492247,22.68903674,38.24016692,38.61727207,34.24365641,21.05663038,25.96433015
1655,57.54530774,64.15502585,22.76635771,38.23871394,38.67789452,34.27194699,21.0642004,26.10949813
1656,57.54529336,64.15502005,22.88381274,38.23767832,38.73211801,34.314523,21.07523637,25.92285359
1657,57.54312315,64.15469006,22.85926188,38.23592654,38.68549928,34.30256726,21.07706513,25.75694732
1658,57.54103532,64.15446788,22.72189282,38.23352362,38.59990866,34.26043983,21.07476271,25.67399419
1659,57.54126604,64.15447075,22.68101966,38.23176564,38.69108149,34.25055157,21.0695025,26.21318955
1660,57.54278069,64.15467086,22.86497802,38.2304885,38.66592593,34.30051309,21.07929062,25.75694732
1661,57.54076283,64.15428401,22.75161335,38.22746523,38.48451187,34.21784719,21.07551016,25.07258399
1662,57.53564437,64.15342066,22.33294224,38.22287953,38.32522812,34.08435249,21.05317443,25.21775197
1663,57.52956742,64.15266461,22.23146215,38.21906868,38.34081023,34.0579075,21.03767733,25.44587308
1664,57.52711354,64.15246128,22.3022025,38.21622649,38.44673354,34.08208431,21.03004985,25.81916217
1665,57.52861137,64.15266492,22.52091914,38.21427836,38.53997081,34.17515726,21.02907059,25.81916217
1666,57.52615454,64.15239348,22.57845119,38.21241979,38.59321376,34.20203793,21.03081671,25.98506844
1667,57.52651355,64.15237653,22.73435592,38.21156001,38.73713977,34.25728801,21.03556867,26.31688096
1668,57.52856168,64.15264472,22.891611,38.21115929,38.78813957,34.32885528,21.05149349,26.04728328
1669,57.52825501,64.15248617,22.88868363,38.21013354,38.77682999,34.35376714,21.05970564,26.08875985
1670,57.52799381,64.15256371,22.91105609,38.20896167,38.73516697,34.33853551,21.06744982,26.00580672
1671,57.52744382,64.15251909,22.95853247,38.20759979,38.70542111,34.32517055,21.0712486,25.77768561
1672,57.52476829,64.15213752,22.82726614,38.20491716,38.53199035,34.26171413,21.06854318,25.4251348
1673,57.51981343,64.15166102,22.57744607,38.20202973,38.51282277,34.17290917,21.05923214,25.5495645
1674,57.51770011,64.15125932,22.52707255,38.19925441,38.48874683,34.15492911,21.05084894,25.63251763
1675,57.51464355,64.15078542,22.53298967,38.19697585,38.53784919,34.16268977,21.04436194,25.77768561
1676,57.51308195,64.15049815,22.5866882,38.19505258,38.5773334,34.19522992,21.04158648,25.69473248
1677,57.51142202,64.15036142,22.57306853,38.19242759,38.49636515,34.1650862,21.0385021,25.52882621
1678,57.50777702,64.14994887,22.49626961,38.19027253,38.58088169,34.13956435,21.02835099,26.08875985
1679,57.50903166,64.14996985,22.67457572,38.18903953,38.62069739,34.2031961,21.03690704,25.5495645
1680,57.5064828,64.14971279,22.5497735,38.18598558,38.47638552,34.15677475,21.02623479,25.57030278
1681,57.50307562,64.14928428,22.50777021,38.18353354,38.50605558,34.12170288,21.01814985,25.81916217
1682,57.50285457,64.14939403,22.60068649,38.18204953,38.61268459,34.19005975,21.01758743,26.04728328
1683,57.50427971,64.14976232,22.7869583,38.18049988,38.5869869,34.24270862,21.02343601,25.5495645
1684,57.50236266,64.14975111,22.59126491,38.17841345,38.61595314,34.17804752,21.01704503,26.1509747
1685,57.50279769,64.14984152,22.76535252,38.17802133,38.74894952,34.24859867,21.02912274,26.13023642
1686,57.50335668,64.15006428,22.87960251,38.17688743,38.68799668,34.27124534,21.03877264,25.75694732
1687,57.50085859,64.14975507,22.8073049,38.17527438,38.67987971,34.2185257,21.03469522,25.69473248
1688,57.49780188,64.1496599,22.65387484,38.17239899,38.48354793,34.14026621,21.0267214,25.21775197
1689,57.49181672,64.14877966,22.48474593,38.16882054,38.40230178,34.05936396,21.00504764,25.61177934
1690,57.48967223,64.14851731,22.58491866,38.16646908,38.46487645,34.12253922,20.99852065,25.69473248
1691,57.48669151,64.14817277,22.63182085,38.16451258,38.53329953,34.1449904,21.00043685,26.04728328
1692,57.48865304,64.14845613,22.72066409,38.16332449,38.59512032,34.2014553,21.00995487,25.65325591
1693,57.48652576,64.1480829,22.66439082,38.16141938,38.60559622,34.17375934,21.00703325,25.96433015
1694,57.48558864,64.14804784,22.79019565,38.16053023,38.69690349,34.22579856,21.01411648,25.83990046
1695,57.48468236,64.14808853,22.78691271,38.15884494,38.63636968,34.21457789,21.01567021,25.57030278
1696,57.48010624,64.14746154,22.58056358,38.15615414,38.51288294,34.15873475,21.0126442,25.73620904
1697,57.47729121,64.14703484,22.55493166,38.15362946,38.44114006,34.14215948,21.01177316,25.46661136
1698,57.47588747,64.14647299,22.48541753,38.1511237,38.48145998,34.11051975,21.00484232,25.86063874
1699,57.47381856,64.14662216,22.62929357,38.14988907,38.60417618,34.18658759,21.00936694,25.83990046
1700,57.47102137,64.14642839,22.68690707,38.14835236,38.61045485,34.2280175,21.01147148,25.79842389
1701,57.46928563,64.14635425,22.69701851,38.14690256,38.63868863,34.19728811,21.01268443,25.75694732
1702,57.46742698,64.1461233,22.68720035,38.14531066,38.63633817,34.21056834,21.01165534,26.026545
1703,57.46845905,64.14643016,22.8062115,38.14447726,38.68625625,34.24201961,21.01505258,26.10949813
1704,57.46785234,64.14624898,22.8498615,38.14340621,38.64632598,34.22526946,21.02674127,25.65325591
1705,57.46623409,64.14608836,22.70867799,38.1417909,38.65961547,34.18830564,21.02003846,26.00580672
1706,57.4660277,64.14603329,22.83011254,38.1403208,38.59388293,34.22672244,21.02558224,25.61177934
1707,57.46154271,64.14583317,22.73807841,38.13857238,38.62313352,34.17743066,21.01921138,25.98506844
1708,57.46137158,64.14560521,22.81538033,38.13711064,38.58356037,34.18935124,21.02322462,25.61177934
1709,57.4559913,64.1450206,22.7501984,38.13514162,38.57798517,34.19077068,21.01880439,25.79842389
1710,57.45265027,64.14464654,22.66140167,38.13321737,38.53085611,34.16448286,21.0204772,25.44587308
1711,57.44760448,64.14425134,22.53687623,38.13070205,38.50560857,34.12323938,21.01216034,25.83990046
1712,57.44883196,64.14436343,22.63025477,38.12894469,38.5130101,34.14920232,21.01141096,25.77768561
1713,57.44781945,64.14430393,22.69353084,38.12719075,38.53124315,34.14901381,21.01205092,25.71547076
1714,57.44575979,64.14424949,22.66718518,38.12563491,38.58699512,34.14981359,21.00979473,26.026545
1715,57.44531245,64.14440145,22.78442431,38.12433308,38.56998935,34.1828172,21.01792524,25.69473248
1716,57.44231077,64.14406412,22.70104107,38.12206679,38.48838103,34.14579282,21.01730864,25.38365823
1717,57.43725742,64.14354924,22.51799965,38.11880396,38.36731842,34.08707076,21.00658726,25.40439652
1718,57.43345045,64.14305424,22.4422275,38.11620202,38.41604136,34.06720412,20.99887532,25.63251763
1719,57.43216218,64.14279416,22.49325904,38.11386722,38.41973674,34.07046353,20.99771842,25.46661136
1720,57.42941681,64.14237984,22.46262676,38.1109116,38.36179398,34.08045617,20.98855577,25.67399419
1721,57.42908391,64.14238239,22.50951638,38.10951259,38.53735731,34.11055801,20.988177,25.83990046
1722,57.4292231,64.14256645,22.55955181,38.10777283,38.51294551,34.09171916,20.99206255,25.61177934
1723,57.42683926,64.14231341,22.5473897,38.10586353,38.53149998,34.07693727,20.98880305,25.69473248
1724,57.4259819,64.14208264,22.58742047,38.10381111,38.49147468,34.09625517,20.98741804,25.61177934
1725,57.42273827,64.14165309,22.56212144,38.10170588,38.4857117,34.11182872,20.98233439,25.61177934
1726,57.42048556,64.14136452,22.53858114,38.09945773,38.45794643,34.07925154,20.97823021,25.63251763
1727,57.41843606,64.14101514,22.54080717,38.09745174,38.47971958,34.09015883,20.97579883,25.59104106
1728,57.41813579,64.14092915,22.58235684,38.09532565,38.47919544,34.09837751,20.97033453,25.86063874
1729,57.4174151,64.14079908,22.72168436,38.09408606,38.552991,34.14887085,20.97478733,25.50808793
1730,57.41350854,64.14028305,22.58154695,38.09149616,38.45124209,34.07861433,20.97155331,25.38365823
1731,57.40893102,64.13958925,22.50329636,38.0886399,38.39193559,34.05095681,20.96278355,25.48734965
1732,57.40748778,64.13944941,22.47533521,38.08575428,38.33226817,34.04540642,20.95545107,25.34218167
1733,57.40323084,64.13867011,22.35941007,38.08272258,38.31900226,34.00088975,20.94572274,25.4251348
1734,57.40223446,64.13857884,22.34756044,38.07975258,38.29897784,34.01840382,20.94220933,25.50808793
1735,57.40150785,64.13860314,22.38260785,38.07745108,38.37691987,34.0336664,20.93856446,25.73620904
1736,57.40018942,64.13834722,22.53713077,38.07682617,38.62713257,34.12377325,20.9395775,26.17171298
1737,57.40208539,64.13873259,22.76186878,38.07644036,38.65996882,34.19920166,20.95352718,25.73620904
1738,57.40259985,64.1387836,22.73942419,38.07484147,38.58708453,34.1579916,20.95659805,25.77768561
1739,57.40235971,64.13862853,22.72725204,38.07352683,38.58967156,34.16485104,20.96033239,25.9021153
1740,57.40039803,64.13840793,22.76612623,38.0719555,38.51521594,34.14818851,20.96504086,25.61177934
1741,57.39804942,64.1380566,22.66937041,38.07024169,38.53449821,34.11170319,20.96133109,25.63251763
1742,57.39523774,64.13777186,22.6417152,38.06824071,38.48831862,34.10452518,20.96124892,25.81916217
1743,57.39479002,64.13780939,22.70675951,38.06688571,38.52361875,34.1184032,20.96531502,25.77768561
1744,57.3958414,64.13780485,22.71241793,38.06552577,38.5481839,34.14036383,20.9667586,25.73620904
1745,57.39434925,64.13773767,22.69694543,38.06367488,38.48758449,34.11427275,20.96585812,25.73620904
1746,57.39421026,64.13792949,22.64369712,38.06221289,38.52274475,34.10191525,20.96817444,26.00580672
1747,57.39435157,64.13804358,22.78137895,38.06099762,38.50702084,34.14497259,20.97553779,25.40439652
1748,57.3912083,64.13765603,22.57600179,38.05804425,38.36971917,34.07340931,20.96739173,25.13479884
1749,57.38603858,64.1370185,22.32078667,38.05451156,38.28111964,33.98287706,20.94751557,25.50808793
1750,57.38395413,64.13666302,22.38924713,38.05226943,38.3573143,34.01225923,20.94165958,25.5495645
1751,57.38260902,64.13654019,22.43112827,38.05005455,38.38113875,34.02835673,20.9373244,25.59104106
1752,57.38112205,64.13629532,22.4927558,38.04823501,38.44557643,34.04426261,20.9377248,25.75694732
1753,57.38248229,64.1364908,22.59952479,38.04679419,38.49268939,34.07190048,20.93993277,25.63251763
1754,57.38020469,64.13620256,22.59034057,38.04449948,38.40318627,34.07453508,20.94018527,25.34218167
1755,57.37569306,64.13579799,22.39121329,38.04162184,38.34065403,33.99253651,20.92989186,25.46661136
1756,57.3744892,64.13561264,22.38789435,38.03941364,38.38728288,34.02265003,20.92266575,25.50808793
1757,57.37108743,64.13507444,22.35686448,38.03682831,38.3325288,34.03087613,20.9198887,25.23849025
1758,57.36606601,64.13448598,22.22279972,38.03330886,38.22149391,33.96039509,20.90729462,25.32144338
1759,57.36344809,64.13414189,22.19679614,38.03127994,38.39669449,33.98576028,20.89601108,25.88137702
1760,57.36706715,64.13437803,22.45002758,38.03017671,38.47883333,34.05065158,20.9027307,25.61177934
1761,57.36588627,64.13425745,22.53022192,38.02864047,38.51294559,34.06178763,20.90513622,25.94359187
1762,57.36777026,64.1346056,22.74507267,38.02789696,38.57121871,34.15412576,20.91521907,25.79842389
1763,57.36894393,64.13473695,22.72462041,38.02645603,38.51820379,34.14165949,20.92045974,25.52882621
1764,57.36576216,64.13444594,22.58811297,38.02458888,38.49321924,34.07356335,20.91506484,25.77768561
1765,57.36518433,64.13432393,22.58604031,38.02300356,38.45959846,34.06391304,20.91687281,25.46661136
1766,57.36161702,64.13392264,22.4853066,38.02060782,38.39264287,34.02468736,20.91088393,25.46661136
1767,57.35896876,64.13360363,22.44736137,38.01814185,38.3493479,34.01414673,20.90639477,25.69473248
1768,57.35985676,64.13374566,22.49534875,38.01642424,38.3917289,34.0375657,20.90979119,25.48734965
1769,57.35617521,64.13327854,22.46657788,38.01433762,38.40020791,34.02318228,20.90712373,25.48734965
1770,57.35501989,64.13319013,22.43593218,38.0123882,38.42732968,34.01430856,20.90150643,25.57030278
1771,57.35345297,64.13300871,22.48434853,38.00976703,38.30333596,34.01497242,20.90050069,25.52882621
1772,57.35107326,64.13258439,22.47614113,38.00782559,38.37079554,34.02106707,20.90044894,25.52882621
1773,57.34994219,64.13243873,22.53198284,38.00600153,38.41958123,34.02923158,20.89572251,25.75694732
1774,57.34945727,64.13233653,22.65180642,38.0045242,38.435286,34.06308427,20.89770261,25.52882621
1775,57.34858034,64.1322809,22.55381393,38.00180581,38.29545952,34.01629785,20.89851358,25.11406056
1776,57.34643603,64.131909,22.38895661,37.99926807,38.37218056,33.97931052,20.87936899,25.83990046
1777,57.34639177,64.13189145,22.53072804,37.99788604,38.40259649,34.0490395,20.88457111,25.63251763
1778,57.34418413,64.13167783,22.57345772,37.99636694,38.44812111,34.0550791,20.88844007,25.61177934
1779,57.34301745,64.13156302,22.57984288,37.99460462,38.43019138,34.05457625,20.89017425,25.81916217
1780,57.34279998,64.13169994,22.72901435,37.99373041,38.5136821,34.13379997,20.8967653,25.63251763
1781,57.34245206,64.13161091,22.63638976,37.99200531,38.45745535,34.07514834,20.8986978,25.61177934
1782,57.3399896,64.13150559,22.6387693,37.99086387,38.53527628,34.08214393,20.89707754,25.86063874
1783,57.34134758,64.13164298,22.70381427,37.98926194,38.42463177,34.0870844,20.90535994,25.32144338
1784,57.3381071,64.13120975,22.52825076,37.9872486,38.44937561,34.02739628,20.89890707,25.75694732
1785,57.33810899,64.1313173,22.54460551,37.9861698,38.49760191,34.07000595,20.9020859,25.75694732
1786,57.33765879,64.13117324,22.59163543,37.98486756,38.48034826,34.09782342,20.90642372,25.44587308
1787,57.33506115,64.13091945,22.4777,37.98303804,38.46531999,34.04691486,20.90440388,25.65325591
1788,57.33506867,64.13093461,22.49066617,37.98095656,38.36082113,34.01832698,20.90559355,25.32144338
1789,57.3324787,64.1306123,22.31634444,37.97844534,38.32931465,33.9348362,20.89806829,25.59104106
1790,57.33272412,64.13060599,22.39145497,37.97669147,38.36842444,33.94277048,20.89564409,25.52882621
1791,57.32918556,64.13007545,22.44095162,37.97515148,38.43680562,33.97267337,20.89499557,25.69473248
1792,57.32801469,64.12985378,22.47809315,37.97398246,38.48424764,34.02189557,20.8950914,25.69473248
1793,57.32705524,64.12969984,22.49764114,37.97256206,38.46117834,34.03349964,20.89656644,25.63251763
1794,57.32495102,64.12948722,22.5057185,37.971075,38.45418805,34.02819859,20.89919501,25.94359187
1795,57.32578567,64.12959315,22.70953473,37.9702321,38.47412682,34.08037401,20.9064476,25.5495645
1796,57.32444263,64.12954487,22.59429936,37.96862634,38.46075936,34.03412422,20.90560453,25.63251763
1797,57.32395759,64.12951169,22.57673659,37.96660545,38.36206183,34.03552324,20.90661543,25.27996682
1798,57.32001594,64.12894404,22.44145956,37.96514953,38.50549451,34.00914367,20.8960608,26.06802157
1799,57.32242953,64.12940478,22.71386382,37.96484111,38.54875535,34.10811501,20.90926451,25.57030278
1800,57.31993082,64.12893633,22.56024271,37.96307464,38.45534956,34.04177296,20.90702742,25.50808793
