cycle,avg_know,avg_att,avg_pbc,avg_moral,avg_sn,avg_int,avg_habit,participation
0,44.19406341,62.3726762,44.25511554,81.0511323,63.36975038,0,0,0
1,44.19406341,62.41877901,8.779511237,80.76389511,45.47336675,31.90689809,0,4.4794691
2,45.20127847,71.25446003,9.626971607,80.49314964,39.37349323,33.42473213,0.132301799,7.382828702
3,46.17587614,72.96919739,11.88403235,80.23201348,37.44829426,34.62894088,0.344793596,8.295313148
4,47.0373782,74.06705639,13.02393788,79.9762388,37.07409211,35.35501995,0.5767955,9.518871837
5,47.86952218,74.90828362,14.34919399,79.72698138,37.46064505,36.2559231,0.837145671,11.05350477
6,48.66244531,75.41966969,15.75004862,79.48385189,38.02644367,37.11851909,1.131225112,12.38075487
7,49.4225832,75.69711145,16.94088568,79.24652121,38.67045447,37.90721528,1.448086492,12.8369971
8,50.12265943,76.00639472,17.77483887,79.01283879,39.22778266,38.47459622,1.766297138,14.43384488
9,50.82947521,76.05259174,19.01721725,78.78506177,39.81927928,39.17255008,2.120675203,14.7656574
10,51.46903491,76.16440669,19.66993659,78.56046238,40.31410337,39.64535874,2.474596056,15.94773953
11,52.1145453,76.31576703,20.63928451,78.34068844,40.82159852,40.21214996,2.844244596,16.50767316
12,52.74715747,76.5015868,21.34802183,78.12427446,41.26064074,40.69095361,3.223449741,17.56532559
13,53.3848145,76.72423216,22.41131472,77.91316855,41.86293962,41.26810484,3.616633104,18.47781004
14,53.98953474,76.66740214,23.3346917,77.70651772,42.43769876,41.81976222,4.019465004,19.68063044
15,54.60847307,76.7148821,24.40643497,77.50467304,42.98488933,42.36179114,4.447056743,20.19908752
16,55.18539522,76.73951341,24.99844154,77.30503533,43.27262466,42.68503149,4.874653981,20.36499378
17,55.70119851,76.73026386,25.30559769,77.1077016,43.56081294,42.94390912,5.290579793,20.92492742
18,56.22013688,76.74900196,25.88826282,76.91287557,43.78202963,43.24287296,5.708578457,21.27747822
19,56.68784094,76.764717,26.2956597,76.72012318,43.95523982,43.41379388,6.11713076,21.36043136
20,57.14400676,76.72859633,26.58921964,76.53002681,44.28119845,43.67303586,6.509963682,22.95727914
21,57.6103615,76.72433775,27.83300899,76.34630419,44.89137303,44.27311799,6.941027321,23.62090419
22,58.08559292,76.76002952,28.54053466,76.1657651,45.3476055,44.69326292,7.380138082,24.61634177
23,58.54126504,76.76620854,29.47524424,75.98963808,45.85694945,45.13542293,7.825634325,25.01036914
24,58.9889685,76.85400507,30.00309445,75.81591644,46.21860161,45.40285008,8.267483821,25.65325591
25,59.41670122,76.84296479,30.603267,75.64514642,46.54237216,45.78250819,8.718027798,25.59104106
26,59.81895574,76.83545036,30.72357563,75.47459812,46.58788512,45.83933013,9.138857498,25.77768561
27,60.21126103,76.89199229,30.96314863,75.3061729,46.76031113,46.07231083,9.552339034,26.37909581
28,60.59591221,76.92701065,31.42791464,75.14008882,46.91702012,46.25521163,9.965479262,26.66943177
29,60.94201454,76.91435182,31.92638588,74.97684688,47.23704647,46.51184744,10.37465772,27.51970137
30,61.30919068,77.00496327,32.65663816,74.81748497,47.65397622,46.9028468,10.79385686,28.2040647
31,61.69332521,77.10858094,33.29282019,74.66115684,48.01623959,47.23046806,11.21899058,28.82621319
32,62.06877936,76.80986755,33.98511902,74.50794089,48.39097943,47.55100646,11.64617727,28.9299046
33,62.39143986,76.63473578,34.14821472,74.35528698,48.48627903,47.64893502,12.05915561,29.03359602
34,62.6859187,76.49575707,34.24662012,74.20414368,48.61740752,47.70137579,12.46514051,29.48983824
35,62.98342264,76.41539218,34.69074721,74.05583611,48.89185491,47.89954372,12.86060425,30.0290336
36,63.26640496,76.3226738,35.28094765,73.90919409,49.01505017,48.11330881,13.26052841,30.5060141
37,63.57767236,76.43229811,35.72956521,73.76550057,49.30205181,48.37153646,13.65946774,30.67192036
38,63.8712957,76.36086034,35.98302662,73.62327853,49.50418231,48.43571745,14.04604025,31.06594774
39,64.14537497,76.23926176,36.34157179,73.48313971,49.71008763,48.63146548,14.43421156,31.56366653
40,64.40931715,76.25683483,36.76821574,73.34552913,49.96803984,48.88586163,14.82062002,31.79178764
41,64.67844883,76.38787423,37.03259225,73.20856887,50.00878267,49.00902754,15.19951766,31.60514309
42,64.87953071,76.20542506,37.05967768,73.07303994,50.19301544,49.01243371,15.55807024,32.62131895
43,65.12862253,76.18533056,37.81723647,72.93982521,50.26915212,49.3042355,15.93908256,31.97843219
44,65.32192761,76.16598727,37.55016063,72.80697344,50.41611481,49.24168033,16.28364012,32.97386976
45,65.54817349,76.24419034,38.11838426,72.67672651,50.53088293,49.50219536,16.64412341,32.84944007
46,65.75135292,76.25537234,38.23470504,72.54782717,50.72563711,49.58430431,16.98487105,33.26420572
47,65.95982924,76.18131095,38.52545071,72.42043062,50.8370902,49.72637563,17.32625089,33.5338034
48,66.18858204,76.2771124,38.89167232,72.29494165,51.01710731,49.88068933,17.65990009,33.69970966
49,66.37803443,76.29446135,39.07322521,72.17015664,51.05954113,50.02075537,17.98566265,33.88635421
50,66.55846782,76.27279846,39.31930562,72.04778337,51.32172994,50.1640098,18.3112224,34.73662381
51,66.73613135,76.29927814,39.93897871,71.92743907,51.44201904,50.3390829,18.64364747,34.2596433
52,66.91349992,76.34715848,39.78077983,71.80662254,51.43781542,50.3140608,18.95589656,34.48776441
53,67.07009265,76.28989522,39.9794698,71.68796038,51.62630563,50.44801514,19.26176469,35.31729573
54,67.26834999,76.33810444,40.61596131,71.5720177,51.83635088,50.71020745,19.58150038,35.15138946
55,67.41181199,76.36664615,40.67845634,71.45678587,51.9887725,50.77161394,19.88273308,36.18830361
56,67.60253649,76.39071313,41.4969633,71.34573752,52.37187588,51.05933723,20.20203616,36.54085442
57,67.77328287,76.49949981,41.8434803,71.23617503,52.59734394,51.29422854,20.51793084,36.93488179
58,67.95709094,76.46200205,42.22606455,71.12839414,52.79015203,51.49906067,20.8353787,36.99709664
59,68.11854371,76.4724125,42.36919498,71.02171696,52.94792633,51.58957098,21.13829389,37.12152634
60,68.28978792,76.5193863,42.52914951,70.91667678,53.16341718,51.73025147,21.43407782,38.09622563
61,68.45483335,76.46905139,43.21789929,70.81438989,53.36498656,51.95022038,21.7466392,37.51555371
62,68.60423333,76.50904629,43.04099018,70.71117513,53.36205846,51.91250757,22.03372985,37.61924513
63,68.73310786,76.52202123,43.05079715,70.60870668,53.3670965,51.98668397,22.31628621,37.68145998
64,68.87058064,76.60219356,43.14060824,70.50688448,53.37104724,51.97146333,22.58929918,37.68145998
65,69.02343955,76.61503609,43.14313664,70.40547256,53.35265728,52.05272024,22.8491584,38.15844048
66,69.1438502,76.59887428,43.51424888,70.30648702,53.53316941,52.27758462,23.1102267,38.30360846
67,69.26426372,76.58264525,43.6845955,70.20847026,53.64718994,52.34971125,23.36932797,38.71837412
68,69.39360643,76.60067984,44.06509767,70.11205018,53.76550478,52.43460497,23.62806427,38.78058897
69,69.52345723,76.6109978,44.20938088,70.01658525,53.87512185,52.5775878,23.88017071,38.75985068
70,69.64835345,76.65004921,44.23434444,69.9215753,53.92093746,52.58029924,24.12427316,39.11240149
71,69.74948335,76.57797754,44.59131897,69.82842868,54.07729137,52.66163088,24.36992011,39.17461634
72,69.86214555,76.61667988,44.64748598,69.73608893,54.1812101,52.76728269,24.60767832,39.75528826
73,69.99186091,76.64194246,45.19131983,69.64628028,54.41335252,53.03366426,24.85116092,40.02488594
74,70.10267539,76.67031933,45.43214881,69.55729921,54.50378922,53.12751567,25.09617082,39.92119453
75,70.20600864,76.58639915,45.42271476,69.46854744,54.53096193,53.10342522,25.32739048,39.61012028
76,70.28302679,76.61418481,45.1735737,69.37961851,54.51974274,52.99718484,25.54343001,39.98340937
77,70.36575359,76.5750988,45.38717221,69.29210918,54.57133408,53.06641844,25.75908453,40.27374533
78,70.48306035,76.63821532,45.7046296,69.20633546,54.72982727,53.23159592,25.97930687,40.35669847
79,70.60400359,76.71889699,45.78437033,69.12096687,54.76785623,53.26490349,26.19211356,40.50186645
80,70.69899364,76.66876537,45.89896262,69.03661088,54.84085248,53.32606641,26.40074999,40.60555786
81,70.79136261,76.69850892,46.00365823,68.95292723,54.88526255,53.40001544,26.60425955,40.81294069
82,70.86785925,76.68877875,46.28055416,68.87125499,55.11198349,53.46488316,26.80853418,41.43508917
83,70.96861656,76.73524131,46.69910024,68.79096541,55.20232828,53.61248194,27.02789425,41.45582746
84,71.07209144,76.7335234,46.87551214,68.71187231,55.36426731,53.72087527,27.23713548,41.24844463
85,71.16527836,76.80448861,46.81013298,68.63229437,55.3426656,53.71116544,27.42892209,41.642472
86,71.24633333,76.75909641,47.03007751,68.55429651,55.42280001,53.87122894,27.62387624,41.84985483
87,71.3583612,76.8600273,47.25184211,68.47727051,55.49607011,53.97897728,27.82046925,41.78763998
88,71.44146895,76.83021297,47.25867947,68.40021511,55.47204743,54.02985821,28.01261493,41.82911655
89,71.48933361,76.77989902,47.28666731,68.32376813,55.48634811,53.98352413,28.19581417,41.97428453
90,71.57766354,76.84662272,47.41572454,68.24822188,55.5390257,54.04430258,28.38163661,42.05723766
91,71.64424038,76.75796771,47.55964107,68.17334289,55.58396193,54.07800119,28.56129774,42.34757362
92,71.73404035,76.79965199,47.72238338,68.09976571,55.67722637,54.18146342,28.74479168,42.03649938
93,71.82302553,76.90318818,47.53986614,68.02603087,55.71008438,54.1498897,28.90988538,42.34757362
94,71.89050244,76.87748843,47.76209324,67.95387402,55.84048588,54.30481863,29.07654864,42.59643302
95,71.95669127,76.78989643,48.02576463,67.88319245,56.01348734,54.3651361,29.2467569,43.05267524
96,72.0412038,76.80787838,48.48458967,67.81450539,56.23899468,54.52992013,29.42258915,43.30153463
97,72.12034171,76.81695773,48.63402657,67.74619644,56.27482831,54.66910943,29.59704012,43.07341352
98,72.20696243,76.94216771,48.44031913,67.67735606,56.20134839,54.60226746,29.75993352,43.01119867
99,72.26656157,76.85868701,48.46286741,67.60960447,56.30745707,54.52416741,29.91906312,43.63334716
100,72.32462744,76.77274581,48.90562665,67.5435852,56.41981893,54.76174508,30.08923722,43.38448776
101,72.39696702,76.80706865,48.91624476,67.47741921,56.45401375,54.76478275,30.24482327,43.90294484
102,72.47322105,76.90397275,49.24623364,67.41323144,56.60378442,54.87713113,30.40942438,43.86146827
103,72.53825999,76.86664743,49.28821273,67.3492508,56.65955551,54.91660689,30.56756349,43.98589797
104,72.60687612,76.89051825,49.4136719,67.28583326,56.68690788,54.92577543,30.7286735,44.1932808
105,72.70445538,76.89548188,49.55355544,67.22389597,56.83546593,55.04307705,30.88918495,44.60804645
106,72.78616269,76.93259918,49.81948338,67.16238285,56.80796056,55.16637527,31.05025571,43.90294484
107,72.84567936,76.95541837,49.41116254,67.09957725,56.71378653,54.98130515,31.18593106,43.90294484
108,72.90861255,76.92962649,49.39002768,67.03714855,56.68049112,54.97898579,31.31593928,44.1932808
109,72.95688492,76.87732811,49.63538355,66.97662487,56.85385487,55.13741797,31.44595217,44.69099959
110,73.03100475,76.94998788,49.9512122,66.9168324,56.86846722,55.24273061,31.59151846,44.42140191
111,73.11089344,77.00318079,49.90818874,66.85679236,56.85401085,55.20799177,31.7247508,44.0688511
112,73.15116677,76.92244301,49.65985846,66.79571755,56.71710778,55.12430508,31.84239067,44.37992534
113,73.18869504,76.8193763,49.86410902,66.73666176,56.85899992,55.16006959,31.96613172,44.73247615
114,73.24244883,76.8429637,50.18015343,66.67902398,57.01286211,55.34027631,32.09277791,44.89838241
115,73.30567456,76.90247272,50.27680206,66.62195164,57.07872155,55.35449708,32.22246833,44.83616757
116,73.3677027,76.95143585,50.31375428,66.5652647,57.13799222,55.40407717,32.34765915,45.04355039
117,73.40154678,76.8979552,50.48551949,66.50953233,57.21786765,55.46575019,32.47872211,45.06428868
118,73.472691,76.96909278,50.54761227,66.45457369,57.32785109,55.56096843,32.60481053,45.68643716
119,73.52328343,76.87970083,50.99074097,66.40177354,57.52346329,55.71409971,32.7429531,45.5205309
120,73.59080026,76.99231745,50.91836759,66.34823182,57.48413439,55.68144021,32.86959137,45.29240979
121,73.623932,76.9521455,50.77851958,66.29479424,57.50040274,55.65006339,32.98560245,45.62422231
122,73.67661175,76.94873759,51.02774373,66.24233889,57.5369566,55.76608793,33.10369588,45.54126918
123,73.72615458,76.95887064,50.99733815,66.19014484,57.57394578,55.77457693,33.21598256,46.05972625
124,73.81091172,77.01925005,51.3617866,66.1391682,57.60731,55.87190375,33.33844405,45.68643716
125,73.85734357,76.96924063,51.16759044,66.08824299,57.68511438,55.79914106,33.44911847,46.18415595
126,73.91649119,77.01513204,51.48749816,66.0390474,57.83170254,56.04543959,33.5686157,46.43301535
127,73.99666792,77.05129224,51.70307495,65.99076142,57.93829627,56.09659748,33.68702634,46.53670676
128,74.06650046,77.05310889,51.88449669,65.94317591,58.03297477,56.24260514,33.80706024,46.99294898
129,74.14096479,76.99902978,52.20206595,65.89689449,58.1281681,56.33088425,33.93874769,46.41227706
130,74.16948536,76.98740823,51.93277729,65.84977953,58.14416432,56.20957044,34.04719374,46.93073414
131,74.21931735,76.94201528,52.21980367,65.80417634,58.22443034,56.32467732,34.16688267,46.57818333
132,74.25093297,76.96113875,52.05719794,65.7575309,58.14039251,56.25786761,34.27186142,46.74408959
133,74.30507065,76.96178477,52.12123695,65.71184746,58.18013116,56.28763857,34.37661648,46.93073414
134,74.33661833,76.95772115,52.27224581,65.66702481,58.25194803,56.3086644,34.48393361,46.95147242
135,74.37217797,76.96325997,52.39517615,65.62254141,58.29475729,56.40458942,34.58610335,47.20033181
136,74.41266371,76.9278561,52.49954652,65.57869305,58.31504076,56.44603629,34.69692585,47.03442555
137,74.44565122,76.96638195,52.46824373,65.53532924,58.41278803,56.4434413,34.79681891,47.46992949
138,74.49983485,76.95324622,52.71375182,65.49241654,58.37805818,56.55674601,34.9068083,47.01368727
139,74.54825485,76.99511399,52.45737436,65.4493705,58.42548969,56.4741152,34.99908168,47.49066777
140,74.5995453,77.10912886,52.82221652,65.40826938,58.60583539,56.6350617,35.1034858,47.65657404
141,74.64485175,77.02501352,52.98644138,65.36677092,58.53853839,56.67198673,35.20790132,47.17959353
142,74.68290662,77.10282426,52.72338363,65.32502155,58.56016729,56.60021526,35.29553034,47.67731232
143,74.7362678,77.06960967,53.00209942,65.28453512,58.61114133,56.65429407,35.3928936,47.73952717
144,74.78212198,77.10630743,53.09466648,65.24464563,58.68178974,56.64827977,35.48539292,48.00912484
145,74.82688272,77.11963723,53.32910624,65.20544494,58.72219987,56.80364555,35.58544298,47.55288262
146,74.84879202,77.06151212,53.04635357,65.16526748,58.66420678,56.69619661,35.6716276,47.49066777
147,74.90708317,77.14530061,52.9429773,65.12525824,58.64670388,56.646534,35.75288599,48.05060141
148,74.95915465,77.11151822,53.36260357,65.087175,58.77663675,56.80337358,35.84380468,47.96764828
149,74.99680217,77.10050832,53.39779138,65.04907631,58.82169101,56.87774396,35.93274549,48.00912484
150,75.04093989,77.07709208,53.42261612,65.01114356,58.82506947,56.8570084,36.01748678,48.07133969
151,75.08446538,77.099133,53.52748294,64.97366058,58.85224417,56.9165276,36.09754339,48.15429282
152,75.12438528,77.07605613,53.49109916,64.93606673,58.78969905,56.93410026,36.18055192,47.96764828
153,75.16431279,77.07482512,53.40229406,64.89835662,58.76135881,56.89319198,36.25170675,47.76026545
154,75.19842082,77.06587404,53.26425395,64.86088512,58.81208469,56.85036375,36.32140413,48.2994608
155,75.24559131,77.12669168,53.61348469,64.82527042,58.97043044,56.99215945,36.40292868,48.5483202
156,75.28190782,77.02571901,53.77070814,64.78938588,58.89796243,57.09538554,36.4907499,48.00912484
157,75.2987188,77.02896466,53.54300179,64.75337123,58.95656908,56.98215834,36.55991764,48.65201161
158,75.33120509,77.01602775,53.92743549,64.71920721,59.08934567,57.14010936,36.64031671,48.69348818
159,75.39090605,77.18205514,54.04251215,64.68542853,59.17004831,57.22725197,36.72128897,48.6727499
160,75.42399232,77.09037086,53.99254849,64.6516153,59.17745772,57.1314977,36.79783766,48.5483202
161,75.46088153,77.09501121,53.9398565,64.61717424,59.07955916,57.16739302,36.87231644,48.40315222
162,75.48479003,77.11949448,53.87155714,64.58301682,59.0920902,57.13448089,36.94030166,48.77644131
163,75.52329984,77.07925551,54.13425434,64.54987737,59.13854572,57.22320701,37.01334455,48.61053505
164,75.54768936,77.04918056,54.04432425,64.51639588,59.11866109,57.20914265,37.07972433,48.75570303
165,75.56868465,77.06982199,54.162152,64.48304899,59.06518999,57.15569477,37.14492864,48.19576939
166,75.59553291,77.04379948,53.7719263,64.44891174,59.03014357,57.08207635,37.1966731,48.6727499
167,75.63162269,77.13631083,53.98531125,64.41630272,59.114835,57.25808719,37.25678437,48.98382414
168,75.65259263,77.06724102,54.29205534,64.38493684,59.24729325,57.32823637,37.32562623,49.00456242
169,75.68111565,77.0511257,54.37848189,64.35429866,59.39507045,57.37392336,37.38991275,49.37785151
170,75.72180259,77.08211662,54.66293687,64.32472367,59.51064338,57.5066377,37.46640693,49.37785151
171,75.76718034,77.17566863,54.76845037,64.29529899,59.56200472,57.58419785,37.53596108,49.68892576
172,75.79733758,77.09842419,54.99887178,64.26671377,59.6165699,57.69104218,37.61458149,49.23268353
173,75.81701505,77.10544168,54.68213423,64.23696102,59.54232512,57.53250831,37.68002724,49.21194525
174,75.854229,77.11866738,54.62270796,64.20709868,59.47109792,57.56049818,37.74095478,49.10825384
175,75.88260398,77.12429329,54.50137141,64.17693115,59.39108333,57.41325137,37.79543728,49.06677727
176,75.90144444,77.20242236,54.47419163,64.1470225,59.38640219,57.4380281,37.84714522,49.06677727
177,75.92509162,77.17409158,54.51652124,64.11670606,59.29040611,57.42065681,37.89656214,48.92160929
178,75.94381321,77.14610288,54.41308855,64.08659513,59.29663909,57.42127027,37.94360122,49.1497304
179,75.94975707,77.13858941,54.52417516,64.05783637,59.44021275,57.48854738,37.99237484,49.60597263
180,75.98249497,77.1420673,54.94620508,64.03064468,59.6176981,57.62369571,38.05206557,49.8755703
181,76.03123103,77.16493974,55.20240896,64.00426693,59.73591256,57.74154365,38.11705175,49.50228121
182,76.07135033,77.18403093,55.03288754,63.97690149,59.69949152,57.67750667,38.16686558,49.60597263
183,76.11198016,77.20308922,55.00364622,63.9496257,59.64687916,57.69718814,38.22384689,49.44006636
184,76.13419824,77.15146719,54.90054437,63.9226546,59.6954925,57.63048768,38.26927631,50.08295313
185,76.15548266,77.11597204,55.30781993,63.89699805,59.74362013,57.75247753,38.33743315,49.77187889
186,76.18743834,77.17661476,55.18824587,63.87081371,59.73668473,57.69439413,38.39197041,49.8755703
187,76.21771607,77.11915302,55.19146499,63.84472844,59.69840696,57.68653989,38.44810245,49.3985898
188,76.23853856,77.21255337,54.89672575,63.81768582,59.62856589,57.6401932,38.48729979,49.60597263
189,76.27326567,77.23280605,54.93999445,63.79162541,59.68289251,57.73794375,38.53442797,50.18664455
190,76.30727512,77.26176144,55.37267755,63.7669974,59.77242026,57.82853522,38.59240727,49.8755703
191,76.33611594,77.23362971,55.25954516,63.74189455,59.7940842,57.7949053,38.63898775,50.1244297
192,76.35685967,77.19256247,55.45171333,63.71757402,59.84535838,57.88173337,38.69361044,49.97926172
193,76.37892726,77.16494165,55.33693731,63.69234972,59.73595243,57.81631732,38.74495644,49.75114061
194,76.39289892,77.16819679,55.22511992,63.66724202,59.7461451,57.81654474,38.78756173,50.06221485
195,76.42808179,77.20321471,55.39471066,63.64330118,59.84122724,57.84012882,38.84257211,50.1244297
196,76.46243949,77.23650598,55.4808844,63.62003576,59.9578097,57.88685535,38.89399265,50.58067192
197,76.51242623,77.13377836,55.81664571,63.59844893,60.14863122,58.0199092,38.95322218,50.95396101
198,76.57708344,77.21804883,56.12934234,63.57794879,60.29549968,58.18620631,39.0209258,50.82953131
199,76.59232324,77.18487883,56.10964321,63.55699539,60.29767909,58.17197132,39.0781412,50.82953131
200,76.6228082,77.19459942,56.11393542,63.53589164,60.25591943,58.18042532,39.13426216,50.62214849
201,76.64975709,77.1672771,56.00531999,63.51458993,60.24167841,58.15566923,39.18260649,50.51845707
202,76.66854303,77.17888204,55.91945871,63.49255942,60.12401073,58.10032166,39.22771672,50.55993364
203,76.68834617,77.1796932,55.94158392,63.47138923,60.18714683,58.15840116,39.27091557,50.82953131
204,76.71784767,77.12301395,56.15667517,63.45142111,60.32359323,58.23116273,39.32101183,51.24429697
205,76.75648098,77.19633632,56.45018145,63.43231443,60.39986722,58.33621905,39.38565128,50.74657818
206,76.77260145,77.10285349,56.17318792,63.41191433,60.33624593,58.24248192,39.43303929,50.95396101
207,76.79125606,77.11282484,56.21693693,63.39165921,60.26004622,58.2283449,39.48304009,50.64288677
208,76.82198805,77.17097575,56.0933119,63.37081961,60.19409392,58.19244384,39.52000569,50.76731647
209,76.82830045,77.23738523,56.17314605,63.35050095,60.20074104,58.18005155,39.56192056,50.89174616
210,76.85254909,77.18775756,56.2305403,63.33146547,60.36837133,58.25250987,39.60256956,51.11986727
211,76.88151383,77.18486283,56.3978597,63.31244252,60.36706265,58.31452112,39.6533319,50.8502696
212,76.90399671,77.19035652,56.19526211,63.29245915,60.26151183,58.24092542,39.69228638,50.74657818
213,76.91687429,77.15352652,56.1368128,63.27236847,60.20893171,58.20306212,39.72492123,50.74657818
214,76.91118746,77.04158201,56.11220668,63.25258081,60.22004964,58.23677117,39.75995348,50.97469929
215,76.92586098,77.12408943,56.28765339,63.23386153,60.32544976,58.267292,39.79945035,51.38946495
216,76.95390197,77.09303032,56.61820974,63.21706377,60.56725145,58.38806791,39.85143016,51.59684778
217,76.98627926,77.1979262,56.82982491,63.20061303,60.66174277,58.52383346,39.9076413,51.67980091
218,77.01756533,77.26661101,56.91415748,63.18396701,60.63527712,58.56837704,39.96397041,51.34798839
219,77.04775051,77.25690272,56.727652,63.1667413,60.60091757,58.47865941,40.00954191,51.24429697
220,77.07166107,77.2773244,56.62727208,63.14940702,60.58096669,58.44673796,40.05070083,51.28577354
221,77.1116863,77.34147048,56.64003267,63.13239476,60.60155245,58.44036021,40.09126329,51.51389465
222,77.1310483,77.27794555,56.75120442,63.11586473,60.6145997,58.48424818,40.13456298,51.20282041
223,77.14149152,77.29481459,56.58893937,63.09831976,60.52091964,58.44833063,40.16800687,50.97469929
224,77.14834013,77.3104347,56.41358826,63.08031096,60.44909087,58.35623015,40.1935042,51.16134384
225,77.16720223,77.29483104,56.52739391,63.06324724,60.51076497,58.40707895,40.22240039,51.61758606
226,77.18163783,77.23037752,56.87428447,63.04773013,60.66008914,58.53951032,40.26447144,51.5761095
227,77.21842827,77.25442224,56.91827612,63.03227737,60.7350278,58.6106475,40.30566614,51.82496889
228,77.24854826,77.27864775,57.11681711,63.0172222,60.75396113,58.69606571,40.35322517,51.63832435
229,77.25833707,77.20955473,57.04841257,63.00204727,60.78011726,58.63501277,40.39501186,51.90792202
230,77.291835,77.22583683,57.20543703,62.98770073,60.84305358,58.73952452,40.44123809,51.5761095
231,77.31845906,77.24610588,56.96280997,62.97266394,60.83245626,58.62102202,40.47585634,52.1775197
232,77.34782695,77.28566203,57.28671412,62.95888181,60.86419885,58.76883433,40.52793029,51.90792202
233,77.36853165,77.30577625,57.21295561,62.9449536,60.91396713,58.7438782,40.56701353,51.94939859
234,77.38686074,77.27954445,57.19130116,62.9308442,60.88418272,58.77670762,40.60683262,51.72127748
235,77.41091877,77.29763755,57.08092202,62.91595978,60.79082925,58.7061639,40.64350735,51.67980091
236,77.41476997,77.28957493,57.05929564,62.90171102,60.85459582,58.64657965,40.67254467,51.88718374
237,77.4296473,77.25463938,57.13392972,62.8876478,60.84557741,58.70588551,40.71286241,51.99087516
238,77.45217981,77.19455333,57.26686477,62.87428751,60.91971323,58.73266152,40.7535398,51.88718374
239,77.46298037,77.21035586,57.20927178,62.86033374,60.86954442,58.67162137,40.78599104,51.86644546
240,77.47715644,77.2922035,57.17077532,62.84704115,60.95273027,58.71358383,40.81658501,51.97013687
241,77.49229679,77.25822305,57.2927545,62.83370636,60.94260985,58.75445167,40.85078731,52.1775197
242,77.5098478,77.2713123,57.47300662,62.82121099,61.01190497,58.86177823,40.88890595,52.1775197
243,77.53578343,77.21896985,57.48153138,62.80829638,60.96466432,58.91692498,40.92735219,51.82496889
244,77.5542141,77.28150873,57.264042,62.79557816,61.06041312,58.84970666,40.95177548,52.61302364
245,77.60589308,77.33844981,57.76665092,62.78449634,61.15451473,58.98190785,41.00261716,52.1775197
246,77.62350997,77.27368927,57.57158123,62.77262895,61.17344313,58.90736061,41.03455957,52.40564081
247,77.65782101,77.34142706,57.67468917,62.76091226,61.13592735,58.93063407,41.06970806,52.1775197
248,77.68382989,77.27841825,57.54509161,62.74864409,61.0774621,58.90467483,41.10312112,52.19825798
249,77.68334734,77.24640479,57.52755476,62.73639811,61.03840274,58.88718963,41.13349873,52.01161344
250,77.70304657,77.34812497,57.42917837,62.72379412,61.00390241,58.86029406,41.15634768,52.38490253
251,77.72125232,77.33348713,57.645754,62.71172104,60.96788711,58.94869706,41.18816633,51.86644546
252,77.71368976,77.24149796,57.3315698,62.69911358,60.99019007,58.76656699,41.20418933,52.19825798
253,77.73033067,77.32494139,57.5258474,62.6873721,61.04309897,58.8911102,41.23147512,52.71671506
254,77.76698245,77.33140396,57.89853151,62.67723832,61.18638651,59.08497636,41.27316402,52.57154708
255,77.78125575,77.288114,57.90467326,62.66720882,61.29833359,59.06010642,41.30678331,52.9033596
256,77.81764737,77.33074423,58.14782696,62.65796846,61.38097405,59.15854181,41.34875305,52.79966819
257,77.84753716,77.34545992,58.06901055,62.64821981,61.35236731,59.15309948,41.39004869,52.63376192
258,77.85316555,77.29446033,57.96024464,62.6382349,61.3362152,59.09459333,41.42211843,52.53007051
259,77.86514685,77.25523467,57.9027358,62.62842172,61.37655006,59.08095363,41.44845227,53.06926586
260,77.88897824,77.28464283,58.25130129,62.61970003,61.42619996,59.18253564,41.49166048,52.53007051
261,77.90124895,77.27645504,57.90999732,62.60932101,61.30784383,59.10229227,41.51734768,52.63376192
262,77.90788962,77.22514744,57.93857671,62.59909093,61.24381187,59.09235263,41.54471033,52.69597677
263,77.93137667,77.31244296,58.04126816,62.58979275,61.34551482,59.16629774,41.57313451,52.69597677
264,77.94977292,77.32747872,58.03441678,62.58025465,61.34400729,59.15638513,41.60261858,52.92409788
265,77.96893391,77.3025287,58.20184544,62.57141888,61.39220977,59.24396681,41.63908355,52.71671506
266,77.99023926,77.32181624,58.0980845,62.56258487,61.46387821,59.24392865,41.66710569,53.35960182
267,78.01493033,77.26313184,58.49381792,62.5552301,61.56374567,59.35739228,41.71024465,53.04852758
268,78.05501718,77.30075763,58.35291391,62.54692541,61.52603686,59.32922182,41.74302219,52.94483617
269,78.06725605,77.30304454,58.26181994,62.53884074,61.56675081,59.28021086,41.77042475,53.09000415
270,78.09700625,77.37016342,58.37073473,62.53112035,61.60089584,59.37837195,41.80330283,53.09000415
271,78.11236012,77.28326821,58.37224155,62.52375708,61.6703144,59.34370459,41.83472818,53.42181667
272,78.13506413,77.36816545,58.6070131,62.51652979,61.63012996,59.45356619,41.87570955,53.06926586
273,78.14526234,77.33505619,58.39902317,62.50878443,61.61329164,59.34113282,41.90568354,53.152219
274,78.15244524,77.24031284,58.42921885,62.50088526,61.55084343,59.33622332,41.93830607,53.0277893
275,78.15878074,77.3138879,58.40228595,62.49307928,61.56460517,59.31927011,41.96645936,53.09000415
276,78.18012849,77.28937372,58.38770356,62.485038,61.51130415,59.35392436,41.99735753,52.84114475
277,78.19447361,77.36545387,58.22096146,62.47628619,61.42978634,59.30061743,42.01870299,52.82040647
278,78.19758176,77.34977287,58.17611898,62.46772572,61.42506062,59.27952935,42.03485973,52.79966819
279,78.20413902,77.32774068,58.12652643,62.45934593,61.44983751,59.24852489,42.04722194,53.00705102
280,78.21276224,77.27988469,58.30776028,62.45175615,61.53170167,59.29805733,42.06765782,53.35960182
281,78.22374373,77.2922289,58.56875178,62.44534075,61.66114504,59.40299976,42.10020953,53.46329324
282,78.24062866,77.36301192,58.72200324,62.4389362,61.68763261,59.45395798,42.13343321,53.06926586
283,78.2618994,77.45148294,58.4802134,62.43199102,61.70905158,59.428826,42.15482035,53.67067607
284,78.28990038,77.39861378,58.86850311,62.42648201,61.79310791,59.56090114,42.18942357,53.23517213
285,78.29629577,77.32616,58.59329261,62.41965708,61.72295655,59.43980392,42.21356112,53.40107839
286,78.30611623,77.31914479,58.64357035,62.41350103,61.75393573,59.49502611,42.24079505,53.09000415
287,78.31996843,77.32836392,58.44643342,62.40643865,61.69376837,59.40905657,42.25640306,53.64993779
288,78.33488601,77.3394705,58.8337597,62.40115895,61.80863193,59.51083142,42.28778364,53.58772294
289,78.36083913,77.37204544,58.84808571,62.39539644,61.79258469,59.55262122,42.32090325,53.35960182
290,78.36174021,77.28242438,58.71621458,62.38904247,61.74253537,59.53057242,42.34150424,53.42181667
291,78.37103113,77.31042949,58.70422115,62.38313425,61.77371264,59.52228344,42.3661298,53.60846122
292,78.38535017,77.29632834,58.84794691,62.37796684,61.85706662,59.55425618,42.3928535,53.60846122
293,78.39927888,77.36095341,58.84907219,62.37265493,61.86602759,59.55490889,42.4212625,53.25591041
294,78.39962936,77.39183493,58.66456288,62.36635356,61.79455235,59.45527935,42.43625165,53.69141435
295,78.42021321,77.39336088,58.92690499,62.36114456,61.82382073,59.60382317,42.46365855,53.38034011
296,78.42827788,77.37185964,58.70593435,62.35485469,61.73574926,59.51110795,42.48176338,53.19369556
297,78.44307746,77.38323515,58.56412852,62.34871499,61.76884769,59.4625816,42.49293164,53.73289092
298,78.4449622,77.28000893,58.92633426,62.34402081,61.87729531,59.58149735,42.51737072,54.06470344
299,78.47058192,77.31304148,59.25798748,62.34089105,62.0921656,59.69710896,42.55462917,53.94027375
300,78.48101797,77.32631379,59.25325381,62.33707161,62.10081869,59.70927444,42.58601604,53.98175031
301,78.50080078,77.29574773,59.22475149,62.33311306,62.06902411,59.739721,42.6164072,53.64993779
302,78.51167563,77.30628144,58.9881145,62.32815163,61.97336562,59.65241133,42.63473985,53.81584405
303,78.51938485,77.36465227,59.06820082,62.32361263,61.95368824,59.66745933,42.65765304,53.50476981
304,78.51730358,77.31789187,58.87095442,62.31856339,61.94108888,59.66568488,42.67028992,54.31356284
305,78.5455385,77.38729398,59.41084823,62.31570942,62.08269289,59.86567485,42.70731615,54.00248859
306,78.56379084,77.31989143,59.28817267,62.31185869,62.05986089,59.78456974,42.73557883,53.56698465
307,78.57033935,77.35732239,58.95029249,62.30660063,61.92855911,59.68421837,42.74965057,53.73289092
308,78.59116114,77.34355389,58.99267285,62.30242551,62.00292999,59.72732688,42.7678714,54.00248859
309,78.61013987,77.42596214,59.20700614,62.29893346,62.07503634,59.79893789,42.79300282,54.04396516
310,78.60440506,77.26696474,59.28427414,62.29520412,62.05491352,59.7959202,42.82049662,53.67067607
311,78.61707662,77.34823988,59.03046923,62.29080324,62.03118788,59.71133432,42.83214792,54.06470344
312,78.63927665,77.33906347,59.22863572,62.28742866,62.081353,59.78229623,42.85975186,53.79510577
313,78.64458345,77.33017449,59.13973659,62.28362116,62.09927222,59.75724623,42.87682144,54.04396516
314,78.65532743,77.36720921,59.29405431,62.28028189,62.1154649,59.79757877,42.89708804,54.08544173
315,78.65669385,77.33866475,59.30284638,62.27677626,62.08153992,59.77029034,42.9155408,54.06470344
316,78.66967294,77.37984918,59.37001084,62.27391718,62.1786945,59.8607291,42.93674736,54.41725425
317,78.69915104,77.41425416,59.60024321,62.27181137,62.25191157,59.94555239,42.96675077,54.12691829
318,78.70768012,77.4343158,59.43839795,62.26909241,62.25714002,59.90574926,42.9927259,54.29282455
319,78.72184781,77.42123532,59.54563686,62.26731641,62.37145544,59.93108753,43.02207891,54.68685193
320,78.72710474,77.32850587,59.77609131,62.2656823,62.33979838,60.02411793,43.0577411,54.18913314
321,78.73655204,77.3581209,59.54720868,62.26256611,62.21089028,59.93651372,43.07865169,54.10618001
322,78.75888958,77.42563291,59.42526414,62.25953817,62.18918021,59.90543046,43.09439124,54.23060971
323,78.76477531,77.40183746,59.50358565,62.25709276,62.24069745,59.91249743,43.11560879,54.23060971
324,78.78543145,77.43520776,59.50437672,62.25463,62.25770763,59.93189358,43.13717574,54.43799253
325,78.80389024,77.3774228,59.63402498,62.25294887,62.33566284,59.98922458,43.16121841,54.45873082
326,78.82247158,77.41617627,59.65764649,62.25101602,62.32128036,60.01623979,43.18552447,54.23060971
327,78.81575854,77.33797059,59.52333504,62.24831136,62.24700177,59.90850973,43.20207881,54.08544173
328,78.81979493,77.28377302,59.3864399,62.24530641,62.20270059,59.90067393,43.21290715,54.23060971
329,78.84012503,77.42365668,59.51318244,62.24297506,62.2587458,59.98088308,43.2275715,54.43799253
330,78.86166778,77.41595395,59.57753543,62.24080518,62.2537658,59.98153007,43.2495446,54.02322688
331,78.86833618,77.4346293,59.31634169,62.23764298,62.1941953,59.91125531,43.25851079,54.16839486
332,78.87157576,77.41411805,59.42204933,62.2349115,62.19909578,59.90779726,43.26965451,54.31356284
333,78.87994325,77.36903251,59.5350211,62.23277744,62.26164928,59.95866966,43.28431506,54.06470344
334,78.8736167,77.40671902,59.424818,62.2304546,62.32159138,59.93135499,43.29309075,54.50020738
335,78.89321557,77.48687277,59.62645454,62.22844675,62.28193349,59.98592773,43.31067996,54.16839486
336,78.88911836,77.3981775,59.47366941,62.22561012,62.21233952,59.94412004,43.32055171,54.3550394
337,78.89880234,77.45356517,59.64944057,62.22372544,62.29068829,60.01101552,43.33808239,54.39651597
338,78.9163207,77.44550715,59.68000035,62.22205817,62.3494197,60.0436974,43.35180815,54.54168395
339,78.92630021,77.35364654,59.76957201,62.22076541,62.39831535,60.03679358,43.37407993,54.6038988
340,78.92845306,77.34579483,59.79891871,62.21948597,62.40442056,60.07691288,43.39398942,54.56242223
341,78.93239167,77.32388205,59.80949421,62.21861458,62.48409289,60.09380004,43.41360344,54.72832849
342,78.95023059,77.3647395,59.93310265,62.21829968,62.56619514,60.14654112,43.43760374,54.72832849
343,78.96033072,77.33644544,59.96253044,62.21740706,62.50470023,60.12196486,43.45929678,54.56242223
344,78.96658797,77.37965651,59.84899456,62.21616238,62.46523749,60.08614378,43.47613395,54.62463708
345,78.96941868,77.37710135,59.87782122,62.21493669,62.43502324,60.08076034,43.49387317,54.4794691
346,78.98906912,77.38907364,59.78179883,62.21370387,62.45983336,60.06319024,43.50788676,54.62463708
347,79.00839455,77.41233703,59.85072841,62.21261234,62.45364854,60.09457853,43.52637657,54.4794691
348,79.02177025,77.38795701,59.75930023,62.21124817,62.44397812,60.11765805,43.5378809,54.4794691
349,79.02947039,77.33698749,59.74283238,62.21007648,62.4721449,60.06609483,43.54785028,54.52094567
350,79.05294008,77.44754441,59.78338062,62.20847777,62.40098865,60.07927396,43.56209732,54.58316051
351,79.04096378,77.36401236,59.86847463,62.20777599,62.50169969,60.16565951,43.57638434,54.85275819
352,79.05498811,77.35237099,60.08334159,62.20777664,62.59189357,60.21294322,43.59815375,55.10161759
353,79.06068073,77.34596599,60.26584805,62.20853839,62.69205159,60.29935591,43.62742347,55.14309415
354,79.07808706,77.39437513,60.31312388,62.20964549,62.78108125,60.35259637,43.65726514,54.93571132
355,79.08701685,77.3741003,60.1628246,62.20949327,62.66644758,60.28615703,43.67827148,54.83201991
356,79.08591065,77.35319068,60.02691642,62.20917921,62.61764763,60.20678958,43.69522688,54.68685193
357,79.09647872,77.38297587,59.94428071,62.208545,62.58068108,60.16680967,43.7054635,54.74906678
358,79.11109634,77.41256807,59.92157997,62.20797481,62.55883518,60.17804433,43.71749499,54.62463708
359,79.1210448,77.42425992,59.90316403,62.20719894,62.54938916,60.15653614,43.7278131,54.83201991
360,79.13700271,77.38574122,60.05476125,62.20654282,62.51088409,60.17915439,43.73941123,54.54168395
361,79.14652608,77.47212288,59.87874648,62.20535558,62.48180033,60.18166141,43.74727876,54.64537536
362,79.14308495,77.39273433,59.90366307,62.20448191,62.49540341,60.16648396,43.7556113,54.81128163
363,79.16781836,77.45208073,60.04697674,62.203832,62.49507368,60.21186584,43.77056551,54.87349647
364,79.16673168,77.37343503,60.1292852,62.20394842,62.60670999,60.22637905,43.78715824,54.89423476
365,79.18129108,77.39245787,60.08791191,62.20373158,62.59365248,60.18570857,43.80179598,54.97718789
366,79.20625806,77.46958145,52.57341251,62.20339837,62.54655772,58.71422783,43.81786244,54.29282455
367,79.20092617,77.41898987,50.74144152,62.20124231,62.4041041,58.32313981,43.81699445,54.37577769
368,79.19330048,77.34736742,49.75520918,62.19904839,62.31235283,58.08612531,43.81649705,54.02322688
369,79.17676628,77.34998901,48.94059231,62.19582934,62.19287253,57.9150523,43.80817105,54.04396516
370,79.16518041,77.31472781,48.47513387,62.19225362,62.0740632,57.807209,43.79933761,53.81584405
371,79.1488158,77.34245095,48.0995141,62.18844805,62.04201747,57.73694274,43.78367331,54.00248859
372,79.14654701,77.35709932,47.99191347,62.18558536,62.13441055,57.70884069,43.77473537,54.16839486
373,79.15812657,77.41687552,47.94075775,62.18213535,62.03172299,57.73799795,43.76875221,53.73289092
374,79.16198568,77.43194218,47.6319834,62.17791431,61.97013786,57.66889578,43.75569685,54.00248859
375,79.16939775,77.48661953,47.54150955,62.17423577,61.95653169,57.65675855,43.74845263,53.79510577
376,79.16891286,77.37834164,47.45548338,62.17077977,62.04234318,57.62701523,43.73152638,53.98175031
377,79.16695034,77.40367265,47.44934393,62.16729329,62.02152069,57.6307537,43.72384962,53.69141435
378,79.13596388,77.29060445,47.31502755,62.16273765,61.90766868,57.57235458,43.70776624,53.94027375
379,79.13546511,77.38019592,47.45669086,62.15934622,61.98323744,57.57325398,43.70221858,53.91953546
380,79.12523797,77.39609933,47.44633189,62.15525834,61.90362105,57.58735874,43.69177916,53.40107839
381,79.10745665,77.37215484,47.26597266,62.14977134,61.77037967,57.50148779,43.67091116,53.60846122
382,79.11205294,77.41959834,47.28956163,62.14587788,61.9190493,57.52111402,43.65612291,54.10618001
383,79.12074763,77.44183964,47.44187537,62.14309126,62.03449622,57.58612992,43.65383134,53.98175031
384,79.13853123,77.44346918,47.37264945,62.13965933,62.0081121,57.57376517,43.64533273,54.00248859
385,79.14483996,77.44784505,47.37129395,62.13677385,62.07741945,57.5945259,43.64386818,53.91953546
386,79.14741149,77.41627604,47.30366891,62.1325329,61.9017475,57.57308996,43.63582744,53.42181667
387,79.12557506,77.41996477,47.14542667,62.12777389,61.86733997,57.47458464,43.61596386,53.71215263
388,79.11252022,77.29329184,47.17127795,62.1229343,61.75891245,57.46417415,43.6069363,53.35960182
389,79.09976353,77.37210787,47.02097046,62.11772524,61.74119583,57.414886,43.58996262,53.81584405
390,79.10503549,77.39529627,47.16488523,62.11328327,61.73710445,57.46612899,43.58303526,53.46329324
391,79.09415898,77.41719747,47.19281394,62.10788392,61.66607423,57.42617407,43.56292182,53.13148071
392,79.07103305,77.36052535,47.09438242,62.10283777,61.77668221,57.40107818,43.53723182,54.16839486
393,79.08345466,77.3793022,47.45897902,62.1001348,61.9367602,57.51102544,43.54510428,53.91953546
394,79.08548991,77.39903796,47.53026394,62.09684784,61.97569014,57.54328372,43.54237058,53.7536292
395,79.09228292,77.45529118,47.38050144,62.09250399,61.85787074,57.45939441,43.53558976,53.56698465
396,79.08261503,77.44902707,47.24399521,62.08821802,61.85879561,57.40464789,43.52623325,53.7536292
397,79.07075267,77.44345204,47.3463007,62.08477972,61.94811074,57.49216298,43.52498929,53.71215263
398,79.05323549,77.36378622,47.34992042,62.0804546,61.84819578,57.46848236,43.51750977,53.54624637
399,79.06756261,77.46186004,47.22401648,62.07640881,61.89075162,57.42232448,43.50635374,53.98175031
400,79.08226145,77.48294736,47.37171776,62.07213861,61.75535088,57.47145297,43.50934173,53.00705102
401,79.0687787,77.52793597,47.06640947,62.06624817,61.68378579,57.3576489,43.48448762,53.79510577
402,79.05981563,77.43175237,47.21722669,62.06284676,61.85234775,57.43992026,43.48536271,53.89879718
403,79.07400081,77.40650385,47.40393683,62.05967171,61.93388033,57.49542525,43.48709494,53.79510577
404,79.0822768,77.3449396,47.40996987,62.05598643,61.90629652,57.49968709,43.48535687,53.7536292
405,79.09611263,77.45787605,47.27873407,62.05182569,61.82230201,57.48214203,43.4828153,53.54624637
406,79.10085294,77.47544733,47.17864695,62.04738555,61.79403186,57.40023783,43.47382158,53.52550809
407,79.0643104,77.35081906,47.23298526,62.04286228,61.77061427,57.3963263,43.46245429,53.6291995
408,79.07501,77.46296858,47.28676726,62.03858471,61.76867858,57.412153,43.45894173,53.35960182
409,79.06853859,77.38184037,47.16140282,62.03341109,61.68844914,57.33419775,43.44309517,53.56698465
410,79.05865903,77.35677904,47.26492279,62.02895751,61.7122322,57.37480742,43.43349262,53.31812526
411,79.0703078,77.43795646,47.22563429,62.02412995,61.72320897,57.37155807,43.41925931,53.67067607
412,79.08639472,77.45174325,47.37764278,62.01978792,61.71237428,57.43946523,43.4162149,53.50476981
413,79.08416812,77.46305346,47.26249389,62.01495761,61.66708738,57.40692008,43.41049612,53.42181667
414,79.09285715,77.54288222,47.16425122,62.0098244,61.61521491,57.37674375,43.40038817,53.33886354
415,79.08697042,77.45650235,47.16552542,62.00490718,61.64821856,57.38827698,43.39207302,53.52550809
416,79.08326156,77.44307651,47.19974327,62.00087236,61.75436724,57.39074419,43.38301763,53.81584405
417,79.09246047,77.48166403,47.3461867,61.99773631,61.87014151,57.46582928,43.38249897,53.94027375
418,79.09499016,77.43611669,47.42614505,61.9942744,61.82976601,57.46259228,43.38974419,53.52550809
419,79.09541589,77.41181057,47.29529937,61.98951988,61.70411427,57.3927386,43.38569696,53.23517213
420,79.07675224,77.365973,47.19300499,61.98485216,61.73956876,57.35990977,43.36941302,53.96101203
421,79.09609332,77.46435174,47.40233466,61.98226584,61.90438756,57.45216818,43.37646095,53.67067607
422,79.10972495,77.43040994,47.37266162,61.97829971,61.82137235,57.40730522,43.37661607,53.73289092
423,79.10763753,77.4458233,47.34551597,61.97473315,61.82995134,57.41703429,43.37569691,53.50476981
424,79.1026386,77.4710625,47.29977227,61.97010459,61.71585829,57.36271336,43.36909031,53.40107839
425,79.10595328,77.44758349,47.23971767,61.96601591,61.78102,57.3785796,43.36110049,53.85732061
426,79.10800942,77.42663511,47.37674497,61.96270331,61.81408101,57.41164771,43.36914338,53.6291995
427,79.10202621,77.42688168,47.33259889,61.95838452,61.71738105,57.36911866,43.36703871,53.27664869
428,79.09433841,77.36066127,47.17631169,61.95348874,61.67083757,57.33298121,43.35298824,53.60846122
429,79.10083825,77.3872056,47.20196678,61.94944257,61.70073195,57.38189963,43.35246438,53.35960182
430,79.11220284,77.43491863,47.16360538,61.94456346,61.63936368,57.37789633,43.34476902,53.54624637
431,79.10465676,77.33135403,47.05688985,61.94007956,61.62403506,57.31512736,43.34430089,53.40107839
432,79.10615625,77.35991301,47.02969205,61.93586508,61.69871174,57.30457773,43.33825228,53.69141435
433,79.10964982,77.4297785,47.16818933,61.93251796,61.79513139,57.32997316,43.33844116,53.50476981
434,79.10413583,77.40134588,47.1278633,61.92872117,61.80895485,57.29671814,43.335436,53.60846122
435,79.11884261,77.49091022,47.1125925,61.9244202,61.70028872,57.27494942,43.33782127,53.40107839
436,79.10393579,77.33793592,46.9944256,61.91979456,61.6502451,57.24062573,43.33065104,53.64993779
437,79.11786913,77.34449261,47.05269593,61.91595595,61.6898156,57.26791205,43.32951977,53.35960182
438,79.11899494,77.3616979,46.99991113,61.91131006,61.64642814,57.24573696,43.32288178,53.33886354
439,79.12094838,77.39700655,46.98817608,61.90650386,61.60280948,57.25929053,43.31447739,53.54624637
440,79.10945573,77.36630944,47.10801076,61.90219599,61.6077358,57.26839454,43.31391993,52.96557445
441,79.11961771,77.45243924,46.79284769,61.89564918,61.38641965,57.13658044,43.29328396,52.92409788
442,79.09812977,77.3500157,46.77785539,61.88986858,61.4251631,57.12415111,43.2728571,53.21443384
443,79.09420444,77.33650472,46.85394777,61.88460598,61.44643974,57.16062776,43.2610729,53.06926586
444,79.09473295,77.39726987,46.77169688,61.8791534,61.45695387,57.13643259,43.24670209,52.98631273
445,79.09337136,77.36347774,46.71180572,61.87327858,61.40814662,57.09979532,43.23033207,53.23517213
446,79.0903917,77.42486762,46.89457966,61.86878397,61.54648565,57.1725949,43.22407264,53.40107839
447,79.09052084,77.39812734,47.01905801,61.863897,61.49376439,57.19093318,43.21568991,53.13148071
448,79.09943124,77.42147056,47.00854429,61.85910165,61.5533486,57.19774996,43.20594639,53.69141435
449,79.11831452,77.42044932,47.05206163,61.85504729,61.54924711,57.20828193,43.21449423,53.11074243
450,79.10508392,77.40126578,46.91625643,61.84972442,61.48787567,57.17580634,43.20394775,53.27664869
451,79.10598548,77.41279119,46.94664694,61.84482322,61.48406155,57.18124491,43.19989721,53.33886354
452,79.10058425,77.3644367,47.00012394,61.84079341,61.60765118,57.18376506,43.1988338,53.60846122
453,79.10645895,77.36152729,47.06225365,61.83686769,61.60268745,57.23796626,43.20272629,53.21443384
454,79.11027061,77.42223422,46.88030707,61.83167515,61.49135577,57.18373638,43.19375156,53.00705102
455,79.10037394,77.42998379,46.69256627,61.82552549,61.33377542,57.09683385,43.18060825,53.13148071
456,79.10708238,77.47915652,46.8160366,61.82078872,61.46333421,57.14238525,43.17150069,53.19369556
457,79.11267289,77.49582763,46.83524097,61.81547565,61.40394826,57.14616346,43.1659367,52.9033596
458,79.0939062,77.41652593,46.71718885,61.80988807,61.40517779,57.07663083,43.15138388,53.40107839
459,79.09678342,77.38325652,46.82410705,61.80525983,61.4281945,57.12401814,43.15353703,52.98631273
460,79.08324689,77.35801259,46.73163878,61.80013493,61.46014905,57.07781212,43.14100312,53.40107839
461,79.09511715,77.39342938,46.88603275,61.79562256,61.46381599,57.1407986,43.14466451,53.23517213
462,79.08800415,77.36612049,46.8707745,61.79080243,61.45537894,57.12744352,43.14190716,53.27664869
463,79.09006638,77.33463738,46.93774841,61.78680608,61.57260322,57.17068553,43.1390103,53.48403152
464,79.10329853,77.45319536,47.07497268,61.78265083,61.53844741,57.21623614,43.14298434,53.35960182
465,79.07408529,77.32307687,47.10898622,61.7785147,61.55723072,57.18229112,43.14234017,53.23517213
466,79.06965008,77.35472421,47.12771291,61.77446027,61.60940563,57.20643352,43.14042358,53.6291995
467,79.07898199,77.33907112,47.32263239,61.77111828,61.64045465,57.21179511,43.1474852,53.29738698
468,79.08299055,77.41745256,47.23036364,61.76654814,61.53308313,57.23115298,43.14624711,53.27664869
469,79.08048897,77.38595842,47.15696453,61.76155937,61.41944966,57.17343589,43.14149151,53.11074243
470,79.0738335,77.42498045,47.08117807,61.7571148,61.50249421,57.16443733,43.13322438,53.29738698
471,79.06379866,77.31789722,46.99888367,61.75250932,61.45859707,57.13634994,43.13372631,53.00705102
472,79.04681106,77.37084214,46.94914641,61.74719652,61.39548971,57.10562175,43.12117229,53.09000415
473,79.04777139,77.33219164,46.93120946,61.74297086,61.52315862,57.11211048,43.11368339,53.81584405
474,79.06728985,77.44003093,47.08896226,61.74003382,61.59713003,57.20482504,43.13157758,53.33886354
475,79.07231956,77.38311172,47.07248573,61.73587256,61.55008436,57.19605665,43.13369334,53.21443384
476,79.07132474,77.43952851,47.00070798,61.73189795,61.58913186,57.18776798,43.13139268,53.58772294
477,79.07680524,77.41838697,47.10090721,61.72841496,61.58645073,57.20243328,43.13738342,53.52550809
478,79.07877718,77.38577476,47.19628679,61.72445247,61.5179211,57.22559194,43.14178955,52.92409788
479,79.06055099,77.41558324,46.93378749,61.71960796,61.49959815,57.12166274,43.13108518,53.56698465
480,79.05425814,77.44839574,47.1486953,61.71577927,61.485677,57.22616946,43.13859885,53.00705102
481,79.04994233,77.422135,46.96405577,61.71110786,61.48638708,57.17212324,43.12723097,53.40107839
482,79.06746057,77.45608358,47.00026876,61.70760655,61.57211149,57.17348863,43.13105723,53.50476981
483,79.0758836,77.44488307,46.95963075,61.70507619,61.74038136,57.19704876,43.13299985,53.81584405
484,79.08850008,77.45647159,47.08447278,61.70190593,61.62349428,57.21319501,43.1486049,53.11074243
485,79.08582195,77.44438514,46.92189657,61.6970203,61.47100192,57.13373069,43.14413759,53.0277893
486,79.06750253,77.41571199,46.89145807,61.69256948,61.49487542,57.11351258,43.13560667,53.23517213
487,79.07911875,77.3843997,46.95808391,61.68841447,61.497529,57.14149947,43.13193593,53.52550809
488,79.09112535,77.33666533,47.01783809,61.684892,61.52311849,57.14809213,43.13471534,53.17295728
489,79.08371032,77.38102204,46.93707262,61.68045808,61.47222574,57.11322946,43.13132606,53.42181667
490,79.07039367,77.40207469,47.02794654,61.6773826,61.60686142,57.14488205,43.13533846,53.60846122
491,79.07805199,77.38471464,47.20947512,61.67384435,61.53442095,57.17896017,43.14171576,53.09000415
492,79.07864292,77.45318743,47.00909787,61.66939806,61.48664498,57.1107433,43.13669137,53.40107839
493,79.06835029,77.44779237,47.07110609,61.66580566,61.52378641,57.15239141,43.1358778,53.6291995
494,79.08073302,77.4354395,47.19795838,61.66248176,61.52183174,57.18483092,43.14455368,53.0277893
495,79.07621134,77.38511751,46.96779575,61.65747812,61.39942969,57.06849855,43.1350214,52.82040647
496,79.06421731,77.4914225,46.80831523,61.65181889,61.28758395,57.02920327,43.12285007,53.11074243
497,79.06320131,77.41135918,46.85220568,61.6473106,61.34773255,57.03702244,43.11546063,53.13148071
498,79.05617117,77.3482028,46.89852853,61.64307495,61.41157759,57.0306934,43.10785513,53.23517213
499,79.06149101,77.37750036,46.84067647,61.63802016,61.27142169,57.01128106,43.10353706,52.69597677
500,79.05595149,77.40759725,46.71833653,61.6324017,61.25523,56.96121894,43.08746114,53.11074243
501,79.06389655,77.45585007,46.75372261,61.6278768,61.31565539,57.03956904,43.07734658,53.33886354
502,79.04402919,77.36263619,46.88443256,61.6239048,61.36836219,57.07362185,43.07703395,53.13148071
503,79.03296921,77.29481587,46.94044699,61.61933058,61.34207991,57.01492404,43.072338,53.27664869
504,79.03676399,77.32033777,47.02914899,61.61553596,61.41847084,57.04477194,43.07243143,53.38034011
505,79.03662296,77.37988682,47.13337636,61.61194027,61.45439681,57.0893911,43.07675693,53.29738698
506,79.03609848,77.40280651,47.13856955,61.60818025,61.46109881,57.08634223,43.07949226,53.04852758
507,79.0337651,77.4066006,46.97034199,61.6041014,61.47627629,57.05497492,43.07204977,53.48403152
508,79.01454406,77.35173356,47.17411194,61.60082651,61.49582189,57.12922447,43.07685511,53.09000415
509,79.00207537,77.34761314,47.10333251,61.59664814,61.45558872,57.08630518,43.0709493,53.42181667
510,79.01746143,77.4322164,47.10354969,61.59339974,61.50010538,57.1065514,43.07165005,53.31812526
511,79.02415605,77.4282405,47.04718919,61.58984732,61.49518306,57.08696113,43.0703709,53.25591041
512,79.01672663,77.39249676,47.03677423,61.58614708,61.4835586,57.06288922,43.06944979,53.19369556
513,79.02124908,77.44254689,47.05593494,61.58177689,61.37946101,57.05240848,43.0673961,53.09000415
514,79.02024339,77.41785569,46.99858053,61.57714474,61.31546857,57.05441619,43.06075902,52.88262132
515,79.02839616,77.47930391,46.85748368,61.57202605,61.25697372,56.97279292,43.0504061,52.75819162
516,79.0179843,77.40602704,46.7477556,61.56647432,61.1897707,56.93768184,43.03675168,53.11074243
517,79.02561331,77.36563344,46.84335533,61.5623995,61.30662388,56.96627573,43.03479275,53.23517213
518,79.01790161,77.35477125,46.97423695,61.55861148,61.37107699,57.00463021,43.03714495,53.38034011
519,79.03932944,77.45298408,47.01637887,61.55556546,61.47829141,57.05479045,43.04567791,53.52550809
520,79.0287054,77.38662088,47.08715019,61.55254778,61.48774263,57.06859318,43.05393506,53.23517213
521,79.00801263,77.33279796,47.05315008,61.54929314,61.52753,57.03359866,43.05321616,53.48403152
522,79.02302517,77.40709501,47.23866114,61.54681416,61.60654441,57.09212658,43.0598901,53.50476981
523,79.03388551,77.47257078,47.17116108,61.54335445,61.46906223,57.07490223,43.06663648,53.04852758
524,79.01533408,77.41348575,47.076044,61.53943768,61.45209641,57.04900635,43.0584145,53.54624637
525,79.02731713,77.39539747,47.2139215,61.5366176,61.49346792,57.07241861,43.06615645,53.13148071
526,79.03213982,77.38219848,47.05396703,61.53271186,61.43809338,57.01090993,43.06084739,53.25591041
527,79.02035339,77.34743808,47.03634491,61.52881609,61.37827751,56.99108477,43.05988252,52.75819162
528,79.01487199,77.4034961,46.82559128,61.52346889,61.24098027,56.90102519,43.04391911,52.82040647
529,79.01368922,77.39371725,46.73121291,61.5178344,61.1104688,56.88856515,43.03077654,52.65450021
530,79.01586835,77.42489358,46.63214657,61.51318435,61.25782624,56.91289407,43.01396792,53.50476981
531,79.02139429,77.42939453,46.92830998,61.51030444,61.38728184,56.99978662,43.02378998,52.96557445
532,79.01549793,77.38509522,46.82709916,61.50594847,61.34229433,56.99571999,43.01549577,53.50476981
533,79.02121869,77.37005513,46.98239533,61.5032425,61.44966915,57.04262633,43.02709533,53.27664869
534,79.03324798,77.40262114,46.98505649,61.49964763,61.40624548,57.01458953,43.02492684,53.23517213
535,79.03273526,77.39364794,47.00527705,61.49648364,61.4654709,57.01360954,43.02763172,53.50476981
536,79.03063051,77.43408125,47.18701306,61.49325795,61.40561508,57.06813449,43.03584639,52.92409788
537,79.02791047,77.37290689,46.96169691,61.48804454,61.20084319,56.94832132,43.02541484,52.84114475
538,79.02694488,77.388559,46.8389055,61.48383816,61.29800806,56.93812215,43.01280458,53.21443384
539,79.04119021,77.4217537,46.8895151,61.48013796,61.3211854,56.97209682,43.01115427,53.152219
540,79.04724372,77.39356545,46.91942838,61.47659356,61.36990922,56.97224467,43.00853627,53.13148071
541,79.04334743,77.39465175,46.91007192,61.47249083,61.3020446,56.96615186,43.00423773,53.04852758
542,79.03996372,77.38501855,46.95332296,61.46828518,61.2729734,56.96645988,43.00215793,53.152219
543,79.04469854,77.41643121,46.94055251,61.46423156,61.25575358,56.98612727,43.0015986,53.0277893
544,79.04517683,77.35381219,46.88418469,61.46108865,61.42917769,56.96461384,42.99434945,53.42181667
545,79.05135971,77.39414707,46.95889234,61.45818146,61.43764562,57.01569857,43.00303151,53.17295728
546,79.0609069,77.42946863,46.91457736,61.45444339,61.36698153,57.00002501,43.00302428,53.23517213
547,79.05929723,77.35623309,47.00332951,61.45138174,61.42843561,56.97959613,43.00318213,53.21443384
548,79.06620753,77.43095444,46.98466276,61.44686999,61.21618728,56.96100071,43.00320207,52.46785566
549,79.04816229,77.35757442,46.59528425,61.44074597,61.04949725,56.84516052,42.97921672,52.9033596
550,79.03220827,77.29220096,46.75257985,61.43646613,61.1643218,56.87529375,42.9685132,53.04852758
551,79.02146323,77.23640731,46.79148632,61.43219809,61.17295385,56.89951447,42.96494391,52.61302364
552,79.04682822,77.40244369,46.55044665,61.42676527,61.09522037,56.83585879,42.94826491,53.06926586
553,79.04205219,77.31561849,46.677376,61.423161,61.2414657,56.84346583,42.94525363,53.09000415
554,79.04164687,77.40394493,46.85475062,61.41976829,61.33345869,56.91436605,42.94183317,53.31812526
555,79.0460762,77.43986915,46.90073343,61.41654511,61.33859403,56.9472297,42.94789024,52.98631273
556,79.039628,77.40090039,46.84041709,61.41228614,61.2518473,56.89419651,42.94393042,52.61302364
557,79.0356189,77.41290014,46.63430884,61.40700704,61.13727623,56.8309844,42.92738373,52.94483617
558,79.03484982,77.38387051,46.72258958,61.40331596,61.26028677,56.88445438,42.9225578,53.17295728
559,79.04184003,77.36441276,46.87371489,61.399615,61.24782408,56.93142547,42.92642621,52.79966819
560,79.03898405,77.4024872,46.85277831,61.39528671,61.23415649,56.90989623,42.91771015,53.04852758
561,79.024857,77.29670841,46.90425398,61.39168859,61.28021451,56.91772419,42.91769466,53.21443384
562,79.01222271,77.3393475,47.05920406,61.38872152,61.3582837,56.97863036,42.92314442,53.44255496
563,79.02880614,77.38725837,47.10584524,61.3862567,61.41263569,57.02358649,42.93147147,53.27664869
564,79.04116845,77.41636156,47.08936041,61.38296194,61.34080695,57.01228214,42.93881275,52.94483617
565,79.05444532,77.47563838,46.97474326,61.37908051,61.2977467,56.97541331,42.93528783,53.13148071
566,79.05408302,77.48548625,46.96905287,61.37574761,61.31846953,56.94864772,42.93633742,53.00705102
567,79.04329434,77.40418492,46.85191003,61.3721848,61.32009001,56.92923259,42.93194492,53.23517213
568,79.04136125,77.34389251,46.94491437,61.36909297,61.33493849,56.9386521,42.93683648,53.25591041
569,79.04638331,77.38651148,46.96760196,61.36597348,61.32952725,56.92776086,42.94016147,52.96557445
570,79.04972883,77.39262994,46.87804602,61.36202373,61.26366929,56.92611483,42.93438025,53.04852758
571,79.05544393,77.43464153,46.8896554,61.35808402,61.21101543,56.92720773,42.93146186,52.82040647
572,79.04233882,77.39468282,46.76173253,61.3536118,61.15616101,56.88612667,42.92328804,53.00705102
573,79.0331319,77.39229038,46.86833701,61.35027676,61.26863612,56.92058045,42.9206401,53.25591041
574,79.05005993,77.46276014,46.99820415,61.3478002,61.39187467,56.99874733,42.92636782,53.50476981
575,79.07012189,77.43434846,47.14975487,61.34530387,61.37540021,57.02610582,42.9387925,52.75819162
576,79.06074897,77.3976297,46.95138233,61.34063143,61.2028858,56.9070051,42.92988086,52.9033596
577,79.07940072,77.46702305,46.82263392,61.33730859,61.30783448,56.88478489,42.93068853,53.13148071
578,79.06830487,77.42120846,46.9650568,61.33380335,61.26049925,56.91508253,42.92930939,53.09000415
579,79.0595548,77.38480856,47.06638076,61.33025258,61.23815827,56.92987493,42.92984256,53.06926586
580,79.06238588,77.46006711,47.03135848,61.3270996,61.29945132,56.96246822,42.93077313,52.84114475
581,79.0564786,77.37978702,46.88813485,61.32321829,61.26294471,56.90424302,42.9234609,53.21443384
582,79.06009972,77.41948731,47.01567182,61.32058593,61.35272896,56.95248676,42.9253492,53.35960182
583,79.0598372,77.41343562,47.09395546,61.31783098,61.33062847,56.98142296,42.93440657,52.96557445
584,79.06733858,77.497039,46.97493495,61.31367629,61.19032973,56.94587094,42.92726105,52.57154708
585,79.06138527,77.43987344,46.70069633,61.30815799,61.00250369,56.82626759,42.910789,52.65450021
586,79.05970842,77.42657864,46.61885823,61.30422701,61.1575987,56.81939709,42.89822159,53.19369556
587,79.06584141,77.4062091,46.70476337,61.30075052,61.1557947,56.84736056,42.90389816,52.63376192
588,79.06119765,77.43795107,46.61244058,61.29610495,61.10523383,56.81527942,42.89065458,53.04852758
589,79.06605678,77.42908247,46.68363992,61.2923319,61.11427997,56.84017192,42.88931835,52.9033596
590,79.07562535,77.43009638,46.6538352,61.28883799,61.20132397,56.83945393,42.88890239,53.11074243
591,79.09185263,77.47732959,46.74281311,61.28578095,61.25351102,56.87322284,42.89359998,53.09000415
592,79.08498245,77.37503584,46.86482485,61.28253511,61.24560321,56.9074494,42.89584856,53.00705102
593,79.1017202,77.46813033,46.81284924,61.27892758,61.20138976,56.86494579,42.89443163,52.7789299
594,79.0899274,77.4503299,46.74500009,61.27448184,61.10095705,56.83620129,42.88545949,52.61302364
595,79.07158157,77.41866001,46.72138895,61.26996665,61.08723279,56.81233672,42.87701905,52.86188304
596,79.0717819,77.43575474,46.7258756,61.26593223,61.09237672,56.80608359,42.86837937,52.84114475
597,79.08037909,77.40400231,46.73358083,61.26207124,61.12441649,56.80417271,42.86360215,53.21443384
598,79.08929237,77.38461178,46.788672,61.25940524,61.23588361,56.85473564,42.87019461,53.09000415
599,79.08786039,77.41918468,46.87265415,61.25641243,61.25981675,56.88646053,42.87214608,52.73745334
600,79.08294054,77.41371133,46.72061839,61.25232116,61.18035888,56.84395428,42.86404623,52.96557445
601,79.07526408,77.34142884,46.72141006,61.24847719,61.12336587,56.79741208,42.86643331,52.94483617
602,79.09889035,77.41294837,46.65766603,61.24497791,61.15683831,56.81592279,42.86282102,53.04852758
603,79.10172553,77.35908929,46.73989341,61.2416091,61.16224834,56.84056254,42.86542362,52.98631273
604,79.09792879,77.34928443,46.86377059,61.23795816,61.13264437,56.87156614,42.86728872,52.59228536
605,79.08229942,77.32390938,46.73228217,61.23373783,61.12709253,56.81270865,42.85384825,53.152219
606,79.09852001,77.43729878,46.92406319,61.23101037,61.21957581,56.88575436,42.85761196,53.152219
607,79.10190599,77.4226939,46.97956997,61.228513,61.29605351,56.90890637,42.86010721,53.19369556
608,79.10746342,77.31785436,46.90882002,61.22554774,61.23781138,56.89645348,42.8663306,52.84114475
609,79.09599439,77.36301561,46.7909289,61.22139681,61.10419334,56.85077466,42.85907239,53.09000415
610,79.08782389,77.29913873,46.88922002,61.21883152,61.24147883,56.86753024,42.86358698,53.0277893
611,79.09314063,77.36646522,46.91358765,61.21537586,61.16925185,56.8579474,42.86545304,52.79966819
612,79.09189607,77.40572674,46.84462343,61.21198424,61.2061145,56.84851701,42.85642195,53.11074243
613,79.08886503,77.36357448,46.89827357,61.20933631,61.25889751,56.86819053,42.85603402,53.25591041
614,79.08902653,77.35078669,46.98742993,61.20666602,61.23645708,56.8904328,42.86564864,52.92409788
615,79.08198295,77.38279751,46.89180382,61.20277962,61.11144583,56.84401945,42.86703902,52.7789299
616,79.07206189,77.37652373,46.81480357,61.19882413,61.08074792,56.79087911,42.86098008,52.84114475
617,79.07132606,77.39452962,46.81628431,61.19509922,61.08815516,56.79684071,42.85630291,53.00705102
618,79.07595043,77.30829841,46.90850097,61.19154486,61.07187455,56.80196848,42.85618068,52.46785566
619,79.07439181,77.37936987,46.66748062,61.18718952,61.07098806,56.72322589,42.84084534,53.21443384
620,79.09068557,77.33326942,46.81239419,61.18495215,61.2197208,56.80883762,42.84618559,53.06926586
621,79.09513584,77.35603218,46.85499915,61.18160954,61.13732259,56.81280591,42.85284758,52.67523849
622,79.06837435,77.32822621,46.71986005,61.17753515,61.0833473,56.77107588,42.8392818,52.92409788
623,79.07186235,77.37510118,46.80585741,61.17421828,61.11634895,56.79631543,42.83679105,53.152219
624,79.06655706,77.31821463,46.98239893,61.172225,61.28673623,56.85693089,42.83948984,53.19369556
625,79.06180056,77.32258476,47.04956348,61.16929674,61.19166495,56.84943196,42.84330933,52.84114475
626,79.06396651,77.35261618,46.94606911,61.16587119,61.15918803,56.81821798,42.83549214,53.04852758
627,79.05922387,77.35027879,46.96151477,61.16291076,61.16543258,56.79943348,42.83665133,52.86188304
628,79.07046989,77.45851674,46.85193383,61.1588774,61.03723996,56.78359047,42.83145324,52.82040647
629,79.06042947,77.45481203,46.7980841,61.15526946,61.05767107,56.77827208,42.82890075,52.53007051
630,79.05574271,77.40281483,46.59541927,61.1507589,60.99111006,56.7010281,42.81644565,53.09000415
631,79.06124217,77.44297808,46.84601592,61.14849012,61.18413588,56.80826728,42.82230811,53.0277893
632,79.06850517,77.44445285,46.91422546,61.1458523,61.22185238,56.84913285,42.82663784,52.9033596
633,79.06917485,77.46540282,46.90988902,61.14237419,61.12941189,56.81772342,42.8247872,52.71671506
634,79.06211031,77.38948576,46.83603319,61.13851742,61.07197846,56.76480595,42.81932111,52.82040647
635,79.06973493,77.44614658,46.8494779,61.13528712,61.11900626,56.80707985,42.8166411,53.04852758
636,79.07592958,77.36808443,46.87955087,61.13270988,61.18543215,56.8310617,42.82406785,52.79966819
637,79.07193586,77.41357429,46.81297537,61.12953025,61.17832899,56.84295743,42.81761682,53.42181667
638,79.07842754,77.40622811,47.07747437,61.12802581,61.28693949,56.91848364,42.83208673,53.09000415
639,79.07712157,77.47330207,47.13453278,61.12548792,61.2501921,56.92137758,42.83441135,53.11074243
640,79.08433231,77.47651869,47.12614438,61.12281002,61.20225848,56.89283702,42.83734618,52.63376192
641,79.08567941,77.43654379,46.88950138,61.11857281,61.04568975,56.79985288,42.826523,52.69597677
642,79.08007163,77.44316434,46.7444857,61.11447897,60.98067973,56.76573645,42.81730921,52.73745334
643,79.07557196,77.37296819,46.67458296,61.11104255,61.04927234,56.73143684,42.81181955,52.84114475
644,79.08295926,77.44089636,46.72627905,61.10719552,60.98216871,56.7312638,42.8059974,52.50933223
645,79.06816633,77.45557102,46.68766697,61.10288864,60.95963658,56.74422076,42.79204764,52.96557445
646,79.07725159,77.42551061,46.76488729,61.09975227,61.02023828,56.77422852,42.79274584,52.84114475
647,79.07387909,77.43196867,46.80737976,61.09670093,61.09190317,56.77182953,42.78691335,53.00705102
648,79.07612304,77.40050532,46.87621867,61.0937528,61.09236508,56.77095457,42.78871819,52.7789299
649,79.08731967,77.45587924,46.74359,61.09035595,61.07746172,56.74633885,42.78240448,52.69597677
650,79.08710071,77.48377398,46.61745604,61.08646976,61.00789547,56.70677782,42.77670836,52.84114475
651,79.09111922,77.4160907,46.7097465,61.08323748,61.04446801,56.73322637,42.77066051,52.75819162
652,79.09142608,77.40051305,46.68745118,61.07997586,61.07580054,56.71283007,42.76612025,52.82040647
653,79.08453955,77.40357324,46.78033954,61.07640311,61.01710485,56.76587758,42.76373425,52.69597677
654,79.0777525,77.35974595,46.69162382,61.07237856,60.94368155,56.73506382,42.76021871,52.59228536
655,79.06383143,77.45265697,46.76293053,61.06862042,60.9798222,56.76513279,42.74889865,52.98631273
656,79.06750245,77.29705178,46.82925407,61.06577626,61.04075534,56.75330176,42.75364719,52.84114475
657,79.07851281,77.40229952,46.74663666,61.06278035,61.07850866,56.75204932,42.75071098,52.94483617
658,79.07721654,77.33655829,46.75399402,61.05977573,61.06353126,56.72581696,42.75253822,52.84114475
659,79.08022391,77.38414982,46.7805042,61.05639158,61.01903877,56.76835946,42.74985282,52.59228536
660,79.07909254,77.38273034,46.64489027,61.05226557,60.93996856,56.71312266,42.74311643,52.61302364
661,79.07634822,77.35873029,46.61048946,61.04878573,61.00423797,56.70351543,42.74047927,52.92409788
662,79.07812455,77.3794565,46.67750397,61.04529525,60.94667855,56.72540775,42.74393753,52.23973455
663,79.07045003,77.3913159,46.42992107,61.04026819,60.84602612,56.64881659,42.72618621,52.53007051
664,79.05937042,77.35673857,46.51946211,61.03680794,60.97993055,56.6736572,42.71668013,53.0277893
665,79.06826649,77.39745009,46.6716603,61.03445133,61.08633323,56.70891895,42.72246103,52.71671506
666,79.07972409,77.44772331,46.66297183,61.03079067,60.99584866,56.6999847,42.71805137,52.61302364
667,79.07811403,77.39862479,46.58003,61.02680493,60.92757753,56.66817533,42.71189361,52.84114475
668,79.07086324,77.35260216,46.64240404,61.02339576,60.92784984,56.69774032,42.71297359,52.75819162
669,79.07769904,77.43714303,46.65373757,61.01961507,60.88821423,56.71822649,42.71284497,52.32268768
670,79.06034126,77.33867693,46.40142131,61.01504025,60.8513846,56.6099786,42.69839042,52.79966819
671,79.06179476,77.38746035,46.54117603,61.01185027,60.93455226,56.70201704,42.6978586,52.67523849
672,79.06827413,77.3941789,46.56302821,61.00889119,61.03868031,56.71226334,42.69651123,53.0277893
673,79.06872726,77.45477311,46.77266997,61.00662684,61.10351353,56.7715285,42.70168916,52.86188304
674,79.07500277,77.45347322,46.79880142,61.00340707,61.01510793,56.75873581,42.70390977,52.65450021
675,79.06880924,77.38340594,46.70459524,60.99999929,60.99646045,56.69892177,42.70054097,52.84114475
676,79.07475121,77.40711454,46.76650027,60.99764099,61.10979284,56.72195968,42.70392624,52.92409788
677,79.07368038,77.41330096,46.7620827,60.9944968,61.00607133,56.71297463,42.70702456,52.69597677
678,79.07105652,77.36846557,46.72079771,60.99110296,60.97621809,56.71897237,42.70234055,52.59228536
679,79.06990959,77.3753723,46.61581267,60.98721438,60.90700236,56.69909747,42.69674561,52.46785566
680,79.06379395,77.4155126,46.54207326,60.98307077,60.86309657,56.66488841,42.68669443,52.82040647
681,79.06314396,77.39499135,46.5524657,60.98032448,60.97871916,56.66438003,42.68876353,52.7789299
682,79.05593892,77.38098319,46.60436121,60.97775863,61.06877785,56.70067496,42.6888863,52.92409788
683,79.07070723,77.49028343,46.65875837,60.97467518,60.98074077,56.73580388,42.6914135,52.36416425
684,79.062948,77.40925095,46.47579634,60.96999006,60.82315387,56.64534036,42.68197388,52.32268768
685,79.04488076,77.35715862,46.35337053,60.96555541,60.80469691,56.58627303,42.66791071,52.67523849
686,79.0434718,77.40693364,46.43044372,60.96239554,60.91099608,56.64505928,42.66923703,52.88262132
687,79.04577322,77.3442136,46.58335607,60.96010698,61.04400517,56.68150709,42.67342082,52.79966819
688,79.04213254,77.36504082,46.59722775,60.95721506,61.02091698,56.65931754,42.67470411,52.79966819
689,79.04519893,77.44877782,46.67998904,60.95409866,60.96907676,56.69196831,42.67389507,52.65450021
690,79.04492335,77.46852659,46.57593848,60.95067179,60.93001613,56.65253744,42.67176925,52.46785566
691,79.027709,77.46059202,46.56639966,60.94690397,60.90447603,56.63106158,42.6620677,52.65450021
692,79.02849665,77.47028252,46.58273735,60.94356293,60.91094608,56.60934021,42.6615046,52.88262132
693,79.05155045,77.55345494,46.69628862,60.94080861,60.94749732,56.66573631,42.66458591,52.44711738
694,79.0451496,77.46567762,46.55125161,60.93677035,60.86509825,56.63406727,42.653566,52.59228536
695,79.04586585,77.42812894,46.59354442,60.93379215,60.96377323,56.66222266,42.65034555,53.0277893
696,79.05534507,77.47392528,46.69552141,60.93126301,60.96380806,56.71023808,42.65976443,52.55080879
697,79.06632295,77.4884156,46.59869115,60.92839636,61.03373058,56.69962064,42.65437126,53.152219
698,79.08129865,77.49034362,46.77497683,60.92679789,61.11051781,56.72937209,42.66305882,52.88262132
699,79.06275161,77.43282827,46.81590301,60.92432387,61.069507,56.72916197,42.66978928,53.0277893
700,79.07125426,77.39552455,46.89035652,60.92291931,61.1892376,56.75741352,42.67796337,53.0277893
701,79.06419447,77.32871001,46.91490465,60.92022995,61.02785917,56.76613106,42.68614204,52.34342596
702,79.05530309,77.38324697,46.56153793,60.91629798,60.92992795,56.65745415,42.67345843,52.61302364
703,79.05361436,77.356855,46.56992437,60.91308136,60.9320337,56.63706078,42.66886284,52.67523849
704,79.04654712,77.37383688,46.54276009,60.91033292,60.99207882,56.60983272,42.66415302,52.88262132
705,79.06892311,77.41690953,46.62951959,60.90786774,61.00409058,56.65955483,42.66866454,52.61302364
706,79.05704999,77.40072674,46.57269528,60.90505913,61.02298159,56.66211856,42.66680221,53.00705102
707,79.06775518,77.40345824,46.74493067,60.90355712,61.14172381,56.72624003,42.67347599,53.13148071
708,79.07090275,77.47145148,46.95818722,60.90182798,61.12195767,56.77602916,42.68278059,52.88262132
709,79.06221552,77.40583832,46.86388048,60.8993557,61.05269585,56.72094477,42.68604923,52.73745334
710,79.06768004,77.39557899,46.8061306,60.89695843,61.06992848,56.71359305,42.68561617,52.94483617
711,79.06077378,77.35793763,46.78993849,60.89510525,61.11335931,56.72103685,42.69246315,53.06926586
712,79.06988746,77.38163868,46.8366549,60.89336434,61.11583115,56.74379536,42.70251516,52.94483617
713,79.07348605,77.40780954,46.78679986,60.8914978,61.12820439,56.71514722,42.70380137,53.0277893
714,79.06671464,77.3879985,46.80556731,60.89027527,61.21650593,56.70531949,42.70813782,53.00705102
715,79.06867464,77.4264259,46.83879347,60.88763797,61.02308807,56.71883669,42.71227501,52.32268768
716,79.05255725,77.3907678,46.60322887,60.8842054,60.98589175,56.62622024,42.69709921,53.04852758
717,79.05909444,77.39404617,46.72602538,60.88186184,60.95598391,56.67145373,42.7058681,52.46785566
718,79.04641184,77.36817695,46.55783358,60.87852522,60.93149945,56.63801455,42.69539387,53.0277893
719,79.05107894,77.40380026,46.77645266,60.87679551,61.03565418,56.70680104,42.70313989,52.55080879
720,79.04705213,77.39282525,46.58172224,60.87390321,61.01368396,56.65863414,42.69757915,52.98631273
721,79.05621473,77.3624597,46.69238597,60.87232759,61.10489156,56.69190235,42.70441488,52.82040647
722,79.0480073,77.35742206,46.62283566,60.86958789,60.99553509,56.6647509,42.70085759,52.65450021
723,79.04713845,77.41246809,46.62452361,60.86728775,61.06348733,56.65614958,42.69636286,53.0277893
724,79.04656165,77.31419104,46.75928721,60.86550003,61.07763881,56.67705975,42.70422264,52.94483617
725,79.05707324,77.4283881,46.79793517,60.86353899,61.07573691,56.71647173,42.70952623,53.0277893
726,79.06211172,77.43570959,46.79629683,60.86189176,61.10161235,56.75284753,42.71534129,52.94483617
727,79.06717741,77.41295616,46.82056463,60.8598256,61.06239938,56.74871768,42.71988781,52.63376192
728,79.05214877,77.30917461,46.68150895,60.85761027,61.10150531,56.69649133,42.71457113,53.19369556
729,79.06652467,77.38645286,46.84548165,60.85584955,61.04299895,56.73099522,42.72241515,52.59228536
730,79.07515063,77.45696249,46.75081026,60.85272213,60.94913496,56.66823111,42.71759935,52.67523849
731,79.06679751,77.37320232,46.72898817,60.84967527,60.89655897,56.6101573,42.71552126,52.63376192
732,79.05860583,77.37668384,46.67704888,60.84626787,60.82043758,56.59551616,42.70767277,52.40564081
733,78.67125059,75.10729415,46.49909859,60.84270454,60.81802058,56.19555561,42.69929774,52.59228536
734,78.43199416,73.91935499,46.44660357,60.8394232,60.8124513,56.01742662,42.69381368,52.73745334
735,78.24399118,73.08032708,46.44408152,60.83695712,60.90592675,55.88287168,42.6909862,52.9033596
736,78.07638937,72.42594237,46.48451532,60.83447969,60.89955457,55.78099795,42.69636054,52.53007051
737,77.91178946,71.88411081,46.33054891,60.83075248,60.78358379,55.63635265,42.69125323,52.13604314
738,77.74426215,71.41453397,46.15411566,60.82599973,60.66259989,55.46185283,42.67279702,52.28121112
739,77.59799118,71.00755751,46.04254763,60.82151719,60.61263688,55.32083671,42.6552002,52.19825798
740,77.43996227,70.64179565,45.98806751,60.81748369,60.68491731,55.26545932,42.64176774,52.46785566
741,77.29962207,70.31365953,46.0088302,60.8140653,60.74432368,55.23447083,42.63182103,52.48859394
742,77.15715212,70.00976162,46.06226912,60.81047729,60.73218322,55.18471003,42.62567073,52.40564081
743,77.0115844,69.72835867,46.04397766,60.80656429,60.69114905,55.12746116,42.61821172,51.90792202
744,76.85704601,69.46686598,45.8935557,60.80067881,60.4748154,54.97132282,42.59669053,51.86644546
745,76.71719432,69.22000235,45.68770953,60.7948975,60.40577787,54.87671261,42.57810108,51.7005392
746,76.57447608,68.98988672,45.43383353,60.7890779,60.4086448,54.77674226,42.55250193,52.13604314
747,76.43942806,68.77339214,45.5624979,60.78512927,60.60182173,54.77677816,42.54078717,52.59228536
748,76.30801845,68.5687927,45.73257642,60.78209324,60.71438853,54.77700024,42.54447045,52.40564081
749,76.17357785,68.37091109,45.6872347,60.77815498,60.65918122,54.70908716,42.53832578,52.11530485
750,76.0296854,68.18145405,45.62042908,60.77348833,60.58634149,54.63344029,42.52400942,52.19825798
751,75.89065166,68.00145308,45.65315513,60.76938325,60.62160683,54.580996,42.51811744,52.28121112
752,75.76069037,67.82997724,45.63903914,60.76513818,60.58779815,54.5406552,42.50999568,51.86644546
753,75.61800765,67.66012336,45.46232839,60.7597269,60.48376709,54.41087218,42.49299195,51.88718374
754,75.48914873,67.50417391,45.19331059,60.75442256,60.44649029,54.28658934,42.47873197,51.72127748
755,75.35848879,67.34566459,45.09979633,60.74864219,60.39175308,54.21504375,42.4569068,52.21899627
756,75.22202168,67.19401422,45.24883434,60.74413509,60.44170593,54.20886868,42.44988782,51.82496889
757,75.07850947,67.04753644,45.17692155,60.73829529,60.34501222,54.12744568,42.43418615,51.74201576
758,74.94411971,66.91109739,45.05117839,60.73280018,60.37703909,54.0613616,42.41255322,51.90792202
759,74.82250416,66.77372161,45.01345104,60.72687004,60.26893061,54.01611426,42.39782142,51.78349233
760,74.69922887,66.63814101,44.82300928,60.72117094,60.28786196,53.93469821,42.38320167,51.67980091
761,74.55285726,66.50898605,44.8413226,60.71529628,60.28887115,53.88458126,42.35975155,51.74201576
762,74.42157333,66.38346835,44.83229827,60.70927434,60.24374499,53.8473719,42.34035073,51.55537122
763,74.2906676,66.36650494,44.8014335,60.70298204,60.22304574,53.8314982,42.3181356,51.53463293
764,74.16983606,66.35039764,44.67602825,60.69578739,60.06379389,53.74567977,42.29784072,51.20282041
765,74.04901493,66.3351323,44.49240275,60.68830804,60.02978237,53.68304609,42.26878278,51.41020324
766,73.9350679,66.32107975,44.49091143,60.68100235,59.98298468,53.64283075,42.24593806,51.09912899
767,73.8263443,66.30688363,44.31280335,60.67357346,60.01792391,53.57294162,42.21466044,51.72127748
768,73.72782399,66.29403609,44.46190107,60.66773768,60.12800554,53.65632236,42.20511484,51.47241808
769,73.62959546,66.28193959,44.32310898,60.66124831,60.12726362,53.5701544,42.18541371,51.82496889
770,73.53974903,66.27007037,44.50836159,60.65531504,60.11899872,53.62364889,42.17812249,51.26503526
771,73.44847848,66.25776518,44.37486431,60.64818117,60.06063519,53.54495302,42.1567946,51.3272501
772,73.36020609,66.2464031,44.29139203,60.64107798,60.01565758,53.48319446,42.13897855,51.11986727
773,73.26564139,66.23422409,44.09331192,60.63290017,59.86495256,53.39500627,42.11023944,50.91248445
774,73.18060131,66.22325285,43.92938578,60.62475904,59.85346211,53.33582875,42.0787592,51.09912899
775,73.1010598,66.21253678,43.91996499,60.61695894,59.84911728,53.27523254,42.05563714,51.36872667
776,73.02528158,66.20260152,43.98978423,60.60983764,59.88268604,53.31122249,42.03670759,50.95396101
777,72.95084853,66.19338069,43.86354829,60.60169166,59.82977143,53.24930658,42.00705719,51.09912899
778,72.87971223,66.18425288,43.84587362,60.59412395,59.85671374,53.21968182,41.98417908,51.26503526
779,72.81034033,66.17538941,43.89980239,60.58719639,59.92589426,53.23129943,41.96380572,51.14060556
780,72.74182244,66.16654193,43.85605792,60.57987817,59.91801704,53.19927602,41.94318755,51.3272501
781,72.68022563,66.15868309,43.93120502,60.57285384,59.90566652,53.19646385,41.92837255,51.16134384
782,72.61306155,66.15042415,44.0073217,60.56609606,59.98247239,53.20507607,41.91081457,51.43094152
783,72.55591887,66.14272315,44.00725174,60.55929477,59.93060591,53.19884612,41.9026281,51.09912899
784,72.49532244,66.13471255,43.95061123,60.55208327,59.92160119,53.17852902,41.88350668,51.61758606
785,72.44366688,66.12859279,44.08238379,60.5458833,59.94109366,53.23801253,41.88389547,51.28577354
786,72.38149612,66.1206098,44.10476014,60.53942884,59.98823373,53.21123235,41.8733463,51.43094152
787,72.32990071,66.11398264,44.13866725,60.53273083,59.92356964,53.20121586,41.86304829,50.93322273
788,72.26546609,66.10524262,43.98133282,60.52479959,59.82049181,53.10998761,41.84096431,50.95396101
789,72.20332868,66.09757342,43.89539174,60.51710567,59.80352255,53.09232786,41.82219582,50.93322273
790,72.14587302,66.09095149,43.79382986,60.50981998,59.86314095,53.03631669,41.80868757,51.53463293
791,72.10247856,66.08580658,44.07689214,60.50377653,59.92992861,53.14853465,41.80502198,51.24429697
792,72.04609197,66.07837247,44.14203742,60.49680785,59.87627077,53.15187417,41.80061026,50.87100788
793,71.99226687,66.07148238,43.91879926,60.48906381,59.81813814,53.06953288,41.78222299,51.16134384
794,71.94770708,66.06575458,43.90600081,60.48190648,59.80451496,53.06452699,41.77297734,50.8502696
795,71.90245964,66.06014451,43.74227143,60.47393395,59.73957021,52.99584804,41.75312026,50.91248445
796,71.85224025,66.0541357,43.68549583,60.46609204,59.70977568,52.96514399,41.74023654,50.87100788
797,71.80255616,66.04727802,43.71566998,60.45866857,59.76904806,52.9716029,41.72206764,51.36872667
798,71.76564488,66.04221167,43.94916287,60.45225307,59.82641605,53.02754145,41.71923478,51.09912899
799,71.72069436,66.0366895,43.95556027,60.44526779,59.82171035,52.96651143,41.70985952,51.18208212
800,71.67688304,66.0308319,43.94916558,60.43831062,59.79431469,52.93472752,41.70263425,50.82953131
801,71.63639113,66.02639937,43.74942353,60.43004643,59.65228141,52.86457539,41.68635791,50.55993364
802,71.58698084,66.01941522,43.54072407,60.42187063,59.67139931,52.81251325,41.65976182,50.8502696
803,71.55173974,66.01507069,43.58824778,60.41377366,59.60936619,52.80091096,41.64260404,50.66362505
804,71.51334299,66.00989643,43.54271044,60.40464894,59.45582405,52.80176113,41.62267411,50.55993364
805,71.47044458,66.00428206,43.38530411,60.39615328,59.51047489,52.72470933,41.60168148,50.70510162
806,71.43227057,65.9991638,43.3322736,60.38801937,59.54869012,52.71611083,41.58698362,50.8502696
807,71.39764115,65.99458582,43.4437676,60.37998739,59.53678082,52.73926203,41.57617184,50.31107424
808,71.35270371,65.98856265,43.16774375,60.37116458,59.53666239,52.63638835,41.55247202,50.8502696
809,71.31561281,65.98409211,43.27315796,60.36299288,59.49273778,52.6598198,41.53990455,50.64288677
810,71.27275467,65.97853499,43.33950255,60.35445808,59.46041786,52.67447671,41.52304341,50.37328909
811,71.232446,65.97320525,43.19229762,60.34516631,59.38554151,52.60038908,41.4984212,50.45624222
812,71.19619733,65.96897548,43.07454263,60.33587725,59.32199003,52.57504604,41.47761457,50.22812111
813,71.1573669,65.96402929,43.02797293,60.32673505,59.37078618,52.52533283,41.4511842,50.93322273
814,71.13156966,65.96014279,43.25513018,60.31950135,59.51330771,52.59939451,41.44734152,50.8502696
815,71.10143547,65.95633174,43.28407312,60.31229402,59.59658125,52.62933922,41.43882137,50.64288677
816,71.06978537,65.95185429,43.21656921,60.30385522,59.4785062,52.57248476,41.42902407,50.6014102
817,71.03728038,65.94768161,43.20738798,60.29552431,59.45111344,52.57115175,41.4141199,50.62214849
818,71.00668756,65.94286359,43.20781606,60.28702446,59.39619148,52.51051745,41.4014059,50.41476566
819,70.97337559,65.9390014,43.11574789,60.27812549,59.35585599,52.51185568,41.38498989,50.53919535
820,70.94155722,65.93426341,43.10758782,60.26935544,59.32109142,52.51961237,41.37600559,50.20738283
821,70.91124133,65.93047777,42.92124899,60.26003183,59.29137527,52.43938306,41.35225281,50.43550394
822,70.88398071,65.92697894,42.97131604,60.2511223,59.27539261,52.44039224,41.33518624,50.18664455
823,70.85135335,65.92219882,42.80708133,60.24153595,59.21433403,52.37093269,41.31164986,50.39402737
824,70.81570624,65.91801645,42.86849591,60.23279833,59.2646385,52.3957389,41.29564032,50.47698051
825,70.7887682,65.91428129,42.94320246,60.22488173,59.39484977,52.44350343,41.28234011,50.37328909
826,70.7671877,65.91159216,42.87982492,60.21634161,59.36820311,52.42803253,41.26702452,50.64288677
827,70.73477115,65.90683265,43.0461053,60.20807835,59.32367475,52.45643526,41.26242991,50.10369141
828,70.69504608,65.90201016,43.05977285,60.19915477,59.33217532,52.43099237,41.24251873,50.8502696
829,70.67928352,65.90056264,43.27315699,60.19183347,59.39386442,52.50324963,41.24770747,50.43550394
830,70.65450904,65.89771589,43.09414861,60.18275878,59.23287444,52.43904549,41.23590282,50.24885939
831,70.62059125,65.89336883,42.98257342,60.17358216,59.18743863,52.35304633,41.22060297,50.24885939
832,70.58928426,65.88961903,42.94544846,60.16462978,59.19694477,52.36618414,41.20327534,50.37328909
833,70.55979065,65.88563773,42.99354091,60.15614468,59.23877752,52.36396665,41.19313584,50.55993364
834,70.53949806,65.88288049,43.10904711,60.14812252,59.27429525,52.41493143,41.192898,49.8755703
835,70.513114,65.87912962,42.77931279,60.13775074,59.07341667,52.26101703,41.17163529,49.93778515
836,70.48794554,65.87540786,42.61106433,60.12817125,59.09194984,52.21677638,41.14916828,50.33181253
837,70.45479698,65.87092866,42.73322201,60.11986653,59.20156854,52.24188571,41.14412633,50.35255081
838,70.42691413,65.86759241,42.78098868,60.11153733,59.2329169,52.26430386,41.13495481,50.45624222
839,70.41116094,65.86564615,42.88993983,60.1034738,59.25578582,52.261968,41.12708253,50.55993364
840,70.38605335,65.86217961,43.15482013,60.09619598,59.3614825,52.34509756,41.12502368,50.8502696
841,70.36818578,65.85934039,43.2636811,60.08919223,59.37067935,52.36727039,41.13148622,50.37328909
842,70.34412812,65.85644334,43.25490342,60.08137197,59.35692962,52.33738515,41.12331783,50.35255081
843,70.32036844,65.8529222,43.05557337,60.0730556,59.26636361,52.26498145,41.11374512,50.22812111
844,70.29903181,65.85033679,42.845038,60.06427978,59.17762657,52.22657887,41.10197927,49.85483202
845,70.26758311,65.84609866,42.63049283,60.05471775,59.09995579,52.15943779,41.07677352,50.26959768
846,70.23691875,65.84290783,42.79579905,60.04673718,59.21051652,52.19499041,41.06588325,50.49771879
847,70.22612169,65.8413897,42.91118405,60.03879368,59.19773525,52.22338428,41.05762961,50.33181253
848,70.20380955,65.83825944,42.87116529,60.03074973,59.21167832,52.22735461,41.05070907,50.31107424
849,70.18469804,65.83616702,42.85162474,60.02282308,59.237067,52.21771262,41.0413873,50.64288677
850,70.16994126,65.83413025,42.94230955,60.01609957,59.35138397,52.23140662,41.04266533,50.53919535
851,70.14817213,65.83093814,42.99647786,60.00859973,59.29346763,52.23510246,41.04149612,50.04147657
852,70.11753782,65.82650109,42.77991468,59.99940305,59.11387314,52.12386797,41.02594436,50.10369141
853,70.09373415,65.8227211,42.80810244,59.99112492,59.16498034,52.13573768,41.01218523,50.49771879
854,70.07596585,65.82097829,42.86040809,59.98373676,59.22311439,52.18353594,41.00915713,50.47698051
855,70.0496136,65.81648345,42.9861784,59.97671161,59.30631391,52.19251214,41.00645176,50.41476566
856,70.040827,65.81526424,42.89718349,59.96858787,59.1698007,52.11613364,41.00196623,50.16590626
857,70.01509709,65.81186139,42.77406051,59.96026072,59.13637991,52.08350386,40.98981158,50
858,69.99543302,65.80952004,42.63009853,59.95137333,59.06642061,52.01215581,40.97702112,50.16590626
859,69.9688867,65.80671546,42.68218889,59.94366822,59.17909947,52.05420884,40.96865372,50.31107424
860,69.95117132,65.80470816,42.78132629,59.93596273,59.18103487,52.06679626,40.96719586,50.31107424
861,69.9380356,65.80310914,42.7477682,59.9282798,59.17943046,52.03391102,40.96503012,50.04147657
862,69.91040831,65.7992349,42.67328279,59.91967422,59.08977047,52.00223962,40.95458963,50.26959768
863,69.88860858,65.79689812,42.83474624,59.91288142,59.28511497,52.06711117,40.94837945,50.87100788
864,69.87667203,65.79531792,43.06797162,59.90664002,59.29637603,52.16463761,40.96079174,50.22812111
865,69.85465536,65.79239542,42.86909721,59.89881131,59.20276194,52.0975578,40.95202722,50.18664455
866,69.84692294,65.79165804,42.70608302,59.89085318,59.1425799,52.03129815,40.9476161,50.1244297
867,69.82352589,65.78875298,42.66836957,59.88241907,59.04614588,52.02324085,40.93711343,50.06221485
868,69.79836773,65.78587221,42.70397291,59.87421401,59.05052842,52.02237924,40.93031326,49.95852343
869,69.76960448,65.78184966,42.69180923,59.86558718,59.00315838,52.00962655,40.91360807,50.26959768
870,69.75368763,65.77980459,42.80767198,59.85812273,59.08555141,52.04939644,40.91506101,50.41476566
871,69.73887949,65.77790222,42.82737529,59.8507665,59.09541069,52.07343871,40.91910877,50
872,69.72156715,65.77564379,42.68899329,59.84217332,58.99677412,51.99406257,40.91121727,49.95852343
873,69.7099688,65.77467323,42.56075401,59.83450187,59.1094338,51.95976937,40.89675697,50.53919535
874,69.70139373,65.7729253,42.77609352,59.82754636,59.11714175,52.05277639,40.90112989,50.14516798
875,69.69283218,65.7721807,42.63847747,59.81966632,59.06480372,51.99527023,40.89855793,50.24885939
876,69.68180282,65.77036834,42.69496832,59.81226474,59.08694336,51.9716925,40.89685902,50.37328909
877,69.66451941,65.76809436,42.87831021,59.80454744,59.00494218,51.99931895,40.89640099,49.75114061
878,69.64623802,65.76646876,42.60498652,59.7959509,58.98152781,51.90021887,40.88425809,50.31107424
879,69.62272194,65.7635667,42.88212872,59.78921086,59.12434899,52.00786043,40.87988412,50.43550394
880,69.61278805,65.76204876,42.88407329,59.78186044,59.04682947,52.00406686,40.88633062,49.83409374
881,69.59987609,65.76025569,42.57440896,59.77274368,58.87115638,51.8892078,40.87113735,49.44006636
882,69.575846,65.75747552,42.26229095,59.76299455,58.78541064,51.78574794,40.84616324,50.02073828
883,69.55973731,65.75529008,42.41976576,59.75450679,58.79659508,51.8320009,40.83951129,49.66818747
884,69.54417046,65.75392701,42.32916208,59.74569545,58.83643678,51.80076406,40.82104199,50.08295313
885,69.53479612,65.75222805,42.41998629,59.73830127,58.96984882,51.85228144,40.82091094,50.02073828
886,69.53051227,65.75176844,42.35486806,59.73015479,58.91366691,51.79428704,40.81192012,49.83409374
887,69.51447428,65.74979333,42.22069049,59.72142232,58.8340798,51.7696281,40.80015242,49.97926172
888,69.48827649,65.74626757,42.30039187,59.71351668,58.88919793,51.80365468,40.79144717,50.14516798
889,69.47526217,65.7446458,42.43844016,59.70586824,58.90519869,51.8605303,40.79032433,49.46080465
890,69.45111275,65.7414476,42.25139596,59.69628884,58.76704371,51.73083119,40.76797786,49.81335545
891,69.43413773,65.73963059,42.23221535,59.6878034,58.78440299,51.71391742,40.75341262,49.79261717
892,69.42342278,65.73772651,42.24852559,59.6791134,58.75688091,51.68438233,40.74375661,49.54375778
893,69.40124369,65.73482375,42.12798853,59.66992904,58.72056377,51.68191596,40.72665219,49.52301949
894,69.38243236,65.7319859,42.08742124,59.66079047,58.71052755,51.65901325,40.70742626,50.02073828
895,69.38119889,65.73250202,42.27426523,59.65323572,58.83066322,51.70324296,40.70458005,49.95852343
896,69.36608996,65.73044935,42.34082231,59.64507087,58.79076564,51.70755185,40.6992308,49.58523434
897,69.34771766,65.728516,42.18583951,59.63629106,58.76068159,51.67122368,40.68556791,49.95852343
898,69.33491296,65.72662119,42.23757047,59.62866986,58.83416012,51.69343845,40.67914015,50
899,69.32000788,65.72411759,42.36751955,59.62176064,58.96817734,51.72843654,40.67737831,50.22812111
900,69.30856811,65.72292376,42.55443273,59.61460976,58.91941999,51.79006968,40.68119969,49.83409374
901,69.29084131,65.72050364,42.42820281,59.60691584,58.90706029,51.75636528,40.67510235,50.16590626
902,69.28300038,65.71964973,42.49994316,59.60018938,58.96936951,51.78813357,40.67955872,50.04147657
903,69.27207133,65.71827996,42.44323696,59.59288382,58.92697264,51.73425313,40.67286119,49.8755703
904,69.25674346,65.71665475,42.36337717,59.58435216,58.74094426,51.69187608,40.66803324,49.64744919
905,69.25448409,65.71658165,42.14974304,59.57556443,58.66869175,51.59003272,40.65522388,49.44006636
906,69.22842631,65.71208797,42.15475565,59.56666802,58.66566001,51.60700418,40.63753458,49.73040232
907,69.20913228,65.70979877,42.24273309,59.5587538,58.74311215,51.63212955,40.62382329,49.91704687
908,69.19646382,65.70830314,42.35966493,59.55160525,58.84856524,51.68644459,40.618331,49.95852343
909,69.18546149,65.70687577,42.42378597,59.54425727,58.84413088,51.68708123,40.61638465,49.81335545
910,69.17711594,65.70535713,42.29936812,59.53621867,58.75936402,51.62119535,40.61180739,49.56449606
911,69.1528193,65.7027222,42.2144121,59.52726612,58.63094216,51.59343837,40.60055066,49.62671091
912,69.14198811,65.70179476,42.1518633,59.51894372,58.65358833,51.57906356,40.59079794,49.21194525
913,69.11794204,65.69808261,41.92897273,59.51028729,58.71178209,51.51699711,40.56924411,50.18664455
914,69.11660039,65.69809599,42.1163995,59.50323487,58.73540897,51.5869003,40.57467608,49.52301949
915,69.09843761,65.69599673,42.07189794,59.49460546,58.65384433,51.53652383,40.56288923,49.44006636
916,69.08684524,65.69439737,42.00840737,59.48548829,58.55183746,51.48050312,40.54938593,49.2741601
917,69.07492538,65.69282557,41.826992,59.47630735,58.53286783,51.43978962,40.53343191,49.60597263
918,69.06735011,65.69162438,41.86081603,59.46709282,58.42284007,51.44463049,40.52615417,48.92160929
919,69.04555005,65.68887391,41.67623863,59.45678922,58.3694881,51.38800191,40.49575806,49.1497304
920,69.02903095,65.68626046,41.68604544,59.4477482,58.48633411,51.36757349,40.47495311,49.62671091
921,69.03002043,65.68617343,41.78470787,59.43937824,58.51390692,51.39190365,40.46913211,49.66818747
922,69.01623884,65.68435924,41.88245393,59.43016326,58.36633155,51.4014124,40.4648474,48.58979676
923,68.98858731,65.68142702,41.52689326,59.41937948,58.32037402,51.24737844,40.4332392,49.2741601
924,68.97946624,65.6811124,41.57327806,59.41001418,58.3433268,51.27780343,40.41971479,49.29489838
925,68.97077197,65.68042121,41.72146089,59.40106026,58.41087365,51.29466827,40.41082599,49.37785151
926,68.95500049,65.6783699,41.77167963,59.39282174,58.52936729,51.33548314,40.40006637,49.64744919
927,68.95612198,65.67898716,41.93851435,59.38519089,58.60313994,51.42212046,40.40256454,49.77187889
928,68.94123215,65.67689532,42.06010185,59.37777179,58.62980393,51.48924882,40.4047963,49.48154293
929,68.93098455,65.67516288,42.04237008,59.37018436,58.68441368,51.4588866,40.40127173,50.1244297
930,68.92933659,65.67473719,42.28349864,59.36367812,58.70919906,51.531975,40.41550929,49.35711323
931,68.90932533,65.6723233,42.13393332,59.35520351,58.59181322,51.46724913,40.40607807,49.35711323
932,68.90116278,65.67114498,41.96910094,59.34673421,58.53374171,51.44417451,40.39962356,49.31563667
933,68.89354555,65.67041862,41.87542475,59.33837045,58.53014687,51.4184889,40.38931606,49.46080465
934,68.88558359,65.66924491,41.9224886,59.33031303,58.53135148,51.3560951,40.381307,49.37785151
935,68.87256595,65.6674004,41.92413852,59.32189808,58.48652482,51.36465792,40.37242196,49.52301949
936,68.86052512,65.66602654,42.00171285,59.31386531,58.48507891,51.3974307,40.36589864,49.33637495
937,68.85111696,65.6649188,41.95592834,59.30542666,58.46118346,51.36673314,40.35150743,49.50228121
938,68.8431588,65.66484998,42.08913467,59.29868218,58.68029084,51.43399757,40.35161282,50.26959768
939,68.8401258,65.66481367,42.44916768,59.29340943,58.80886445,51.54030588,40.3665913,50.02073828
940,68.84369768,65.66537656,42.47290138,59.28701456,58.74087078,51.52930319,40.37755928,49.66818747
941,68.83201382,65.66333236,42.29456231,59.27986237,58.67439253,51.46125707,40.37703341,49.37785151
942,68.81277111,65.66027928,42.08873247,59.27151432,58.51603116,51.39865364,40.36555842,49.48154293
943,68.79932946,65.65880532,42.06421952,59.26369691,58.49892796,51.40341605,40.36269335,49.50228121
944,68.79647467,65.65876047,41.96193979,59.25618841,58.53086759,51.35527984,40.35621275,49.33637495
945,68.77623001,65.65571202,41.90287365,59.24761355,58.40577464,51.32962939,40.34554145,49.44006636
946,68.75816764,65.65318261,41.97958037,59.23991241,58.46196643,51.3325069,40.34101401,49.44006636
947,68.75014135,65.65262184,41.9530842,59.23193348,58.43309609,51.34503923,40.33800156,49.19120697
948,68.73413052,65.649969,41.84873223,59.2227185,58.27398041,51.24240683,40.31991596,48.71422646
949,68.71674672,65.64811947,41.57233345,59.21273918,58.19694969,51.14432501,40.29834045,49.31563667
950,68.69918321,65.64600063,41.80777122,59.20507205,58.38024147,51.22707168,40.28997281,49.33637495
951,68.69094614,65.64490381,41.87160172,59.19640895,58.28047716,51.23383322,40.28211335,48.88013273
952,68.67124343,65.64243461,41.71993941,59.18744419,58.30024964,51.21332281,40.2664672,49.52301949
953,68.66881834,65.64306423,41.91779333,59.18003202,58.39015176,51.28072865,40.26486028,49.10825384
954,68.65498779,65.64114167,41.76814361,59.1713848,58.32702644,51.21184049,40.25294396,49.35711323
955,68.64366021,65.63961368,41.85325872,59.16343856,58.34107248,51.22517317,40.24646425,49.1497304
956,68.63668007,65.63839568,41.69893886,59.15468304,58.26087427,51.18589145,40.23500095,49.19120697
957,68.62325891,65.63632229,41.69572847,59.14600575,58.22025327,51.21457355,40.22810262,49.02530071
958,68.61856043,65.63591296,41.53491501,59.13705543,58.19392675,51.11802657,40.215711,48.96308586
959,68.61034439,65.63543733,41.41233782,59.12779526,58.13773983,51.09825049,40.20272668,49.08751555
960,68.59388018,65.63353278,41.52243443,59.11870374,58.10050057,51.11122407,40.19213096,48.71422646
961,68.57682759,65.6316594,41.45211891,59.10890575,58.05997078,51.05685203,40.16965226,48.83865616
962,68.57081052,65.63081266,41.34441013,59.09967881,58.09878598,51.01220124,40.15470685,49.00456242
963,68.57156422,65.63099846,41.43842814,59.09111326,58.17459896,51.06096724,40.1413576,48.92160929
964,68.5583178,65.62979672,41.42618714,59.08206714,58.14123257,51.03935694,40.12761489,49.06677727
965,68.54710705,65.62805189,41.42323356,59.07379322,58.20644342,51.05268244,40.12204619,49.23268353
966,68.53813726,65.62662268,41.56148762,59.06586095,58.23872905,51.10525289,40.11515448,49.06677727
967,68.52430227,65.62499523,41.56601997,59.057728,58.25605122,51.0900357,40.1095259,49.04603899
968,68.51051272,65.62356747,41.58629814,59.04944392,58.23949893,51.09371086,40.09910206,48.83865616
969,68.50482114,65.6228145,41.40865465,59.0399423,58.07670148,51.03212414,40.08491722,48.96308586
970,68.49600362,65.62221518,41.43268139,59.03121151,58.09127326,51.02696207,40.07813904,49.06677727
971,68.48085915,65.61932652,41.52138532,59.02341392,58.21861258,51.0430343,40.07339417,49.31563667
972,68.48246637,65.61947856,41.58939308,59.01644324,58.33885352,51.09399818,40.07250145,49.21194525
973,68.46754081,65.61814184,41.63807609,59.00885331,58.30975552,51.078813,40.06577572,49.48154293
974,68.46549234,65.61841424,41.8015645,59.00194759,58.32969839,51.14063033,40.07498058,49.06677727
975,68.45565146,65.61710515,41.69342816,58.99359074,58.20412704,51.0904248,40.06710659,48.96308586
976,68.44207638,65.61528362,41.65283825,58.98517698,58.15949698,51.04682415,40.05679444,48.69348818
977,68.4260253,65.61323711,41.43859673,58.97600023,58.07688045,50.98019337,40.03823974,48.88013273
978,68.41293114,65.61189678,41.47998195,58.96695305,58.0041997,50.97469402,40.02897881,48.90087101
979,68.40498265,65.61113446,41.44304559,58.95935787,58.20225762,50.98723516,40.02278808,49.29489838
980,68.40415078,65.61068207,41.55836017,58.95186334,58.19364984,51.01161968,40.02790952,49.12899212
981,68.39586233,65.61026424,41.54430479,58.94404492,58.17248043,50.96210993,40.02426765,49.00456242
982,68.38733078,65.60856912,41.54801446,58.93545185,58.06211578,50.94500104,40.01786787,48.69348818
983,68.37693522,65.60705798,41.43746081,58.92720758,58.14674598,50.91930586,40.00282374,49.35711323
984,68.37544349,65.60726844,41.65126838,58.91953027,58.09432972,50.97964872,40.00376238,48.50684363
985,68.36246976,65.60506776,41.29380098,58.91012091,58.00304307,50.87145575,39.98828207,48.81791788
986,68.35547581,65.60444292,41.29531577,58.90193556,58.07529151,50.88154656,39.97802837,48.77644131
987,68.34497333,65.60299616,41.2319458,58.89264251,57.92598122,50.869031,39.96653086,48.75570303
988,68.33567073,65.6014864,41.26344251,58.88363953,57.90656371,50.83750474,39.95484183,48.5483202
989,68.31550779,65.59906646,41.18446639,58.87421308,57.87394158,50.81202737,39.9401376,48.36167565
990,68.29549281,65.59582132,41.0579808,58.8642401,57.81109976,50.7729178,39.92314287,48.83865616
991,68.29330991,65.59544969,41.14414813,58.85579287,57.90126172,50.81872197,39.91544135,48.71422646
992,68.28309558,65.5950191,41.20384243,58.84735737,57.96806902,50.83126631,39.90492887,48.79717959
993,68.26842416,65.59305581,41.31373682,58.83954581,58.07151523,50.8532211,39.897691,49.52301949
994,68.26828026,65.59280483,41.6830423,58.83362008,58.23069058,50.9846415,39.91086589,49.23268353
995,68.26734117,65.59284091,41.68950713,58.82660863,58.19396169,50.94779777,39.9128861,48.58979676
996,68.25060496,65.59081426,41.44576569,58.81792931,58.06277408,50.88157273,39.89845762,49.08751555
997,68.24170054,65.59001448,41.54561662,58.81070584,58.1066069,50.89423659,39.9014266,48.98382414
998,68.23293415,65.5893228,41.54589474,58.80285189,58.04425181,50.8894038,39.89850436,48.73496474
999,68.21897293,65.58742282,41.39507786,58.79457087,58.00448727,50.82073816,39.88940886,49.04603899
1000,68.20842628,65.58617565,41.49147735,58.7877249,58.13531034,50.90357164,39.88909006,49.08751555
1001,68.20208751,65.58497314,41.51024113,58.78052304,58.11527791,50.88940735,39.89344444,49.04603899
1002,68.19603711,65.58401634,41.55930161,58.77336668,58.11941814,50.90625003,39.89541755,49.12899212
1003,68.19030111,65.58366223,41.63370879,58.7668053,58.19176415,50.93225334,39.89798992,49.12899212
1004,68.18856932,65.58304209,41.71875183,58.76017408,58.20566568,50.94627842,39.89918442,49.23268353
1005,68.19095896,65.58329164,41.71860486,58.75272085,58.0428477,50.93618542,39.90696865,48.46536707
1006,68.17439379,65.58135756,41.4428985,58.74433726,58.01525127,50.85038032,39.88679662,49.12899212
1007,68.17366708,65.58183823,41.54740319,58.73739087,58.05735581,50.86794359,39.89040235,48.79717959
1008,68.16405782,65.5800508,41.37066899,58.729091,57.93195344,50.79939461,39.8825521,48.65201161
1009,68.15575167,65.57947487,41.24548276,58.72057381,57.87251678,50.73406051,39.87399744,48.05060141
1010,68.13838726,65.57699077,41.02883034,58.71048816,57.73712393,50.65581623,39.84480938,48.96308586
1011,68.12902646,65.57613279,41.32366754,58.70383486,57.9976622,50.74977795,39.84354465,49.04603899
1012,68.126144,65.57593575,41.43815651,58.69698183,58.05055854,50.79322305,39.8446047,48.96308586
1013,68.11739971,65.57495345,41.43717418,58.68946448,57.98001283,50.80181309,39.84134429,48.65201161
1014,68.11261953,65.5736253,41.31277641,58.68082321,57.83681239,50.72216176,39.83071281,48.27872252
1015,68.10505568,65.57226012,41.05403649,58.67084844,57.64222936,50.63231908,39.81265335,48.15429282
1016,68.08587855,65.56916617,40.92957176,58.66160538,57.70555746,50.57442645,39.79051194,48.79717959
1017,68.0741005,65.56782901,41.11971082,58.65403475,57.83256662,50.66292068,39.79200578,48.94234757
1018,68.07376817,65.56832653,41.27696372,58.64626113,57.80977509,50.72154741,39.79486762,48.5483202
1019,68.06352694,65.56699717,41.08099924,58.63812109,57.83667229,50.66029922,39.78272509,48.69348818
1020,68.0530749,65.56565906,41.20039101,58.63052363,57.8917127,50.69863533,39.77752895,48.98382414
1021,68.05071702,65.56566953,41.32612729,58.62443621,58.08459975,50.76062565,39.7796147,49.17046869
1022,68.05614062,65.56550549,41.48745901,58.61818385,58.08710462,50.76893789,39.78838172,49.10825384
1023,68.04577318,65.56407074,41.6350428,58.61187156,58.08783593,50.81852863,39.7971978,49.02530071
1024,68.03996047,65.56373549,41.63584977,58.60508614,58.02343544,50.827996,39.79607972,48.65201161
1025,68.02473553,65.56162473,41.51717768,58.59721825,57.90906536,50.74669313,39.78730592,48.58979676
1026,68.01598195,65.56086192,41.44375098,58.58917468,57.83905741,50.71924802,39.77547728,48.92160929
1027,68.00666984,65.55948716,41.46377396,58.58159644,57.79150538,50.74210053,39.77795134,48.21650767
1028,67.99663738,65.55826844,41.20788101,58.57307188,57.79559093,50.64562865,39.75821602,48.88013273
1029,67.99428229,65.55836882,41.33188805,58.56578708,57.81961247,50.68641217,39.75633183,48.4238905
1030,67.98343077,65.55749833,41.0838114,58.55722965,57.73393528,50.59966014,39.74542069,48.32019909
1031,67.98103845,65.55711297,40.8585764,58.54838393,57.66967486,50.54741847,39.73021657,48.63127333
1032,67.97404064,65.55543735,40.92627923,58.54069267,57.7412589,50.57459569,39.72251003,48.38241394
1033,67.95873666,65.55372053,40.87391069,58.5321527,57.69151117,50.54648883,39.70994236,48.48610535
1034,67.94599976,65.55258236,40.98836181,58.52445979,57.77423511,50.58373534,39.70044082,48.85939444
1035,67.94410411,65.55147072,41.19018116,58.51739125,57.80979871,50.61302297,39.70074246,48.46536707
1036,67.94275759,65.55108163,41.05084946,58.50976293,57.83047015,50.56493761,39.69179129,49.19120697
1037,67.93943439,65.55094879,41.34139461,58.50414775,57.97398277,50.68970063,39.70376895,48.96308586
1038,67.93570237,65.55093399,41.39709718,58.4975862,57.93564547,50.69938792,39.70953081,48.58979676
1039,67.92023551,65.5484022,41.27864429,58.48984719,57.8162545,50.64733629,39.70233393,48.65201161
1040,67.92229858,65.54800103,41.14137804,58.48275859,57.84869479,50.6017975,39.70027243,49.06677727
1041,67.90894083,65.54625251,41.32418092,58.47647705,57.88016113,50.66457703,39.70677362,48.69348818
1042,67.90550062,65.54610298,41.34009137,58.46905163,57.79639903,50.62931075,39.70173878,48.50684363
1043,67.88763285,65.54343974,41.25481808,58.46108813,57.71325326,50.59724879,39.68926418,48.52758192
1044,67.88211103,65.54282461,41.30832789,58.45381997,57.77946817,50.63613783,39.67968814,49.12899212
1045,67.88361779,65.54273986,41.54199911,58.44777388,57.84625389,50.72371756,39.68848313,48.56905848
1046,67.87670944,65.54159415,41.29610137,58.439968,57.72700482,50.6154743,39.6848433,48.21650767
1047,67.86321278,65.54030759,41.12266333,58.43158436,57.66538958,50.50544805,39.66934601,48.50684363
1048,67.84761951,65.53800833,41.12185054,58.42401071,57.68917286,50.52194335,39.66247875,48.5483202
1049,67.85025181,65.53792001,41.13836871,58.41655407,57.70304266,50.50136763,39.65821755,48.5483202
1050,67.83810204,65.53629069,41.09438809,58.40858858,57.61682424,50.49782555,39.65182853,48.27872252
1051,67.83142918,65.53545776,41.0184424,58.39994182,57.52860541,50.45002143,39.63809712,48.50684363
1052,67.83077104,65.53548471,41.04116971,58.39252414,57.62738909,50.47536387,39.63157338,48.4238905
1053,67.82058462,65.5343246,41.02929751,58.38445074,57.57650817,50.44509576,39.62427426,47.96764828
1054,67.80438845,65.53232259,40.92623617,58.37544475,57.51416623,50.41409409,39.60250938,48.52758192
1055,67.79003735,65.53083663,41.02296284,58.3675824,57.51795268,50.45491533,39.59602439,47.94691
1056,67.781028,65.52963947,40.78617347,58.35791425,57.36639463,50.36215257,39.57678429,47.90543343
1057,67.76969838,65.5286819,40.62758498,58.34911474,57.44767141,50.34846332,39.555352,48.56905848
1058,67.76762628,65.52863613,40.85662835,58.34213884,57.60462782,50.42762406,39.54843119,48.4238905
1059,67.77342279,65.52937419,40.82029518,58.33433747,57.56841917,50.39024416,39.54330194,48.07133969
1060,67.75980319,65.5276951,40.62902931,58.32601619,57.55096206,50.35178673,39.53063082,48.44462878
1061,67.75463458,65.5266231,40.74977567,58.31817867,57.51867505,50.40365032,39.52656635,48.19576939
1062,67.74802653,65.5256982,40.78569113,58.31066352,57.61535906,50.41963362,39.51216991,48.5483202
1063,67.74490652,65.52537779,40.86886732,58.30352983,57.61947736,50.44719933,39.51438246,48.2994608
1064,67.74040291,65.52419543,40.86916292,58.29567099,57.56151892,50.38080733,39.50938184,48.07133969
1065,67.72909674,65.52219901,40.75351631,58.28663754,57.3953468,50.34022088,39.49905696,47.94691
1066,67.71478873,65.52105729,40.64708331,58.27777326,57.37660751,50.29318832,39.48392477,48.23724596
1067,67.70961942,65.52071992,40.73214251,58.26983105,57.43653443,50.33632368,39.47680694,48.19576939
1068,67.69876319,65.51845258,40.78762184,58.26164303,57.42713926,50.34016542,39.46992919,48.13355454
1069,67.68853037,65.51706189,40.78674062,58.25322478,57.39315306,50.32965692,39.46251084,48.07133969
1070,67.67543399,65.51595975,40.70889615,58.24522985,57.45782027,50.3279891,39.45209864,48.48610535
1071,67.66976166,65.51558064,40.94277125,58.23893514,57.6532196,50.41018085,39.45453673,48.46536707
1072,67.66846987,65.5155786,40.96451033,58.23206558,57.64172592,50.41713915,39.45331159,48.4238905
1073,67.66052908,65.51461613,40.99293448,58.22509796,57.62557738,50.43131324,39.45287338,48.4238905
1074,67.65176406,65.51333558,41.00176081,58.21772309,57.54349194,50.40933752,39.44898109,48.15429282
1075,67.64128937,65.5126052,40.86475455,58.20972691,57.47030513,50.33645234,39.43900202,48.21650767
1076,67.63959591,65.51201327,40.78348324,58.20212861,57.48118841,50.31877367,39.42693503,48.09207798
1077,67.6381101,65.51192088,40.72628316,58.19368854,57.37156662,50.27088735,39.42060358,47.88469515
1078,67.62400556,65.51011147,40.60881321,58.1856969,57.44488029,50.22697051,39.40665734,48.63127333
1079,67.62588527,65.51028316,40.7748438,58.17938928,57.55350073,50.2974187,39.41314221,47.98838656
1080,67.61546024,65.5088546,40.58184816,58.17116175,57.44729495,50.22100825,39.40491832,48.02986313
1081,67.59807187,65.50622363,40.67939272,58.16313773,57.41438507,50.23393626,39.39697614,48.02986313
1082,67.58967409,65.50488601,40.65486698,58.15519216,57.40541508,50.24257206,39.39250731,48.21650767
1083,67.5820125,65.50304957,40.68960022,58.14729877,57.35376652,50.24528883,39.38745694,47.92617171
1084,67.57755256,65.50290081,40.57570704,58.13862761,57.27373244,50.16526657,39.37613538,47.6980506
1085,67.56502999,65.50206148,40.45111819,58.12978926,57.26469285,50.15320151,39.35959302,48.36167565
1086,67.56523689,65.50186368,40.59668923,58.1223574,57.31027848,50.1984857,39.36107869,48.07133969
1087,67.55405731,65.50059509,40.61561926,58.11507368,57.42696682,50.23141335,39.35645628,48.02986313
1088,67.54923469,65.50012215,40.56048251,58.10697226,57.34460771,50.18249165,39.35043729,47.90543343
1089,67.54162505,65.49923223,40.49901439,58.09886622,57.33329646,50.16309705,39.34142278,48.27872252
1090,67.54312401,65.5000396,40.68836103,58.09195054,57.41901607,50.2176837,39.33835817,48.23724596
1091,67.53834337,65.50019492,40.75970047,58.0850371,57.46165855,50.26333692,39.33549003,48.25798424
1092,67.54316579,65.50081055,40.82311395,58.07888662,57.59545307,50.33521832,39.33595205,48.63127333
1093,67.53806636,65.50012145,40.9801709,58.07272468,57.54946114,50.36506118,39.34361909,47.98838656
1094,67.53208341,65.4992644,40.78452893,58.06550872,57.51556043,50.29058597,39.33767572,48.6727499
1095,67.53143563,65.49937024,41.00536774,58.05956705,57.52536681,50.34517289,39.34673504,48.25798424
1096,67.52735408,65.49809602,40.91410539,58.05272089,57.48291256,50.33513773,39.34057393,48.38241394
1097,67.52462602,65.49792143,40.83634086,58.04395876,57.10629134,50.23243259,39.34156902,46.05972625
1098,67.48459837,65.49272057,39.78951015,58.02947417,56.60007354,49.84600896,39.27476164,46.76482787
1099,67.45640917,65.48875427,39.70211911,58.01759306,56.61363788,49.87710693,39.23077549,46.88925757
1100,67.43945228,65.48644448,39.62146715,58.00475325,56.41572777,49.80858135,39.19108986,46.1219411
1101,67.41360418,65.4832271,39.22216313,57.99032552,56.25750652,49.65880193,39.13113284,46.49523019
1102,67.39072301,65.4805373,39.19177981,57.97740842,56.32844223,49.6693859,39.08728732,46.66113646
1103,67.37621291,65.4790165,39.21673359,57.96483678,56.36435091,49.67967085,39.04980462,46.82704272
1104,67.36591059,65.47746454,39.23224319,57.95230565,56.33171303,49.661967,39.01704411,46.08046454
1105,67.3510887,65.47619188,38.83808262,57.93749817,56.12548934,49.50952501,38.95970478,45.97677312
1106,67.330293,65.47360251,38.64931745,57.92314202,56.12502331,49.43607908,38.90767539,46.16341767
1107,67.31451057,65.47155749,38.69503407,57.90950558,56.1827975,49.45640583,38.86524877,46.32932393
1108,67.3047362,65.47052943,38.57590078,57.89551284,56.09276572,49.4452471,38.82742888,45.91455827
1109,67.28450121,65.46780339,38.38503969,57.88023374,55.93653715,49.38705707,38.7828693,45.70717545
1110,67.26994426,65.46573905,38.24790886,57.86497946,55.91331473,49.32351567,38.73148924,45.89381999
1111,67.25437751,65.46393943,38.31935542,57.85086735,56.02844812,49.33444425,38.68247045,46.47449191
1112,67.24291407,65.46290228,38.55877021,57.83788971,56.09899656,49.41561737,38.65062738,46.20489423
1113,67.23076332,65.46124899,38.53176816,57.82436843,56.10150017,49.34758581,38.61387736,46.45375363
1114,67.22180046,65.45999223,38.75784041,57.8118876,56.19819571,49.44114511,38.58639383,46.2463708
1115,67.21145652,65.45874123,38.63748348,57.79801032,56.05281491,49.39940522,38.55244825,45.81086686
1116,67.20074567,65.45712613,38.4699665,57.78244398,55.81067851,49.29918236,38.51238702,45.35462464
1117,67.18797721,65.45563667,38.08639304,57.76605444,55.67463762,49.14918566,38.45658696,45.91455827
1118,67.1822635,65.45524315,38.17993809,57.75207307,55.85416179,49.17336343,38.41595762,45.89381999
1119,67.17150851,65.45365913,38.29797349,57.73849979,55.99368394,49.24322389,38.38226507,46.2463708
1120,67.1632182,65.45258174,38.45511915,57.72543236,56.03424243,49.27840525,38.35624787,45.97677312
1121,67.15229996,65.45103272,38.42222761,57.71106125,55.89418049,49.25269585,38.32655422,45.83160514
1122,67.14555592,65.45025976,38.38399338,57.69731114,55.9612469,49.30491003,38.29290609,46.26710908
1123,67.13890917,65.44951663,38.4634021,57.68410164,55.95187901,49.31539427,38.27390735,45.83160514
1124,67.12778008,65.44791449,38.35209399,57.66943641,55.80888493,49.27307573,38.2448403,45.54126918
1125,67.11485107,65.44660111,38.19364305,57.65453089,55.77068777,49.18294606,38.20081076,45.76939029
1126,67.10632808,65.44557765,38.1370728,57.64024941,55.78480154,49.14038104,38.16577909,45.91455827
1127,67.09855017,65.44500691,38.17893564,57.62618331,55.77452426,49.19768959,38.13707924,45.68643716
1128,67.09084571,65.44417592,38.09764469,57.61199917,55.79917736,49.12899641,38.10361794,45.95603484
1129,67.08360899,65.44319207,38.24862636,57.59791147,55.73850337,49.16509243,38.07994874,45.56200747
1130,67.07018171,65.44149221,38.05843026,57.58264304,55.60982231,49.08110036,38.05236659,45.29240979
1131,67.05696596,65.44007332,37.91423942,57.56697404,55.5451268,48.99979383,38.01627269,45.43757777
1132,67.04822985,65.43913585,37.86920588,57.55179424,55.54597804,48.9745271,37.97963602,45.47905433
1133,67.03926089,65.43813415,37.87142117,57.53738071,55.64986989,49.00902143,37.94940991,45.97677312
1134,67.03318974,65.43749006,38.14198891,57.52359797,55.65594922,49.10896631,37.93699783,45.43757777
1135,67.01895796,65.43555245,37.94041387,57.50837009,55.54888126,49.02901462,37.90779462,45.31314807
1136,67.00727356,65.43390502,37.82786545,57.4930775,55.50971732,48.9783733,37.88037765,45.41683949
1137,66.99729614,65.43263757,37.81499504,57.47821918,55.52289262,48.97360986,37.84866948,45.5205309
1138,66.98536541,65.43112118,37.89854246,57.4638801,55.57505098,49.00408385,37.8202238,45.5205309
1139,66.97971398,65.4303058,37.87240419,57.4499607,55.65616721,49.00536138,37.79551756,45.87308171
1140,66.97541963,65.4296149,38.00406493,57.43613863,55.60124232,49.06945469,37.78236828,45.58274575
1141,66.96718426,65.42871748,37.92859767,57.42193757,55.57927853,49.05544888,37.76419708,45.20945666
1142,66.9534643,65.42691662,37.68465928,57.4070302,55.53917676,48.94658429,37.73502812,45.6449606
1143,66.94482621,65.42560094,37.85316097,57.39319566,55.57149394,48.9837407,37.71871824,45.16798009
1144,66.93462302,65.42404851,37.69854355,57.37780867,55.44258471,48.89310763,37.68512389,45.04355039
1145,66.92379051,65.4228845,37.50868813,57.36198932,55.33494436,48.83243029,37.6565156,45.14724181
1146,66.91229673,65.42129204,37.4765707,57.34657086,55.31270906,48.81089483,37.63422251,45.23019494
1147,66.9063653,65.4206457,37.51446008,57.33190134,55.39123048,48.82867527,37.61247186,45.60348403
1148,66.89705877,65.41943358,37.72719742,57.31771152,55.39363508,48.87339595,37.59861249,45.06428868
1149,66.88697355,65.41793208,37.64617382,57.30217669,55.30125788,48.80022738,37.57454753,44.96059726
1150,66.876192,65.41666871,37.54444469,57.28705975,55.34357243,48.75428257,37.54811953,45.79012858
1151,66.87272659,65.41626822,37.89665791,57.27410683,55.4887515,48.89125756,37.53978399,45.27167151
1152,66.86414546,65.41527426,37.83681851,57.25955036,55.41248699,48.87334805,37.51935603,45.04355039
1153,66.85484378,65.41387496,37.462294,57.24407964,55.2726979,48.75575544,37.49170469,45.06428868
1154,66.84347495,65.41249237,37.35672888,57.22885677,55.23435162,48.72477261,37.46585007,45.29240979
1155,66.83668234,65.41161599,37.51479221,57.21527658,55.41701907,48.74366741,37.44804804,45.33388635
1156,66.83166969,65.41096924,37.60958045,57.20086031,55.3341157,48.76129183,37.43094244,45.35462464
1157,66.82585994,65.41036892,37.64015244,57.18676456,55.33377003,48.7565101,37.41764104,45.16798009
1158,66.81883341,65.40932813,37.64969285,57.17246076,55.33758205,48.76566073,37.39459727,45.31314807
1159,66.81041574,65.40793324,37.64194387,57.15848294,55.34123097,48.7189846,37.3840926,44.9191207
1160,66.79994307,65.4069492,37.5121778,57.14306684,55.19565785,48.64570863,37.35657129,44.87764413
1161,66.79038453,65.40520491,37.43984735,57.12806633,55.19864589,48.62800454,37.33320023,45.00207383
1162,66.78206506,65.40426595,37.49656863,57.11373978,55.26437844,48.62876737,37.31190547,45.58274575
1163,66.77862643,65.40382491,37.7813773,57.10027863,55.2706963,48.73852214,37.30526546,44.9191207
1164,66.76967203,65.40262751,37.5903878,57.08502903,55.13997459,48.65793665,37.28762188,44.89838241
1165,66.75924161,65.4011956,37.4595854,57.0703887,55.17605144,48.62974413,37.26582135,45.23019494
1166,66.75521682,65.40096142,37.6534661,57.05588001,55.11319711,48.66650001,37.2535403,44.58730817
1167,66.742861,65.39937865,37.32136383,57.04017834,55.04552945,48.55614719,37.22057659,45.00207383
1168,66.73737818,65.39864119,37.46255823,57.02648269,55.22375705,48.63291921,37.20112495,45.62422231
1169,66.73898938,65.39849703,37.77537108,57.01417723,55.35426661,48.73139504,37.20082769,45.16798009
1170,66.73510301,65.39796604,37.74414238,57.00008173,55.22236304,48.69260307,37.19054778,45.16798009
1171,66.72641653,65.39687356,37.80393898,56.98703178,55.32628207,48.71567266,37.17813091,45.33388635
1172,66.72103299,65.39625193,37.78607711,56.97284405,55.127174,48.68509263,37.17375225,44.08958938
1173,66.70604822,65.39425256,37.21060998,56.9563678,54.98104553,48.48994003,37.13417773,45.04355039
1174,66.70057228,65.39335581,37.33304343,56.94234537,55.05672221,48.52604359,37.11979904,44.75321443
1175,66.69263699,65.3927011,37.28463072,56.92772934,55.05664472,48.52083655,37.09589066,45.00207383
1176,66.68701064,65.39217831,37.29150606,56.9137854,55.08871368,48.5650334,37.0853138,45.20945666
1177,66.67831656,65.39106618,37.46121649,56.90050232,55.14658052,48.58506631,37.07956576,45.10576524
1178,66.67130937,65.39020652,37.48761996,56.88677066,55.10993573,48.59767037,37.07332737,44.87764413
1179,66.66396957,65.38937069,37.50639154,56.87240782,55.0374659,48.59915975,37.05541179,44.6702613
1180,66.65481454,65.38814238,37.32255913,56.85743576,54.94580932,48.52046552,37.03532793,44.98133555
1181,66.64853208,65.38730745,37.44909359,56.84338869,54.96275251,48.54047875,37.02734216,44.75321443
1182,66.63987749,65.38658016,37.34608166,56.82887542,54.94189597,48.49091862,37.00985671,44.71173787
1183,66.63249204,65.38578984,37.21876044,56.81405264,54.88019704,48.45468461,36.99449995,44.44214019
1184,66.62220127,65.38465281,37.13559568,56.79924172,54.91325514,48.41301566,36.97023607,44.73247615
1185,66.61602393,65.38385899,37.19489962,56.78432478,54.81882993,48.45765104,36.95231305,44.46287847
1186,66.60444808,65.38263016,37.12242697,56.76957751,54.8643134,48.40503604,36.92751594,44.93985898
1187,66.60108784,65.38205383,37.1498243,56.75616118,54.96678263,48.42581891,36.92075233,44.9191207
1188,66.59316964,65.38130757,37.26698207,56.74277617,55.01038905,48.45118894,36.90984379,44.60804645
1189,66.58559359,65.38039209,37.19050086,56.72781331,54.83582886,48.39743534,36.89395056,44.50435504
1190,66.57370467,65.37852673,37.14357881,56.71311018,54.81575727,48.36764062,36.87841848,44.69099959
1191,66.5693251,65.37799548,37.05863756,56.69888765,54.82714755,48.35717486,36.86110883,44.73247615
1192,66.56321628,65.37750918,37.1735795,56.68453527,54.78853733,48.33418777,36.84942843,44.62878474
1193,66.55812806,65.37690615,37.08638697,56.67028493,54.80328817,48.3240986,36.83484419,44.33844878
1194,66.54985273,65.37573104,36.96343097,56.65536764,54.76355829,48.26569782,36.80893464,44.27623393
1195,66.53428566,65.37398468,36.89412107,56.64022031,54.71190484,48.2123804,36.7862343,44.29697221
1196,66.52287137,65.37254691,36.87452336,56.62527169,54.70128998,48.20083817,36.76510707,44.69099959
1197,66.51594958,65.37158386,37.04905537,56.61111087,54.70948588,48.26332222,36.7517611,44.31771049
1198,66.50738265,65.37072296,36.92804647,56.59592281,54.62743788,48.2075829,36.73304639,44.33844878
1199,66.49970226,65.36999976,36.8630293,56.58055034,54.54135676,48.17873206,36.71171151,44.35918706
1200,66.49052231,65.36890735,36.83595995,56.56637157,54.68592783,48.18160299,36.69649726,44.44214019
1201,66.48385416,65.36819206,36.922872,56.551973,54.67737027,48.2042394,36.68531896,44.77395272
1202,66.48200655,65.36826799,37.11710656,56.53845549,54.71795212,48.26560333,36.68229118,44.25549564
1203,66.47265803,65.36716774,36.9660573,56.5233498,54.59628663,48.22159918,36.66113821,44.13106595
1204,66.46530342,65.36664962,36.9184103,56.50882558,54.66228704,48.16457066,36.63823013,44.50435504
1205,66.46171371,65.3660078,36.99772372,56.49498052,54.69102787,48.21167876,36.62670681,44.58730817
1206,66.45607822,65.36535516,37.0935129,56.48095196,54.63882913,48.23506832,36.62103376,44.13106595
1207,66.44600836,65.36380165,36.9516868,56.46561465,54.50824746,48.16994031,36.60523377,43.92368312
1208,66.43700666,65.36273912,36.754483,56.45055758,54.54006524,48.06798617,36.57843933,44.44214019
1209,66.43189058,65.36206113,36.84380361,56.43613483,54.50644038,48.09970652,36.56386375,43.98589797
1210,66.42307149,65.36068551,36.60320737,56.42143252,54.55443221,48.05467182,36.54365147,44.52509332
1211,66.41845333,65.3604688,36.77420655,56.40724768,54.50440338,48.09375428,36.5385494,44.00663625
1212,66.40908571,65.35939788,36.72070597,56.39202054,54.43462891,48.04500475,36.51753658,44.33844878
1213,66.4047217,65.35919225,36.80009814,56.37810383,54.51935931,48.10557802,36.508578,44.40066363
1214,66.39829411,65.35845677,36.81912745,56.36501492,54.66719008,48.13543273,36.50045396,44.6702613
1215,66.39326411,65.35776513,36.92895026,56.35187976,54.63920523,48.17732528,36.50282404,44.27623393
1216,66.38600439,65.35668794,36.83294185,56.33796612,54.59193002,48.13278141,36.4926651,44.13106595
1217,66.37826545,65.35608954,36.74991887,56.32357229,54.51771855,48.06972756,36.47308258,44.37992534
1218,66.37390341,65.35510868,36.81534862,56.3099503,54.53395635,48.11487687,36.46290141,44.50435504
1219,66.36694977,65.35455036,36.9176966,56.29692425,54.59566237,48.16284435,36.45922333,44.21401908
1220,66.36260282,65.35426898,36.92035097,56.28333237,54.59455627,48.13397987,36.44431699,44.40066363
1221,66.35786101,65.353492,36.95377125,56.26965662,54.51734643,48.1166836,36.4365168,44.25549564
1222,66.3519859,65.35257073,36.87751982,56.25676892,54.63928618,48.07221908,36.43013963,44.85690585
1223,66.34935004,65.35245736,37.12029977,56.2448669,54.68539764,48.18441574,36.44194041,44.46287847
1224,66.34054613,65.35146999,37.1223852,56.23236468,54.70088484,48.15795027,36.43483424,44.42140191
1225,66.33373906,65.35095693,37.09977986,56.21965123,54.67254064,48.14650105,36.43193192,44.6702613
1226,66.33029368,65.35064112,37.1438066,56.20755422,54.68426577,48.18193276,36.43645985,44.50435504
1227,66.32639496,65.35015364,37.14933575,56.19498734,54.64438937,48.18943549,36.43333519,44.52509332
1228,66.32039068,65.34941511,37.10102002,56.18223723,54.58145667,48.16128419,36.42773213,43.98589797
1229,66.31223461,65.34845368,36.93148563,56.16729471,54.32013202,48.07855128,36.4061083,43.48817918
1230,66.30336518,65.34705668,36.54489112,56.15217568,54.29714687,47.94353391,36.37242838,44.25549564
1231,66.29870794,65.34659447,36.65261057,56.13846869,54.30671889,47.95676076,36.36646838,43.79925342
1232,66.28918241,65.34568085,36.49550815,56.1237794,54.2544957,47.88182225,36.34353055,43.73703857
1233,66.28151183,65.34476647,36.51157946,56.10922366,54.25719928,47.84006396,36.3220231,44.35918706
1234,66.27447268,65.3439639,36.65066943,56.0961533,54.32757223,47.89270985,36.31635895,43.84072999
1235,66.2659441,65.34279454,36.52937906,56.08218096,54.33310971,47.86803876,36.29202082,44.15180423
1236,66.25741956,65.3417695,36.69748058,56.06865062,54.31230227,47.92843875,36.28422884,43.77851514
1237,66.24946792,65.3405246,36.51750054,56.054619,54.30751725,47.85304473,36.26498813,44.1932808
1238,66.24575215,65.34013878,36.6118073,56.04178695,54.38271668,47.9007498,36.26177039,44.02737453
1239,66.23868752,65.33915377,36.64546445,56.02799958,54.29018839,47.85657006,36.24947658,43.77851514
1240,66.2255404,65.33746808,36.43355034,56.01286639,54.07820595,47.74353881,36.2328516,43.17710494
1241,66.21073589,65.33565076,36.19022794,55.9967864,53.97489668,47.63756099,36.19439092,43.3430112
1242,66.20030758,65.33439278,36.17000897,55.98148857,54.00333315,47.65776537,36.16600264,44.15180423
1243,66.19638036,65.33373165,36.4101036,55.96850355,54.17262555,47.74955215,36.16007176,43.9444214
1244,66.18844629,65.33282146,36.39914023,55.95477794,54.16707236,47.76485152,36.14775575,43.98589797
1245,66.18129986,65.33172252,36.52462318,55.94181428,54.26812096,47.79767418,36.13615652,44.00663625
1246,66.17750585,65.33107191,36.57174403,55.92868131,54.26704811,47.7828718,36.13256269,44.02737453
1247,66.17059449,65.33039472,36.62532239,55.91550248,54.24035464,47.80273959,36.12301161,43.8199917
1248,66.16141969,65.32920004,36.57222264,55.9013472,54.10691718,47.7876917,36.10187911,43.44670261
1249,66.15240661,65.32792398,36.25532247,55.88685259,54.0809754,47.69543647,36.07942007,44.00663625
1250,66.14694195,65.32707355,36.36086748,55.87342437,54.08432485,47.71924696,36.07627658,43.8199917
1251,66.13533614,65.32561448,36.36072301,55.85988384,54.10501607,47.73074886,36.06330246,43.71630029
1252,66.12740905,65.32464808,36.32768303,55.84618391,54.10109253,47.68183247,36.04937496,43.67482372
1253,66.12159606,65.32372712,36.29518748,55.83224979,54.06049296,47.68624711,36.03890547,43.48817918
1254,66.11191597,65.32243081,36.11677496,55.81770511,53.97853634,47.61546444,36.02262581,43.75777686
1255,66.10465087,65.32176034,36.0997749,55.80377922,53.96007225,47.62333577,36.01078142,43.61260888
1256,66.09480597,65.32052571,36.12011531,55.78992282,53.99096696,47.62063663,35.9988156,43.79925342
1257,66.08995092,65.32017442,36.2736973,55.77676691,54.06025252,47.65744409,35.99117536,43.86146827
1258,66.08615435,65.31976229,36.31046511,55.76387866,54.10591722,47.6919441,35.98131566,43.75777686
1259,66.07409816,65.31809379,36.32467629,55.75049619,54.0603967,47.69883562,35.97001658,43.84072999
1260,66.06638439,65.31694347,36.40278073,55.73848995,54.23633888,47.67792976,35.96374674,43.98589797
1261,66.05797709,65.31582464,36.51870073,55.72603191,54.18878951,47.7457294,35.95973972,43.79925342
1262,66.05149135,65.31469392,36.56804244,55.71382892,54.24947996,47.74514483,35.94842515,44.27623393
1263,66.04712564,65.314076,36.62140896,55.70198769,54.19827796,47.75643716,35.95600093,43.63334716
1264,66.03852405,65.31291706,36.50798505,55.68898949,54.14280263,47.7206585,35.94583462,43.92368312
1265,66.03234534,65.31210056,36.50331237,55.67666032,54.1430442,47.68883341,35.94186261,43.96515968
1266,66.02924888,65.3117436,36.61804502,55.66484524,54.20476243,47.71085556,35.93868427,44.13106595
1267,66.02476619,65.31118957,36.71623591,55.65393212,54.3282723,47.77932489,35.93864596,44.23475736
1268,66.01872943,65.31022612,36.78791632,55.6428515,54.31477936,47.80009123,35.94846628,43.98589797
1269,66.01526757,65.30932347,36.73859919,55.63076503,54.19763283,47.74764257,35.9465907,43.77851514
1270,66.00642933,65.3083272,36.66642319,55.61941224,54.3127929,47.72267027,35.93723444,44.44214019
1271,66.00354803,65.3079717,36.91166521,55.60891443,54.31616446,47.78968923,35.95028137,43.88220655
1272,65.99532329,65.30673564,36.75577565,55.5959274,54.04277327,47.70857734,35.94651761,43.52965574
1273,65.98656827,65.30527074,36.60926142,55.58352239,54.10507038,47.66318722,35.93362633,44.04811282
1274,65.98396135,65.30487997,36.70132535,55.5713537,54.02246784,47.70033294,35.93596938,43.0941518
1275,65.97287761,65.30357833,36.31728884,55.5563368,53.75498093,47.47952513,35.90941898,43.05267524
1276,65.96079186,65.30178257,36.04713364,55.54161123,53.68603356,47.42420172,35.88215789,43.26005807
1277,65.95061823,65.3002149,35.88999682,55.52778125,53.73797702,47.3822842,35.86353035,43.44670261
1278,65.94468441,65.29941681,36.04592083,55.51400043,53.70870607,47.48372706,35.84687235,43.26005807
1279,65.9356831,65.29808866,36.01616192,55.50020761,53.73035148,47.47347218,35.82316006,43.48817918
1280,65.92812301,65.29685004,36.05363616,55.48719347,53.79470616,47.46754306,35.80940009,43.32227292
1281,65.92056966,65.29568547,36.13487691,55.47439875,53.89363894,47.44552643,35.79332651,44.00663625
1282,65.91687931,65.29443466,36.35145071,55.4630897,53.98981594,47.51533964,35.79991642,43.40522605
1283,65.90855854,65.29328814,36.2261934,55.45016229,53.91114813,47.45772634,35.78635029,43.50891746
1284,65.90383463,65.29262549,36.248207,55.4378056,53.93332261,47.45677978,35.77627258,43.73703857
1285,65.89788927,65.29186355,36.30547444,55.42527499,53.84276641,47.4810937,35.77470612,43.32227292
1286,65.89000713,65.29058327,36.21559183,55.41222964,53.8163568,47.43061666,35.76613499,43.36374948
1287,65.88029218,65.28946751,36.13286319,55.39886973,53.72969469,47.41965529,35.75568682,43.13562837
1288,65.87276056,65.28862879,35.98771568,55.38545675,53.73175714,47.3582138,35.73433943,43.28079635
1289,65.86532924,65.28765921,35.99856127,55.37130017,53.56078377,47.29076422,35.72039225,42.82455413
1290,65.85318753,65.2860837,35.85384007,55.35642347,53.47595975,47.24447282,35.69575482,42.86603069
1291,65.84243997,65.28471109,35.74387771,55.34183946,53.46285418,47.22351127,35.67289726,42.86603069
1292,65.83285028,65.28354946,35.58197266,55.32751898,53.48800046,47.16162663,35.6500762,43.57113231
1293,65.8277129,65.28270812,35.87551396,55.31543961,53.67149418,47.29154286,35.6467815,43.2185815
1294,65.82424697,65.28249867,35.88515867,55.30178909,53.57281102,47.27307529,35.63517364,42.88676898
1295,65.81318895,65.28105219,35.71444264,55.2875069,53.50133192,47.21372443,35.61490237,43.05267524
1296,65.80485176,65.27971967,35.74285522,55.27426176,53.58680737,47.2504697,35.60016785,43.3430112
1297,65.79494488,65.27786299,35.97386814,55.26177318,53.65936321,47.30286921,35.59153474,43.28079635
1298,65.78714504,65.27677586,36.01815892,55.24892508,53.63664819,47.27958521,35.58238962,43.3430112
1299,65.78183741,65.27606667,35.9583803,55.23637508,53.64726134,47.2906429,35.57784572,43.44670261
1300,65.7745445,65.27476541,36.02841586,55.22405362,53.6525191,47.28362819,35.57268115,43.05267524
1301,65.75962926,65.27261235,36.06658497,55.20979901,53.42492264,47.26541032,35.55860265,42.55495645
1302,65.74787401,65.27086922,35.79489608,55.19568256,53.46891718,47.18424734,35.53099931,43.0941518
1303,65.74311298,65.27043671,35.78198844,55.18137547,53.30097065,47.17015298,35.5140286,42.3683119
1304,65.72681462,65.26832517,35.4121744,55.16656041,53.32505111,47.03700426,35.48549155,43.19784322
1305,65.72075878,65.26747569,35.68166248,55.1539258,53.46305775,47.14532627,35.47617185,43.30153463
1306,65.71469939,65.26673233,35.86766771,55.14174523,53.5602774,47.21125965,35.47074551,43.50891746
1307,65.70614634,65.26555037,36.14016083,55.13073548,53.73120208,47.26241167,35.47193982,42.99046039
1308,65.69621574,65.26424212,35.87819526,55.1173726,53.54165845,47.14523074,35.45852903,43.07341352
1309,65.68624668,65.26295142,35.876522,55.10414373,53.44941512,47.13762294,35.44799244,43.2185815
1310,65.68059608,65.26205551,36.00631818,55.09211776,53.55952766,47.1479093,35.44181632,43.48817918
1311,65.67839798,65.26182618,36.24493275,55.08119987,53.70853659,47.25382036,35.44547689,43.19784322
1312,65.67362806,65.26135441,36.09627587,55.06883316,53.5981444,47.2166639,35.43557595,43.15636665
1313,65.66920883,65.26064637,36.00726666,55.05635418,53.53103028,47.21193279,35.42698493,42.92824554
1314,65.65939418,65.25924522,35.91388724,55.04320551,53.44094044,47.14666653,35.41814795,42.59643302
1315,65.65478811,65.25903703,35.50674066,55.02845721,53.21115079,46.9861787,35.3981692,42.45126504
1316,65.64207205,65.25728235,35.47709473,55.01395219,53.17738237,46.94149187,35.37439875,42.57569473
1317,65.63552304,65.25601595,35.36145543,54.99886653,53.01994034,46.89684001,35.36459571,42.16092908
1318,65.62484523,65.25468846,35.13365835,54.98402192,53.08660408,46.81443173,35.33577218,42.88676898
1319,65.61815875,65.25380294,35.44452528,54.97159312,53.31213737,46.92027868,35.32655746,43.05267524
1320,65.61259654,65.25279712,35.68395899,54.95907304,53.34190802,47.00750614,35.32048688,43.07341352
1321,65.60747223,65.25204579,35.77118232,54.94703826,53.4182929,47.02041325,35.31752021,43.11489009
1322,65.60767213,65.25173951,35.83824683,54.93523915,53.47055179,47.08423654,35.31553825,43.13562837
1323,65.60408138,65.25146906,35.83505575,54.92372331,53.52480815,47.08201833,35.31436473,43.30153463
1324,65.59698425,65.25060388,35.97237659,54.91235797,53.51860093,47.12607726,35.31668835,43.07341352
1325,65.5883713,65.24940207,35.94202937,54.90011578,53.41829823,47.05520464,35.31280991,42.70012443
1326,65.57990713,65.24826852,35.86233724,54.88718082,53.3488021,47.0281731,35.29905415,43.05267524
1327,65.57658121,65.24774362,35.87375389,54.87476251,53.30135067,47.04300969,35.2930024,42.63790958
1328,65.56929327,65.24639759,35.62695561,54.86159887,53.25744415,46.97758,35.27456334,42.70012443
1329,65.56050429,65.24528651,35.58764669,54.84807253,53.14727386,46.94158576,35.26505549,42.11945251
1330,65.54954198,65.24387002,35.23034642,54.83351993,53.07171295,46.84191792,35.23611518,42.741601
1331,65.54349546,65.24324451,35.418896,54.82042655,53.10349403,46.89551383,35.22735501,42.40978847
1332,65.53198369,65.24175841,35.3529204,54.80674202,53.09586306,46.83339751,35.2076333,42.55495645
1333,65.52837764,65.2411492,35.41657136,54.79330288,53.08039398,46.83127491,35.19503918,42.34757362
1334,65.51484603,65.23960646,35.28365647,54.78008528,53.1541347,46.83262711,35.17088595,43.23931978
1335,65.50987989,65.23909888,35.63797681,54.76887982,53.27449141,46.94729129,35.17696163,42.741601
1336,65.50230843,65.2381661,35.59393548,54.75629568,53.21962935,46.92889449,35.17177217,42.70012443
1337,65.49469106,65.23739888,35.51185906,54.74283616,53.04708034,46.88841721,35.15852238,42.03649938
1338,65.48426079,65.2359062,35.24696842,54.72836844,52.96867477,46.7634431,35.13147482,42.45126504
1339,65.47883625,65.23490902,35.25236253,54.71511191,53.01299388,46.79167235,35.11746242,42.6171713
1340,65.47696729,65.23449532,35.29827658,54.70166836,52.94648914,46.7837542,35.11154382,42.26462049
1341,65.46662141,65.23302511,35.16621906,54.68818913,52.99452856,46.70063974,35.09074843,42.55495645
1342,65.45911412,65.23194085,35.29473432,54.67553894,53.06525758,46.76294156,35.07987792,42.88676898
1343,65.45264639,65.23099933,35.45558633,54.66371718,53.13307902,46.83739923,35.08192755,42.28535877
1344,65.44228346,65.2296553,35.33895129,54.65068112,53.10989788,46.75937472,35.06398131,42.741601
1345,65.43886888,65.22964197,35.43411546,54.63837245,53.08544396,46.78040331,35.06046391,42.76233928
1346,65.43205756,65.22865795,35.58110202,54.62684179,53.18769367,46.82764224,35.05894489,42.72086271
1347,65.42657588,65.22808052,35.5972469,54.6147745,53.14286114,46.85026203,35.05789168,42.47200332
1348,65.41955661,65.22738632,35.46156117,54.60207775,53.0742112,46.81414493,35.04725382,42.38905019
1349,65.41074198,65.22616065,35.40065065,54.5899119,53.14269304,46.80919602,35.03308482,43.15636665
1350,65.40818271,65.22593969,35.77576941,54.57956328,53.25908958,46.88688671,35.04340224,42.84529241
1351,65.40463136,65.225304,35.81427623,54.56856131,53.27497769,46.90761236,35.04345729,42.92824554
1352,65.40324225,65.22539075,35.856764,54.55752434,53.24688921,46.90827849,35.0454855,42.51347988
1353,65.39532107,65.2244268,35.6872631,54.54525366,53.12964212,46.82650188,35.03527991,42.45126504
1354,65.38749576,65.2233709,35.51636226,54.53265727,53.03016771,46.77954333,35.02457567,42.45126504
1355,65.38103281,65.22259106,35.42462618,54.52034511,53.02322524,46.73057324,35.01537904,42.45126504
1356,65.37049546,65.22121963,35.33875963,54.50745095,52.91116118,46.69176027,35.00240327,42.22314392
1357,65.36242217,65.22011228,35.17093085,54.49503758,52.99178868,46.68090219,34.98386776,42.78307756
1358,65.35989465,65.22019173,35.43194618,54.48357024,53.02541819,46.76583323,34.98013053,42.45126504
1359,65.3515464,65.21918647,35.34768358,54.47130623,52.98521472,46.71238162,34.97378322,42.70012443
1360,65.34306344,65.21814452,35.50705484,54.46044555,53.12279515,46.7742431,34.96877294,42.72086271
1361,65.33945525,65.21800048,35.58368146,54.44849569,52.98438884,46.76100692,34.96484266,42.32683534
1362,65.32976007,65.21660924,35.41335154,54.43564015,52.86740742,46.69343284,34.95149137,42.16092908
1363,65.32299635,65.21573008,35.32569259,54.42209626,52.73517198,46.62904247,34.93225595,42.11945251
1364,65.32078698,65.21534633,35.32627782,54.40993489,52.90846245,46.64393845,34.91376111,42.63790958
1365,65.31480658,65.21457948,35.4847098,54.39855352,52.96408467,46.64444231,34.90941865,42.45126504
1366,65.3063531,65.21358681,35.4797646,54.38574609,52.79028058,46.59013868,34.8995334,42.14019079
1367,65.29874375,65.212769,35.38530479,54.37323617,52.83658764,46.59651115,34.87928397,42.45126504
1368,65.29676926,65.21272714,35.3467279,54.36167484,52.91869715,46.62105537,34.87419583,42.51347988
1369,65.29302102,65.21234953,35.43527726,54.35017805,52.93849259,46.648173,34.87004997,42.24388221
1370,65.28600432,65.21141038,35.29777387,54.33819718,52.92839121,46.62137527,34.85809034,42.51347988
1371,65.28495449,65.211138,35.38241919,54.3271265,52.9941553,46.62284281,34.85098501,42.63790958
1372,65.28440331,65.21095681,35.40942245,54.31559021,52.9005884,46.64761036,34.8472549,42.32683534
1373,65.27844256,65.20997845,35.29715776,54.30371823,52.87786623,46.58953302,34.83936648,42.18166736
1374,65.26842384,65.20897545,35.1669086,54.2908852,52.73558638,46.53336073,34.82968439,41.7669017
1375,65.25666187,65.2072764,34.95693473,54.27716257,52.62314797,46.48920631,34.80488284,41.84985483
1376,65.25007425,65.20645448,34.89812945,54.26477795,52.76394774,46.49041437,34.78357572,42.63790958
1377,65.24720699,65.206155,35.13402526,54.25367448,52.81810065,46.55600086,34.78442584,42.18166736
1378,65.2405402,65.20526482,35.11334494,54.24169573,52.80773706,46.51619043,34.77573147,42.47200332
1379,65.2393742,65.20553629,35.17747991,54.2306952,52.88022949,46.59463988,34.77267249,42.59643302
1380,65.23568347,65.20523031,35.30255206,54.22027456,52.96511828,46.6425555,34.77356229,42.3683119
1381,65.22945241,65.20449198,35.34512745,54.20855396,52.83556441,46.6002977,34.77049557,42.38905019
1382,65.22456015,65.20369987,35.33832071,54.19675611,52.74850704,46.5553396,34.76413746,41.84985483
1383,65.21586049,65.2022187,35.00556331,54.18348081,52.59921984,46.41584766,34.74625622,41.68394857
1384,65.20599066,65.20093757,34.75991379,54.16976459,52.49221058,46.33412357,34.7219219,42.05723766
1385,65.20250742,65.19993025,34.80256075,54.15715775,52.51898378,46.36530719,34.70925586,41.87059311
1386,65.19697657,65.19901029,34.6915302,54.14517992,52.67496865,46.35688741,34.69274177,42.43052675
1387,65.19363967,65.1985294,34.98588198,54.13386274,52.69303686,46.44461377,34.68841032,42.24388221
1388,65.18677291,65.19739476,35.05127785,54.12239445,52.7148493,46.45835643,34.68421912,41.95354625
1389,65.17940337,65.19622134,35.00232336,54.11038493,52.70149187,46.39633809,34.67216699,42.24388221
1390,65.17417118,65.19539809,35.04316311,54.0989294,52.69968264,46.43989463,34.66820258,42.05723766
1391,65.16749267,65.19455167,35.07005719,54.08726732,52.70468482,46.43418902,34.65788933,42.20240564
1392,65.16026382,65.19372438,35.07786235,54.07626539,52.76780123,46.43745821,34.65208385,42.20240564
1393,65.15647548,65.19347127,35.03739587,54.06462512,52.67971117,46.41453316,34.6473177,41.91206968
1394,65.14694059,65.19234682,34.92887291,54.05244386,52.61504242,46.36591974,34.63551836,42.01576109
1395,65.14002834,65.19131276,34.98922041,54.04040517,52.57190443,46.35336714,34.62707178,42.16092908
1396,65.13460483,65.19066129,35.05097486,54.0298371,52.75138273,46.3521977,34.62127616,42.43052675
1397,65.13056873,65.19013391,35.23793574,54.01839713,52.60459917,46.41326362,34.6228276,41.70468685
1398,65.12404646,65.18939754,35.09381085,54.00596964,52.55808845,46.36612873,34.59998787,42.01576109
1399,65.11872153,65.18869027,35.03395282,53.99415938,52.54622056,46.34582814,34.59442349,41.99502281
1400,65.11470203,65.18785712,35.001559,53.98253088,52.56522935,46.36091684,34.58743253,42.09871423
1401,65.10918625,65.18731681,35.04011244,53.97096703,52.54665065,46.39348668,34.58437916,41.51804231
1402,65.09844135,65.18597223,34.83664767,53.95797458,52.44440192,46.29814073,34.56303099,42.24388221
1403,65.09796715,65.18592517,34.95443501,53.94718557,52.56220796,46.36112393,34.55927194,42.11945251
1404,65.08989538,65.18508106,34.99762221,53.93674321,52.69440593,46.36559539,34.55155006,42.43052675
1405,65.08588601,65.18458028,35.23487392,53.92637336,52.67306168,46.42201385,34.55762508,41.7669017
1406,65.07879854,65.1838948,35.06872925,53.9147332,52.61950796,46.34455874,34.54123877,41.97428453
1407,65.07121685,65.18244223,35.01517104,53.90273758,52.47135516,46.30620241,34.53575069,41.60099544
1408,65.06003329,65.18110935,34.81072093,53.89003596,52.37724516,46.21999848,34.52028523,41.37287433
1409,65.0524003,65.18035921,34.59933606,53.87680981,52.29836512,46.14121116,34.49916555,41.49730402
1410,65.04354387,65.17929495,34.60833686,53.86389324,52.27046931,46.10305929,34.47646773,42.01576109
1411,65.03850996,65.17842808,34.81854095,53.85254833,52.37264955,46.20330281,34.46696947,41.62173372
1412,65.03174995,65.17755406,34.73009099,53.83995635,52.30689939,46.18456519,34.45762305,41.66321029
1413,65.02496312,65.17670161,34.63672117,53.82731448,52.24677494,46.14571626,34.4429773,41.51804231
1414,65.01585081,65.17552875,34.56222647,53.81466616,52.24724604,46.1269506,34.42393353,41.74616342
1415,65.01122181,65.17494726,34.64445277,53.80282197,52.30972587,46.14742687,34.41477061,41.642472
1416,65.00252451,65.1735106,34.70420152,53.79133667,52.41289342,46.16138001,34.40855828,42.26462049
1417,65.00374562,65.17360693,34.96556024,53.78104625,52.47794705,46.26239641,34.41735216,41.58025715
1418,64.99292358,65.1719753,34.83417844,53.77000816,52.55745297,46.19948747,34.40351174,42.80381584
1419,64.99642985,65.17261892,35.38808819,53.76171389,52.71447123,46.36021915,34.42798358,42.05723766
1420,64.98887959,65.17182359,35.28749922,53.75119849,52.60370997,46.34054471,34.43263004,41.8913314
1421,64.98172276,65.17088142,35.14050762,53.73957223,52.40357173,46.30765038,34.42579952,41.37287433
1422,64.97312698,65.16976831,34.79430447,53.72734071,52.34213184,46.18196002,34.40236252,41.91206968
1423,64.96860587,65.16912874,34.80995913,53.71652154,52.39605438,46.20641626,34.39630205,42.03649938
1424,64.96922011,65.16904967,34.88761448,53.70676356,52.55621387,46.24545251,34.39049531,42.11945251
1425,64.9676188,65.16862207,34.9346764,53.69684205,52.56588832,46.27204892,34.39462435,41.99502281
1426,64.96253733,65.16790017,35.02458278,53.68656157,52.53611451,46.29041281,34.39573271,42.07797594
1427,64.95771391,65.16699178,35.10718072,53.67666099,52.55393232,46.27103134,34.3955466,42.14019079
1428,64.95328184,65.16635417,35.13321342,53.66648963,52.49011548,46.28605091,34.40268338,41.7669017
1429,64.95243188,65.16644996,34.95541229,53.6559612,52.49565056,46.20848273,34.39067699,42.01576109
1430,64.94733538,65.16580762,34.9718717,53.64526395,52.39655724,46.2000329,34.39139549,41.55951887
1431,64.93940345,65.1648116,34.80001424,53.63363375,52.30690815,46.13819507,34.38103601,41.80837827
1432,64.93293366,65.16400279,34.76357104,53.62253432,52.28003031,46.07914422,34.37732197,41.55951887
1433,64.92569989,65.16326438,34.67622479,53.6109802,52.24853181,46.06064618,34.36919374,41.49730402
1434,64.92109929,65.16270936,34.53179815,53.59936465,52.2300997,46.02205023,34.35714586,41.45582746
1435,64.91261156,65.16186866,34.43663154,53.58711903,52.11776155,45.97931352,34.3431631,41.66321029
1436,64.90372219,65.16034178,34.60904914,53.57569824,52.13929899,46.04611544,34.33070402,41.24844463
1437,64.89297663,65.15905167,34.51321059,53.56320356,52.073089,45.99986041,34.31321571,41.26918291
1438,64.88438739,65.15818188,34.39160086,53.55066243,52.01893904,45.92865748,34.29436328,41.12401493
1439,64.87844562,65.15717669,34.27975952,53.53865391,52.11071831,45.91830262,34.27078228,41.7669017
1440,64.87369903,65.15684235,34.44736903,53.5286713,52.30642229,46.0404058,34.26792365,42.09871423
1441,64.86763533,65.15572387,34.63403199,53.51831705,52.23219225,46.06844151,34.27363675,41.26918291
1442,64.86049527,65.15479999,34.41612452,53.50674967,52.21210473,46.00804468,34.25947189,41.58025715
1443,64.85696073,65.15450754,34.49743899,53.49612916,52.26577337,45.98702362,34.24909391,41.84985483
1444,64.85448618,65.15414919,34.68840286,53.48549222,52.20569461,46.04118509,34.25271181,41.41435089
1445,64.84735945,65.15353837,34.58126444,53.47399887,52.14148428,45.97262776,34.23983804,41.24844463
1446,64.83838204,65.1525543,34.53316567,53.46203556,52.06902764,45.92188178,34.22420708,41.53878059
1447,64.83126079,65.15179351,34.56305756,53.45092596,52.09248854,45.94912395,34.21662497,41.45582746
1448,64.82685993,65.15136965,34.4472025,53.43968658,52.09206116,45.88237997,34.20444306,41.60099544
1449,64.82460585,65.15107031,34.51506131,53.42921891,52.17430819,45.90429746,34.19751163,41.24844463
1450,64.81353634,65.14979837,34.40034996,53.41764429,52.11077326,45.8757408,34.18228822,41.68394857
1451,64.80926658,65.14940142,34.66105839,53.40764669,52.21814466,45.96338707,34.17878696,41.84985483
1452,64.80525749,65.14878297,34.89365843,53.39871353,52.39004722,46.02917598,34.18265609,42.05723766
1453,64.80764954,65.14890749,34.90244391,53.38862279,52.20802877,46.0508157,34.18934714,41.26918291
1454,64.8006753,65.14814582,34.60296235,53.37707064,52.08525158,45.93843167,34.1717127,41.49730402
1455,64.79233727,65.14714216,34.60504311,53.36618972,52.07091956,45.90979033,34.16593776,41.24844463
1456,64.78547149,65.14636856,34.48985592,53.35495767,52.0642193,45.84263367,34.15340043,41.68394857
1457,64.78262291,65.14599939,34.61470382,53.34452509,52.0700491,45.87488314,34.15366648,41.39361261
1458,64.77476685,65.14496567,34.56999044,53.33422776,52.16275431,45.86928764,34.14350485,41.99502281
1459,64.77419218,65.14495324,34.90246428,53.32555745,52.30550187,45.98613825,34.15162015,41.68394857
1460,64.76850335,65.14403319,34.87652802,53.31551729,52.21311924,45.95300284,34.15020998,41.47656574
1461,64.76174103,65.14295579,34.80042965,53.30559277,52.23778346,45.93323692,34.14501883,41.8913314
1462,64.76247951,65.14309254,34.89473211,53.29612786,52.20484593,45.94508213,34.15004597,41.53878059
1463,64.76133185,65.14291687,34.7557252,53.28602023,52.17038597,45.92244216,34.14502092,41.58025715
1464,64.75658299,65.14190506,34.71202934,53.27602599,52.15464168,45.8894953,34.13790006,41.68394857
1465,64.75417236,65.14143962,34.78570418,53.2657374,52.06137305,45.91015748,34.13736853,41.12401493
1466,64.74887564,65.14093471,34.48095226,53.25366126,51.86419472,45.8027377,34.12005461,40.93737039
1467,64.74349027,65.14042607,34.22809757,53.24121163,51.75323461,45.70620223,34.09726982,40.9166321
1468,64.73528948,65.13937511,34.10449871,53.22998947,51.90546176,45.6895336,34.07739745,41.55951887
1469,64.73215853,65.13895007,34.27667138,53.22018642,52.02797295,45.79504003,34.07549731,41.35213604
1470,64.72732137,65.13850191,34.34073784,53.20967282,52.01063903,45.8113812,34.06637426,41.47656574
1471,64.72411517,65.13805569,34.4388992,53.20014018,52.1228325,45.80291154,34.05982828,41.87059311
1472,64.72499677,65.13808047,34.68226179,53.19058392,52.05407321,45.88609608,34.06599299,41.10327665
1473,64.71569947,65.13679171,34.49336881,53.17945923,51.95570993,45.80035256,34.05138519,41.12401493
1474,64.71106644,65.13640618,34.3770836,53.16911516,52.0294971,45.71517026,34.03561685,41.72542513
1475,64.71288622,65.13652843,34.6142992,53.16010826,52.11757142,45.80652761,34.03676296,41.60099544
1476,64.70748533,65.1357467,34.67354601,53.15074489,52.1209556,45.86568246,34.03417346,41.1654915
1477,64.70149815,65.13517,34.50303913,53.1400018,52.00013635,45.78354628,34.02263298,41.24844463
1478,64.69806379,65.13449665,34.44621268,53.12919178,51.90320767,45.76317699,34.01142895,40.95810867
1479,64.68997448,65.133613,34.26594534,53.11735762,51.75784087,45.70660182,33.99485897,40.93737039
1480,64.6830963,65.13279351,34.19317211,53.10585095,51.7440362,45.67374656,33.97903373,41.06180008
1481,64.67606767,65.13184146,34.16783933,53.09455577,51.73176757,45.64215654,33.96867535,41.14475321
1482,64.67247574,65.13107926,34.21368305,53.08431669,51.87052759,45.66099845,33.96188455,41.31065948
1483,64.67473884,65.13137937,34.21273695,53.07375225,51.82109896,45.70332748,33.95589298,40.89589382
1484,64.66771942,65.1303432,34.10344469,53.06237329,51.76462828,45.640611,33.94044852,40.93737039
1485,64.66062637,65.12960978,33.9605083,53.05094951,51.71169248,45.6184684,33.92490234,41.0410618
1486,64.65489307,65.12909219,34.10586527,53.04020759,51.7646027,45.62753914,33.91448924,41.14475321
1487,64.65018596,65.12870326,34.16839758,53.03047423,51.91857055,45.64385803,33.90538321,41.45582746
1488,64.64742031,65.12848273,34.27157983,53.0207708,51.90036666,45.70379803,33.90455131,41.02032352
1489,64.64345816,65.1282034,34.19715467,53.01058049,51.91900665,45.65675739,33.89541511,41.642472
1490,64.64066561,65.12765694,34.41813428,53.00197473,52.01690679,45.75343097,33.89947848,41.58025715
1491,64.64040721,65.12800584,34.52484629,52.99353228,52.0948477,45.80007487,33.90315499,41.49730402
1492,64.63887566,65.1277585,34.49722748,52.98413235,51.98513895,45.77472406,33.90544148,41.18622978
1493,64.63560896,65.12728073,34.46099883,52.9739394,51.87927781,45.72457913,33.89868186,41.08253837
1494,64.63152312,65.12672263,34.38723269,52.9637234,51.84643887,45.71521117,33.88808091,41.58025715
1495,64.62990089,65.12634026,34.53434471,52.95515445,51.96531356,45.79027182,33.89320426,41.47656574
1496,64.62569508,65.12579206,34.49269284,52.94608578,51.95358092,45.76466554,33.89274826,41.39361261
1497,64.62058768,65.12531477,34.4727539,52.93751024,52.04377288,45.77530609,33.89489598,41.22770635
1498,64.61669149,65.12472122,34.34976641,52.9279302,51.95271318,45.7096901,33.8900328,41.12401493
1499,64.61301235,65.12428276,34.31185864,52.91800906,51.87571096,45.68662039,33.8822361,41.45582746
1500,64.60996413,65.12385803,34.44825194,52.90916452,51.92599181,45.73962636,33.88497553,41.28992119
1501,64.60760268,65.1234691,34.4324683,52.89960994,51.86494695,45.72259821,33.88269106,41.22770635
1502,64.60403747,65.12303038,34.39965866,52.89053503,51.92639367,45.7022398,33.87903584,41.47656574
1503,64.60036772,65.12260706,34.48660579,52.881782,51.93091303,45.70942017,33.88484532,41.24844463
1504,64.59587213,65.12204905,34.4535077,52.87220246,51.84725049,45.68394357,33.87881099,41.33139776
1505,64.58857043,65.1212382,34.52000988,52.86318711,51.87382172,45.70194292,33.87886075,41.24844463
1506,64.58230885,65.12047412,34.47607263,52.8534694,51.78160659,45.68089576,33.87716096,40.81294069
1507,64.57476951,65.11934729,34.21517923,52.84271525,51.67668113,45.60126541,33.86045449,41.39361261
1508,64.5738167,65.11916338,34.40890494,52.83411336,51.82686455,45.66594328,33.8598037,41.35213604
1509,64.56902863,65.11842172,34.50332965,52.8253595,51.87005564,45.68812216,33.86006888,41.10327665
1510,64.56597069,65.11794561,34.34621844,52.81584084,51.8201773,45.68306331,33.84950707,41.39361261
1511,64.56279301,65.11770085,34.35915682,52.80645968,51.73723584,45.66142079,33.85503896,40.89589382
1512,64.55324781,65.11656377,34.22030559,52.79584812,51.61852379,45.5617208,33.84053591,40.72998756
1513,64.54275092,65.11498938,34.01463119,52.78519525,51.59252706,45.50993143,33.82717557,40.87515554
1514,64.53773618,65.11415461,34.05444336,52.77482075,51.58032356,45.51558531,33.81827867,41.08253837
1515,64.53492569,65.1140858,34.10049065,52.76595046,51.76024977,45.53834105,33.81076244,41.14475321
1516,64.53220772,65.11381,34.19114529,52.75620467,51.66877944,45.54274917,33.81039728,41.12401493
1517,64.52967319,65.1134104,34.13640642,52.74692399,51.70314076,45.52673368,33.80619399,41.12401493
1518,64.52748317,65.11278416,34.11890923,52.73790987,51.7581005,45.54847965,33.80459717,41.10327665
1519,64.52261757,65.11236001,34.26907193,52.72823812,51.67166958,45.54461065,33.79942309,40.81294069
1520,64.51570592,65.11164879,34.09506517,52.71771965,51.55852684,45.46912177,33.78694382,40.75072584
1521,64.50872132,65.11060162,34.068481,52.70799102,51.64768902,45.43412037,33.77233745,40.99958523
1522,64.5061427,65.11021785,34.17325124,52.69826573,51.61262936,45.4640167,33.76792778,40.87515554
1523,64.50163965,65.10967065,34.15527155,52.68861707,51.63360116,45.50898885,33.75886559,40.97884695
1524,64.49871116,65.10925666,34.1651321,52.67950936,51.69825512,45.50040838,33.75346534,41.1654915
1525,64.49689035,65.10913535,34.23282705,52.67065332,51.7108535,45.5403996,33.75109805,41.02032352
1526,64.49310013,65.10866289,34.24356233,52.6618592,51.75761496,45.53614441,33.74356442,41.49730402
1527,64.48827482,65.10797175,34.40593964,52.65322995,51.67037776,45.56960795,33.75388793,40.87515554
1528,64.48271023,65.1072345,34.27273311,52.64448671,51.76893612,45.51007266,33.74360716,41.37287433
1529,64.4818008,65.10708447,34.52005878,52.63603198,51.7191749,45.57587237,33.7472648,40.72998756
1530,64.47589943,65.10642564,34.27594434,52.62597501,51.59348485,45.47378224,33.73587777,41.02032352
1531,64.47235373,65.10588628,34.16475517,52.61637301,51.52999142,45.41554108,33.72943236,40.50186645
1532,64.46506723,65.10460051,33.89264552,52.60509122,51.35291946,45.31683033,33.70987524,40.29448362
1533,64.45752047,65.10343147,33.66532224,52.59405,51.36316986,45.28345552,33.68756095,40.83367897
1534,64.45306811,65.10301236,33.72114336,52.58435717,51.43685502,45.32108461,33.67858721,40.72998756
1535,64.44758881,65.10229393,33.83802471,52.57426722,51.42161819,45.32810526,33.66259052,40.77146412
1536,64.44200038,65.10155887,33.92256469,52.56515947,51.55851694,45.33674824,33.65416215,40.9166321
1537,64.43838829,65.10117254,33.98194607,52.55592893,51.55158582,45.36428698,33.64984239,41.08253837
1538,64.43641902,65.10098501,34.19939355,52.54713264,51.56886439,45.45201665,33.64898985,40.60555786
1539,64.43319963,65.10028385,33.98894676,52.53726479,51.51749346,45.33326618,33.63257136,40.89589382
1540,64.4308169,65.09993013,34.0475861,52.52785505,51.48399341,45.38880523,33.62756082,40.4396516
1541,64.42520969,65.09928279,33.75911849,52.51698678,51.33938693,45.28556431,33.61290525,40.48112816
1542,64.41579794,65.09822284,33.76444864,52.5065476,51.32598533,45.27110297,33.59792602,40.75072584
1543,64.4115349,65.09779145,33.83728236,52.49699303,51.38501088,45.3054393,33.58717456,40.46038988
1544,64.4028615,65.09708024,33.74657666,52.48704594,51.4147833,45.26691068,33.57100319,41.02032352
1545,64.39956114,65.09657572,33.98584118,52.47827979,51.46594676,45.34767412,33.5694592,40.87515554
1546,64.39225403,65.09566943,34.12242059,52.46923549,51.4735363,45.39535989,33.56825506,40.64703443
1547,64.38383952,65.09456633,34.00197342,52.46031232,51.55081395,45.37888121,33.56047748,41.08253837
1548,64.37881769,65.09410717,34.16336876,52.45212408,51.58230304,45.44781409,33.56164906,40.95810867
1549,64.37507669,65.09352021,34.1957682,52.44414232,51.6581762,45.45844451,33.55943909,40.99958523
1550,64.37267977,65.09292107,34.18880245,52.4355271,51.56764111,45.40660161,33.56481136,40.89589382
1551,64.3683631,65.09219156,34.08259291,52.42666429,51.50638545,45.38833412,33.56441357,40.46038988
1552,64.36428051,65.09178895,33.79031789,52.41696937,51.44935664,45.29382001,33.54718996,40.9166321
1553,64.35789378,65.09068796,34.01012735,52.40893877,51.57159443,45.34754045,33.54524125,41.35213604
1554,64.35881504,65.09084139,34.31656279,52.40193943,51.67390042,45.44771118,33.55863526,40.97884695
1555,64.35708646,65.09079408,34.27691329,52.39359707,51.58761224,45.42865756,33.56050671,40.87515554
1556,64.35307222,65.0901561,34.24251286,52.38514273,51.55031082,45.43363286,33.55568543,40.87515554
1557,64.34800706,65.08925667,34.23965402,52.37695102,51.57070276,45.41726113,33.55316341,40.97884695
1558,64.34471682,65.08888487,34.20009767,52.36828611,51.46522631,45.37429299,33.54976885,40.58481958
1559,64.33742693,65.08783334,34.02513346,52.35919413,51.44498984,45.28813915,33.53908163,40.75072584
1560,64.33435026,65.08736485,33.95738519,52.35036735,51.42898029,45.29867024,33.53044646,40.72998756
1561,64.32635048,65.08624543,33.97935933,52.34163264,51.43387959,45.30390546,33.52510515,40.64703443
1562,64.32101406,65.08565581,33.89337005,52.33252755,51.38939153,45.3185923,33.51410774,40.64703443
1563,64.31644635,65.08504247,33.86697795,52.32352843,51.37941618,45.26666914,33.50304088,40.79220241
1564,64.30982634,65.08437131,33.92115077,52.31559051,51.5063998,45.30456179,33.4971286,41.06180008
1565,64.30621075,65.08422301,34.10793497,52.30723793,51.41459514,45.3270284,33.50060247,40.60555786
1566,64.29941246,65.08315022,33.93260632,52.29846729,51.4191176,45.26830826,33.49368188,40.87515554
1567,64.2955267,65.08244995,34.03931439,52.29014097,51.41391006,45.33308968,33.49575653,40.56408129
1568,64.29195064,65.08212984,33.87740007,52.28101432,51.35436087,45.22058053,33.48583686,40.62629614
1569,64.28838788,65.08153603,33.85876442,52.27259624,51.42232945,45.21954604,33.4825364,41.0410618
1570,64.287907,65.08129174,34.00116294,52.26458879,51.40349913,45.277938,33.48603801,40.60555786
1571,64.28372688,65.08040283,33.88890257,52.25542683,51.3122709,45.2145076,33.48311641,40.29448362
1572,64.27910781,65.07980932,33.70365185,52.24620457,51.33454866,45.17883391,33.46846379,40.87515554
1573,64.27632962,65.07955316,33.88553126,52.23817252,51.3797292,45.23126894,33.4721343,40.75072584
1574,64.27624166,65.079339,33.90991348,52.22959205,51.33244369,45.25040266,33.47048013,40.48112816
1575,64.27188403,65.07888477,33.79822154,52.22059944,51.30845898,45.23436633,33.4625888,40.83367897
1576,64.27023191,65.07871316,33.90505917,52.21266179,51.3723028,45.26855624,33.46363518,40.62629614
1577,64.26720884,65.07837431,33.81258839,52.20385983,51.30457297,45.18316518,33.4560948,40.4396516
1578,64.26273875,65.07781537,33.71227862,52.19510195,51.32569657,45.20366038,33.44148488,40.77146412
1579,64.26062082,65.07789313,33.88068057,52.18757925,51.44167215,45.26087433,33.44324528,41.33139776
1580,64.26225455,65.07782551,34.20780784,52.18162026,51.59775783,45.36898665,33.45825722,41.02032352
1581,64.26038149,65.07744225,34.28222065,52.17494748,51.62701596,45.37651904,33.4662182,41.02032352
1582,64.26092798,65.07762187,34.29408051,52.16775876,51.54694559,45.37888934,33.46741392,40.77146412
1583,64.25850687,65.07717334,34.19716165,52.15975647,51.43509454,45.32480746,33.46446661,40.68851099
1584,64.25434475,65.07674928,34.1461744,52.15135079,51.33487862,45.28896711,33.46007759,40.72998756
1585,64.25328834,65.07658833,34.13993622,52.14329525,51.33218178,45.28406428,33.4552853,40.56408129
1586,64.25037597,65.0763311,33.94435944,52.13388618,51.14156857,45.19573195,33.44875172,39.87971796
1587,64.23980488,65.07465414,33.50978252,52.12366518,51.09706159,45.07739761,33.42282659,40.64703443
1588,64.23636253,65.07410333,33.67164413,52.11578074,51.25268344,45.16063359,33.41585712,40.66777271
1589,64.23387392,65.07387813,33.76525958,52.10768215,51.27306411,45.20726055,33.4135007,40.33596018
1590,64.22880888,65.07314777,33.71954613,52.09901696,51.26849595,45.13306283,33.39774247,40.87515554
1591,64.22752932,65.07289839,33.81975308,52.09107083,51.2343398,45.16842211,33.40084313,40.27374533
1592,64.21949434,65.07171419,33.6088431,52.08234888,51.24515896,45.07409764,33.38561324,40.64703443
1593,64.21694178,65.07158993,33.6671355,52.07371757,51.15547695,45.07641613,33.38126319,40.14931564
1594,64.21423491,65.07092021,33.51216978,52.06450612,51.14534842,45.00282742,33.3651738,40.50186645
1595,64.21275239,65.07077923,33.62803933,52.05564931,51.09793571,45.02639111,33.36041019,40.39817503
1596,64.20805209,65.07025964,33.6345569,52.04702423,51.13680207,45.01626074,33.34896688,40.23226877
1597,64.20525959,65.06986118,33.52967701,52.03757918,51.05495153,44.97004008,33.3377831,40.33596018
1598,64.20322731,65.06972752,33.5590301,52.02905695,51.13585242,45.00387699,33.32650789,40.70924927
1599,64.20207968,65.06969022,33.73667226,52.02132067,51.19424629,45.05931923,33.32779436,40.56408129
1600,64.19853292,65.0692675,33.76929791,52.01312033,51.17477795,45.03855393,33.32258117,40.39817503
1601,64.19445405,65.06879033,33.75079184,52.00459446,51.14705416,45.04620199,33.31502789,40.29448362
1602,64.18841684,65.06810348,33.74156692,51.99661155,51.24436423,45.04766139,33.30220097,40.75072584
1603,64.18626833,65.06772947,33.95299822,51.98952192,51.30717389,45.12135339,33.31106763,40.77146412
1604,64.18588766,65.06765695,34.06616105,51.98269581,51.36624696,45.17570034,33.31142748,40.87515554
1605,64.18492933,65.06720136,34.13294254,51.97606737,51.39416189,45.17620856,33.31580972,40.50186645
1606,64.18433809,65.06716693,33.93624429,51.96774851,51.2186554,45.08241131,33.30902639,40.23226877
1607,64.17783317,65.06612054,33.76106112,51.95943168,51.20600502,45.00732735,33.29740461,40.93737039
1608,64.18041018,65.06639235,33.88989956,51.95291616,51.30650993,45.1093451,33.30644101,40.72998756
1609,64.17750868,65.06602184,33.89569316,51.94618057,51.36302134,45.10145941,33.30402826,40.72998756
1610,64.17284962,65.06531722,33.88928988,51.93919758,51.33938698,45.09024785,33.30584926,40.9166321
1611,64.17311928,65.06497897,33.97960885,51.93205111,51.24674326,45.14495971,33.31743867,40.08710079
1612,64.16524505,65.0638965,33.6505589,51.92272392,51.05760064,45.02220825,33.3027643,40.3152219
1613,64.16416455,65.06355094,33.50280373,51.91451455,51.09118262,45.00611025,33.28769342,40.66777271
1614,64.1621407,65.06347655,33.62943093,51.90707934,51.1337181,45.05576297,33.29188039,40.54334301
1615,64.15644933,65.06260258,33.72888026,51.89932201,51.12449864,45.08382676,33.28826078,40.48112816
1616,64.15203338,65.0618879,33.73059486,51.89133368,51.09148168,45.04628927,33.28274724,40.56408129
1617,64.14859502,65.06133004,33.79436979,51.8844046,51.22512346,45.07516059,33.28186561,40.77146412
1618,64.14774248,65.06123152,33.81156184,51.87756395,51.23489036,45.08931995,33.28351332,40.54334301
1619,64.14497761,65.0607733,33.86346591,51.86977346,51.1357692,45.10144118,33.28199246,40.25300705
1620,64.13825184,65.06007817,33.69051641,51.86189679,51.1483279,45.02987767,33.27096143,40.68851099
1621,64.13795009,65.06013621,33.86814267,51.85521611,51.22989805,45.11066958,33.27506338,40.81294069
1622,64.13710259,65.05965076,34.00273443,51.84849029,51.22080409,45.12347,33.28134761,40.39817503
1623,64.13116168,65.05888999,33.82671284,51.84072482,51.15031578,45.00862829,33.27269832,40.29448362
1624,64.12447605,65.05810133,33.71731427,51.83267316,51.09137681,44.96164717,33.26030219,40.48112816
1625,64.12382371,65.05806575,33.68125603,51.8250489,51.079291,44.98610786,33.25986401,40.25300705
1626,64.12202443,65.0579903,33.64540083,51.81659294,50.98931418,44.9795459,33.25295648,40.17005392
1627,64.11413456,65.05712406,33.54552805,51.80844876,51.01732027,44.93714903,33.23874404,40.56408129
1628,64.11321089,65.05701294,33.68949511,51.801318,51.08600092,44.98493487,33.23656176,40.50186645
1629,64.11156686,65.05669582,33.83187721,51.79464398,51.20331333,45.04996944,33.22944383,40.70924927
1630,64.10865019,65.05625836,33.93975203,51.78831616,51.24899854,45.07810595,33.23146005,40.58481958
1631,64.10468883,65.0558717,33.90156087,51.78152091,51.21795703,45.06630985,33.23365724,40.85441725
1632,64.10284867,65.05560096,33.98259514,51.77538751,51.23582288,45.0913761,33.2414801,40.17005392
1633,64.09555964,65.05463878,33.8486473,51.76793576,51.20347697,45.04648654,33.22991776,40.77146412
1634,64.09767036,65.0548238,33.98252963,51.76156899,51.20407494,45.06047152,33.23382239,40.3152219
1635,64.08907536,65.05402375,33.79608663,51.75347891,51.03323383,44.9620486,33.22560439,40.14931564
1636,64.08224518,65.05340636,33.63099738,51.74528438,50.98017904,44.89123656,33.21356845,40.06636251
1637,64.07713429,65.05258178,33.55477497,51.73732069,51.00882011,44.91028728,33.20067496,40.60555786
1638,64.07635932,65.05228885,33.7820438,51.73075887,51.1023635,44.98893398,33.19789825,40.54334301
1639,64.07360775,65.05182277,33.910832,51.72401308,51.12314196,45.04590251,33.20270304,40.23226877
1640,64.07105828,65.05147761,33.7706121,51.71611334,51.01552164,44.94467615,33.19235996,40.17005392
1641,64.06714129,65.05097937,33.69615322,51.70807061,50.95704822,44.90772882,33.18259647,40.1907922
1642,64.0635013,65.0503575,33.6393712,51.6992773,50.79096913,44.88467166,33.17246701,39.81750311
1643,64.05810144,65.04982189,33.37913566,51.69045576,50.80653729,44.78142923,33.15318221,40.12857735
1644,64.05538401,65.04956366,33.43424599,51.68249434,50.86743085,44.83690005,33.14494874,40.25300705
1645,64.05310235,65.04933734,33.48984521,51.67496126,50.9239121,44.88141276,33.13606449,40.12857735
1646,64.0455387,65.048194,33.55632784,51.66689821,50.88597211,44.876026,33.1251524,40.33596018
1647,64.04409928,65.04781135,33.57068708,51.65932709,50.8901218,44.86266854,33.11939521,39.85897968
1648,64.03591079,65.04679697,33.49503938,51.65030461,50.77095784,44.8388642,33.10314251,39.83824139
1649,64.02782823,65.04589303,33.35513221,51.64139867,50.73291413,44.76028661,33.08613331,40.10783907
1650,64.02465985,65.04527643,33.44120176,51.63402153,50.89327915,44.80464068,33.07640621,40.79220241
1651,64.02868345,65.04581939,33.77711761,51.62805935,51.01078554,44.93584172,33.08818073,39.98340937
1652,64.02192018,65.04464274,33.49495552,51.62034093,50.97790882,44.83912285,33.07803492,40.39817503
1653,64.02044226,65.04424164,33.56736258,51.61320214,50.94394189,44.84334013,33.07871938,40.14931564
1654,64.01492384,65.04358434,33.53009563,51.60545683,50.88806581,44.83102771,33.07351699,40.27374533
1655,64.00906842,65.04307238,33.62969742,51.59822958,50.91129807,44.86372555,33.07093988,40.4396516
1656,64.0091372,65.04339886,33.76206442,51.591641,50.97684995,44.8891866,33.07184469,40.27374533
1657,64.00471474,65.04256822,33.66972574,51.58433386,50.92193676,44.89618533,33.06936117,40.1907922
1658,63.99809644,65.04148845,33.64497564,51.57663308,50.84644923,44.88356079,33.06507266,39.90045624
1659,63.99099079,65.04050393,33.37366629,51.5674509,50.63868296,44.78460424,33.05371265,39.52716715
1660,63.9834996,65.03915065,33.11965332,51.55839692,50.66046432,44.66664848,33.02777584,39.96267109
1661,63.97727838,65.03843951,33.17856112,51.55076243,50.78349399,44.67498506,33.01830974,40.25300705
1662,63.97254915,65.03790281,33.35437108,51.54354461,50.82511608,44.74430102,33.01707603,40.10783907
1663,63.96879539,65.037612,33.40399016,51.53609385,50.83746172,44.73009679,33.01295626,40.27374533
1664,63.96732197,65.03711658,33.48850298,51.52999015,51.01626484,44.79030781,33.00905051,40.70924927
1665,63.96783898,65.03718082,33.74698097,51.52462937,51.09751646,44.89944518,33.01949693,40.75072584
1666,63.96949282,65.03739995,33.88351894,51.51896433,51.06589936,44.96060344,33.0299918,40.17005392
1667,63.96570123,65.03675065,33.8228338,51.51253722,51.07307788,44.92273956,33.02434006,40.58481958
1668,63.96779933,65.0369795,33.91295415,51.50612438,50.96147807,44.91586071,33.03094268,40.08710079
1669,63.9619351,65.03597146,33.7086177,51.49867588,50.86651895,44.85947776,33.02666783,40.21153049
1670,63.95889729,65.0351067,33.61651084,51.49163236,50.85412625,44.86302187,33.02247276,40.35669847
1671,63.95355203,65.03439421,33.63166958,51.48486876,50.85229908,44.85843506,33.02423861,40.12857735
1672,63.95070224,65.03382499,33.59663946,51.47800658,50.88882314,44.84423638,33.01991238,40.14931564
1673,63.94654912,65.03308999,33.59763121,51.47040803,50.76964833,44.818452,33.01361275,39.90045624
1674,63.94049283,65.03189596,33.46719986,51.46274149,50.76588357,44.7338551,33.00084197,39.85897968
1675,63.93602021,65.03146381,33.35236094,51.45468486,50.704303,44.7105964,32.98640306,40.17005392
1676,63.93168014,65.03130709,33.45080906,51.4476908,50.76327094,44.75975244,32.98006081,39.96267109
1677,63.92614412,65.03044655,33.43904336,51.44026435,50.76516035,44.74888527,32.97210361,40.04562422
1678,63.92263271,65.02980898,33.44035188,51.43285173,50.74050762,44.71830687,32.96842385,39.75528826
1679,63.91733355,65.02895864,33.32978183,51.42515582,50.75367198,44.68493067,32.95311473,40.25300705
1680,63.91107556,65.02809046,33.54090148,51.41912816,50.8980702,44.77155616,32.95567586,40.23226877
1681,63.90747736,65.02787519,33.51369372,51.41205781,50.78820131,44.73606128,32.95973926,40.02488594
1682,63.90429195,65.02738284,33.41937055,51.40450268,50.70608054,44.689086,32.95315408,39.75528826
1683,63.89815303,65.02657507,33.36475132,51.39667602,50.69331239,44.64516453,32.94085131,40.02488594
1684,63.89535304,65.02594788,33.3523597,51.38978314,50.76508129,44.70347324,32.93837848,40.04562422
1685,63.89124052,65.02539171,33.27585166,51.38207178,50.64774115,44.65966134,32.93211591,39.96267109
1686,63.88834815,65.02512566,33.26494141,51.37458298,50.64771719,44.64506497,32.92754489,39.96267109
1687,63.8834231,65.02467814,33.25812238,51.36704835,50.632345,44.6256684,32.91808586,39.75528826
1688,63.87890587,65.02432043,33.33027087,51.35893172,50.57634138,44.62994977,32.90497727,39.52716715
1689,63.87501267,65.02364904,33.16725011,51.35046461,50.54800298,44.53899453,32.88624494,39.81750311
1690,63.87187127,65.02334209,33.14728789,51.34208861,50.4671424,44.54156713,32.88092984,39.29904604
1691,63.86596651,65.02259606,32.92506328,51.33343061,50.51570065,44.46017897,32.85531361,40.04562422
1692,63.86752908,65.02287016,33.10471313,51.32618918,50.5645919,44.53022955,32.85677263,39.81750311
1693,63.8632581,65.02223419,33.11214796,51.31846451,50.5611365,44.54895515,32.85448388,39.75528826
1694,63.86020679,65.02190451,33.15275138,51.31106662,50.62462695,44.59080533,32.8451508,40.04562422
1695,63.85965005,65.02208877,33.26979419,51.30389099,50.6051795,44.62308174,32.8451611,39.63085856
1696,63.85554188,65.02166158,33.1148001,51.29608732,50.59654354,44.54516338,32.83744299,39.7138117
1697,63.8538666,65.02153342,33.05143624,51.28821225,50.54940211,44.51541133,32.82973241,39.67233513
1698,63.85111056,65.02106271,33.14114071,51.2806145,50.57934399,44.50757372,32.82003476,40.06636251
1699,63.84911743,65.02079958,33.24556753,51.27305852,50.48898256,44.55542184,32.82198889,39.42347574
1700,63.84317441,65.02008351,33.07777774,51.26455437,50.45741402,44.52764808,32.8041734,39.81750311
1701,63.83984794,65.01979484,33.27989464,51.25764138,50.59634475,44.59941902,32.80284298,39.79676483
1702,63.83547418,65.01920626,33.23472107,51.24976313,50.49449152,44.57241414,32.79572686,39.75528826
1703,63.83127074,65.01843679,33.21367502,51.24226537,50.51787857,44.55331207,32.7893866,39.81750311
1704,63.82612841,65.01761706,33.24191138,51.23463233,50.48439315,44.53088393,32.7813436,39.44421402
1705,63.82248296,65.01706918,33.05120087,51.22651849,50.48263912,44.46001919,32.76344021,39.94193281
1706,63.81926861,65.01685109,33.15344692,51.21943887,50.51534667,44.50818379,32.76403709,39.61012028
1707,63.81457977,65.0162184,33.11223336,51.21128429,50.43045993,44.47090402,32.75417563,39.56864372
1708,63.81113807,65.01588408,33.17317404,51.2038404,50.51540707,44.51618314,32.7416026,39.81750311
1709,63.80869097,65.01538751,33.19547252,51.19694767,50.57057003,44.52914099,32.7382886,40.04562422
1710,63.80877765,65.01557674,33.21787767,51.19026332,50.56288205,44.5350947,32.74000195,39.63085856
1711,63.80432981,65.01514799,33.17992805,51.18287471,50.54634871,44.49084332,32.73333507,40.00414766
1712,63.80148329,65.01493857,33.2387972,51.17591429,50.50284979,44.53340612,32.73845156,39.73454998
1713,63.7924328,65.01382269,33.16145231,51.16907861,50.57007065,44.52018518,32.72745436,39.61012028
1714,63.78850856,65.01332615,32.99455275,51.1618502,50.56247728,44.47072533,32.721877,39.96267109
1715,63.78639122,65.01315973,33.24694309,51.15574567,50.64620666,44.55626221,32.71946672,40.25300705
1716,63.7850786,65.01311241,33.39948618,51.15021269,50.69559801,44.61412066,32.73143044,39.90045624
1717,63.77750569,65.01205525,33.37992758,51.14360321,50.62601709,44.57685563,32.72970661,39.96267109
1718,63.77699444,65.01204183,33.44713758,51.13698289,50.56905105,44.61865041,32.72602498,39.50642887
1719,63.77045971,65.01120333,33.21302682,51.12966569,50.54488451,44.4935841,32.71836996,39.73454998
1720,63.76848011,65.01106791,33.15776736,51.12270808,50.52937446,44.49874302,32.71379031,39.98340937
1721,63.76411761,65.01046231,33.26084562,51.11617706,50.52071681,44.51536729,32.71619461,39.38199917
1722,63.75889679,65.00976165,33.04005944,51.10846012,50.47409955,44.42961132,32.70649328,39.79676483
1723,63.75453578,65.00907249,33.08539898,51.10093235,50.36694832,44.40089234,32.70291068,39.27830776
1724,63.74891675,65.00827811,32.90370801,51.09289076,50.36639406,44.35289878,32.68450782,39.7138117
1725,63.74500224,65.00778225,32.97368337,51.08570331,50.38434964,44.34655527,32.68072012,39.54790543
1726,63.73862044,65.0072629,33.04066231,51.07859563,50.44577574,44.42372978,32.67173281,40.00414766
1727,63.73832034,65.0072469,33.21197588,51.07281891,50.56805181,44.48640156,32.67595755,39.589382
1728,63.73105972,65.00634018,33.11272339,51.06543238,50.45750701,44.44656374,32.66671289,39.54790543
1729,63.72946374,65.00627033,33.152148,51.05870477,50.52322306,44.47650651,32.65561396,40.10783907
1730,63.72949492,65.00672691,33.34300903,51.05315641,50.59361765,44.5608762,32.66390686,39.96267109
1731,63.72625941,65.00627738,33.42185407,51.04732163,50.61040138,44.52252322,32.6646742,39.77602655
1732,63.72418744,65.00586248,33.36426522,51.04079528,50.54596241,44.504925,32.66007807,39.92119453
1733,63.72212485,65.00578606,33.40807747,51.03530935,50.6462524,44.53152192,32.66046324,40.02488594
1734,63.71861988,65.00492978,33.49277353,51.02986979,50.66568708,44.54299184,32.66315591,39.87971796
1735,63.71740605,65.0046261,33.39993491,51.0239271,50.62320619,44.5403429,32.66560511,40.02488594
1736,63.71808526,65.00474045,33.41697379,51.01844645,50.6367243,44.54684481,32.67029043,40.14931564
1737,63.71773651,65.00475038,33.43015784,51.01289366,50.59301381,44.53605786,32.67642231,39.29904604
1738,63.7118398,65.00406299,33.0826195,51.0053421,50.46067363,44.42726673,32.66330068,39.83824139
1739,63.70956835,65.00364132,33.16698565,50.99949086,50.53533232,44.44687144,32.66647156,40.00414766
1740,63.71266769,65.00391125,33.33164803,50.99393895,50.57110604,44.49854875,32.6693989,39.75528826
1741,63.71063507,65.00373212,33.34955393,50.98754258,50.50668657,44.49226966,32.66627748,39.69307341
1742,63.71026986,65.00372743,33.25019561,50.98108322,50.47946471,44.45100774,32.66315366,39.77602655
1743,63.70675519,65.00342673,33.37176174,50.97495302,50.49692772,44.4560019,32.66564289,39.79676483
1744,63.70184509,65.00278207,33.35300638,50.96911006,50.53965542,44.45033864,32.66030928,39.83824139
1745,63.69884786,65.0025661,33.34068447,50.96246379,50.40725529,44.47298643,32.66575088,39.3405226
1746,63.69398338,65.00212496,33.0114201,50.95464871,50.28271622,44.3498031,32.65151261,39.31978432
1747,63.69111616,65.00170339,32.87921832,50.94750487,50.34059544,44.33187573,32.63636924,39.75528826
1748,63.68945355,65.00172678,33.06493598,50.94116914,50.37805872,44.36953469,32.633008,39.67233513
1749,63.68700876,65.00162261,33.09775751,50.93457696,50.36869004,44.39062532,32.63202877,39.4649523
1750,63.68235906,65.00084442,33.01601558,50.92774063,50.37389348,44.37247629,32.61973612,39.77602655
1751,63.68518022,65.00084108,33.13570808,50.92183055,50.43973748,44.43657255,32.61684024,39.52716715
1752,63.68337526,65.00027479,33.04591845,50.91532885,50.43050508,44.38832116,32.60885951,39.75528826
1753,63.68120827,65.00010822,33.07259134,50.9090843,50.40297109,44.38784657,32.60978391,39.73454998
1754,63.67826085,64.99978002,33.19422055,50.90291069,50.40200558,44.39197479,32.60565912,39.40273745
1755,63.67370823,64.99946222,33.04524838,50.89614869,50.38574086,44.33540719,32.59767617,39.79676483
1756,63.6740908,64.9995512,33.15703574,50.89057953,50.46703437,44.41741216,32.59613125,39.90045624
1757,63.67569412,64.99983351,33.16237692,50.88489287,50.44897932,44.4121787,32.59719916,39.63085856
1758,63.67039324,64.99901946,33.14071941,50.87873724,50.42961587,44.37879548,32.58996151,39.69307341
1759,63.66810648,64.99870625,33.13246666,50.87272829,50.42554401,44.38369922,32.58868882,39.77602655
1760,63.66414194,64.99830633,33.26738054,50.86694304,50.4338198,44.40780605,32.59007307,39.87971796
1761,63.66249548,64.99784509,33.33626632,50.86166899,50.4906118,44.48048034,32.59489162,39.94193281
1762,63.66287866,64.99807587,33.45082361,50.85642172,50.49792355,44.5048352,32.59918034,39.94193281
1763,63.6611979,64.99779941,33.47937904,50.85069766,50.41563112,44.46222195,32.6044466,39.13313978
1764,63.6544662,64.99675249,33.16373225,50.84300699,50.26108676,44.33511568,32.58374537,39.31978432
1765,63.65009329,64.99613781,32.99225887,50.83704302,50.42621006,44.30081045,32.57519039,40.04562422
1766,63.65057565,64.99621327,33.28490459,50.83262213,50.55641509,44.40160851,32.58465096,40.12857735
1767,63.64880171,64.99583406,33.45414241,50.82788466,50.53445369,44.46673438,32.59439358,39.61012028
1768,63.64197621,64.99517358,33.29652729,50.82168992,50.41613458,44.38926647,32.58870874,39.50642887
1769,63.63708597,64.99440804,33.12605939,50.81539652,50.36991884,44.37716119,32.58440307,39.81750311
1770,63.63381271,64.99424975,33.25381539,50.80983376,50.38535187,44.38818358,32.58687428,39.42347574
1771,63.63242052,64.99362872,33.07406621,50.80330815,50.33209475,44.33239991,32.5806766,39.31978432
1772,63.62614603,64.99295786,32.99344263,50.79655386,50.29313595,44.31089285,32.57046228,39.65159685
1773,63.62388408,64.99247698,33.09164578,50.79016294,50.24138493,44.30677238,32.56912519,39.54790543
1774,63.62045168,64.99236246,33.02812001,50.78412333,50.29750196,44.28999247,32.56517595,39.52716715
1775,63.61425729,64.99155759,33.07781911,50.77768417,50.25604527,44.31464727,32.55872531,39.36126089
1776,63.61047217,64.99110572,33.03089482,50.77200959,50.40479263,44.26944324,32.55089309,39.98340937
1777,63.61031367,64.99111164,33.2130786,50.76712284,50.4305736,44.35038759,32.55884797,39.29904604
1778,63.60501097,64.99036498,33.01891003,50.76052256,50.33284888,44.30049011,32.54568111,39.38199917
1779,63.60391736,64.99018909,32.99362813,50.75388447,50.2557352,44.26794611,32.54054521,39.19535462
1780,63.59904292,64.98965331,32.94006479,50.74632302,50.11171479,44.19425201,32.52915925,39.3405226
1781,63.59747358,64.9894955,32.88424161,50.74030001,50.25753556,44.21325148,32.52010419,39.92119453
1782,63.59551932,64.98900435,33.10807179,50.73544783,50.35880126,44.29241198,32.5283503,39.31978432
1783,63.59143642,64.9885057,33.01741669,50.72850687,50.21156562,44.23765647,32.51755352,39.4649523
1784,63.58863966,64.98813912,32.98686725,50.72258727,50.27077296,44.24143572,32.51461667,39.44421402
1785,63.58389265,64.98745334,32.9847191,50.71682465,50.32403098,44.23802192,32.50722665,39.98340937
1786,63.58300846,64.98740904,33.19459695,50.71213058,50.37538371,44.31927904,32.51580623,39.52716715
1787,63.57567642,64.986559,33.04412996,50.7069802,50.43814907,44.26071369,32.51175048,40.14931564
1788,63.57569851,64.98628791,33.2522499,50.70260375,50.42586364,44.3051433,32.52441902,39.40273745
1789,63.57006032,64.98566875,33.02986419,50.69620445,50.27747232,44.23717316,32.51683529,39.09166321
1790,63.56193916,64.98452673,32.76014172,50.68850536,50.07380641,44.13671329,32.49912196,38.90501866
1791,63.55386736,64.98353048,32.63567772,50.68011289,49.91378808,44.07931309,32.4775371,38.84280382
1792,63.54708723,64.98276835,32.48347554,50.67290259,50.0494872,44.07276976,32.4536109,39.67233513
1793,63.54550745,64.98279456,32.84062749,50.66729948,50.14897796,44.18674708,32.45792375,39.67233513
1794,63.54363355,64.98251505,32.99977739,50.66178101,50.20107513,44.23621752,32.46089768,39.17461634
1795,63.53877282,64.98206583,32.83148777,50.65441522,50.04358996,44.14072807,32.44985343,39.07092493
1796,63.53295671,64.98107723,32.7195793,50.64777028,50.1163537,44.08773088,32.4400871,39.42347574
1797,63.52862005,64.98036951,32.92433462,50.64134232,50.08513596,44.18408367,32.4359305,39.25756947
1798,63.52536431,64.97967344,32.92831642,50.63447182,50.04008154,44.14977608,32.42961752,39.40273745
1799,63.52166598,64.97932967,32.9115871,50.62863396,50.14497728,44.147158,32.42718098,39.38199917
1800,63.51830605,64.97877919,32.97013137,50.62307878,50.23791443,44.20447082,32.41960905,39.56864372
