cycle,avg_know,avg_att,avg_pbc,avg_moral,avg_sn,avg_int,avg_habit,participation
0,44.01200266,62.44332539,44.4196016,80.60110289,63.04377094,0,0,0
1,44.01200266,62.5272206,8.75952251,80.31565242,45.19504399,31.69502855,0,4.520945666
2,45.00264829,71.33899693,9.523245006,80.04641456,39.0527609,33.14782911,0.135378698,7.051016176
3,45.94384759,72.94885475,11.6386266,79.78625811,37.12183056,34.11283027,0.338568322,8.004977188
4,46.79115091,74.05886921,12.82281339,79.53161757,36.76472232,34.94863639,0.558184986,9.933637495
5,47.63097169,74.72046511,14.55366451,79.28472348,37.17643117,35.92922935,0.833170511,11.0120282
6,48.42894036,75.31698755,15.69224314,79.04275932,37.67779161,36.75094152,1.12884583,11.77934467
7,49.20547339,75.75469405,16.5619939,78.80485471,38.15391365,37.40809855,1.437939186,12.7125674
8,49.9264308,75.7987631,17.57057767,78.57196003,38.73818247,38.03803855,1.760618877,13.58357528
9,50.63954524,76.26251328,18.42920502,78.34334381,39.26915632,38.67261621,2.093112075,14.20572377
10,51.30242871,76.3900951,19.15185768,78.1185748,39.77454099,39.15685813,2.431902567,15.26337619
11,51.94456476,76.49012407,20.108932,77.89820778,40.24706058,39.70990837,2.785896185,16.05143094
12,52.55449616,76.56440855,20.8773978,77.68150956,40.66054038,40.21610708,3.151935773,16.69431771
13,53.16220167,76.51740225,21.64218745,77.46859728,41.10908669,40.57611798,3.525577379,17.64827872
14,53.74950689,76.51036953,22.4895102,77.25998777,41.58212455,41.01429711,3.908751996,18.72666943
15,54.31060728,76.43506587,23.53332965,77.05584097,42.05867444,41.55790894,4.308652386,18.91331398
16,54.84020459,76.55919777,23.88047502,76.85388573,42.40320353,41.8123904,4.697526263,19.3695562
17,55.36416897,76.62447902,24.42239396,76.65482737,42.73591006,42.13227939,5.080792509,19.6184156
18,55.83610602,76.59093685,24.71249233,76.45693067,42.83405721,42.28521655,5.458936798,19.86727499
19,56.27323015,76.61891272,25.10063998,76.26188618,43.11178439,42.53588811,5.830471651,21.11157196
20,56.76820441,76.70773252,26.06050657,76.07114904,43.44812455,42.96917166,6.226964153,21.31895479
21,57.2198597,76.70140069,26.51309729,75.88380065,43.93999627,43.2900985,6.616316061,22.68768146
22,57.66695949,76.5890271,27.63384815,75.70076253,44.34260011,43.74784524,7.029286172,22.56325176
23,58.07625947,76.67100158,27.9096114,75.51966538,44.71456012,43.99827561,7.418197398,23.1231854
24,58.48876591,76.74519458,28.28851022,75.34027,44.85233427,44.22471302,7.810413212,23.51721277
25,58.88427229,76.79529628,28.84747305,75.16415086,45.19634971,44.59043459,8.195706945,24.24305268
26,59.27892966,76.86000324,29.42096649,74.99078484,45.45929219,44.91354338,8.595200026,24.51265035
27,59.64201306,76.89076434,29.77779947,74.81898971,45.61112641,45.07679181,8.990936525,24.51265035
28,60.0031634,76.87412947,29.94844433,74.64933442,45.88097142,45.26739227,9.367188102,25.50808793
29,60.35971505,76.92740543,30.69543806,74.48339853,46.20549139,45.63902001,9.758787045,26.13023642
30,60.68737479,76.96026465,31.30464501,74.31979769,46.42428672,45.8809046,10.15459415,26.33761925
31,61.03317742,77.02700364,31.70823962,74.1588161,46.7566435,46.1425223,10.54378139,27.16715056
32,61.3603238,76.69759789,32.43326085,74.00109016,47.0822797,46.38779928,10.9356681,27.37453339
33,61.6833373,76.49359123,32.64323227,73.84461959,47.24200452,46.5208321,11.32097019,27.35379511
34,61.98456852,76.49528276,32.81253218,73.68939735,47.38806099,46.61888882,11.69093743,27.58191622
35,62.26452649,76.42839873,33.03247528,73.5358092,47.5262851,46.78497176,12.05589385,28.4529241
36,62.54745534,76.29148029,33.69865464,73.38490971,47.66802333,46.96802383,12.43061777,28.12111157
37,62.8112196,76.28980086,33.62166308,73.23506349,47.86090464,46.97483418,12.77984289,29.36540854
38,63.1057139,76.26969229,34.55699463,73.08939959,48.17770658,47.46679918,13.15570959,29.0543343
39,63.34188042,76.20772174,34.55925559,72.94348791,48.23089877,47.44792128,13.50485077,29.40688511
40,63.60822386,76.23542658,34.82406714,72.79935039,48.32892802,47.59599436,13.85040098,29.57279137
41,63.85324004,76.19783802,35.03402055,72.65684833,48.47353374,47.69660394,14.18893941,29.7801742
42,64.07853624,76.17424936,35.20925853,72.51627538,48.67631225,47.87213156,14.52079671,30.48527582
43,64.31792251,76.23182159,35.85786088,72.3786321,48.94200841,48.14589401,14.86400183,30.7548735
44,64.54856112,76.2830745,36.19418094,72.24276282,49.16338895,48.33871594,15.20315269,31.41849855
45,64.78408063,76.29504059,36.73140718,72.10887938,49.29673988,48.54422545,15.5459637,31.08668602
46,64.9863562,76.26908096,36.74790416,71.97578181,49.45637351,48.55509443,15.86828453,31.85400249
47,65.17910802,76.23812059,37.19513408,71.84543994,49.66560507,48.75114882,16.20004276,31.81252592
48,65.35477595,76.21321723,37.40723093,71.71612524,49.8259162,48.86155775,16.51535616,32.49688926
49,65.56405838,76.27130668,37.92878568,71.58968195,50.07870401,49.13825148,16.84419055,32.91165491
50,65.77433546,76.3585112,38.38312353,71.4653792,50.32555595,49.36499921,17.17087854,33.28494401
51,65.95607754,76.32743952,38.64356342,71.34224335,50.41817882,49.45693009,17.49218045,32.82870178
52,66.14134041,76.32043051,38.4104283,71.2191961,50.4856901,49.42703698,17.79044807,33.67897138
53,66.33721676,76.37835461,39.01573218,71.09908728,50.66903903,49.65583233,18.10422526,33.74118623
54,66.51297173,76.38764362,39.26339889,70.98086628,50.94290831,49.81841181,18.40329613,34.77810037
55,66.69204542,76.44544706,40.10295907,70.86599449,51.23963277,50.16290014,18.72593462,34.77810037
56,66.87453161,76.4153768,40.24516301,70.75226884,51.46132593,50.23173627,19.0428007,35.52467856
57,67.06693122,76.44243292,40.86576818,70.64097438,51.66305293,50.49726055,19.36217781,35.35877229
58,67.2437092,76.42851369,40.90570151,70.530571,51.84556177,50.66775918,19.66424619,36.06387391
59,67.44989098,76.5062625,41.39689682,70.42262408,52.05092532,50.87848738,19.98121416,35.66984654
60,67.60394962,76.49841824,41.28565477,70.31458007,52.13596794,50.86308601,20.27214764,36.25051846
61,67.77706421,76.54982766,41.66637233,70.2085238,52.25683171,51.04260756,20.57184601,36.437163
62,67.96785066,76.67625724,41.88561788,70.1028983,52.23914639,51.16917126,20.86822543,36.12608876
63,68.10237611,76.55727857,41.7460773,69.99755124,52.26850377,51.11144362,21.14393983,36.5615927
64,68.23189568,76.55624194,42.07722517,69.89377788,52.3384681,51.22013841,21.42311521,36.54085442
65,68.36349068,76.62829233,42.104084,69.7903689,52.34437624,51.19751736,21.68630497,36.54085442
66,68.46502874,76.6109259,42.16335615,69.68844636,52.50612846,51.26026316,21.94422497,37.14226462
67,68.58552825,76.59753842,42.59718666,69.58782185,52.54416497,51.41390083,22.20531794,36.72749896
68,68.71021782,76.615316,42.38046508,69.48635704,52.44458927,51.33465924,22.44275462,36.64454583
69,68.80059114,76.57216944,42.33822142,69.3861299,52.53873257,51.31996898,22.67465472,37.61924513
70,68.9327371,76.60232644,43.10274204,69.2895579,52.84178982,51.68924486,22.93105384,37.93031937
71,69.06466231,76.63196725,43.43506496,69.19407629,52.98953827,51.84990716,23.18344071,37.51555371
72,69.15583877,76.58451558,43.15755904,69.09768181,52.92891567,51.6933844,23.41512678,37.66072169
73,69.26709016,76.67313762,43.33057142,69.00342984,53.13578268,51.86088663,23.64487698,38.36582331
74,69.40375771,76.71250219,43.84317125,68.91173267,53.3838985,52.09807559,23.88264083,38.80132725
75,69.51964939,76.62124565,44.27019318,68.8213185,53.5086492,52.26813681,24.12470031,38.63542099
76,69.6465265,76.68010136,44.28539849,68.73113205,53.5659549,52.3131282,24.35428133,39.02944836
77,69.76658371,76.70690435,44.63165466,68.64314978,53.77660861,52.4861891,24.58702432,39.25756947
78,69.88881253,76.74463769,44.83209205,68.55578657,53.83337427,52.54405094,24.81700406,39.38199917
79,70.00183361,76.71541714,44.95137252,68.46923999,53.8853302,52.59329423,25.04314471,39.21609291
80,70.0982375,76.72607514,44.84636123,68.38238267,53.82709528,52.52670495,25.25850104,39.21609291
81,70.20675879,76.77403635,44.8427453,68.2961686,53.83436078,52.61361784,25.46585247,39.44421402
82,70.27662471,76.72634917,45.03548259,68.21165818,53.98350303,52.68950741,25.67495397,39.67233513
83,70.37447862,76.76539953,45.200376,68.12816963,54.08656732,52.72908624,25.88309377,39.77602655
84,70.4617255,76.80813549,45.45456574,68.04660271,54.35268054,52.90094881,26.0820967,40.60555786
85,70.56101725,76.75335326,46.04114711,67.96627712,54.3831754,53.06074653,26.29198968,40.1907922
86,70.65597303,76.76469314,45.83850645,67.88536984,54.33889267,53.0303179,26.48479144,40.21153049
87,70.7431103,76.80852039,45.88584101,67.80608727,54.51386127,53.13528654,26.67266194,40.97884695
88,70.84861103,76.76830132,46.35183353,67.7285176,54.60684515,53.32678683,26.87638713,40.77146412
89,70.95753162,76.82528342,46.3844385,67.65129556,54.69370196,53.35302381,27.07263033,40.66777271
90,71.05366824,76.82935734,46.33005093,67.57385351,54.6554138,53.31171052,27.25648659,40.68851099
91,71.12255625,76.76628486,46.34150677,67.4971051,54.68151685,53.32154469,27.43608084,41.06180008
92,71.21481151,76.76490997,46.62372095,67.42210015,54.81547407,53.45991879,27.61703386,41.20696806
93,71.30980918,76.84440141,46.76585738,67.3474154,54.82287391,53.49026332,27.79488993,41.06180008
94,71.36900784,76.77392424,46.70513404,67.2731263,54.86623816,53.49876172,27.96673672,41.642472
95,71.41761818,76.76134205,47.15265384,67.2016803,55.14021079,53.66701155,28.14632629,42.28535877
96,71.54494233,76.93643607,47.64152372,67.13139324,55.2216142,53.92060364,28.33811846,41.55951887
97,71.6145277,76.86975741,47.25955588,67.06028087,55.25115621,53.7616946,28.50423975,42.28535877
98,71.70094117,76.85509562,47.73389296,66.99091195,55.29802223,53.87820707,28.68225876,42.14019079
99,71.77300192,76.88432336,47.72514924,66.92204051,55.38043266,53.92179948,28.85103791,42.05723766
100,71.84042954,76.95812832,47.65933183,66.85294111,55.34072477,53.85409455,29.01033084,41.87059311
101,71.9091347,76.94418817,47.57350299,66.78378284,55.30393958,53.86244294,29.15958594,42.32683534
102,71.97845952,76.96417418,47.9483536,66.71684403,55.47612551,54.03793394,29.31493816,42.40978847
103,72.04752284,76.91483099,48.00209079,66.64971892,55.44126358,54.08119182,29.46902672,42.11945251
104,72.07983728,76.84940173,47.80809813,66.58243271,55.41824006,54.02588295,29.6089147,42.47200332
105,72.12922931,76.88401707,48.01395303,66.51667586,55.51285071,54.07885476,29.75848481,42.40978847
106,72.18967739,76.8511109,48.03668584,66.45131481,55.57980999,54.06323665,29.89538369,42.741601
107,72.25361834,76.94735707,48.27736876,66.38682692,55.61057529,54.21693385,30.03809873,42.67938615
108,72.3222958,76.91780547,48.33489266,66.32304979,55.70058069,54.23142449,30.1729175,43.13562837
109,72.38693729,76.86758519,48.70522425,66.2608985,55.83246465,54.3392276,30.31654748,43.13562837
110,72.4425354,76.90200495,48.80754769,66.19957928,55.97483719,54.41809254,30.45815056,43.92368312
111,72.52329001,76.8823449,49.37152817,66.14091077,56.21546685,54.68119663,30.62083461,43.9444214
112,72.59664204,76.90436866,49.48683167,66.08184066,56.19994266,54.72453694,30.77714298,43.65408544
113,72.65014385,76.93163992,49.32436805,66.02292664,56.2461266,54.72370234,30.91623993,43.88220655
114,72.71705614,76.97591297,49.45697946,65.96462847,56.2585222,54.74489953,31.06041577,43.86146827
115,72.78105417,76.90258809,49.48907749,65.90644671,56.23845573,54.77078451,31.19851783,43.77851514
116,72.83013577,76.92611137,49.41088381,65.84871574,56.27612951,54.71689509,31.32623969,43.88220655
117,72.88800924,76.99713721,49.47931159,65.79176365,56.34289554,54.75237951,31.45336887,44.17254251
118,72.96802016,77.0344214,49.67843267,65.73558145,56.37536897,54.85579628,31.58123251,43.9444214
119,73.00988584,77.00640311,49.60592492,65.6792717,56.38180705,54.80522155,31.69982121,44.44214019
120,73.0526483,76.94772003,49.92137605,65.62479674,56.50861689,54.91562901,31.83158276,44.50435504
121,73.13104371,77.05056163,50.06342716,65.57116624,56.64079222,55.0420898,31.95584459,44.73247615
122,73.18122918,77.01282987,50.21572656,65.51761768,56.60361267,55.0626546,32.08209517,44.25549564
123,73.23183349,76.95141082,49.96378083,65.46322477,56.52774816,54.99933245,32.19267016,44.48361676
124,73.28675079,77.05996716,50.0881645,65.41017033,56.61153932,55.09396395,32.30367144,44.64952302
125,73.33455862,76.99458757,50.22537048,65.35808339,56.72086981,55.10170236,32.4175457,45.06428868
126,73.39820386,76.97310665,50.59480534,65.30737289,56.84195346,55.25516883,32.54150799,45.10576524
127,73.44453804,77.00782024,50.63691363,65.25662353,56.83343916,55.29100312,32.6611802,44.85690585
128,73.5005537,77.10430282,50.48296513,65.20597383,56.87035181,55.28820142,32.77216898,45.37536292
129,73.55284307,76.99123859,50.8752139,65.15758388,57.08025635,55.46840414,32.89075148,45.60348403
130,73.61421277,77.00827469,51.0607859,65.10908966,57.0516523,55.5102134,33.01086653,44.98133555
131,73.65935688,76.97273667,50.6451896,65.05943789,56.96935594,55.37107818,33.10390551,45.54126918
132,73.71907264,77.03271555,51.02059443,65.01152324,57.03121814,55.51395523,33.21130953,45.20945666
133,73.75043204,76.94513385,50.80697179,64.96337791,57.06575936,55.43254027,33.31230911,45.70717545
134,73.80560169,77.01451279,51.13301884,64.91637634,57.09813182,55.55903761,33.42204306,45.18871837
135,73.839128,77.03038488,50.87737556,64.86812744,56.99989176,55.46012463,33.51235451,45.29240979
136,73.89075203,77.05143077,50.94039099,64.82144154,57.14956868,55.51026804,33.60187838,45.99751141
137,73.9369801,76.97574936,51.43873263,64.77650982,57.2810699,55.72649953,33.71218315,45.72791373
138,73.98729728,76.99971246,51.27630751,64.73080474,57.24285784,55.65514817,33.80881877,45.81086686
139,74.02722224,77.03906944,51.39099918,64.68620189,57.3494675,55.72341152,33.90904652,46.28784737
140,74.0780759,77.05369511,51.70035941,64.64245377,57.37386082,55.86605699,34.01287266,45.95603484
141,74.14055699,77.15250695,51.53419559,64.59856593,57.41163765,55.78061581,34.10271442,46.16341767
142,74.2031886,77.15192252,51.69915189,64.55597731,57.55246232,55.85834684,34.19480536,46.53670676
143,74.2442373,77.10254404,51.97937855,64.51416511,57.60743408,55.94093094,34.29207734,46.32932393
144,74.27651955,77.03363981,51.90705933,64.47147969,57.50580997,55.92527234,34.38444975,46.16341767
145,74.31233832,77.04647169,51.77987368,64.42921044,57.53997437,55.87047154,34.46955195,46.3708005
146,74.33612727,77.05265289,51.91160064,64.38792019,57.62732152,55.94262451,34.55886402,46.3708005
147,74.3814714,77.08309002,51.95930299,64.34679277,57.65651033,56.00768981,34.64657767,46.90999585
148,74.41231981,77.06506053,52.32110608,64.30693014,57.70196866,56.11639108,34.74317067,46.47449191
149,74.45445819,77.09831324,52.07422414,64.26604674,57.63357147,56.01028449,34.82399117,46.39153878
150,74.45331398,76.93813742,52.02427819,64.22518851,57.59556239,55.91043465,34.89771477,46.35006221
151,74.49306368,77.08463544,51.99395573,64.18499572,57.66446616,55.91201081,34.97056293,46.86851929
152,74.52609861,77.02813042,52.31021182,64.14618887,57.75448651,56.05651588,35.05406971,46.90999585
153,74.56074131,77.07828147,52.41633204,64.1074789,57.76475856,56.09112639,35.13075402,46.41227706
154,74.58291114,77.12279203,52.17669314,64.06844589,57.81394874,56.07644794,35.1960384,47.32476151
155,74.61317806,77.04484906,52.69527323,64.03103859,57.83039912,56.21261175,35.28713596,46.847781
156,74.65879391,77.09422913,52.48286233,63.99338045,57.88937715,56.16236127,35.35905733,47.03442555
157,74.681678,77.09928814,52.56383987,63.95576308,57.84071628,56.15724223,35.43217436,47.03442555
158,74.72262378,77.11627145,52.66561397,63.91890428,57.91405268,56.2407982,35.50326804,47.26254666
159,74.75944576,77.11185804,52.80221332,63.88302434,58.01603715,56.34186798,35.58120222,47.28328494
160,74.79492499,77.13648601,52.81737108,63.84713829,58.02534218,56.36949551,35.6520233,47.38697636
161,74.84369895,77.16709647,52.91810296,63.81132015,57.98159062,56.35054796,35.72681068,47.2210701
162,74.87220739,77.21175365,52.86028628,63.77585738,58.03641006,56.32052346,35.79492463,47.71878888
163,74.92504827,77.16975743,53.14623114,63.74198763,58.1622995,56.45063826,35.87236262,47.46992949
164,74.94385514,77.14881172,53.07026935,63.70835268,58.29459747,56.47913844,35.94336136,47.96764828
165,74.97139841,77.1074379,53.3710469,63.67568189,58.35244634,56.60047196,36.02560313,47.71878888
166,75.01012327,77.11494802,53.24844848,63.64196957,58.24264256,56.57475387,36.09478269,47.67731232
167,75.05444937,77.16068569,53.16842902,63.60806023,58.14519803,56.53659646,36.16161025,47.38697636
168,75.05960052,77.06755091,53.09653695,63.5748336,58.26422658,56.46175215,36.21760538,47.80174202
169,75.10884794,77.09220407,53.22269605,63.54170946,58.19587621,56.54234711,36.28688803,47.17959353
170,75.14083524,77.2202095,52.8707636,63.50793083,58.1946022,56.41978522,36.33796323,48.05060141
171,75.17243523,77.19400803,53.48903428,63.47693288,58.39768312,56.64097644,36.40845352,48.17503111
172,75.20879702,77.16708884,53.65378435,63.44631488,58.49154289,56.7304182,36.47922926,48.19576939
173,75.24772398,77.18396435,53.72132273,63.41603482,58.55615059,56.7281243,36.54880357,48.09207798
174,75.28006207,77.19610325,53.64615002,63.38547586,58.53916268,56.77391554,36.61262045,48.21650767
175,75.31402519,77.26737291,53.66988883,63.355044,58.49414754,56.7035793,36.67802915,48.02986313
176,75.35111523,77.17735028,53.63653062,63.32410066,58.4134649,56.68337378,36.73693985,47.86395686
177,75.35359153,77.09903512,53.52281685,63.29318014,58.40148905,56.6313351,36.78780369,47.92617171
178,75.37503887,77.07970152,53.51763295,63.26277408,58.43787242,56.63851461,36.8358919,48.23724596
179,75.41073677,77.13889952,53.75109189,63.2331548,58.47632448,56.75423459,36.89349993,48.19576939
180,75.43517441,77.18633095,53.70318445,63.20358978,58.48699123,56.76773457,36.95129917,48.44462878
181,75.46499129,77.17476636,53.94356695,63.17536094,58.62247882,56.85260272,37.01261104,48.50684363
182,75.51016837,77.23658974,53.97916319,63.14712189,58.64016128,56.86542905,37.07327307,48.40315222
183,75.53011194,77.16038204,53.98683786,63.11889876,58.6546732,56.88806753,37.13000695,48.46536707
184,75.5427576,77.2069661,54.03411105,63.09128567,58.72285434,56.90757484,37.18322431,48.71422646
185,75.57263873,77.2165323,54.17829621,63.0642587,58.76111257,56.96849862,37.24327619,49.02530071
186,75.6165111,77.16825971,54.4590415,63.03798997,58.79706995,56.99856233,37.30959038,48.5483202
187,75.63735551,77.15362995,54.1557981,63.01103122,58.80331297,56.96838689,37.35735499,48.88013273
188,75.68679554,77.22025972,54.32926636,62.98458439,58.77906753,57.04942532,37.41639212,48.58979676
189,75.69738277,77.17440316,54.1807162,62.9579978,58.8008848,56.96946549,37.46646802,48.83865616
190,75.71467601,77.16909399,54.2877181,62.93206505,58.83037789,57.02433683,37.52267835,48.63127333
191,75.71421688,77.15643827,54.2206328,62.90563755,58.79408259,56.97791664,37.56945059,48.65201161
192,75.74223636,77.17565145,54.2213349,62.87986371,58.85929022,56.99767797,37.61767606,49.12899212
193,75.78233889,77.14955919,54.48976306,62.85490628,58.87668342,57.06987638,37.67577184,48.77644131
194,75.82106039,77.1708636,54.31837565,62.82890822,58.78415966,57.07094406,37.72137399,48.90087101
195,75.83930067,77.12997785,54.40649926,62.80402057,58.87205927,57.05307135,37.76480423,48.96308586
196,75.87245346,77.14321904,54.52567196,62.7796836,58.96607178,57.11339622,37.8122604,49.2741601
197,75.90814316,77.16978627,54.71368743,62.75605994,59.02185985,57.21653566,37.86223974,48.83865616
198,75.91706247,77.13140711,54.5033382,62.7313087,58.9540557,57.06361291,37.90141717,49.12899212
199,75.96055614,77.19803862,54.60395558,62.70699095,58.89797918,57.12154105,37.94865665,48.88013273
200,76.00016366,77.23335797,54.47592522,62.68261934,58.91081477,57.10716283,37.98863891,49.3985898
201,76.02185974,77.25558441,54.84802413,62.65979969,59.0140109,57.22617779,38.04127225,49.1497304
202,76.04324027,77.2573664,54.77102664,62.63663531,59.05084279,57.21677412,38.08560696,49.3985898
203,76.08255282,77.23904971,54.94918675,62.614625,59.17610477,57.30341928,38.13653615,49.83409374
204,76.1265991,77.30051604,55.18673297,62.59254695,59.08533057,57.38637692,38.19733312,48.88013273
205,76.10922533,77.22497002,54.57981486,62.56810696,58.88629782,57.1571576,38.22845237,48.6727499
206,76.11259576,77.18525954,54.39751211,62.54462938,58.99537485,57.13413294,38.24907459,49.79261717
207,76.1462352,77.21617761,55.07038635,62.5236593,59.14370538,57.35496711,38.29977269,49.25342182
208,76.16520327,77.22223977,54.83625581,62.50151495,59.13764213,57.2959875,38.33761042,49.70966404
209,76.20350131,77.20754492,55.13254547,62.48095496,59.25672757,57.35719893,38.38542173,50.02073828
210,76.22641397,77.17122392,55.40004892,62.46091692,59.29554419,57.46921213,38.44423415,49.35711323
211,76.23556049,77.22033183,54.96896666,62.43855438,59.08517697,57.32392979,38.4821827,48.94234757
212,76.2530657,77.28318198,54.6530533,62.41594733,59.04348819,57.22359425,38.50554795,49.50228121
213,76.26475992,77.25914447,55.00518567,62.39518896,59.1658422,57.37033125,38.54268897,49.8755703
214,76.29378184,77.24749583,55.31809382,62.37564093,59.30614693,57.47904612,38.58926636,50.04147657
215,76.31596907,77.2471092,55.48955324,62.35679281,59.42349494,57.51581672,38.63891634,49.97926172
216,76.34810824,77.26154565,55.46283333,62.33772319,59.43879486,57.52832355,38.6840083,49.8755703
217,76.35698119,77.20613099,55.37324382,62.31839253,59.41356928,57.56144619,38.72576445,49.81335545
218,76.36794606,77.14980974,55.36136105,62.29858894,59.32662147,57.47890726,38.76200761,49.81335545
219,76.37780488,77.16653287,55.32957775,62.27923564,59.34710875,57.50621841,38.79906895,49.95852343
220,76.41421129,77.24806188,55.42661444,62.26044403,59.3944346,57.49600363,38.84117596,49.91704687
221,76.42948061,77.19059297,55.37204723,62.241632,59.40724036,57.48554114,38.88000089,49.97926172
222,76.45232889,77.24968968,55.40406311,62.22256368,59.33572881,57.53700989,38.9203647,49.77187889
223,76.47608247,77.27201904,55.35829709,62.20405834,59.43904842,57.52893783,38.95114919,50.37328909
224,76.49599453,77.26226953,55.76344554,62.18703735,59.55518419,57.71395346,38.99724428,50.37328909
225,76.52216642,77.27028541,55.81207758,62.1700496,59.59692368,57.75438411,39.04093414,50.22812111
226,76.55816159,77.32254032,55.72381187,62.15311886,59.65012141,57.73847163,39.08256288,50.70510162
227,76.58080473,77.24618782,56.02545902,62.13761179,59.76973834,57.8396121,39.13486476,50.45624222
228,76.59929165,77.26398095,55.95183323,62.12146248,59.76743866,57.78919844,39.17796699,50.31107424
229,76.61010624,77.19482091,55.84500032,62.1043206,59.62617573,57.69144734,39.21606627,50.22812111
230,76.60597487,77.22412972,55.76977738,62.08763221,59.64635579,57.68057731,39.24646422,50.41476566
231,76.62221624,77.22503378,55.8694264,62.07122205,59.63845618,57.73639526,39.28259498,50.04147657
232,76.63341802,77.25690793,55.64637363,62.05383612,59.55837673,57.6823587,39.30970649,50.37328909
233,76.65987832,77.26037007,55.85811654,62.03784838,59.65298639,57.73700803,39.34655618,50.55993364
234,76.70264722,77.28758993,55.99244977,62.02255403,59.74945674,57.83595089,39.39013606,50.53919535
235,76.71329777,77.26827698,56.03558628,62.00785727,59.88490502,57.84996194,39.42435587,50.80879303
236,76.74294699,77.30568006,56.21017709,61.99259859,59.7657801,57.92613297,39.46669034,50.18664455
237,76.74938327,77.34380965,55.81197086,61.97648612,59.7230366,57.81004021,39.49212049,50.37328909
238,76.78060165,77.3302672,55.86763273,61.96095646,59.7371805,57.81061732,39.52201356,50.74657818
239,76.80786301,77.31171933,56.13269513,61.94628554,59.77395208,57.85236166,39.56127039,50.64288677
240,76.8157488,77.30855104,56.10628163,61.93101253,59.70540499,57.87602717,39.59641057,50.26959768
241,76.84447502,77.33028691,55.84868918,61.91542627,59.71052393,57.79187118,39.61818126,50.58067192
242,76.86027254,77.29577212,55.99350057,61.90049382,59.72595996,57.83498681,39.64817149,50.58067192
243,76.88678121,77.27933274,56.02823856,61.88596501,59.78926079,57.88771856,39.67750096,50.91248445
244,76.9021318,77.32007984,56.33498214,61.87264693,59.91841832,58.01290105,39.71294873,50.95396101
245,76.928933,77.27341645,56.41935785,61.85981899,60.03475486,58.02041386,39.75052287,50.99543758
246,76.96348508,77.31427415,56.44462943,61.84707866,60.07932337,58.06456954,39.78850893,51.20282041
247,76.98990561,77.25918691,56.52213992,61.8343382,60.03268773,58.15484071,39.83590673,51.01617586
248,77.01006103,77.32072349,56.42605589,61.82150022,60.03299148,58.09887097,39.8717982,51.14060556
249,77.0318707,77.35499036,56.46197735,61.80827507,59.9258263,58.10456536,39.91234685,50.68436333
250,77.04486355,77.32622806,56.23354857,61.79489117,59.96271248,58.02260045,39.9383324,51.14060556
251,77.06185086,77.34970002,56.50762379,61.78232477,59.983327,58.10734731,39.97547188,50.99543758
252,77.07492615,77.33708944,56.47268771,61.76956942,59.99057973,58.10815761,40.00589403,50.87100788
253,77.08682731,77.31511805,56.40224481,61.75672991,60.00187251,58.05319188,40.03391582,51.03691414
254,77.12218623,77.3758335,56.4905178,61.74452055,60.05602254,58.14080183,40.06522769,50.99543758
255,77.13260664,77.25519475,56.45880497,61.73190189,60.0129048,58.117779,40.09517796,51.14060556
256,77.15032327,77.30738079,56.56423819,61.71994172,60.05529379,58.11827417,40.12778003,51.26503526
257,77.1706618,77.39002981,56.66276319,61.7081174,60.05363736,58.15159537,40.16036071,51.11986727
258,77.17539752,77.30261858,56.61356393,61.69624712,60.07469236,58.16120741,40.18890037,51.03691414
259,77.17362781,77.33902771,56.52992048,61.68440616,60.10029511,58.15534826,40.21126918,51.53463293
260,77.20206236,77.32307139,56.88056473,61.67364336,60.15026059,58.30689774,40.2507672,51.01617586
261,77.20689963,77.3157736,56.56835852,61.66160499,60.08740748,58.15895039,40.2740929,51.07839071
262,77.22577067,77.29662423,56.58107066,61.64988688,60.08516405,58.09984232,40.29467326,51.28577354
263,77.23068593,77.35031563,56.73650108,61.63862235,60.09613379,58.15672425,40.32018862,51.34798839
264,77.23516369,77.2459685,56.76604946,61.62760826,60.11817601,58.17410899,40.34756007,51.14060556
265,77.2337286,77.24999464,56.70151969,61.61672575,60.19605847,58.13829058,40.37161532,51.55537122
266,77.26159329,77.30879231,56.93295616,61.60724964,60.34462478,58.2967503,40.40545229,51.88718374
267,77.27958512,77.23873751,57.12781042,61.59805273,60.3599938,58.35784459,40.44884528,51.36872667
268,77.28616309,77.26249618,56.9226506,61.58773429,60.31040182,58.29824708,40.47623938,51.49315637
269,77.30594117,77.28100888,56.9399779,61.57746979,60.25841824,58.27569165,40.50627007,51.34798839
270,77.3206606,77.33357421,56.85891724,61.56725503,60.2745789,58.25000224,40.52901303,51.43094152
271,77.33983145,77.30831128,56.93554214,61.55759813,60.34350809,58.2700178,40.55136694,51.86644546
272,77.35250749,77.23044744,57.16738078,61.54902193,60.42979051,58.33254706,40.58290413,51.86644546
273,77.36685809,77.23550386,57.24202828,61.53974001,60.34217693,58.38168191,40.61595209,51.53463293
274,77.38056493,77.33079143,57.05464459,61.52987188,60.28656832,58.33370985,40.63464635,51.36872667
275,77.37865115,77.36216388,56.921264,61.5196279,60.236201,58.29297496,40.64701164,51.30651182
276,77.39065903,77.33957589,56.88287597,61.50961246,60.26095359,58.3115566,40.66131814,51.61758606
277,77.39956382,77.34755465,57.01919973,61.50049928,60.33204788,58.36291788,40.68781516,51.65906263
278,77.40514131,77.38474066,57.05414429,61.49118335,60.3120503,58.39494582,40.71544832,51.61758606
279,77.41116306,77.34597389,57.01850436,61.48102852,60.16648378,58.32866913,40.73729038,50.91248445
280,77.42083064,77.42782752,56.55126965,61.46990537,60.12048175,58.16800635,40.73777337,51.43094152
281,77.42221144,77.4008691,56.80304383,61.46038779,60.22286517,58.25012958,40.75217252,51.92866031
282,77.44569499,77.369492,57.22232196,61.45218976,60.34694037,58.39763715,40.78577146,51.86644546
283,77.45884524,77.30701769,57.32393242,61.44453045,60.50115845,58.42606219,40.81327421,52.13604314
284,77.46545497,77.29042767,57.5055571,61.43717696,60.54198811,58.45824326,40.84351069,51.97013687
285,77.48820042,77.37131861,57.43428466,61.4292682,60.50582452,58.47416385,40.87072537,51.55537122
286,77.50377977,77.41263901,57.12997377,61.42035834,60.42677452,58.43158374,40.88190429,52.11530485
287,77.52593726,77.36399268,57.47772441,61.41347715,60.57298672,58.47161246,40.91080816,51.86644546
288,77.5319214,77.31983827,57.39149777,61.40534894,60.49004447,58.46498159,40.93585133,51.86644546
289,77.55540427,77.32695073,57.28967468,61.39752264,60.49923933,58.48651636,40.95862203,51.76275404
290,77.56682852,77.36458347,57.24168165,61.38926028,60.4526821,58.42633201,40.97766813,51.65906263
291,77.58820834,77.39819433,57.1945216,61.38149482,60.53533565,58.41912201,40.99402483,52.3019494
292,77.60602714,77.38407789,57.68316401,61.37536925,60.66699771,58.65510752,41.02730919,52.11530485
293,77.62167882,77.40426345,57.6036193,61.36839078,60.62741206,58.56889842,41.05211768,51.99087516
294,77.62529535,77.33498039,57.44303598,61.36085608,60.54513515,58.58498656,41.07614463,51.92866031
295,77.63060296,77.37874234,57.45252883,61.35379637,60.59833402,58.54461578,41.09383926,52.4263791
296,77.62993129,77.32402861,57.77168528,61.3481857,60.72603773,58.63411088,41.12560603,52.32268768
297,77.64724881,77.29046841,57.74778189,61.34190582,60.69336785,58.67046174,41.15534539,52.26047283
298,77.66398953,77.32878062,57.67669712,61.33541952,60.65580726,58.64455555,41.1774909,52.01161344
299,77.67007633,77.36472521,57.51134608,61.32839606,60.61100763,58.58754123,41.19395771,52.03235172
300,77.68707762,77.33981062,57.49900226,61.32178424,60.64889618,58.57338732,41.21181474,52.3019494
301,77.68756066,77.34264325,57.74608966,61.3159247,60.7151785,58.68915107,41.23289752,52.28121112
302,77.71078789,77.36293511,57.71585272,61.30938777,60.63223198,58.63844616,41.25710052,51.78349233
303,77.70531121,77.33357196,57.34237427,61.30226204,60.62649155,58.55648824,41.26705577,52.38490253
304,77.71367169,77.36355076,57.71287044,61.297059,60.77633572,58.7167143,41.29147706,52.75819162
305,77.73651613,77.36971421,58.04319782,61.29271829,60.88394511,58.83943211,41.3238502,52.50933223
306,77.77326145,77.40270338,57.92497821,61.28765658,60.87416403,58.77839821,41.34811639,52.3019494
307,77.78147222,77.43749102,57.81208512,61.28181821,60.79204262,58.77076605,41.36964285,52.03235172
308,77.78642195,77.45124648,57.59888888,61.27507164,60.67107082,58.70089618,41.37818129,52.4263791
309,77.78758836,77.33347386,57.83613736,61.2703666,60.84908966,58.76006096,41.39501084,52.7789299
310,77.80298612,77.39606749,58.1483501,61.26624666,60.92655431,58.86671914,41.42509509,52.82040647
311,77.81729036,77.39735041,58.20311634,61.26224168,60.96489629,58.85279425,41.45484806,52.57154708
312,77.84828892,77.43667266,58.03984347,61.25751918,60.92543547,58.81145574,41.47383495,52.38490253
313,77.84531625,77.39173142,57.87842682,61.25245178,60.89921231,58.78024651,41.49268096,52.63376192
314,77.87179364,77.41408835,58.03341269,61.24793099,60.90762398,58.80579625,41.51570103,52.36416425
315,77.89005325,77.40938167,57.87609311,61.24282247,60.88072871,58.80128348,41.52817832,52.63376192
316,77.8899976,77.36658761,58.02974778,61.23843994,60.91424251,58.85375097,41.54738828,52.53007051
317,77.90279439,77.3924783,57.98455177,61.23357432,60.87354034,58.81998539,41.56613709,52.50933223
318,77.92905533,77.41612533,57.92127156,61.22895471,60.89879048,58.83070753,41.58626154,52.65450021
319,77.93726071,77.39904411,58.01099383,61.22459099,60.91044613,58.86795771,41.60826193,52.53007051
320,77.94729572,77.43621664,57.94806105,61.21993037,60.89673259,58.83485555,41.62776174,52.59228536
321,77.96597808,77.5428522,58.00088281,61.21580321,60.95855151,58.88295828,41.64466489,52.84114475
322,77.97655174,77.43579897,58.19451896,61.21196288,60.96358829,58.92339261,41.66983031,52.63376192
323,78.00247451,77.4699963,58.1069313,61.20812095,61.02081589,58.95099547,41.68912953,53.00705102
324,78.02479444,77.41189507,58.38423931,61.2057011,61.18174524,59.02870245,41.71733681,53.29738698
325,78.04444046,77.38675926,58.58217711,61.20311122,61.14286349,59.11195149,41.75058501,52.69597677
326,78.06449723,77.47530765,58.18484809,61.19845766,60.94087469,58.95042234,41.76673352,52.26047283
327,78.05975988,77.41502127,57.90775855,61.19372042,60.95092819,58.86020937,41.77342719,53.0277893
328,78.08859803,77.44711442,58.31850012,61.19093438,61.07256845,59.02981004,41.79961856,52.98631273
329,78.09359381,77.31912414,58.42413291,61.18839227,61.17615816,59.03799865,41.82228496,53.19369556
330,78.10804623,77.36302817,58.55997011,61.18597512,61.18492654,59.09772106,41.8503419,52.88262132
331,78.10715334,77.33343818,58.38420876,61.18315166,61.20176627,59.03893721,41.8717994,53.21443384
332,78.12123185,77.3655763,58.56863641,61.18110177,61.24871867,59.09390155,41.90043861,53.17295728
333,78.13084831,77.29679737,58.59840895,61.1786953,61.21892309,59.06601556,41.92401244,53.00705102
334,78.13531155,77.36633129,58.4836905,61.17643738,61.2715184,59.03722124,41.94215474,53.13148071
335,78.15240186,77.41887653,58.5240196,61.17376084,61.19151292,59.09079034,41.96379324,53.27664869
336,78.15588067,77.41996566,58.65268394,61.1722584,61.31085171,59.14804806,41.98580904,53.06926586
337,78.17430746,77.41132174,58.52549606,61.17008784,61.3062085,59.1098002,42.00578896,53.25591041
338,78.19301117,77.34629989,58.59361333,61.1680563,61.27647882,59.17190756,42.02844799,53.00705102
339,78.19132732,77.42904898,58.39646172,61.16475533,61.11881821,59.06561292,42.0427588,52.7789299
340,78.17607183,77.34382481,58.29928236,61.16186657,61.1766608,59.00175415,42.05108436,53.152219
341,78.19225912,77.40634401,58.54425544,61.15969112,61.21969544,59.09639351,42.06855915,52.82040647
342,78.18237153,77.39072182,58.34656112,61.15678162,61.2029755,59.0232239,42.07850686,53.23517213
343,78.19090231,77.38391901,58.56224052,61.15503225,61.27756137,59.1096169,42.10059697,53.33886354
344,78.217652,77.43606754,58.68385584,61.15338061,61.29737204,59.12563615,42.12415695,53.09000415
345,78.2210763,77.39251274,58.57171904,61.15090853,61.23522897,59.1449209,42.13625281,52.96557445
346,78.22058236,77.35698842,58.49495692,61.14871034,61.28666132,59.12837528,42.14819624,53.48403152
347,78.23263304,77.37048235,58.82735573,61.14746737,61.32827328,59.21650368,42.17236811,53.19369556
348,78.24654393,77.40257421,58.60835873,61.14531444,61.27099748,59.20227027,42.19101735,53.152219
349,78.26081847,77.48958532,58.60050781,61.14385095,61.37009301,59.18829594,42.20368804,53.69141435
350,78.27137184,77.41754044,58.91961977,61.14342364,61.4422259,59.34241647,42.23118112,53.31812526
351,78.28203105,77.42224353,58.74113095,61.14227898,61.45303715,59.31285498,42.24630463,53.67067607
352,78.31377538,77.3999383,58.96008978,61.14176545,61.46963988,59.3690835,42.27442419,53.44255496
353,78.32987137,77.43516305,58.84326955,61.14094818,61.48727411,59.32408517,42.29580665,53.6291995
354,78.36195205,77.50566467,58.93926823,61.14025533,61.46566056,59.4015861,42.3201141,53.35960182
355,78.32869183,77.39400722,58.80359792,61.13886406,61.412968,59.27005713,42.33638561,53.44255496
356,78.34850102,77.43679944,58.801379,61.13751939,61.37419775,59.28283002,42.35376005,53.35960182
357,78.34495102,77.40562805,58.74651024,61.13609942,61.36476971,59.21946808,42.36721511,53.31812526
358,78.34713281,77.38894356,58.71728279,61.13482687,61.39464381,59.15108327,42.38454476,53.56698465
359,78.3498448,77.40122412,58.89445049,61.13398931,61.41320996,59.27250298,42.40334535,53.11074243
360,78.34382894,77.40765286,58.62305331,61.13207973,61.36545913,59.21969449,42.41004787,53.56698465
361,78.3529997,77.44787099,58.92369242,61.13128132,61.40689412,59.29978534,42.42732344,53.35960182
362,78.36535909,77.4212916,58.79833936,61.12948343,61.31350391,59.2073699,42.43815998,53.23517213
363,78.37276,77.35428296,58.73012977,61.12805781,61.36625376,59.18813801,42.44614284,53.54624637
364,78.40892692,77.49336322,58.87069016,61.12732114,61.42059659,59.30402978,42.46222818,53.85732061
365,78.41940868,77.44393627,59.13032337,61.12787706,61.57778968,59.44498523,42.48969347,53.79510577
366,78.43494685,77.45199474,59.13046398,61.1277297,61.54526576,59.43829127,42.51307646,53.38034011
367,78.42997003,77.34135499,58.82847971,61.12599466,61.37674701,59.30083118,42.52400765,53.19369556
368,77.99957621,75.1307177,58.6376465,61.12389397,61.29055545,58.88029259,42.52987254,53.35960182
369,77.73103774,73.95975,58.66826353,61.1226259,61.34667744,58.69089015,42.53946084,53.33886354
370,77.51427702,73.13613061,58.60338892,61.12069535,61.26612996,58.58006087,42.54518547,53.09000415
371,77.31255438,72.48569838,58.44603255,61.11848911,61.25034633,58.42648999,42.54164075,53.17295728
372,77.12699301,71.94888698,58.46198374,61.11621547,61.20885444,58.27698762,42.54440864,53.04852758
373,76.96068326,71.49050916,58.35490946,61.11445186,61.30750966,58.23112338,42.54476416,53.54624637
374,76.80245795,71.08572331,58.67952957,61.11343863,61.34389391,58.21517019,42.55673017,53.29738698
375,76.64060894,70.72487585,58.54783159,61.11198815,61.35166528,58.11431311,42.56332639,53.29738698
376,76.48138477,70.3978714,58.56055028,61.11067383,61.37693826,58.0419314,42.56750807,53.23517213
377,76.32899287,70.09778616,58.49139349,61.10912871,61.36531619,57.98721856,42.57014628,53.31812526
378,76.17976361,69.81819171,58.45731498,61.10704311,61.24659729,57.8833673,42.57499156,53.17295728
379,76.0324011,69.55476877,58.36408883,61.10525505,61.28249718,57.83025262,42.57583626,53.23517213
380,75.87971062,69.31278244,58.39511019,61.10358741,61.30129566,57.74233888,42.57986564,53.42181667
381,75.73491889,69.08369731,58.50072742,61.10249995,61.35440016,57.72365171,42.58880467,53.44255496
382,75.5981885,68.86911532,58.53678756,61.10168944,61.4178035,57.74045107,42.59777246,53.60846122
383,75.47528624,68.66492802,58.60915086,61.10121945,61.45509609,57.75066748,42.61036741,53.50476981
384,75.33752677,68.46642583,58.60532212,61.09995286,61.36683634,57.70809458,42.61888087,53.25591041
385,75.19773054,68.28257121,58.42202675,61.0982447,61.32152532,57.54183178,42.61925422,53.00705102
386,75.0616717,68.10275738,58.21021464,61.09591095,61.26389626,57.42975587,42.61481185,53.52550809
387,74.93086419,67.93382688,58.50725161,61.09509555,61.35156186,57.52668946,42.62495389,53.40107839
388,74.79960756,67.77015991,58.42394326,61.09353262,61.29931192,57.4616309,42.63357133,52.71671506
389,74.65154952,67.6096373,57.90658134,61.09020971,61.16383744,57.21973184,42.61653538,53.29738698
390,74.5224288,67.45663256,58.28752642,61.08877784,61.26190725,57.33177266,42.62524706,53.42181667
391,74.40169305,67.30816058,58.38328559,61.08798377,61.37724288,57.29424093,42.6353391,53.52550809
392,74.28022931,67.16654077,58.41807896,61.0872022,61.40177241,57.25858592,42.64480555,53.42181667
393,74.15860824,67.03223474,58.36474508,61.08632153,61.42461546,57.22474672,42.65173626,53.44255496
394,74.03738298,66.89297129,58.33725315,61.08508515,61.36817814,57.18783813,42.65995371,53.09000415
395,73.91693736,66.76320466,58.08040786,61.08269999,61.24364337,57.0827642,42.65576729,53.19369556
396,73.79789205,66.63653896,58.05453673,61.08046493,61.18715531,57.04305241,42.65713368,52.94483617
397,73.67450087,66.51694508,57.91660849,61.07767519,61.13739572,56.92408545,42.6474178,52.79966819
398,73.54828645,66.49955531,57.86067942,61.07479487,61.13540994,56.86767067,42.63702778,53.21443384
399,73.4402979,66.48518105,58.09666223,61.07290933,61.18846954,56.93637196,42.637398,53.06926586
400,73.3374751,66.47171315,58.00758401,61.07030638,61.13075144,56.86864519,42.63315886,53.29738698
401,73.24720317,66.4600369,58.20868121,61.06905629,61.26735708,56.93800252,42.63505252,53.52550809
402,73.1586148,66.44879954,58.33584024,61.06824389,61.33760234,56.99424636,42.64546757,53.09000415
403,73.06978599,66.43690766,58.05510406,61.06576848,61.20885306,56.870984,42.64354832,52.94483617
404,72.9756272,66.42454073,57.85657312,61.06242466,61.04343886,56.737932,42.6398535,52.50933223
405,72.8862718,66.4121616,57.491654,61.05817637,60.93362047,56.62534442,42.6235326,52.94483617
406,72.80592995,66.40113737,57.73963305,61.05543827,61.01815104,56.67971131,42.61630994,52.92409788
407,72.72814845,66.3907483,57.79748728,61.05270349,61.05975297,56.67817996,42.61313294,52.96557445
408,72.65638232,66.38095843,57.80628539,61.05002219,61.07473152,56.71076327,42.61035363,52.84114475
409,72.58194271,66.37111393,57.67700628,61.04679142,61.02156142,56.66889142,42.60165523,52.96557445
410,72.51086423,66.36238516,57.77004825,61.04431605,61.08689349,56.73596576,42.59538689,53.0277893
411,72.44618162,66.35372685,57.82162606,61.04196463,61.11745274,56.69579587,42.59182774,53.17295728
412,72.38083821,66.3446445,57.91320931,61.04003907,61.16130224,56.73721973,42.59567045,52.88262132
413,72.3090343,66.33553983,57.76462116,61.03753778,61.16061973,56.68422669,42.59259509,53.04852758
414,72.24755497,66.327515,57.81431374,61.03526269,61.15079452,56.62354018,42.59170162,53.29738698
415,72.19544071,66.32077584,58.04034742,61.03391419,61.23436102,56.74867602,42.59646551,53.29738698
416,72.14575814,66.31417059,58.09148537,61.03230823,61.22608918,56.77083696,42.60211888,53.06926586
417,72.09634198,66.30780024,57.96878789,61.03105926,61.34170799,56.75164426,42.60189111,53.44255496
418,72.05524071,66.30237619,58.1192917,61.02967574,61.27032477,56.76750279,42.60584319,53.29738698
419,72.00221763,66.29482778,58.04058359,61.02805377,61.23429586,56.71314832,42.60947855,53.152219
420,71.94824815,66.28773168,57.94578612,61.02617533,61.21494575,56.68591482,42.61041474,53.19369556
421,71.90397091,66.28213749,57.91729633,61.02363899,61.08616798,56.622571,42.6129101,52.48859394
422,71.84570617,66.27465028,57.45414348,61.01991049,61.01703425,56.45198501,42.5979089,52.98631273
423,71.79516566,66.26806509,57.68807065,61.01811281,61.17487924,56.5152736,42.59542653,53.38034011
424,71.75469145,66.26303458,57.97161169,61.01606849,61.09664875,56.62947487,42.60359425,52.79966819
425,71.70967825,66.25688037,57.68042845,61.01335968,61.10437609,56.57311224,42.59988708,53.31812526
426,71.66633621,66.25130503,57.98160136,61.01189965,61.17647843,56.62189086,42.60560714,53.19369556
427,71.63174669,66.24650638,57.98694228,61.01012006,61.18498146,56.62490978,42.60728356,53.09000415
428,71.59230151,66.24130354,57.93191325,61.00851583,61.24491686,56.62960906,42.60505276,53.42181667
429,71.56188002,66.2371521,58.08877182,61.00739788,61.26437632,56.6649391,42.61320803,53.25591041
430,71.52561854,66.23219498,58.01902416,61.00642503,61.34056149,56.56812201,42.61903967,53.6291995
431,71.49568975,66.22741272,58.24429579,61.00634227,61.42092533,56.67225125,42.63664005,53.38034011
432,71.45205207,66.22154376,58.16342221,61.00525205,61.35354361,56.63392,42.64103073,53.46329324
433,71.40918306,66.21587022,58.23061798,61.00499091,61.44039098,56.67322774,42.65148577,53.56698465
434,71.37371114,66.21042329,58.2800822,61.00439106,61.3933433,56.68166739,42.66260212,53.13148071
435,71.33983329,66.20593042,58.00316257,61.0024061,61.25674292,56.54910724,42.66595722,52.94483617
436,71.30895324,66.20202822,57.78083291,60.9999657,61.17179352,56.50216346,42.66075423,53.00705102
437,71.27169777,66.196691,57.77478642,60.99802631,61.20178445,56.48630511,42.65780695,53.44255496
438,71.24327569,66.19369717,58.05300412,60.99713533,61.2722468,56.59792875,42.66506667,53.44255496
439,71.21616551,66.189599,58.12678592,60.99611948,61.28334682,56.62436412,42.67522979,53.33886354
440,71.18259028,66.18501174,58.08665529,60.99529846,61.34603422,56.63358345,42.68063221,53.09000415
441,71.15193893,66.18117626,57.85710176,60.99321195,61.22809298,56.54967503,42.67994647,53.27664869
442,71.11823483,66.17649329,57.94901417,60.99129208,61.15307248,56.52003661,42.68427121,53.13148071
443,71.0889372,66.17265789,57.8829257,60.98964436,61.20395984,56.50151473,42.68607899,53.17295728
444,71.06062823,66.16946589,57.91392135,60.98816304,61.24148463,56.50471412,42.68747841,53.11074243
445,71.03265611,66.16593612,57.88266378,60.98647329,61.23854806,56.51898857,42.684006,53.46329324
446,71.00977076,66.16280378,58.09796032,60.98540178,61.24492521,56.56799075,42.69179666,53.0277893
447,70.98026428,66.158647,57.81454859,60.98344434,61.21681388,56.47732439,42.68600939,53.42181667
448,70.96329852,66.15672948,58.01140139,60.98240645,61.25083969,56.55033771,42.69386389,53.50476981
449,70.93593066,66.15303981,58.12840599,60.98178865,61.31330773,56.54149114,42.69935096,53.152219
450,70.90814261,66.14936685,57.90639006,60.98049192,61.32052229,56.47570324,42.69603977,53.40107839
451,70.88775902,66.14679978,58.00641556,60.97910908,61.24214174,56.52766385,42.69968117,52.9033596
452,70.85642509,66.14323961,57.74918639,60.97700566,61.21859961,56.4321482,42.68775513,53.46329324
453,70.84128043,66.14133612,58.05759224,60.97669402,61.35616214,56.57214019,42.69395573,53.46329324
454,70.81220976,66.1367565,58.10677511,60.97608255,61.36590232,56.5283843,42.7036854,53.31812526
455,70.78344119,66.13218604,58.01907814,60.97459942,61.26348368,56.50028328,42.70545326,52.96557445
456,70.7554895,66.12862631,57.82807248,60.97292036,61.27882094,56.39275539,42.69763837,53.50476981
457,70.74379655,66.12731971,58.15463829,60.97256225,61.36217491,56.53296199,42.70962067,53.54624637
458,70.72755186,66.12525814,58.13375965,60.97134865,61.24555903,56.50645773,42.7227958,52.61302364
459,70.69126322,66.12081569,57.46854862,60.96796773,61.07868027,56.28623873,42.70441379,53.09000415
460,70.66927025,66.11815281,57.72644148,60.96599601,61.11189779,56.39653884,42.69773352,52.94483617
461,70.64368929,66.11516889,57.65330785,60.96377711,61.12360115,56.42578607,42.69099549,53.19369556
462,70.61975664,66.11138125,57.7893617,60.96171524,61.08633168,56.38491693,42.69225064,52.88262132
463,70.58720326,66.10768336,57.59852633,60.9587615,61.00239502,56.27233648,42.68401205,52.82040647
464,70.55408323,66.10369295,57.57314627,60.95581725,60.98048193,56.20798207,42.6763559,52.98631273
465,70.537668,66.10134312,57.6846265,60.95355461,61.03912164,56.33150945,42.67343253,53.04852758
466,70.5161029,66.09837239,57.71284544,60.95185244,61.14002453,56.35352085,42.67297469,53.25591041
467,70.49381687,66.09531179,57.87688341,60.95029939,61.15431994,56.37450627,42.67451149,53.21443384
468,70.47410845,66.09257939,57.89326988,60.94899629,61.21262544,56.40158497,42.67698837,53.58772294
469,70.45963793,66.09114046,58.15149573,60.94854939,61.27892118,56.50090227,42.68743248,53.13148071
470,70.44379961,66.08880018,57.85964455,60.94671474,61.19822022,56.37553659,42.68381591,53.33886354
471,70.42723039,66.08598871,58.02373737,60.94633057,61.34717534,56.41831814,42.68979589,53.6291995
472,70.41684284,66.0842696,58.19889955,60.94613272,61.36633795,56.53118295,42.70733564,53.44255496
473,70.40020476,66.08250675,58.09675758,60.94521586,61.30384647,56.49991168,42.72073017,53.27664869
474,70.37908301,66.08026526,57.99958144,60.94426495,61.3135147,56.43357216,42.72331024,53.50476981
475,70.36732363,66.0784357,58.07705916,60.94381953,61.34178041,56.42503531,42.73061895,53.25591041
476,70.34741898,66.07585653,57.9493362,60.94314091,61.38075608,56.38957078,42.73271918,53.58772294
477,70.33682962,66.07410371,58.16195691,60.94312891,61.42029441,56.41944461,42.74460509,53.50476981
478,70.32107735,66.07163717,58.10678951,60.94239196,61.33898665,56.42960927,42.75489425,53.46329324
479,70.3083035,66.06990233,58.09259755,60.94179799,61.33956311,56.42043385,42.76353412,53.11074243
480,70.29265491,66.06818762,57.8092935,60.93958788,61.1644266,56.32259157,42.75932348,52.92409788
481,70.26531048,66.06480805,57.63794669,60.93766826,61.18439103,56.29054248,42.74877514,53.29738698
482,70.25092163,66.06215778,57.82723691,60.93636052,61.19398964,56.37233583,42.75143084,53.42181667
483,70.23998522,66.06016455,57.97165027,60.93539109,61.22039369,56.41441984,42.75350484,52.86188304
484,70.21731911,66.05676177,57.65843418,60.93279471,61.1090264,56.29413809,42.74339577,53.17295728
485,70.20261065,66.05485831,57.7617806,60.93078943,61.07317483,56.30425944,42.74276548,53.04852758
486,70.18452031,66.05339122,57.71055974,60.92884887,61.10110587,56.30984906,42.73559729,53.23517213
487,70.17878898,66.05301728,57.77033511,60.92735608,61.13807296,56.30672565,42.73597107,53.04852758
488,70.15584318,66.04959054,57.70320132,60.92521432,61.09537994,56.22524076,42.72973062,52.7789299
489,70.13141302,66.04618371,57.46978055,60.92208937,60.98173225,56.15313881,42.71736973,52.79966819
490,70.10721244,66.0433129,57.52782409,60.92013072,61.11943605,56.24310756,42.70429343,53.25591041
491,70.09515097,66.04155169,57.83544333,60.91879942,61.16238321,56.34813275,42.70650014,53.152219
492,70.07867347,66.03915869,57.82534983,60.91758678,61.22702281,56.35348517,42.70787201,53.35960182
493,70.07055853,66.03774761,57.9836197,60.91684008,61.27551802,56.38732074,42.71577558,53.60846122
494,70.05923169,66.03693318,58.17945409,60.91672445,61.33510281,56.44888346,42.73044751,53.38034011
495,70.04478181,66.03494485,58.01465997,60.91571219,61.27245844,56.42493513,42.73859245,53.19369556
496,70.02672516,66.03258091,57.83226309,60.91403563,61.1818472,56.32481626,42.74042677,52.86188304
497,70.00954286,66.03009383,57.60212303,60.91216241,61.19710221,56.1920482,42.73123395,53.67067607
498,69.99972873,66.02889271,58.13090519,60.91198619,61.26986635,56.3852702,42.74699032,53.19369556
499,69.98274964,66.02699434,57.85585659,60.91009861,61.14324168,56.26140467,42.74836139,52.94483617
500,69.95994778,66.02400978,57.60695044,60.90787759,61.0972324,56.21467565,42.74239151,53.25591041
501,69.9481822,66.02249793,57.80896676,60.90687919,61.19755911,56.23308475,42.74544136,53.48403152
502,69.94113783,66.02193759,58.01921246,60.90643707,61.27334965,56.32187718,42.75597278,53.42181667
503,69.93413002,66.02113584,58.01463779,60.90579206,61.28918418,56.36556336,42.76293637,53.35960182
504,69.92749919,66.02057482,58.00140652,60.90514812,61.31188302,56.31316578,42.76900471,53.23517213
505,69.92151031,66.01952897,57.84153569,60.90364446,61.21026528,56.2578027,42.76788442,53.09000415
506,69.9013656,66.0168597,57.73894838,60.9014902,61.09540712,56.22248036,42.76600715,52.9033596
507,69.88317754,66.01432784,57.61652906,60.8996791,61.15100783,56.17840965,42.75453324,53.29738698
508,69.87038963,66.01299104,57.83628153,60.89840619,61.15926394,56.22761561,42.7563832,53.17295728
509,69.85972263,66.01154094,57.84550518,60.8972316,61.2116264,56.25015236,42.75579987,53.13148071
510,69.84482259,66.0097681,57.74958591,60.89504085,61.07435097,56.20490718,42.75188355,52.9033596
511,69.82533036,66.00699775,57.58552649,60.89303799,61.10486681,56.14835926,42.7399235,53.33886354
512,69.81778413,66.00503377,57.88588971,60.89250766,61.24743847,56.2461531,42.73949615,53.29738698
513,69.8152599,66.00443411,57.841648,60.89144586,61.23158248,56.28318655,42.73931281,53.50476981
514,69.8057282,66.00367349,58.03651958,60.89177995,61.40108737,56.33037798,42.74972633,53.79510577
515,69.80311503,66.00283768,58.21622038,60.89246443,61.45687316,56.39149226,42.76550376,53.23517213
516,69.7828056,66.00068282,57.88620153,60.89096629,61.26777988,56.28951065,42.76638666,52.9033596
517,69.77434649,66.00003215,57.61081746,60.88850747,61.11197155,56.17121161,42.75882034,52.88262132
518,69.75915394,65.99789521,57.54161231,60.88623269,61.0772381,56.13998686,42.75087367,52.98631273
519,69.74420765,65.99576065,57.62058074,60.88430113,61.09058337,56.18942049,42.74917054,53.38034011
520,69.74018798,65.99557706,57.87933389,60.88333992,61.15176385,56.27562479,42.75511107,53.11074243
521,69.7284063,65.99404344,57.78149424,60.88243439,61.25878516,56.23094156,42.75669878,53.60846122
522,69.72241419,65.99337818,58.05550757,60.88273549,61.37393671,56.33911348,42.76373723,53.54624637
523,69.72034529,65.99326188,58.06429802,60.8826503,61.37766421,56.34460722,42.7706581,53.60846122
524,69.71705168,65.99306558,58.10405215,60.88237382,61.33151725,56.37789958,42.77844486,53.0277893
525,69.7027823,65.99128859,57.72093674,60.88056693,61.20985325,56.21121731,42.77208405,53.27664869
526,69.6876378,65.98840506,57.85796226,60.87934587,61.18602294,56.24627885,42.77268859,53.0277893
527,69.67330105,65.98631233,57.66953768,60.87742066,61.12460344,56.18161806,42.76730585,53.17295728
528,69.66201713,65.98485975,57.75188295,60.87613425,61.16342842,56.21610978,42.76586626,53.42181667
529,69.65743777,65.9849016,57.90974469,60.87585597,61.28114864,56.24368215,42.76820753,53.35960182
530,69.65074522,65.98304854,57.86297937,60.87451336,61.17239705,56.21804739,42.77169108,53.09000415
531,69.63607942,65.98084746,57.71408698,60.87299796,61.16563772,56.17103838,42.76802257,53.29738698
532,69.63282594,65.9802876,57.81862925,60.87227191,61.23840131,56.18190534,42.76839945,53.27664869
533,69.61477132,65.97798445,57.8293147,60.87136366,61.24639851,56.18777611,42.76859287,53.29738698
534,69.60778234,65.97707493,57.83914384,60.87045047,61.24336876,56.22827992,42.77205492,53.152219
535,69.59142811,65.97526047,57.79598589,60.86944175,61.26389321,56.20504301,42.77224183,53.33886354
536,69.58144781,65.97403327,57.89188846,60.8683421,61.20725909,56.19188094,42.77471044,52.92409788
537,69.56841061,65.97244665,57.63690599,60.86636723,61.14619682,56.1019822,42.76515405,53.29738698
538,69.56153224,65.97159149,57.83445531,60.86554592,61.20967882,56.21298623,42.76676577,53.13148071
539,69.54796804,65.97055721,57.75931972,60.86413678,61.18441646,56.17000714,42.76072815,53.52550809
540,69.54993018,65.97044525,57.99181034,60.86396695,61.27154854,56.26973921,42.76560922,53.04852758
541,69.54354988,65.96939553,57.67923483,60.86216876,61.16783055,56.18244466,42.76144547,53.09000415
542,69.52789918,65.9671559,57.69994421,60.86062457,61.15459865,56.16423518,42.75729584,53.17295728
543,69.51838961,65.9659366,57.74714014,60.85976798,61.2374725,56.1345809,42.7557146,53.152219
544,69.50774708,65.96502488,57.66488163,60.85774508,61.08513787,56.11352337,42.75529435,52.92409788
545,69.49631408,65.96387865,57.53893603,60.85619564,61.15542827,56.06529596,42.74740644,53.46329324
546,69.4912911,65.9633484,57.93902262,60.85609439,61.28220943,56.23525114,42.75628066,53.46329324
547,69.479593,65.96150431,57.93804863,60.85557364,61.26911227,56.22529537,42.76382989,53.11074243
548,69.46796041,65.96011399,57.69076962,60.85410076,61.19829537,56.20046827,42.76168198,53.23517213
549,69.45779598,65.95901948,57.77286842,60.85293336,61.18188024,56.17384036,42.76146672,53.58772294
550,69.45115619,65.95820444,58.03818734,60.85330932,61.33686959,56.27967901,42.77090537,53.38034011
551,69.44914652,65.95857334,57.92973651,60.85242282,61.25175913,56.22069876,42.77382293,53.17295728
552,69.43970403,65.95740194,57.81529688,60.85222481,61.38392233,56.18781223,42.77773655,53.73289092
553,69.43995187,65.9572783,58.15386532,60.85309176,61.47051947,56.25759995,42.78992471,53.64993779
554,69.43484377,65.95717115,58.17242403,60.85333586,61.42670622,56.27664809,42.80234467,52.98631273
555,69.41508437,65.95379049,57.71915725,60.8518285,61.29390026,56.17407676,42.79414589,53.48403152
556,69.40821361,65.95219833,57.9787032,60.85170718,61.33386008,56.24792169,42.7995125,53.00705102
557,69.39502063,65.95038312,57.65639237,60.84996952,61.20895563,56.14806725,42.7934093,53.13148071
558,69.38241829,65.94893354,57.69283472,60.84887078,61.22583148,56.13012623,42.78768893,53.06926586
559,69.37732891,65.94853303,57.6359009,60.84674087,61.07649556,56.06365196,42.7836997,52.86188304
560,69.37292623,65.94760466,57.48129054,60.84488544,61.10963915,55.97489314,42.77241569,53.27664869
561,69.36123238,65.94620677,57.70651285,60.84366453,61.11824587,56.08898306,42.77293234,52.92409788
562,69.34482509,65.94419012,57.55446273,60.84141505,61.04292442,56.08444657,42.76423988,53.27664869
563,69.34138153,65.9434044,57.76490252,60.84022398,61.09081774,56.13103498,42.76042997,52.84114475
564,69.32384483,65.94060366,57.52232567,60.83818993,61.0878406,56.0716907,42.74898842,53.21443384
565,69.32267401,65.94012964,57.72998626,60.83741669,61.19611241,56.12622294,42.75026757,53.13148071
566,69.30603669,65.93864257,57.71347597,60.83564948,61.10084842,56.07628068,42.74847055,52.94483617
567,69.29409809,65.93724858,57.58892914,60.83419247,61.15769183,56.04960655,42.74369996,53.33886354
568,69.29921351,65.93768405,57.81664747,60.83342156,61.18865967,56.11436895,42.74615354,53.46329324
569,69.29445049,65.93714161,57.91528819,60.83327744,61.27457219,56.13900603,42.75494036,53.40107839
570,69.29040572,65.93604559,57.9446503,60.83314138,61.32920701,56.19364329,42.75971433,53.38034011
571,69.28926617,65.93578681,57.93815332,60.83254508,61.28205537,56.2059921,42.76203768,53.23517213
572,69.28049278,65.93461005,57.79736848,60.83156664,61.23572468,56.11981135,42.76202577,53.35960182
573,69.27895491,65.93452839,57.86145629,60.83082844,61.22258836,56.16620755,42.76532284,53.04852758
574,69.26346045,65.93249302,57.6394101,60.82906622,61.13112376,56.08610274,42.75867593,53.33886354
575,69.25943134,65.93197995,57.85505886,60.82855603,61.21988041,56.12293629,42.76130091,53.27664869
576,69.25475537,65.93209961,57.80391977,60.82727753,61.1470686,56.12142013,42.76087074,53.06926586
577,69.23885678,65.93001733,57.70037734,60.82552147,61.09034878,56.0734784,42.75600689,52.94483617
578,69.21670659,65.92689582,57.61050962,60.8245199,61.22136787,56.04787379,42.74648753,53.69141435
579,69.21746389,65.92730244,58.09125355,60.8251122,61.34542205,56.22116219,42.76242602,53.33886354
580,69.21146007,65.92629384,57.92761013,60.82492945,61.36639004,56.17401239,42.76471922,53.33886354
581,69.20596895,65.92551466,57.84648496,60.82377655,61.21159534,56.14112994,42.7638646,52.69597677
582,69.18292189,65.92249101,57.41962487,60.82132594,61.09705594,55.96401187,42.74913695,53.23517213
583,69.18750989,65.92315383,57.70302579,60.82005187,61.09621088,56.1177572,42.7531003,52.94483617
584,69.17778242,65.92114374,57.54140555,60.81784551,61.0187863,55.98848538,42.74652883,52.86188304
585,69.16309736,65.91921169,57.46989246,60.81591475,61.05206094,55.95039775,42.73644489,53.0277893
586,69.15395119,65.91826481,57.5655136,60.81417128,61.053434,56.03285563,42.7323676,53.25591041
587,69.1488652,65.91758223,57.77089067,60.81297786,61.0838514,56.09546225,42.7322691,52.94483617
588,69.14565191,65.91679917,57.50890194,60.81079858,61.01416726,55.99418969,42.72174438,52.71671506
589,69.13521051,65.91558733,57.32947062,60.80808109,60.95352983,55.90275045,42.70690232,52.94483617
590,69.12700031,65.91519336,57.46340305,60.80619735,61.00235559,55.97026947,42.69984426,52.9033596
591,69.11961777,65.91453437,57.44008649,60.80427499,61.02588013,55.95065752,42.69331317,53.31812526
592,69.1214586,65.91456836,57.72600624,60.80344317,61.1065511,56.05404838,42.69630838,53.0277893
593,69.11028248,65.91284638,57.62100635,60.80251782,61.20221019,56.01045225,42.69350788,53.44255496
594,69.10582961,65.91201737,57.88878671,60.80239288,61.26729993,56.11237305,42.70143896,53.40107839
595,69.10180599,65.91186734,57.96745328,60.80220797,61.29646317,56.1601624,42.70794575,53.50476981
596,69.10021091,65.91171428,58.06295436,60.80233737,61.33434508,56.20463995,42.72100204,53.25591041
597,69.10211339,65.91215067,57.88003773,60.80230022,61.38888465,56.15652535,42.72297985,53.77436748
598,69.11100394,65.91333035,58.14213024,60.80299647,61.39848553,56.24233668,42.74111507,53.27664869
599,69.1065271,65.91200289,57.81997338,60.80238033,61.31701947,56.12792688,42.7415957,53.54624637
600,69.10173852,65.91137493,58.0254529,60.80231806,61.29950356,56.12969528,42.75347017,53.25591041
601,69.09179205,65.90978971,57.88612045,60.80159352,61.2575763,56.14492263,42.75987043,53.17295728
602,69.08790377,65.90908633,57.77235775,60.80071986,61.23812202,56.06078764,42.76099907,53.35960182
603,69.07833608,65.90801296,57.86108183,60.80025913,61.24982042,56.11123473,42.76502572,53.33886354
604,69.07477153,65.90734507,57.84114278,60.79938589,61.19217315,56.12978002,42.77144187,53.17295728
605,69.07263839,65.90739299,57.71497238,60.79845387,61.1989952,56.07157183,42.77133459,53.31812526
606,69.06650681,65.90686615,57.82728218,60.79746431,61.15223596,56.10070746,42.77383462,52.82040647
607,69.05388611,65.90519465,57.51383012,60.79556766,61.11343291,56.01996983,42.76399644,53.27664869
608,69.04838799,65.9050716,57.68142854,60.79424499,61.07071478,56.06317919,42.76411657,52.84114475
609,69.03625477,65.90311346,57.46021456,60.79199401,61.01197185,55.97338611,42.75546407,52.9033596
610,69.02895759,65.90173929,57.48156497,60.79001168,61.01183635,55.97360926,42.74932029,52.88262132
611,69.00862217,65.89948621,57.469991,60.78844868,61.08443527,55.93041982,42.74027969,53.31812526
612,69.00757554,65.89904863,57.76922415,60.78759525,61.11625483,56.06052892,42.74348248,52.92409788
613,69.00417223,65.89877722,57.54778425,60.78587014,61.0895121,55.97945124,42.73925743,53.29738698
614,69.00222268,65.89905356,57.76409907,60.78502927,61.12344082,56.04195021,42.74370898,53.04852758
615,68.99799213,65.89851322,57.64267371,60.78347505,61.08772024,56.04959968,42.73940956,53.17295728
616,68.98784448,65.89721225,57.74514368,60.7833709,61.27932234,56.0440309,42.73814567,53.52550809
617,68.98977268,65.89684723,57.96398219,60.78304974,61.23463772,56.14571557,42.74613435,53.25591041
618,68.98844614,65.89664901,57.85101092,60.78260466,61.26544412,56.10734703,42.74753432,53.52550809
619,68.98616768,65.89607071,57.97942766,60.78235478,61.23784608,56.14981105,42.75724631,52.98631273
620,68.97304396,65.89477974,57.59194617,60.78098684,61.18286768,56.0199217,42.75224349,53.38034011
621,68.97241111,65.89492992,57.84880507,60.7808251,61.25360416,56.10234419,42.75849414,53.60846122
622,68.98435387,65.89650704,58.02398553,60.78163691,61.38803319,56.1687349,42.76965437,53.73289092
623,68.98462661,65.89661243,58.10311268,60.78199783,61.33826944,56.15033643,42.78509063,53.09000415
624,68.96607058,65.89447577,57.70581128,60.78084424,61.23394907,56.00072616,42.78116251,53.23517213
625,68.95807345,65.89357057,57.78917739,60.78011858,61.21960244,56.05414359,42.77803415,53.35960182
626,68.95429833,65.89307457,57.87718169,60.7797047,61.23181259,56.07454733,42.78120167,53.31812526
627,68.94469114,65.89147738,57.79281283,60.77873366,61.15548813,56.03163076,42.78306807,53.23517213
628,68.93407091,65.88973089,57.77230629,60.77810944,61.20271995,56.04108486,42.78327792,53.21443384
629,68.93276748,65.88917493,57.77157971,60.77777431,61.27670568,56.06569545,42.77900307,53.54624637
630,68.94086266,65.88972556,57.96145109,60.77841754,61.3834319,56.14498557,42.78755639,53.56698465
631,68.93965643,65.89026565,58.03520331,60.77883063,61.38804611,56.14143203,42.79956855,53.52550809
632,68.93333639,65.88963915,58.01381679,60.77903727,61.36702466,56.13365072,42.80830996,53.33886354
633,68.92447928,65.88774627,57.91359944,60.77875983,61.32509451,56.12218863,42.81094574,53.44255496
634,68.91333772,65.88611756,57.93601284,60.77862242,61.3014353,56.12818872,42.81230814,53.40107839
635,68.91638326,65.8863948,57.88167011,60.77805608,61.23079458,56.10640743,42.8159843,52.96557445
636,68.9074413,65.88561076,57.58989639,60.77633043,61.12378654,55.99203331,42.8078173,53.17295728
637,68.90932521,65.88627681,57.71399417,60.7757624,61.21395104,56.04094956,42.80408142,53.42181667
638,68.91282111,65.88708455,57.87526187,60.77561249,61.25722171,56.09102779,42.80822119,53.31812526
639,68.90377819,65.8852603,57.85467299,60.77513207,61.24913317,56.0535472,42.80965741,53.23517213
640,68.89651516,65.88415586,57.7866428,60.77427468,61.20411362,56.07228085,42.80769755,53.25591041
641,68.88736433,65.88283323,57.75995389,60.77372099,61.22875317,56.05717555,42.80681716,53.152219
642,68.87718451,65.8810623,57.69266292,60.77300149,61.24012984,56.02492756,42.803874,53.42181667
643,68.8749115,65.88089504,57.88082256,60.77253771,61.21505092,56.09698552,42.80836084,53.04852758
644,68.87139626,65.88026993,57.63980213,60.77148127,61.20450058,56.05010707,42.801539,53.56698465
645,68.86815992,65.8801567,57.97149031,60.77225366,61.36317565,56.13335616,42.80932951,53.46329324
646,68.86591816,65.88031073,57.9529252,60.77197283,61.28626178,56.08784842,42.81623893,53.23517213
647,68.85636745,65.87882286,57.8398627,60.77153767,61.28707573,56.06417453,42.81743126,53.23517213
648,68.8527041,65.87763287,57.75612723,60.77087644,61.24964617,56.03206928,42.81894473,53.152219
649,68.84719624,65.87746074,57.66176365,60.76932052,61.10593959,56.01226369,42.81341332,52.92409788
650,68.83629385,65.87624846,57.50463576,60.76795198,61.13468623,55.93956095,42.80109462,53.27664869
651,68.83069869,65.87528614,57.74161653,60.76742741,61.19380479,55.98415892,42.80172269,53.52550809
652,68.83543639,65.87549716,57.96410884,60.76769597,61.28535194,56.09540921,42.8075458,53.38034011
653,68.8378275,65.8755706,57.90580215,60.76801008,61.36965202,56.11844742,42.81356565,53.67067607
654,68.84496074,65.87666966,58.04426012,60.76853942,61.36535821,56.16111513,42.82742515,53.48403152
655,68.84245331,65.87624747,57.95375185,60.76849328,61.31968868,56.09065671,42.83534043,53.17295728
656,68.82706697,65.87403269,57.73953439,60.76745073,61.21661662,55.98651435,42.83120277,53.09000415
657,68.81976045,65.87287862,57.66470641,60.76607764,61.13723772,56.00674702,42.82468807,53.11074243
658,68.8135844,65.87192778,57.66331048,60.76512247,61.1646129,56.01347746,42.82174866,53.33886354
659,68.80553001,65.87080196,57.8560346,60.76520461,61.28800641,56.08768554,42.82146466,53.56698465
660,68.8018952,65.87068964,58.01560333,60.76510948,61.25403638,56.11679596,42.82751179,53.0277893
661,68.79903769,65.87041835,57.65921539,60.76383269,61.18389775,55.99007122,42.81903373,52.98631273
662,68.78388176,65.86859391,57.51844458,60.76222608,61.10768466,55.95349644,42.80988131,53.0277893
663,68.77345877,65.86727266,57.57934982,60.761163,61.15365742,55.96638598,42.8047091,53.44255496
664,68.7789528,65.86776917,57.86682067,60.76102009,61.21651879,56.05162,42.80845904,53.19369556
665,68.77802953,65.86722068,57.7400067,60.76042816,61.23527774,56.01941691,42.80632683,53.42181667
666,68.77778206,65.86779376,57.84665898,60.76048175,61.28848814,56.05558134,42.80892047,53.33886354
667,68.7759421,65.86754955,57.83957007,60.76029554,61.29444736,56.04601752,42.81377108,53.6291995
668,68.77812038,65.8682738,58.02340762,60.76097472,61.36467335,56.08354646,42.82448324,53.35960182
669,68.77267711,65.86763691,57.9129898,60.76044549,61.26588522,56.0360963,42.82780338,53.21443384
670,68.76914843,65.86712852,57.75837751,60.75922791,61.14557112,56.00145808,42.82571885,52.84114475
671,68.75704825,65.86482416,57.47497616,60.75738273,61.08797246,55.92515209,42.81259824,53.27664869
672,68.75483203,65.86467623,57.68577895,60.75681464,61.15823253,56.00176379,42.81428899,53.152219
673,68.74350902,65.86305584,57.65909991,60.7558757,61.15947823,55.95300822,42.80958503,53.13148071
674,68.73978252,65.86278079,57.62231967,60.75479198,61.14170195,55.94430018,42.80654509,53.50476981
675,68.74146942,65.8627093,57.90256628,60.75448522,61.16369034,56.06522841,42.81281313,53.11074243
676,68.72936526,65.86108833,57.70449296,60.7536177,61.18644988,56.01061774,42.80912193,53.52550809
677,68.7337835,65.86126179,57.96869,60.75412073,61.31398694,56.0746632,42.8185023,53.29738698
678,68.73277621,65.86088701,57.81484291,60.75425892,61.36941224,56.03436172,42.8197093,53.50476981
679,68.72941097,65.86051343,57.93008592,60.7540101,61.27387647,56.04966393,42.82770501,53.40107839
680,68.72823504,65.85976951,57.89243388,60.75442675,61.36876032,56.07360868,42.83246875,53.79510577
681,68.73096258,65.86015557,58.18899387,60.75546444,61.40888175,56.14287359,42.84622413,53.42181667
682,68.72213867,65.85934091,57.92004322,60.75511788,61.29477346,56.10263135,42.85238345,53.23517213
683,68.71261838,65.85757051,57.80679829,60.75495212,61.32533131,56.07042185,42.85222192,53.58772294
684,68.71345858,65.85684066,57.98726671,60.75549601,61.36226395,56.12046058,42.8608784,53.52550809
685,68.70856364,65.85618292,57.99201908,60.75505452,61.23169382,56.12626898,42.86321405,53.11074243
686,68.70151064,65.8556419,57.68774461,60.75395931,61.17619106,56.03038928,42.85829075,53.50476981
687,68.70283493,65.85526496,57.88179798,60.75389555,61.21782364,56.04123604,42.86371553,53.23517213
688,68.69478246,65.85407893,57.77260674,60.75335908,61.23041137,56.01879192,42.8613594,53.50476981
689,68.69161013,65.85347461,57.97485233,60.75357155,61.28708379,56.07446586,42.86403315,53.58772294
690,68.69167123,65.85365121,58.04408358,60.75427233,61.37213368,56.10912549,42.87442596,53.40107839
691,68.6971592,65.85426714,57.91959908,60.75452572,61.3860068,56.13274545,42.87726652,53.64993779
692,68.70568734,65.85477718,58.04854325,60.75527836,61.41006241,56.18338133,42.886821,53.6291995
693,68.69741332,65.854118,58.06637281,60.7562099,61.45514963,56.13637109,42.89316874,53.56698465
694,68.69030377,65.85396133,57.9896831,60.75602814,61.30696532,56.11563952,42.90167861,53.33886354
695,68.68414487,65.85329416,57.84244136,60.75552381,61.24905917,56.03102621,42.90161961,52.86188304
696,68.67490053,65.85231442,57.51330092,60.75429839,61.228926,55.93954242,42.88713721,53.58772294
697,68.67477312,65.85155084,57.96594837,60.75510877,61.36621024,56.08782841,42.89473005,53.67067607
698,68.68566263,65.85340704,58.01662569,60.75568672,61.36662768,56.14664235,42.90673799,53.33886354
699,68.67391248,65.85214763,57.87291243,60.75604372,61.41924642,56.11004386,42.90348499,53.91953546
700,68.67448572,65.85181858,58.24694512,60.75776628,61.51593126,56.22937568,42.91852848,53.67067607
701,68.67148445,65.85089729,58.09738407,60.75815704,61.40287475,56.15236124,42.92825958,53.29738698
702,68.66381801,65.84968895,57.89187298,60.75832924,61.41624118,56.08278636,42.92393224,53.77436748
703,68.672353,65.85079357,58.17530462,60.75934337,61.43577682,56.15213756,42.93547184,53.64993779
704,68.67368512,65.85179565,58.12542403,60.76032958,61.47369639,56.1206277,42.94610166,53.56698465
705,68.67197454,65.85127904,58.0464376,60.76042517,61.36606988,56.10904842,42.95215429,53.33886354
706,68.66430367,65.8501881,57.86809389,60.76010585,61.30892532,56.06050994,42.94894365,53.48403152
707,68.65855227,65.8489695,57.92420958,60.760152,61.30571965,56.00910504,42.95278257,53.23517213
708,68.65244625,65.84830338,57.76393116,60.75978997,61.30529986,55.97940218,42.95076104,53.56698465
709,68.64814942,65.84816675,57.99693496,60.76038555,61.37670895,56.08302848,42.95893109,53.60846122
710,68.64563138,65.84790843,58.07531715,60.76121377,61.43524152,56.14634542,42.9640763,53.67067607
711,68.64522322,65.84715181,58.10425521,60.76188195,61.4192145,56.17948961,42.97022971,53.23517213
712,68.62847328,65.84493604,57.81284539,60.76143871,61.34479871,56.03499359,42.96647457,53.48403152
713,68.62929153,65.84500315,57.93684405,60.76149115,61.32878457,56.06331579,42.96399169,53.35960182
714,68.62732529,65.84422129,57.90939759,60.76143582,61.33600279,56.07004098,42.95748517,53.77436748
715,68.63244112,65.84448523,58.1496717,60.76306711,61.50864689,56.1691048,42.96826489,53.60846122
716,68.63042776,65.84474088,58.04844662,60.76298493,61.34614137,56.08287356,42.97218539,53.0277893
717,68.61755634,65.8429434,57.65279319,60.76162,61.2139319,55.92899194,42.96162583,53.33886354
718,68.61709382,65.84288284,57.7986704,60.76128705,61.2441565,56.01458979,42.9573613,53.58772294
719,68.61666825,65.84223628,57.99339947,60.76136203,61.26007535,56.07939691,42.96065718,52.88262132
720,68.59956954,65.83996303,57.48268325,60.75933976,61.10517021,55.88768162,42.94443111,53.17295728
721,68.59089602,65.83850455,57.66816748,60.75872988,61.19398498,55.97971984,42.93633291,53.27664869
722,68.58177672,65.83755976,57.76543702,60.7583604,61.24441034,56.01377153,42.93339336,53.64993779
723,68.59575529,65.83930112,58.00930136,60.75946562,61.41142037,56.10495575,42.93991612,53.64993779
724,68.5997358,65.8402332,58.07425014,60.75990563,61.37537678,56.1327052,42.94707563,53.42181667
725,68.59471493,65.83985143,57.9093699,60.75952818,61.28461221,56.0454107,42.94735559,53.0277893
726,68.5774338,65.83767491,57.64096105,60.75863781,61.26321028,55.97579219,42.93657667,53.50476981
727,68.57684654,65.83753811,57.92085579,60.75917961,61.36464058,56.04636139,42.94022387,53.60846122
728,68.57698101,65.83749304,58.05870271,60.76001987,61.43102408,56.15418151,42.94670893,53.67067607
729,68.5810912,65.83851392,58.10238623,60.76019841,61.33366602,56.11943076,42.95349304,53.35960182
730,68.57785246,65.83819385,57.88107312,60.76021532,61.34786275,56.05656,42.95258771,53.50476981
731,68.58513567,65.83890851,57.89381571,60.75979699,61.24372652,56.03646738,42.95117139,53.27664869
732,68.56983407,65.83706067,57.78066016,60.75839234,61.09390807,55.99526358,42.94756046,52.38490253
733,68.54427139,65.83369415,57.13025577,60.75418103,60.79588312,55.8071891,42.91938001,51.90792202
734,68.5163403,65.82989657,56.63586847,60.74869137,60.57704469,55.60582748,42.87997028,51.94939859
735,68.49515177,65.82690666,56.58051014,60.74304188,60.43795899,55.57302523,42.84506612,51.99087516
736,68.48284058,65.82508317,56.55709917,60.73730315,60.34810328,55.55596035,42.81166782,51.80423061
737,68.46680997,65.82305053,56.41671322,60.73126854,60.30324619,55.51891024,42.76963185,51.82496889
738,68.45151519,65.82076548,56.41199211,60.72503632,60.2405747,55.50103504,42.73233569,51.78349233
739,68.43696366,65.81852625,56.32171185,60.71840626,60.15338304,55.48047658,42.69272256,51.53463293
740,68.4267437,65.81707848,56.15119865,60.71154651,60.13799764,55.45126178,42.64750767,52.01161344
741,68.4156562,65.81580168,56.47683506,60.70628983,60.26528455,55.54702732,42.61676688,51.94939859
742,68.40766922,65.8145211,56.49870406,60.70097187,60.32367889,55.55153834,42.58552256,51.7005392
743,68.39209419,65.81281389,56.342386,60.69456754,60.22821721,55.4809606,42.55301055,51.51389465
744,68.38109654,65.81099693,56.1690312,60.68764397,60.14357432,55.38196566,42.51301798,51.67980091
745,68.37258287,65.81014273,56.24640379,60.68111713,60.12303464,55.43930095,42.48041727,51.53463293
746,68.36519025,65.80926808,56.13385482,60.67435325,60.10812551,55.42976607,42.44381636,51.30651182
747,68.35156878,65.80742253,55.95798608,60.66749826,60.14151274,55.39525075,42.40324787,52.09456657
748,68.34895643,65.80707754,56.47343271,60.66268097,60.27938047,55.53116752,42.38723153,51.59684778
749,68.340438,65.80575854,56.187519,60.65669514,60.27129786,55.40931553,42.35463594,52.03235172
750,68.33577783,65.8050514,56.44864248,60.65164533,60.30079627,55.49643255,42.33591181,51.65906263
751,68.324684,65.80370023,56.28046665,60.64522518,60.18277138,55.41886178,42.30977557,51.7005392
752,68.32223842,65.80346272,56.2601002,60.63915769,60.17407866,55.44792525,42.28252034,51.90792202
753,68.31893964,65.80290915,56.37957111,60.63400817,60.26273028,55.48752304,42.26472131,51.76275404
754,68.31133379,65.8015214,56.32049994,60.62808415,60.2066217,55.46404613,42.24186824,51.53463293
755,68.30336059,65.80033727,56.17230514,60.62162816,60.14822226,55.38017227,42.21405629,51.72127748
756,68.29683089,65.79972698,56.21119562,60.61484998,60.01291898,55.37277583,42.19214451,51.05765243
757,68.28910225,65.79891949,55.79031804,60.60681555,59.91613172,55.21717419,42.15124959,51.49315637
758,68.28417005,65.79830749,56.06803295,60.60070852,60.07266965,55.28972588,42.12595664,51.86644546
759,68.28155515,65.79757725,56.33747136,60.59540206,60.16875213,55.40243885,42.11293878,51.67980091
760,68.27332198,65.79680559,56.27489551,60.58972063,60.19526362,55.4105846,42.09410439,52.03235172
761,68.2694659,65.79647751,56.51830872,60.58488931,60.24895771,55.48675978,42.08745502,51.78349233
762,68.26575247,65.79602341,56.37684978,60.57944026,60.23232843,55.47065302,42.07509418,51.74201576
763,68.26214613,65.79550651,56.3015414,60.57425092,60.27403631,55.38943212,42.05857329,51.84570718
764,68.25617136,65.79475364,56.35159896,60.56864284,60.18965101,55.43525686,42.04568278,51.55537122
765,68.24960494,65.79388148,56.23364027,60.562547,60.14453331,55.39232308,42.02650321,51.63832435
766,68.24632885,65.79362475,56.1913315,60.55599431,60.02104866,55.38506239,42.01085344,51.30651182
767,68.23957062,65.79247982,56.01516213,60.54938285,60.04127551,55.29645105,41.98433989,51.67980091
768,68.23762764,65.79188195,56.22625493,60.54368402,60.09663859,55.35636033,41.97297757,51.53463293
769,68.2333579,65.79155046,56.09316083,60.53675143,59.94912718,55.33988937,41.95834541,50.76731647
770,68.22205805,65.78990692,55.5098978,60.52784303,59.75284377,55.12294403,41.92118534,51.18208212
771,68.21643888,65.78883151,55.68941221,60.5203321,59.78259372,55.23622432,41.89667422,51.07839071
772,68.21167968,65.78808504,55.60904985,60.51233653,59.7369949,55.13345046,41.86808954,51.01617586
773,68.20239631,65.78705916,55.5702962,60.50466143,59.77663958,55.15139001,41.83725897,51.3272501
774,68.19611193,65.78657269,55.86633554,60.49844778,59.94683568,55.25215447,41.81715027,51.7005392
775,68.19285096,65.78628327,56.15018353,60.49288995,60.02673522,55.31345957,41.80961443,51.49315637
776,68.18832593,65.78578733,56.05142318,60.48637458,59.95327906,55.25164493,41.79452688,51.26503526
777,68.18360986,65.78525137,55.80934563,60.47887004,59.81194825,55.24920259,41.77592323,51.07839071
778,68.18079286,65.78491934,55.6435437,60.47108604,59.74536218,55.17742435,41.75360004,51.20282041
779,68.17239995,65.78377927,55.73103445,60.46442099,59.86408493,55.18225838,41.73623909,51.7005392
780,68.17042064,65.78324103,56.14594143,60.45890722,59.9677045,55.31458437,41.7323092,51.43094152
781,68.16771958,65.78279304,56.02797042,60.4524775,59.9272654,55.28324662,41.72099827,51.24429697
782,68.16265924,65.78211696,55.90496207,60.44564497,59.88577474,55.28040207,41.70732255,51.49315637
783,68.1591329,65.78175438,56.04387724,60.43947108,59.90692184,55.27993522,41.70112,51.20282041
784,68.15423314,65.78105753,55.83814256,60.43247752,59.85234159,55.24761496,41.68283089,51.3272501
785,68.15121997,65.7806792,55.91034601,60.42656272,59.96747576,55.26817815,41.67107817,51.72127748
786,68.1498798,65.78045932,56.20394437,60.42183932,60.10604526,55.34276796,41.67182778,51.74201576
787,68.14889064,65.7799547,56.25865232,60.41620632,60.00417332,55.35491969,41.67302548,51.26503526
788,68.14317477,65.7792097,55.93794035,60.41013927,60.01108439,55.23120408,41.65985653,51.63832435
789,68.14254112,65.77907258,56.13112704,60.40495302,60.05475892,55.35334892,41.65820619,51.51389465
790,68.14018319,65.77895014,56.11644166,60.39925926,60.01718488,55.27833356,41.64958755,51.28577354
791,68.13568526,65.77857242,55.91699665,60.39252511,59.88375716,55.21976003,41.63368338,51.28577354
792,68.13309456,65.77819483,55.92300304,60.38668896,59.96883481,55.23028021,41.62606504,51.41020324
793,68.13114111,65.77748478,55.94646668,60.38037172,59.88730546,55.23742745,41.62105336,51.20282041
794,68.12974469,65.77717247,55.83825149,60.37448277,59.97370483,55.1819861,41.6131587,52.01161344
795,68.12926061,65.77718413,56.3458325,60.36992987,60.01264594,55.35635724,41.6225924,51.28577354
796,68.12301685,65.77659815,55.93408121,60.3634908,59.90636556,55.21297645,41.61112901,51.14060556
797,68.11737722,65.7758724,55.78392398,60.35675713,59.84231655,55.15402106,41.59545559,51.24429697
798,68.11159419,65.77518382,55.84048701,60.35044849,59.85088624,55.18845657,41.5819434,51.20282041
799,68.10762774,65.77472994,55.8246294,60.34386874,59.81403393,55.16843605,41.57110203,51.34798839
800,68.1044343,65.7741409,55.92742639,60.33794261,59.86269198,55.22543092,41.56566662,51.65906263
801,68.10230763,65.77409819,56.1413412,60.33266018,59.90454713,55.30066351,41.56622616,51.34798839
802,68.09695603,65.77347563,55.96250029,60.32699459,59.93686048,55.24354426,41.55883932,51.36872667
803,68.09264888,65.77300658,55.90662214,60.32086552,59.86390355,55.22309492,41.55085291,51.14060556
804,68.08616117,65.7721695,55.7858177,60.31455692,59.85879129,55.17216002,41.53990753,51.28577354
805,68.08251546,65.77161792,55.86745386,60.30840351,59.83795229,55.20037642,41.53130384,51.36872667
806,68.0816577,65.77135063,55.93323191,60.30283987,59.90008985,55.23163553,41.52421441,51.24429697
807,68.07887674,65.77097406,55.84823046,60.29688936,59.8897095,55.19835181,41.51282551,51.5761095
808,68.07854738,65.77090428,56.05374216,60.29129049,59.84806568,55.24570813,41.5123927,51.09912899
809,68.07190736,65.77010229,55.72853279,60.28448416,59.75145517,55.184744,41.50252453,50.91248445
810,68.06650428,65.76962552,55.56781271,60.27725757,59.68284962,55.15848478,41.48226697,51.05765243
811,68.05896764,65.76866543,55.61320394,60.27029017,59.65145256,55.10249686,41.47094109,51.09912899
812,68.05637647,65.76865594,55.63060207,60.26352731,59.65291496,55.04407167,41.45891011,50.91248445
813,68.05196952,65.76798478,55.49370657,60.25633645,59.62636507,55.04438315,41.44614002,51.20282041
814,68.04871021,65.76730888,55.69927978,60.25002652,59.6797923,55.12240472,41.43829665,50.99543758
815,68.04355027,65.76686612,55.57926287,60.24305776,59.64422049,55.08915865,41.42428473,50.99543758
816,68.03838573,65.76629204,55.58423841,60.2364008,59.67455373,55.07143855,41.41268355,51.20282041
817,68.0347923,65.76575422,55.71352542,60.22984605,59.64495563,55.05899666,41.40433698,51.01617586
818,68.02934572,65.76492509,55.63183726,60.22310459,59.64381827,55.06402281,41.39431254,51.05765243
819,68.02937963,65.76486314,55.62776618,60.21630172,59.61479843,55.0561516,41.38158908,51.03691414
820,68.0255589,65.76440289,55.62441749,60.2100401,59.69223241,55.08348373,41.37180803,50.95396101
821,68.02199272,65.76407636,55.51222293,60.2029138,59.598807,55.03318126,41.36000277,50.93322273
822,68.01785324,65.76363645,55.5532971,60.19678691,59.723118,55.04954784,41.34866778,51.61758606
823,68.01790446,65.76358949,56.01599857,60.19177676,59.77639026,55.18997834,41.35668497,51.14060556
824,68.01461779,65.7629815,55.81499076,60.18595308,59.78656199,55.10716106,41.35239273,51.59684778
825,68.0153905,65.76272553,56.09427026,60.18152108,59.89477372,55.22292113,41.36033781,51.51389465
826,68.01428402,65.76246662,56.03243683,60.17631927,59.83236595,55.17171529,41.36857047,51.22355869
827,68.00934639,65.76180814,55.81748319,60.17074648,59.81455846,55.11157882,41.36614355,51.36872667
828,68.0068638,65.76121625,55.90026447,60.16560551,59.83553698,55.14732764,41.36454602,51.4516798
829,68.00552512,65.76105456,55.96123397,60.16081915,59.87915264,55.17183054,41.3682105,51.41020324
830,68.00429611,65.76069842,55.9851697,60.15582826,59.86932746,55.15889926,41.37176703,51.30651182
831,67.99832398,65.76012374,55.90254057,60.15066453,59.85755668,55.15584791,41.37058966,51.51389465
832,67.9969043,65.75997718,56.02930526,60.14607644,59.88812989,55.16466718,41.37439362,51.34798839
833,67.9934073,65.75960601,55.96421075,60.14113472,59.88433258,55.16261698,41.37417861,51.53463293
834,67.99275737,65.75942178,56.02345462,60.13642007,59.86614761,55.20415608,41.37675655,50.97469929
835,67.98638642,65.75861271,55.6821483,60.13077962,59.85048573,55.10994476,41.36559217,51.67980091
836,67.98529193,65.75860563,56.08386338,60.12647478,59.87309304,55.21796795,41.37465887,51.22355869
837,67.98263308,65.75800741,55.87263723,60.12122156,59.84298606,55.11639806,41.37061982,51.47241808
838,67.98102988,65.75789511,55.98723402,60.11660823,59.86507902,55.19870792,41.37343773,51.20282041
839,67.97698434,65.75726517,55.7779748,60.11084215,59.74989474,55.11450953,41.36923978,51.18208212
840,67.97300012,65.75700727,55.75114555,60.10550506,59.77167327,55.08014591,41.36176421,51.20282041
841,67.96966892,65.75653842,55.77209271,60.10027038,59.79011627,55.12512582,41.35749333,51.3272501
842,67.96673879,65.75632047,55.85165499,60.09519664,59.78476085,55.0991368,41.35708975,51.03691414
843,67.96132405,65.75580349,55.66552718,60.08984069,59.80804263,55.09042626,41.34787055,51.47241808
844,67.96070388,65.75557876,55.91795929,60.08491323,59.77097145,55.18067351,41.35280996,51.09912899
845,67.95586188,65.75497758,55.67394956,60.07906874,59.69764281,55.07638726,41.34169454,50.6014102
846,67.94848246,65.75392437,55.26872329,60.07170352,59.5389033,54.93621428,41.31953882,51.20282041
847,67.94568688,65.75370615,55.63619869,60.06613575,59.60247114,54.99084441,41.31382639,50.99543758
848,67.94220336,65.75331206,55.58526107,60.06052588,59.67299523,55.02902657,41.3046109,51.22355869
849,67.93852753,65.75296022,55.73553635,60.05573727,59.77533114,55.05571543,41.30559513,51.47241808
850,67.93770212,65.75298092,55.94063189,60.05080449,59.72521674,55.13460961,41.30857997,50.95396101
851,67.93229526,65.75219175,55.64596542,60.04466286,59.63530994,55.02392335,41.2971829,50.97469929
852,67.92817605,65.75160948,55.59549867,60.03854846,59.59047636,55.00961946,41.28729035,50.66362505
853,67.92400709,65.75087418,55.32409517,60.03150938,59.49427986,54.89181638,41.26894611,50.99543758
854,67.92034288,65.75046745,55.52423331,60.0256592,59.55422923,54.97091975,41.26072095,51.09912899
855,67.91872929,65.75039853,55.61272003,60.01994276,59.56973807,54.96584085,41.25522411,50.87100788
856,67.91459312,65.74993162,55.47994613,60.01329318,59.47670124,54.96158843,41.24456479,51.01617586
857,67.91119035,65.74962773,55.57626926,60.00765392,59.55894603,54.97319318,41.23984542,51.34798839
858,67.91045119,65.7494008,55.828767,60.00249283,59.58265487,55.10131996,41.24599534,50.78805475
859,67.90383493,65.74871063,55.42553131,59.99597085,59.51136105,54.92241477,41.23755324,50.93322273
860,67.90064956,65.74796884,55.56445286,59.99075161,59.65235069,54.96538941,41.22731215,51.28577354
861,67.89990716,65.7476411,55.75540015,59.98580483,59.66150022,55.04178711,41.22988186,51.30651182
862,67.89831903,65.74742123,55.86671587,59.98144759,59.75350195,55.08219457,41.23180895,51.4516798
863,67.89765557,65.74737825,55.93131503,59.97657868,59.66548264,55.08308765,41.23931649,50.82953131
864,67.8918323,65.74648818,55.51690675,59.97055811,59.59638855,54.93628939,41.22830311,51.07839071
865,67.8893755,65.74627442,55.58142016,59.96478173,59.53594729,54.90518034,41.22518743,50.64288677
866,67.88274066,65.74556592,55.32654594,59.95873904,59.5752491,54.88389051,41.2143444,51.47241808
867,67.88177856,65.74523127,55.83565078,59.95460969,59.68480562,55.00213718,41.2192744,51.30651182
868,67.87979952,65.74496828,55.82448878,59.94969556,59.64313229,55.03019775,41.22118171,51.09912899
869,67.87490402,65.7442964,55.71602213,59.94447982,59.62411101,55.03030442,41.21833416,50.78805475
870,67.86778959,65.74311349,55.43150837,59.93813978,59.50727472,54.92329322,41.20790668,50.91248445
871,67.86234601,65.74227393,55.45018322,59.93217641,59.47991635,54.91026788,41.2006441,50.74657818
872,67.85634412,65.74137936,55.35399758,59.9257797,59.43481269,54.87546603,41.19018275,50.8502696
873,67.8517299,65.74069412,55.41464091,59.92005321,59.49307029,54.88824904,41.18292939,50.68436333
874,67.84440003,65.73969717,55.25440889,59.9136948,59.4535848,54.89974104,41.17270861,51.22355869
875,67.8439703,65.73971428,55.62616994,59.90886178,59.54013724,54.98647958,41.17758434,50.95396101
876,67.83994186,65.73911387,55.48121406,59.90342098,59.54434722,54.93343084,41.17271499,51.20282041
877,67.83742242,65.73871435,55.71127913,59.89853431,59.56841401,55.03074335,41.17507302,50.99543758
878,67.83542737,65.73855828,55.60454727,59.89319067,59.55313557,54.96595077,41.1712982,51.09912899
879,67.83298613,65.73819566,55.64130865,59.88836347,59.60061366,54.95079914,41.17098498,51.14060556
880,67.83060801,65.73800123,55.61115923,59.88304039,59.52209075,54.96727905,41.16691845,50.58067192
881,67.82486486,65.73717267,55.26227704,59.87693927,59.50348852,54.88230778,41.15385697,51.01617586
882,67.82214316,65.7369723,55.51993986,59.87216308,59.59620067,54.9321767,41.1529529,51.14060556
883,67.8192602,65.73668365,55.63875512,59.86741148,59.60458137,54.93348245,41.15602567,51.30651182
884,67.816791,65.73620147,55.7929776,59.86361221,59.71606749,54.97378722,41.16256386,51.24429697
885,67.81530103,65.73588707,55.78456549,59.85919656,59.67543508,54.99669187,41.16923001,51.03691414
886,67.81332582,65.73556532,55.61012273,59.85419021,59.61092172,54.98850205,41.16747841,50.80879303
887,67.80948094,65.73505906,55.39166669,59.84862589,59.54481356,54.90841518,41.1613265,51.03691414
888,67.80612075,65.73466739,55.51904718,59.84352009,59.52669589,54.91377452,41.15509291,50.93322273
889,67.80254293,65.7343226,55.48762441,59.83785485,59.44925637,54.87987229,41.14820255,50.89174616
890,67.79748365,65.73374093,55.47290983,59.83229244,59.43901164,54.82878612,41.14282395,50.68436333
891,67.7926833,65.73301816,55.3732672,59.82657653,59.45968202,54.81771688,41.12969984,51.30651182
892,67.79067484,65.73291882,55.71899058,59.82210247,59.50531894,54.93719674,41.13591689,50.7258399
893,67.78756875,65.73254028,55.36708956,59.8168236,59.54170725,54.8343758,41.12485961,51.14060556
894,67.78376817,65.73205609,55.59351306,59.81202696,59.52351533,54.94476066,41.12791568,51.11986727
895,67.77960601,65.73175265,55.61822804,59.8079233,59.62927431,54.96081563,41.13489815,51.24429697
896,67.77674127,65.73146436,55.69711659,59.80297057,59.49757514,54.98990143,41.14065473,50.51845707
897,67.76941923,65.73072243,55.20925308,59.79674205,59.41820115,54.8495794,41.12577116,50.91248445
898,67.76713054,65.73045685,55.40734511,59.79171293,59.47196382,54.868224,41.12874653,50.91248445
899,67.76512848,65.73027755,55.47398405,59.78695379,59.53488928,54.91324171,41.12568899,51.05765243
900,67.76280569,65.72990776,55.48865076,59.78176481,59.44924988,54.87694642,41.12677535,50.82953131
901,67.75787439,65.72933441,55.44103207,59.77700339,59.53970803,54.85625932,41.12152243,51.18208212
902,67.75690383,65.72918871,55.6687392,59.77262899,59.54411294,54.90848484,41.12508952,51.01617586
903,67.75483801,65.7291467,55.52114196,59.76779113,59.50970454,54.85751566,41.12217993,50.7258399
904,67.75029686,65.72859529,55.38211015,59.76254976,59.50145038,54.74941907,41.11098224,51.09912899
905,67.74903044,65.72854559,55.61721168,59.75772329,59.46107712,54.79159704,41.11122792,50.66362505
906,67.74438571,65.72770821,55.3631581,59.75233927,59.46183269,54.79073209,41.10114773,51.18208212
907,67.74466813,65.72787241,55.6622901,59.74835095,59.55297891,54.86554096,41.10384279,50.89174616
908,67.74047911,65.72738714,55.4427311,59.74330785,59.4902535,54.82149419,41.09833179,50.91248445
909,67.73637381,65.72714055,55.44264332,59.73817752,59.43738893,54.8090261,41.0916763,50.70510162
910,67.73192999,65.72664513,55.27796351,59.73312223,59.47990741,54.83625491,41.08052566,51.20282041
911,67.7303367,65.72668429,55.61537881,59.7290584,59.52624948,54.88124084,41.08612203,50.91248445
912,67.72959094,65.72665992,55.49879243,59.72428574,59.50298796,54.86147699,41.08448988,51.22355869
913,67.73040592,65.72672887,55.64729412,59.72032674,59.54049758,54.88738147,41.09244059,50.68436333
914,67.727479,65.72652916,55.32306927,59.71519668,59.50253849,54.81420441,41.07846689,51.05765243
915,67.72401498,65.72610883,55.51682156,59.71109462,59.554977,54.87050387,41.08067516,51.14060556
916,67.72257441,65.72594786,55.6596211,59.70751393,59.64023236,54.91668641,41.08402824,51.34798839
917,67.72214636,65.72591337,55.81711353,59.70407218,59.6408027,54.95915748,41.09274048,51.18208212
918,67.72183997,65.72587209,55.73255502,59.69991708,59.56164837,54.89913262,41.0965318,50.8502696
919,67.71797727,65.72514936,55.47706874,59.69512542,59.50280448,54.8573896,41.09022877,50.8502696
920,67.71443603,65.72492383,55.40011208,59.68994307,59.40847734,54.80410717,41.08987416,50.80879303
921,67.71286728,65.72464308,55.34169488,59.68423024,59.287267,54.76544166,41.08509198,50.47698051
922,67.70611331,65.72380696,55.18035123,59.67874651,59.35636092,54.71429368,41.06921368,51.11986727
923,67.70655983,65.72396908,55.57289979,59.67453895,59.42368606,54.88176558,41.0706731,51.05765243
924,67.70461239,65.72383603,55.6483344,59.67025814,59.45332764,54.87883189,41.0748334,50.91248445
925,67.70255158,65.72342937,55.50498891,59.66537724,59.4010052,54.80517799,41.07466992,50.64288677
926,67.69685256,65.72280512,55.30735135,59.66000047,59.36372724,54.78131465,41.06375532,50.7258399
927,67.69289831,65.72231553,55.37007255,59.65488432,59.36356351,54.81939556,41.05638941,50.80879303
928,67.69194856,65.72202003,55.40423264,59.65047113,59.45337436,54.80014111,41.05117648,51.34798839
929,67.69127445,65.72198145,55.78025697,59.64757093,59.59726015,54.96928611,41.06178672,51.18208212
930,67.69069698,65.72209053,55.73352585,59.64416622,59.61745539,54.90259747,41.06494012,51.24429697
931,67.689514,65.72194992,55.74859925,59.63998906,59.47718976,54.91759886,41.07447174,50.47698051
932,67.6816639,65.72101836,55.17506878,59.63454644,59.40504701,54.70544759,41.05944119,51.26503526
933,67.68090988,65.72102596,55.65553969,59.63113193,59.49623384,54.84385454,41.06822279,50.93322273
934,67.67879623,65.72076491,55.57038051,59.62707679,59.5168281,54.83212587,41.06391272,51.03691414
935,67.67617943,65.72047934,55.61946095,59.62282449,59.46139472,54.86876814,41.06449455,50.93322273
936,67.67544289,65.72023806,55.5338348,59.61819206,59.39879155,54.81185677,41.06666984,50.64288677
937,67.67200284,65.71975957,55.30197203,59.61293797,59.34049373,54.81120664,41.05689966,50.53919535
938,67.66870907,65.71925931,55.17139796,59.60780087,59.35725789,54.70422001,41.04559592,50.8502696
939,67.66617467,65.71885171,55.3465963,59.60355909,59.42655548,54.77103845,41.04306263,51.24429697
940,67.66551095,65.71884613,55.70684966,59.60036943,59.52395222,54.8750516,41.0512417,51.26503526
941,67.668675,65.71906821,55.81011548,59.5978674,59.67354586,54.93551826,41.05344148,51.20282041
942,67.66693817,65.71894432,55.74088989,59.59459105,59.62454977,54.94949065,41.0600612,51.16134384
943,67.66341994,65.71853386,55.6934311,59.59125391,59.60137593,54.88763261,41.06094356,51.36872667
944,67.66381055,65.71869544,55.84353429,59.58839867,59.61160139,54.91292823,41.06925379,50.93322273
945,67.66211137,65.71860036,55.58136854,59.58399453,59.47101077,54.83858681,41.06741801,50.82953131
946,67.65808084,65.71801615,55.46554721,59.58049571,59.58443837,54.83083955,41.06289775,51.30651182
947,67.65721073,65.71801802,55.72627282,59.57763985,59.61277473,54.93714571,41.07187996,51.09912899
948,67.65505336,65.71775126,55.66241626,59.57437125,59.60932055,54.85410717,41.07184171,51.03691414
949,67.65144221,65.71732963,55.58795964,59.57052163,59.5213738,54.84801359,41.07090092,51.05765243
950,67.64983991,65.71690004,55.59541173,59.56672412,59.48091924,54.8424691,41.07239507,50.66362505
951,67.64721658,65.71665008,55.37148129,59.56258438,59.50838833,54.75471897,41.06149507,51.34798839
952,67.64930381,65.7167466,55.75371126,59.55952775,59.51526395,54.86598948,41.06922754,50.97469929
953,67.64694785,65.71644486,55.56514353,59.5557178,59.48982514,54.81683341,41.07000323,50.95396101
954,67.6442616,65.71625983,55.52957368,59.55180613,59.46486448,54.81580231,41.06795923,51.18208212
955,67.64235238,65.71601564,55.66771822,59.54867871,59.51931658,54.83441905,41.06885305,51.16134384
956,67.6402362,65.71579276,55.70670111,59.54495204,59.44855753,54.83300768,41.07574355,50.41476566
957,67.63316117,65.71511787,55.14638052,59.53935027,59.30067555,54.66830642,41.05818465,50.6014102
958,67.62827035,65.71442057,55.1370752,59.53428333,59.26959449,54.6833698,41.04880001,50.55993364
959,67.6244132,65.71402483,55.08778634,59.52910505,59.24447351,54.67891738,41.03782585,50.66362505
960,67.62099513,65.71356575,55.14668023,59.5246529,59.32297882,54.69676854,41.03137094,51.07839071
961,67.62073644,65.71358412,55.47950792,59.52137963,59.44016433,54.81132273,41.0357473,50.89174616
962,67.6195472,65.71339387,55.41966204,59.51733335,59.40714536,54.83934085,41.03623519,50.95396101
963,67.61742399,65.71320353,55.48918741,59.51382193,59.46207277,54.85979869,41.03652291,51.14060556
964,67.61684831,65.71314752,55.62763177,59.51061622,59.48452435,54.87329471,41.0395901,50.87100788
965,67.61487771,65.71293661,55.49427113,59.50658516,59.42503009,54.82117176,41.03724854,50.91248445
966,67.61229419,65.71266026,55.47059333,59.50273977,59.41510048,54.8083711,41.03419902,50.80879303
967,67.60821752,65.71211623,55.44095823,59.49900144,59.45266947,54.80821412,41.03188986,51.16134384
968,67.60811527,65.712062,55.60709613,59.49561535,59.43231681,54.82095558,41.03955259,50.80879303
969,67.60480597,65.71169389,55.39793953,59.49146629,59.38739966,54.78805555,41.03813922,50.93322273
970,67.60535349,65.71171699,55.4386493,59.48764212,59.38383598,54.75725713,41.03916406,50.64288677
971,67.60149925,65.71106364,55.23096202,59.48291801,59.30623838,54.68828254,41.02645959,50.68436333
972,67.59813799,65.7106209,55.23841886,59.47819197,59.25658015,54.67735135,41.0189458,50.74657818
973,67.59265722,65.7100944,55.30568815,59.47426583,59.34900633,54.70896521,41.0166886,50.95396101
974,67.58954232,65.70962871,55.43904492,59.47049099,59.35471825,54.77361137,41.02003924,50.87100788
975,67.58675398,65.70924686,55.46189747,59.46717833,59.45363691,54.76202897,41.01773306,51.07839071
976,67.58494837,65.70916894,55.54786167,59.46423497,59.50079899,54.87723184,41.02180969,51.24429697
977,67.58523351,65.70923652,55.75647969,59.46246762,59.67037537,54.93503209,41.0280874,51.34798839
978,67.58485064,65.70917824,55.82795371,59.46001763,59.5999119,54.91739839,41.03783724,50.95396101
979,67.5839391,65.70920327,55.53706902,59.45635215,59.46932758,54.78181653,41.03815056,50.91248445
980,67.58063148,65.70864842,55.48805082,59.45221966,59.3414118,54.74140966,41.03697007,50.49771879
981,67.57507346,65.70798531,55.20219377,59.4474054,59.2797091,54.63599007,41.02385557,50.82953131
982,67.57261328,65.7075544,55.38028998,59.44375701,59.35469651,54.75295857,41.02500154,51.03691414
983,67.57076657,65.70739146,55.53358143,59.44084257,59.45217086,54.79343247,41.02997151,51.11986727
984,67.56989399,65.70745954,55.61353759,59.43748577,59.39651663,54.82886143,41.03326317,50.70510162
985,67.56657136,65.70698476,55.31506802,59.43318932,59.32139371,54.73643036,41.0254509,50.66362505
986,67.56383551,65.70655374,55.26423406,59.42932578,59.36707636,54.66724393,41.01190539,50.95396101
987,67.56266164,65.70629573,55.41565447,59.42556093,59.32534177,54.75025858,41.00898361,50.49771879
988,67.55878541,65.70567622,55.13672218,59.42078912,59.25690468,54.64371466,40.99874173,50.47698051
989,67.55475578,65.70507621,55.0511442,59.41526098,59.10224433,54.54746253,40.98752874,50.6014102
990,67.55165391,65.70483752,55.12603334,59.41135149,59.26738475,54.62776662,40.97824032,51.20282041
991,67.55298988,65.70476758,55.5809697,59.40876259,59.39578815,54.76433648,40.98734749,51.07839071
992,67.55163136,65.70469036,55.64948881,59.40605219,59.46197932,54.82704644,40.99253192,51.11986727
993,67.5499907,65.70438679,55.64235468,59.40269856,59.36875804,54.79386967,40.99819836,50.33181253
994,67.5437867,65.70377751,55.07532642,59.39741934,59.2128647,54.60474414,40.9797751,50.43550394
995,67.539105,65.70303504,55.04716351,59.39269035,59.20412922,54.56668561,40.96576248,50.89174616
996,67.53835366,65.70276185,55.32093032,59.3889028,59.23300983,54.67687159,40.9649395,50.80879303
997,67.53547118,65.70245148,55.37650355,59.38535904,59.30516508,54.67399939,40.96517119,50.62214849
998,67.53064116,65.70181922,55.22255863,59.38125729,59.29093838,54.66221847,40.96008616,51.09912899
999,67.52975497,65.70184883,55.5295963,59.37842995,59.36747245,54.72123644,40.97166344,51.03691414
1000,67.52803107,65.70162422,55.52839686,59.37519916,59.3478362,54.75808825,40.97535022,50.76731647
1001,67.52606879,65.70141847,55.31140353,59.37103742,59.25272315,54.70246193,40.97247824,50.51845707
1002,67.5213599,65.70091332,55.15141087,59.36672276,59.24656724,54.63827477,40.9621429,50.97469929
1003,67.52111588,65.70084164,55.42272493,59.36348522,59.29958708,54.69538989,40.96748821,50.49771879
1004,67.5185725,65.70045817,55.16713655,59.3591033,59.25642363,54.63953103,40.95927686,50.64288677
1005,67.51549397,65.69971694,55.19154708,59.35438873,59.13894283,54.61567215,40.95629134,50.47698051
1006,67.5114405,65.69925669,55.1263815,59.35042037,59.24972986,54.61075619,40.9434982,51.30651182
1007,67.51182166,65.69933521,55.71672608,59.34886589,59.47697561,54.78886268,40.96022432,50.97469929
1008,67.50947115,65.69904464,55.56197699,59.34609625,59.46166576,54.78405904,40.96820334,50.97469929
1009,67.50697393,65.69880725,55.53839584,59.3437005,59.51550317,54.77201389,40.97285932,51.34798839
1010,67.5074734,65.69873176,55.75522605,59.34158229,59.48359089,54.82995027,40.99000233,51.03691414
1011,67.50524089,65.69843487,55.64105929,59.3387574,59.43149692,54.79967372,40.99628027,50.89174616
1012,67.5022129,65.69816671,55.52709416,59.33588967,59.43813998,54.73730867,40.99762465,51.20282041
1013,67.50207108,65.69828202,55.7132965,59.33386944,59.49770368,54.85699652,41.00577854,51.18208212
1014,67.49925128,65.69795535,55.69125974,59.33138389,59.4495668,54.79716306,41.01339022,50.97469929
1015,67.49659756,65.6975804,55.52822929,59.32880722,59.46598091,54.75486334,41.0125993,51.01617586
1016,67.49332822,65.6972713,55.55597877,59.32611292,59.44019746,54.7643404,41.01638913,50.95396101
1017,67.49003818,65.69692053,55.52522723,59.32322605,59.4106049,54.70772208,41.01810199,50.8502696
1018,67.48893679,65.69671566,55.41843845,59.31989639,59.34782402,54.70380426,41.01658046,50.6014102
1019,67.48313903,65.69600166,55.21761768,59.31623148,59.32877054,54.65986897,41.00816545,51.01617586
1020,67.48023586,65.69565203,55.46712374,59.31370822,59.39790094,54.72412085,41.01026363,50.78805475
1021,67.47745599,65.69542933,55.37888161,59.30994851,59.28040798,54.66196157,41.00841984,50.8502696
1022,67.47745275,65.69530962,55.38895614,59.30707997,59.35727331,54.67537597,41.00724124,51.05765243
1023,67.4774018,65.69523355,55.50928758,59.30391441,59.28428753,54.74440221,41.01138541,50.49771879
1024,67.47241548,65.69458248,55.12501934,59.29979569,59.23955048,54.63030522,41.00163028,50.91248445
1025,67.47176875,65.69435633,55.38500285,59.29702107,59.32904365,54.61443795,41.00256135,50.78805475
1026,67.47114783,65.69414685,55.35440211,59.2933586,59.25143134,54.61904387,40.99778996,50.45624222
1027,67.46614499,65.69353111,55.08458284,59.28868294,59.13512395,54.5535368,40.98412094,50.7258399
1028,67.46344041,65.6930777,55.26814352,59.28584183,59.31261945,54.65198668,40.98111474,51.03691414
1029,67.4640379,65.69310211,55.46691546,59.28265278,59.24629489,54.67262995,40.98546746,50.49771879
1030,67.46024589,65.69263256,55.11996982,59.27821817,59.15039888,54.56517679,40.97430009,50.64288677
1031,67.45949853,65.69271221,55.1970374,59.27472611,59.22417262,54.59732766,40.96739615,50.78805475
1032,67.45597412,65.69224687,55.32159217,59.27181594,59.31227495,54.6579549,40.96691444,50.97469929
1033,67.45655736,65.69216087,55.4655484,59.26927687,59.36075141,54.68653535,40.96804935,51.03691414
1034,67.45356988,65.69182431,55.5211675,59.26678507,59.37005237,54.74661851,40.97353906,50.78805475
1035,67.4512789,65.69156472,55.39036456,59.26373961,59.34522436,54.68679137,40.97030581,50.89174616
1036,67.450473,65.69158093,55.42852939,59.26056969,59.2839015,54.66221809,40.97028434,50.70510162
1037,67.44781337,65.69127579,55.29663739,59.25726936,59.28311676,54.61715331,40.97011311,50.51845707
1038,67.44445967,65.69095735,55.07651738,59.2531633,59.19595765,54.61264528,40.96219938,50.66362505
1039,67.44182954,65.69057903,55.14044155,59.24919547,59.13814279,54.60320522,40.95936693,50.62214849
1040,67.43877888,65.69009419,55.1632561,59.24541765,59.15184304,54.59228135,40.95269828,50.78805475
1041,67.43850027,65.68987108,55.32048058,59.24260573,59.27062041,54.61360478,40.95106053,51.03691414
1042,67.43824966,65.68993521,55.4859972,59.24009672,59.30284932,54.71198527,40.95618054,50.70510162
1043,67.43688327,65.68979615,55.29819786,59.23731838,59.36059096,54.60602877,40.95270535,51.14060556
1044,67.43851454,65.69004281,55.58456285,59.23533773,59.40114652,54.75228779,40.96286596,50.53919535
1045,67.43448213,65.68959046,55.19616664,59.23171496,59.30352714,54.57861689,40.95620937,50.93322273
1046,67.43502605,65.68976651,55.42951134,59.22907161,59.31516423,54.68593935,40.95814247,50.76731647
1047,67.43209623,65.6891666,55.31935932,59.22581648,59.25913061,54.62383167,40.9560765,50.7258399
1048,67.42891092,65.68867803,55.29099059,59.2227017,59.26533582,54.58323506,40.95460447,51.03691414
1049,67.42914299,65.68863344,55.49406692,59.22067474,59.3641953,54.6869699,40.9591344,51.03691414
1050,67.42853396,65.68861699,55.55433286,59.21843696,59.37110535,54.67281759,40.96677074,51.03691414
1051,67.42886973,65.68870717,55.5853819,59.21654322,59.42965203,54.68104297,40.97212169,51.16134384
1052,67.42964431,65.68876277,55.67836768,59.21451458,59.39936355,54.73082871,40.9786427,50.58067192
1053,67.42476275,65.68815599,55.21687957,59.21054251,59.21564295,54.57392124,40.9674673,50.47698051
1054,67.42009283,65.68749049,55.07371003,59.20665011,59.17050496,54.54134859,40.95438269,50.6014102
1055,67.41656345,65.68705054,55.14459886,59.20320167,59.18763902,54.62426459,40.94765362,50.8502696
1056,67.41616683,65.6870129,55.27201764,59.20009906,59.18532187,54.64136965,40.94981898,50.49771879
1057,67.41377569,65.68640122,55.13335504,59.1961867,59.14017573,54.54838373,40.94065641,50.74657818
1058,67.41431606,65.68655943,55.28070026,59.19353277,59.26001231,54.53488922,40.93877735,51.18208212
1059,67.41536031,65.68683433,55.66153722,59.19217888,59.41097857,54.70468973,40.9489587,50.99543758
1060,67.41322483,65.68663003,55.54977463,59.1900447,59.39544372,54.67867988,40.95469098,50.68436333
1061,67.41003723,65.68645534,55.3081456,59.18700186,59.31741084,54.56500973,40.9532045,51.09912899
1062,67.4105458,65.68658046,55.54762931,59.18500378,59.3420407,54.65567275,40.95984896,50.58067192
1063,67.40827382,65.68626537,55.2540729,59.18144756,59.23033721,54.58094912,40.95241809,50.53919535
1064,67.40669164,65.68601402,55.14269672,59.17793543,59.19709461,54.56805567,40.94575198,50.89174616
1065,67.40571384,65.68593561,55.39842708,59.1757074,59.2987744,54.68661845,40.94396831,50.82953131
1066,67.40417295,65.68573436,55.3682864,59.17318382,59.31066949,54.6709364,40.94177284,51.07839071
1067,67.4036277,65.68548224,55.5900896,59.17136432,59.36568515,54.72017059,40.94919376,50.93322273
1068,67.40193238,65.68525193,55.47019078,59.1687449,59.2937572,54.6713164,40.95074853,50.62214849
1069,67.39959266,65.68483829,55.21893002,59.16510471,59.1731409,54.57931067,40.94408963,50.39402737
1070,67.394761,65.68431535,55.02410808,59.16145038,59.17527889,54.51632149,40.93211451,50.74657818
1071,67.39330295,65.68425826,55.23468684,59.15865657,59.22026174,54.60353687,40.92910061,50.76731647
1072,67.39230488,65.68415721,55.31219056,59.1562607,59.29927074,54.63527377,40.92771109,51.30651182
1073,67.3942606,65.68448359,55.74949793,59.15546918,59.45494667,54.75695973,40.94271034,50.89174616
1074,67.39222422,65.68422852,55.49488889,59.15256476,59.28134657,54.65826298,40.94651747,50.64288677
1075,67.38797892,65.68369642,55.27955616,59.14970206,59.27388931,54.60230521,40.94628033,50.58067192
1076,67.3839197,65.68305961,55.19761021,59.14607311,59.15794543,54.58426248,40.93682106,50.62214849
1077,67.38068995,65.6826522,55.17815055,59.14328596,59.23270318,54.59219691,40.93277309,50.82953131
1078,67.3798222,65.68269227,55.33665787,59.14081125,59.25826523,54.59891797,40.93537286,50.95396101
1079,67.37967932,65.68270156,55.44397201,59.13855803,59.27217536,54.60773602,40.9392524,50.87100788
1080,67.37735145,65.68234996,55.45297599,59.13624503,59.28967072,54.63652954,40.93919181,50.66362505
1081,67.37487941,65.682208,55.25921033,59.13316744,59.2237042,54.54702092,40.93412446,50.49771879
1082,67.37107013,65.6817042,55.08788183,59.1291472,59.07805466,54.48447701,40.92367156,50.20738283
1083,67.36554618,65.68096222,54.81581566,59.12465778,59.01182994,54.46005902,40.90581828,50.45624222
1084,67.3641657,65.68078422,54.90318022,59.1208427,59.02646577,54.52107019,40.89727816,50.55993364
1085,67.35990935,65.6803198,55.0646509,59.11784319,59.13683785,54.5296417,40.89201049,50.78805475
1086,67.3573146,65.67988448,55.32292119,59.11555903,59.24030293,54.60248738,40.89024101,50.80879303
1087,67.35649524,65.67980014,55.35281667,59.11292564,59.21859565,54.59763352,40.88831177,50.74657818
1088,67.3568783,65.67990612,55.29395258,59.10978668,59.13890431,54.53530015,40.88550534,50.47698051
1089,67.35382281,65.67947791,55.05126748,59.1060281,59.07071648,54.47616725,40.87802714,50.16590626
1090,67.34840519,65.67870553,54.81146131,59.10136954,58.97023795,54.38523259,40.86168476,50.26959768
1091,67.34285371,65.67802087,54.81855354,59.09738413,59.00779027,54.40676092,40.85282838,50.7258399
1092,67.34117549,65.67780503,55.12376677,59.09455627,59.09031646,54.53251505,40.85223764,50.68436333
1093,67.3395445,65.6776849,55.19902138,59.09164222,59.12178161,54.53687252,40.84804669,50.78805475
1094,67.33897725,65.67761632,55.33972091,59.08939101,59.21630121,54.60851805,40.84677104,50.7258399
1095,67.33815166,65.67743798,47.05559031,59.08619305,59.11225288,52.97201937,40.84632916,50.22812111
1096,67.33284207,65.67685371,45.17299735,59.08089008,58.84597492,52.48827353,40.8319858,49.56449606
1097,67.32434204,65.67556793,43.58786189,59.07322412,58.50755762,52.03805846,40.79881845,48.85939444
1098,67.31140069,65.67399092,42.39981124,59.06350437,58.20069432,51.67321052,40.75178446,48.71422646
1099,67.30148614,65.6726832,41.73174665,59.05347838,58.04712495,51.46309511,40.70293719,49.10825384
1100,67.2944965,65.67169112,41.46448835,59.04470653,58.07610071,51.39755679,40.66306847,48.98382414
1101,67.28445324,65.67028868,41.15317842,59.03544518,58.0333891,51.31733496,40.62641362,48.48610535
1102,67.27371471,65.66873976,40.86873048,59.02483197,57.91278267,51.18923656,40.5693215,48.98382414
1103,67.26668603,65.66786801,40.96427648,59.01570553,57.96457967,51.20166474,40.53154447,48.63127333
1104,67.2580856,65.66669246,40.82070977,59.00563734,57.9178308,51.17349341,40.48410125,48.56905848
1105,67.24995631,65.6655245,40.67753576,58.99509406,57.8249117,51.11345866,40.43554166,48.81791788
1106,67.24408669,65.66474947,40.7249517,58.98583013,57.92000934,51.07772682,40.40462166,48.85939444
1107,67.23606034,65.66346592,40.73309678,58.97658921,57.94690345,51.12341639,40.37222818,48.90087101
1108,67.23122951,65.6629592,40.77177389,58.96753735,57.97121243,51.11487797,40.33735683,48.73496474
1109,67.22470236,65.66220557,40.71236314,58.95800377,57.93643382,51.07786671,40.30152742,48.75570303
1110,67.21914732,65.66156976,40.73871067,58.94845247,57.90593651,51.08372283,40.2670146,48.69348818
1111,67.21303041,65.66090348,40.7009357,58.93861938,57.85267714,51.05723618,40.23373829,48.90087101
1112,67.20999729,65.66048504,40.68677155,58.92966201,57.91188949,51.09230972,40.20777745,48.44462878
1113,67.20234167,65.65944665,40.53964907,58.9196059,57.86953583,50.97158442,40.16712214,48.81791788
1114,67.1995452,65.65901122,40.61504007,58.91043619,57.88789678,50.99832248,40.14140565,48.88013273
1115,67.19544446,65.65853734,40.56656218,58.90166904,57.93954946,51.04379633,40.12005884,48.46536707
1116,67.18772885,65.65755099,40.32890411,58.89110803,57.76682525,50.93598122,40.08501804,48.50684363
1117,67.18179577,65.65690459,40.39261696,58.88129927,57.79812892,50.97597808,40.05048284,48.69348818
1118,67.17790384,65.65654389,40.39894665,58.8722164,57.87370652,50.97802398,40.02328692,48.90087101
1119,67.17544221,65.65632685,40.47382346,58.86339759,57.88597517,50.99060466,40.00062626,48.63127333
1120,67.16988525,65.65561099,40.47764286,58.85347775,57.77188205,50.98067388,39.97145233,48.21650767
1121,67.16294562,65.65481242,40.24764092,58.84266396,57.67345979,50.89978098,39.93245842,48.48610535
1122,67.15617921,65.65402953,40.31339906,58.83217887,57.60319472,50.92909593,39.90340074,48.27872252
1123,67.14932195,65.65314183,40.13065828,58.82150347,57.58922048,50.83769695,39.87146461,48.4238905
1124,67.14542534,65.65268481,40.12645002,58.81121813,57.59961248,50.84370648,39.84346858,48.44462878
1125,67.14039437,65.65176605,40.08228875,58.7999013,57.41789778,50.80974719,39.81415692,47.71878888
1126,67.13000832,65.65055312,39.85732108,58.78784582,57.39752143,50.70819257,39.77441773,48.21650767
1127,67.12450697,65.64981741,39.92053065,58.77745964,57.52332016,50.75574772,39.74713803,48.32019909
1128,67.11958405,65.64936708,40.05230173,58.76722307,57.56965444,50.78638848,39.72424269,48.4238905
1129,67.11504003,65.64904095,40.10466807,58.75706628,57.56490966,50.79274461,39.70316397,48.13355454
1130,67.1093873,65.64814944,40.01102945,58.74530813,57.36354881,50.71809619,39.67367976,47.5736209
1131,67.10059415,65.6470552,39.74696196,58.73294877,57.31265305,50.63838871,39.62875657,48.23724596
1132,67.09637001,65.64622254,39.87752384,58.72210488,57.35459426,50.69779585,39.60413213,48.13355454
1133,67.0883364,65.64520024,39.93112558,58.7117688,57.47603191,50.71902505,39.57766035,48.07133969
1134,67.08268399,65.64452483,40.01036144,58.70101717,57.46795303,50.72174022,39.55160511,48.09207798
1135,67.0775684,65.64384651,40.052543,58.68959902,57.33699527,50.65520177,39.52662689,47.73952717
1136,67.06916499,65.64258975,39.92940898,58.6774338,57.23951524,50.55925223,39.49270546,47.6980506
1137,67.06253494,65.64182913,39.86657327,58.66493382,57.1419179,50.56282816,39.45611888,47.8224803
1138,67.05987421,65.64159805,39.8026168,58.6533384,57.20717522,50.53538536,39.42601514,47.88469515
1139,67.05468092,65.64070552,39.73242641,58.64186241,57.22731264,50.5068432,39.39507318,47.61509747
1140,67.04851422,65.64012258,39.64935352,58.62966862,57.17657939,50.46539059,39.36106976,47.65657404
1141,67.04103552,65.63892606,39.55149424,58.61732621,57.1095548,50.46175323,39.33042075,47.8224803
1142,67.0366522,65.63839056,39.56605588,58.60550115,57.11207846,50.44782282,39.30906494,47.32476151
1143,67.02813024,65.63722901,39.33711044,58.5926155,57.05734211,50.33826288,39.27003972,47.8224803
1144,67.02336727,65.63660804,39.54964795,58.58142658,57.17323188,50.45242093,39.24877533,47.78100373
1145,67.01657527,65.63572911,39.53253145,58.56999076,57.18343686,50.3856942,39.22389977,47.98838656
1146,67.01194739,65.63501893,39.65128337,58.5590911,57.21000801,50.43305265,39.20633685,47.76026545
1147,67.0023147,65.63391872,39.65463883,58.54755137,57.1666042,50.44333894,39.18008294,47.59435919
1148,66.99122272,65.63215216,39.60811965,58.53544482,57.08801674,50.40340769,39.1565321,47.42845292
1149,66.97975031,65.6306608,39.41943402,58.52275954,56.99123184,50.36407687,39.12911919,47.55288262
1150,66.97135914,65.6297265,39.39894232,58.51095993,57.05110513,50.35469745,39.10673454,47.55288262
1151,66.96298503,65.62875978,39.4944562,58.49871221,56.99178077,50.36752667,39.08153021,47.59435919
1152,66.95521555,65.62778,39.55664788,58.48723186,57.07160036,50.34926708,39.06116084,47.76026545
1153,66.95034732,65.62717302,39.6856974,58.47622687,57.13217155,50.41151994,39.04709804,47.6980506
1154,66.94291857,65.62610614,39.62638289,58.46374833,56.92048126,50.32751478,39.02600877,46.70261302
1155,66.93083215,65.62441165,39.20733882,58.45002012,56.87424834,50.15272623,38.98132889,47.46992949
1156,66.92627805,65.62339593,39.2183428,58.43757103,56.85246104,50.16174329,38.96511156,47.20033181
1157,66.91266106,65.62145483,39.22099698,58.42455894,56.80934606,50.14304394,38.9368329,47.26254666
1158,66.90153904,65.62014734,39.20679592,58.41210322,56.85500351,50.14366693,38.91264619,47.42845292
1159,66.89289845,65.61892783,39.32850498,58.40029014,56.92803159,50.20962989,38.89119595,47.28328494
1160,66.88323607,65.61776217,39.42476979,58.38795293,56.90039077,50.20674758,38.8688649,47.28328494
1161,66.87518595,65.6167453,39.31811845,58.37560211,56.87233743,50.20692964,38.84715553,47.46992949
1162,66.8691086,65.61568244,39.25461566,58.36289311,56.73966993,50.12737895,38.82885055,46.74408959
1163,66.85828693,65.61471615,38.88833829,58.34859262,56.598035,49.98823354,38.79276613,46.90999585
1164,66.84876687,65.61326375,38.86220926,58.33494977,56.58969257,49.94389507,38.7621414,46.86851929
1165,66.83834847,65.61164471,38.87240293,58.321191,56.56791467,50.00650551,38.72723027,46.88925757
1166,66.82826805,65.61021257,38.72694757,58.30697334,56.46210325,49.9841459,38.69792794,46.76482787
1167,66.82038671,65.60901465,38.68840899,58.29270495,56.42935055,49.94616404,38.66483448,46.72335131
1168,66.80778735,65.60744132,38.56897064,58.27845653,56.41717691,49.86941931,38.63708411,46.57818333
1169,66.79766319,65.60615039,38.52079425,58.26430721,56.45678426,49.83403397,38.60307285,46.78556616
1170,66.78804872,65.60504311,38.62543636,58.24972468,56.33133266,49.82301374,38.57881615,46.20489423
1171,66.77584121,65.60369055,38.44312823,58.23505014,56.4037591,49.7597766,38.53869511,46.847781
1172,66.77109926,65.60295847,38.65911703,58.2212667,56.39901159,49.85036014,38.52239941,46.74408959
1173,66.7627166,65.60180933,38.60692347,58.20773086,56.45048396,49.86329273,38.49876689,46.72335131
1174,66.75322013,65.6002673,38.60908525,58.19384631,56.40942872,49.8354018,38.47644926,46.51596848
1175,66.74497303,65.59921604,38.46894943,58.18016885,56.46953523,49.80952764,38.43908768,47.20033181
1176,66.74095461,65.59867866,38.66688174,58.16786549,56.52972891,49.85401832,38.43021309,46.78556616
1177,66.73441973,65.59769921,38.63373744,58.15423414,56.43443039,49.83183288,38.41394579,46.64039818
1178,66.72396118,65.59628696,38.5552463,58.14050484,56.40289942,49.80710819,38.38932372,46.3708005
1179,66.71346054,65.59489177,38.50283066,58.12607199,56.33047144,49.7742883,38.35719332,46.76482787
1180,66.70514893,65.59353005,38.63682091,58.11259736,56.33983017,49.79526234,38.33602042,46.57818333
1181,66.6974339,65.5925067,38.61512003,58.09926737,56.40680545,49.79989146,38.31493604,46.70261302
1182,66.6911881,65.59155445,38.71813044,58.08558074,56.33108633,49.83190208,38.3011278,46.32932393
1183,66.67831571,65.58995256,38.52346987,58.07073191,56.19293112,49.73868417,38.26947801,46.57818333
1184,66.67146825,65.58893698,38.49394134,58.05715982,56.26766161,49.71932332,38.25092176,46.51596848
1185,66.66255111,65.58767458,38.49392932,58.04313044,56.2284584,49.74172055,38.23260601,46.32932393
1186,66.65168102,65.5862456,38.3930308,58.02801555,56.06813021,49.67341203,38.20919596,46.18415595
1187,66.63936908,65.5845371,38.23081908,58.01380319,56.1725265,49.54419339,38.18156795,46.41227706
1188,66.62959479,65.58340133,38.2955043,57.99968458,56.16060419,49.59458264,38.1627047,46.35006221
1189,66.61974079,65.58224584,38.30696923,57.98545845,56.13852668,49.55141273,38.14102886,46.20489423
1190,66.60945069,65.58109969,38.24962779,57.97062657,56.05436266,49.5273091,38.11433871,45.87308171
1191,66.59377205,65.57903355,38.10434469,57.95517109,55.99046648,49.46075522,38.08088495,46.49523019
1192,66.58684685,65.57817239,38.34722399,57.94203227,56.1687627,49.56366768,38.06745798,46.47449191
1193,66.57869399,65.57698894,38.41604606,57.9282098,56.12546733,49.54368556,38.04973445,46.26710908
1194,66.56854633,65.57535839,38.35029238,57.91433712,56.14094303,49.53607133,38.02861081,46.3708005
1195,66.56019022,65.57438483,38.39931091,57.90075042,56.1561194,49.5517619,38.01134197,46.45375363
1196,66.55353005,65.57361562,38.37947419,57.88696594,56.09461678,49.55628053,37.99761513,46.01824969
1197,66.54091742,65.57161639,38.21656552,57.87219506,56.00776155,49.46116897,37.97557212,46.2463708
1198,66.52987133,65.57007788,38.20753842,57.85833448,56.0511137,49.49712169,37.95857755,46.47449191
1199,66.52489366,65.56933714,38.35383642,57.84461235,56.01867028,49.51919478,37.94579789,46.2463708
1200,66.51422038,65.56802275,38.21064445,57.83005325,55.9126494,49.44469886,37.92770475,45.76939029
1201,66.50222042,65.56626329,38.05916344,57.81439691,55.80005005,49.35188143,37.89764129,45.72791373
1202,66.49038337,65.56454777,37.99250009,57.79896326,55.78330225,49.32613761,37.86593328,46.18415595
1203,66.48152751,65.56340097,38.18879369,57.78513241,55.9082878,49.38692955,37.85112933,46.30858565
1204,66.4731857,65.5621237,38.29346763,57.77097365,55.86241654,49.37833576,37.83603228,45.62422231
1205,66.462731,65.5605929,37.95532112,57.75538513,55.77217409,49.26312722,37.80409137,45.74865201
1206,66.45073739,65.55876245,37.80380967,57.73987233,55.69846932,49.25372994,37.77551083,45.91455827
1207,66.44222722,65.55763787,37.83306587,57.72482682,55.68663278,49.22319913,37.75510935,45.62422231
1208,66.43152922,65.55599493,37.79847912,57.70953547,55.70593652,49.20245779,37.72395531,46.01824969
1209,66.42290429,65.55477563,37.96697002,57.695302,55.77116519,49.2245618,37.71003797,45.89381999
1210,66.41482052,65.55347105,38.02225977,57.68122751,55.84690506,49.22900416,37.69312174,46.39153878
1211,66.40832814,65.55280962,38.2919484,57.66861603,55.97794188,49.32558295,37.69136065,46.20489423
1212,66.40339103,65.5522327,38.2950511,57.65507952,55.917864,49.31484319,37.68268396,45.91455827
1213,66.39290664,65.55111825,38.19637404,57.64100527,55.86825248,49.24683433,37.6660766,46.18415595
1214,66.38558422,65.54999774,38.27133014,57.62749246,55.85553191,49.3202636,37.65591565,45.97677312
1215,66.37940442,65.54904094,38.22789531,57.61328759,55.77850942,49.27721111,37.64166712,45.5205309
1216,66.36964335,65.54782757,37.913923,57.59813698,55.69548046,49.16169911,37.618233,46.20489423
1217,66.36411629,65.54760719,38.07927028,57.58490033,55.7826335,49.22393622,37.60989441,45.93529656
1218,66.35784953,65.54707684,38.04061876,57.5713393,55.8263421,49.19398042,37.59108156,46.20489423
1219,66.35229251,65.54626713,38.10067775,57.55794645,55.78958941,49.21379064,37.58546912,45.47905433
1220,66.34084967,65.54476556,37.91513653,57.54212271,55.55388405,49.15778642,37.55563689,45.41683949
1221,66.3300001,65.5435066,37.74120768,57.52684132,55.54374183,49.0802726,37.52832611,45.68643716
1222,66.31918389,65.54205668,37.74810138,57.5119785,55.52237969,49.08750693,37.51174809,45.47905433
1223,66.30876547,65.54089342,37.76348093,57.4965145,55.45454414,49.03618805,37.49025327,45.41683949
1224,66.2957761,65.53916615,37.65840659,57.48094962,55.40931428,48.99192651,37.46675802,45.3961012
1225,66.28422841,65.53760789,37.618316,57.46573929,55.43996242,48.95711601,37.44365682,45.33388635
1226,66.27648458,65.53663051,37.5544668,57.44956449,55.29542601,48.91936773,37.41641487,44.98133555
1227,66.2635888,65.53493705,37.28688571,57.43297455,55.24520529,48.82374962,37.38642691,45.41683949
1228,66.25487243,65.5338534,37.33530528,57.41733663,55.24839511,48.88693029,37.37061539,44.75321443
1229,66.23703666,65.53114591,37.10432933,57.40032826,55.18647846,48.77984642,37.33254352,45.5205309
1230,66.22745061,65.52963263,37.21321853,57.38502662,55.22395972,48.84555958,37.31384824,44.87764413
1231,66.21100925,65.52728004,37.11108659,57.3684861,55.19060754,48.79247721,37.2809736,45.35462464
1232,66.20189195,65.52598833,37.33497409,57.35387809,55.35703792,48.86371812,37.26507644,45.66569888
1233,66.19235944,65.52457011,37.55286634,57.33898546,55.28640343,48.92026345,37.25931214,44.83616757
1234,66.17649297,65.52242574,37.34139493,57.32185237,55.09069912,48.75155846,37.22431382,44.96059726
1235,66.16726972,65.52134799,37.28975973,57.30574574,55.12944801,48.7427933,37.19768798,45.29240979
1236,66.15607678,65.51965366,37.35074896,57.29124204,55.31037615,48.78614368,37.17911079,45.49979262
1237,66.14975355,65.51891382,37.52920089,57.27686391,55.3438015,48.866864,37.16962649,45.31314807
1238,66.13650532,65.51691788,37.51266372,57.2614835,55.22730769,48.8286823,37.15467509,45.18871837
1239,66.12627917,65.51538504,37.47491469,57.24644956,55.25223445,48.78133838,37.14023452,44.98133555
1240,66.11495807,65.51422215,37.3230031,57.22967216,55.01532773,48.68107556,37.11693639,44.83616757
1241,66.10115625,65.51272659,37.22493797,57.21345039,55.02649132,48.63319406,37.0883968,44.75321443
1242,66.08359904,65.51043945,37.06094301,57.196664,54.94562176,48.60086672,37.06227031,44.98133555
1243,66.07143515,65.50901445,37.14291006,57.18120938,55.05805394,48.61699654,37.04185089,45.29240979
1244,66.05972876,65.507624,37.2218013,57.16624187,55.09143557,48.60505249,37.03227491,44.71173787
1245,66.05010717,65.50641129,37.03955412,57.14940748,54.93656306,48.53959793,37.0068549,44.75321443
1246,66.04009102,65.5049819,36.94429224,57.13294043,54.90465381,48.51144794,36.98257976,44.37992534
1247,66.02788566,65.50337532,36.84212967,57.11580992,54.86322225,48.4611305,36.9480486,45.06428868
1248,66.02265342,65.5024992,36.97210607,57.10078966,54.9990255,48.5211677,36.93370808,45.33388635
1249,66.01523388,65.50188169,37.28285022,57.08648254,55.09489489,48.62558603,36.93147695,44.73247615
1250,66.00588061,65.50076112,37.0576503,57.07010578,54.93995524,48.54375123,36.91323521,44.6702613
1251,65.9974626,65.49952167,36.89308095,57.053224,54.79000033,48.49773832,36.88555715,44.73247615
1252,65.98721428,65.49789893,36.98782895,57.0369541,54.79537512,48.47461862,36.86448467,44.35918706
1253,65.97130523,65.49619073,36.8583644,57.02022253,54.80644342,48.44363481,36.8298386,44.83616757
1254,65.9660427,65.49523611,36.92317208,57.00443365,54.82493958,48.46969514,36.81254052,45.00207383
1255,65.95342249,65.49399834,36.9995037,56.9886107,54.76906931,48.51108,36.80325192,44.17254251
1256,65.9359103,65.49219467,36.7637423,56.97199987,54.82119027,48.39353435,36.7713925,44.98133555
1257,65.92982341,65.49153367,36.98747955,56.95673997,54.8390737,48.51258722,36.76030602,44.71173787
1258,65.92005823,65.49035664,36.98733116,56.94104682,54.8328418,48.46293527,36.74463177,44.83616757
1259,65.91055356,65.4891685,36.99253558,56.92625606,54.93306164,48.45145306,36.73244378,44.73247615
1260,65.89916374,65.48778834,37.07558511,56.91091357,54.89960653,48.44398994,36.72093139,44.73247615
1261,65.89010821,65.48680508,36.95957015,56.89463858,54.71491708,48.3953658,36.7015074,44.21401908
1262,65.87541691,65.48499824,36.78675708,56.87817366,54.72508747,48.3510844,36.67220769,44.71173787
1263,65.86339361,65.48351423,36.86814747,56.86257869,54.7278721,48.37148299,36.66028492,44.69099959
1264,65.85297397,65.48206973,37.00686834,56.84749898,54.80561465,48.39635581,36.64803362,44.83616757
1265,65.85010857,65.48208948,37.07997007,56.83297317,54.88045982,48.43413476,36.64184602,44.96059726
1266,65.84174851,65.48133591,37.06985204,56.81754559,54.71451169,48.43901377,36.63973535,44.00663625
1267,65.82300062,65.47879863,36.67790182,56.80090307,54.67910632,48.25776949,36.60770251,44.50435504
1268,65.81432803,65.47745356,36.72529181,56.78504559,54.64588771,48.27164389,36.59105845,44.44214019
1269,65.79960393,65.47606495,36.67436472,56.76860807,54.53792627,48.24176905,36.57178319,43.96515968
1270,65.78420872,65.47403485,36.47898693,56.75143796,54.48364059,48.17311171,36.54317496,44.08958938
1271,65.77562299,65.47299539,36.45058538,56.73472492,54.48850792,48.13216891,36.51709021,44.77395272
1272,65.77425215,65.47269194,36.8233904,56.7205465,54.71460715,48.27557161,36.51011774,44.58730817
1273,65.76407078,65.4714647,36.96703147,56.70585394,54.76344363,48.29655879,36.49804727,44.83616757
1274,65.75938922,65.47073474,36.98311204,56.69121805,54.71434823,48.30304839,36.49326971,44.23475736
1275,65.74623628,65.4690656,36.81903081,56.67458898,54.50825992,48.18512203,36.46926732,43.88220655
1276,65.73211978,65.46722725,36.54810857,56.65759498,54.43594025,48.08601933,36.43659415,44.42140191
1277,65.72351776,65.46588502,36.61628812,56.64225043,54.5222216,48.13269221,36.42398155,44.44214019
1278,65.718222,65.46533813,36.71032769,56.62694091,54.5475732,48.15995515,36.40888041,44.44214019
1279,65.71040118,65.46418202,36.80275845,56.61137672,54.50373643,48.16133235,36.39554082,44.25549564
1280,65.70203775,65.46298266,36.70467152,56.59569477,54.49937989,48.12533968,36.37643039,44.25549564
1281,65.69110366,65.4615598,36.7142562,56.58000395,54.48262591,48.10544709,36.35997606,44.1932808
1282,65.68436827,65.46069339,36.64222663,56.56467506,54.53894239,48.08842291,36.3414647,44.46287847
1283,65.67071488,65.458959,36.73303276,56.54922386,54.45790877,48.13127317,36.33279871,44.02737453
1284,65.65795837,65.45701396,36.5416009,56.53337108,54.4584967,48.0358376,36.31363145,44.0688511
1285,65.64736898,65.45560756,36.52858293,56.51756539,54.44149042,48.07072305,36.29257698,44.08958938
1286,65.64360639,65.45517427,36.54249919,56.50124771,54.3288203,47.99746172,36.27311735,44.08958938
1287,65.63830475,65.45423237,36.47530221,56.48546496,54.35366732,47.95604747,36.25421691,43.88220655
1288,65.6277459,65.45338569,36.43894704,56.46920274,54.32591175,47.92829504,36.23265151,44.23475736
1289,65.61901109,65.45247923,36.50175398,56.45383942,54.35557912,47.96654409,36.21674281,43.98589797
1290,65.60815742,65.451158,36.56131409,56.43849526,54.42505209,47.9344644,36.20099255,44.794691
1291,65.61029247,65.45089791,36.80050017,56.42518998,54.56673851,48.05416509,36.21069035,44.27623393
1292,65.60353651,65.44988145,36.6463265,56.41019231,54.47191519,48.02715282,36.20258986,44.02737453
1293,65.58913762,65.44851468,36.44451703,56.39420123,54.31606556,47.94358872,36.18612903,43.88220655
1294,65.58112342,65.44776051,36.27434394,56.37801102,54.23906754,47.86887625,36.16919441,43.9444214
1295,65.57038215,65.44636934,36.28832026,56.36233339,54.25854163,47.90555783,36.16063955,44.23475736
1296,65.56146159,65.44508406,36.38877484,56.347099,54.24859115,47.90343317,36.15644219,43.77851514
1297,65.55417652,65.44379557,36.31502603,56.33005143,54.04914246,47.84399519,36.13707917,43.4674409
1298,65.54064369,65.44187882,36.04308268,56.3130969,54.04578283,47.74308711,36.10926066,43.90294484
1299,65.53596806,65.4413726,36.20453074,56.29757084,54.15236785,47.78736388,36.09342002,44.21401908
1300,65.52755873,65.44034887,36.38376776,56.28250092,54.17892189,47.85247948,36.08561037,43.73703857
1301,65.5196503,65.43943507,36.3316305,56.26632718,54.12082075,47.8267878,36.06965858,43.98589797
1302,65.51231576,65.43888893,36.41413428,56.25114343,54.1793848,47.88137779,36.0574857,43.84072999
1303,65.50389739,65.43715112,36.25229924,56.23517871,54.10149173,47.8208556,36.04164848,43.57113231
1304,65.49242022,65.43571752,36.03932291,56.21820567,53.95538469,47.72365608,36.01572842,43.61260888
1305,65.48351612,65.4345385,35.99938246,56.20136963,53.88712659,47.67221993,35.99550279,43.23931978
1306,65.46940435,65.43270308,35.92057253,56.18414428,53.87887709,47.66974755,35.96653858,43.55039403
1307,65.46444693,65.43203664,35.93605909,56.16803829,53.96609715,47.67387386,35.94623625,43.86146827
1308,65.45647392,65.4309834,36.07725366,56.15230981,53.96888437,47.67182274,35.93156407,43.65408544
1309,65.44837162,65.42999881,36.13911585,56.13677574,54.04256458,47.69480594,35.91280163,43.96515968
1310,65.43740695,65.42850421,36.36342335,56.12247497,54.18515453,47.800066,35.9076926,44.31771049
1311,65.43536149,65.4281527,36.61527378,56.10892611,54.26558183,47.86613555,35.90620405,44.17254251
1312,65.43213532,65.4279586,36.70008647,56.09445112,54.17141003,47.8536635,35.90297623,43.50891746
1313,65.4224704,65.42702011,36.37535317,56.07851015,54.0494445,47.72109071,35.8800277,43.61260888
1314,65.41467106,65.42606239,36.2872466,56.06305303,54.03571327,47.68333767,35.86095377,43.57113231
1315,65.40774644,65.42469834,36.16842119,56.04676321,53.8882254,47.66195023,35.84660415,43.8199917
1316,65.39623973,65.42319714,36.21918078,56.03184064,53.96927713,47.68793134,35.8348374,43.57113231
1317,65.38398667,65.42137787,36.12233293,56.01583276,53.87593196,47.63360683,35.82251395,43.52965574
1318,65.37614632,65.42049593,36.04831702,55.99907141,53.70859116,47.61449527,35.80631956,43.07341352
1319,65.36043245,65.4183623,35.78687366,55.98170189,53.63875477,47.47073756,35.7792662,43.0941518
1320,65.35163725,65.41757489,35.70200875,55.96492092,53.68562063,47.39469914,35.75152983,43.28079635
1321,65.34375794,65.41647061,35.78209944,55.94862908,53.722504,47.4487521,35.73170937,43.48817918
1322,65.33615499,65.41542076,35.81740607,55.93206291,53.62475395,47.46192494,35.71550904,42.92824554
1323,65.32615588,65.41401466,35.57400458,55.91470386,53.58489278,47.360044,35.68661752,43.13562837
1324,65.31708258,65.41266411,35.59495105,55.89786865,53.58398341,47.34759252,35.6621,42.99046039
1325,65.30599064,65.41099191,35.48897897,55.88085647,53.5789603,47.33249567,35.63642558,43.36374948
1326,65.29450464,65.40969565,35.7310741,55.86492074,53.64198327,47.41827315,35.62492111,43.19784322
1327,65.28548599,65.4084186,35.838972,55.84930921,53.75476468,47.41244532,35.60526092,43.73703857
1328,65.27640482,65.40681964,36.02431352,55.83484743,53.83638643,47.49642547,35.60384383,43.40522605
1329,65.27060505,65.40611252,36.08444642,55.81914289,53.74156644,47.48791497,35.58916198,43.19784322
1330,65.26006537,65.40462307,35.96313675,55.80344094,53.74127389,47.41814104,35.56636244,43.42596433
1331,65.25440669,65.40339295,36.00946659,55.78860687,53.81274364,47.47580321,35.55309755,43.69556201
1332,65.25378687,65.40304126,36.1490846,55.77470657,53.91493626,47.53034166,35.55194408,43.52965574
1333,65.24881328,65.40279412,36.10716762,55.75885099,53.66575374,47.48464058,35.54631984,42.72086271
1334,65.23403673,65.40064855,35.82291494,55.74210786,53.60870683,47.33689542,35.51616323,43.67482372
1335,65.22965498,65.39983766,36.12239524,55.72804604,53.75923375,47.47529462,35.51934819,43.71630029
1336,65.2216723,65.39876916,36.27840439,55.71389049,53.78783311,47.53384827,35.52168346,43.36374948
1337,65.21143604,65.39725444,36.14652211,55.69846814,53.67080304,47.42703062,35.51217616,42.90750726
1338,65.20311905,65.39605294,35.86142175,55.68238948,53.61760742,47.3147187,35.49456919,43.4674409
1339,65.19939803,65.39552979,35.92624237,55.66690999,53.53104183,47.31812816,35.49178955,42.94898382
1340,65.18867615,65.39386622,35.69902539,55.65057141,53.47498239,47.22227487,35.47081877,42.84529241
1341,65.18037988,65.39276655,35.53664785,55.63370316,53.3782035,47.17714261,35.44983668,42.80381584
1342,65.17037655,65.39147306,35.54761934,55.6163512,53.24951333,47.16258182,35.42409459,42.78307756
1343,65.15812768,65.3895779,35.47566468,55.60013619,53.37276868,47.15655915,35.40256056,42.96972211
1344,65.15037539,65.38854515,35.51077006,55.58352436,53.29698178,47.16517599,35.3863201,42.53421817
1345,65.13578768,65.38666344,35.25614102,55.56631486,53.26451923,47.09358874,35.35377928,42.80381584
1346,65.12577108,65.3853605,35.29503307,55.55001854,53.31488388,47.08536422,35.33215893,42.99046039
1347,65.11751224,65.38450336,35.36452877,55.53389632,53.29955351,47.11177775,35.3173035,42.94898382
1348,65.10764399,65.38319111,35.53627515,55.51809025,53.3405562,47.16241456,35.30040724,42.86603069
1349,65.09514324,65.38178065,35.5586963,55.50260493,53.42373532,47.17618135,35.2841194,43.26005807
1350,65.09304722,65.38146482,35.79595137,55.48757014,53.41742683,47.22273055,35.27749729,42.78307756
1351,65.08029246,65.37981816,35.6448785,55.47127745,53.31534324,47.15648603,35.25822593,42.67938615
1352,65.06940045,65.37839266,35.61462228,55.4552727,53.33127626,47.12796277,35.23956287,42.96972211
1353,65.06068717,65.37724484,35.66553539,55.4398447,53.34517742,47.14892717,35.23147826,42.96972211
1354,65.05361453,65.3762342,35.65900963,55.42483028,53.40638916,47.17456635,35.22241102,43.15636665
1355,65.04699635,65.37525772,35.7030143,55.40992759,53.38880786,47.13933602,35.21575033,43.05267524
1356,65.03778104,65.37415628,35.69920118,55.3949085,53.37454302,47.10331378,35.20761002,42.88676898
1357,65.032121,65.37373356,35.62756389,55.37969437,53.36617299,47.10778929,35.19655009,43.17710494
1358,65.0275297,65.3728699,35.78439144,55.36541805,53.42564679,47.14795972,35.19045097,43.13562837
1359,65.02269303,65.37228468,35.78240202,55.35079928,53.3960773,47.16879504,35.1864138,43.17710494
1360,65.0190642,65.37205585,35.835236,55.33678043,53.45738695,47.17060148,35.18085672,43.26005807
1361,65.01254822,65.37074088,35.84572676,55.32261366,53.42522869,47.13034717,35.17936424,42.90750726
1362,65.00520128,65.37033536,35.70391587,55.30776165,53.37829889,47.08096152,35.16945063,43.03193696
1363,65.00226228,65.36992944,35.59535722,55.29309972,53.34292082,47.05733713,35.15903787,42.90750726
1364,64.99376142,65.36876286,35.56247197,55.27802826,53.27781258,47.06242902,35.15027861,42.67938615
1365,64.98550674,65.36810482,35.51005729,55.26283517,53.27607023,47.01506306,35.13079215,42.90750726
1366,64.98032935,65.36748729,35.61815137,55.24790888,53.2474203,47.04662353,35.11995206,42.741601
1367,64.97366084,65.36685828,35.62561122,55.2327348,53.22377227,47.03847342,35.10406279,43.15636665
1368,64.97042305,65.36620186,35.73712003,55.21877883,53.29589841,47.09871724,35.10175476,42.80381584
1369,64.96174848,65.36522302,35.63937433,55.2035501,53.19679898,47.03357287,35.09269089,42.6171713
1370,64.95350695,65.36425258,35.52110362,55.18824753,53.17713016,46.98214024,35.07672731,43.0941518
1371,64.94894962,65.36380453,35.66384997,55.17348591,53.1171696,47.01852342,35.07584151,42.3683119
1372,64.93859494,65.36250988,35.42275435,55.15790276,53.1356097,46.92225527,35.05590321,42.78307756
1373,64.93687672,65.36195029,35.57426376,55.14340138,53.19941651,46.94902558,35.0472138,42.6171713
1374,64.92401849,65.3604204,35.52325272,55.12798054,53.10390393,46.91582269,35.03358641,42.90750726
1375,64.91430139,65.35915777,35.59030447,55.11388082,53.1921168,46.98229117,35.03097546,42.741601
1376,64.9041017,65.35755099,35.53690067,55.0992154,53.16918734,46.97444503,35.0202441,42.88676898
1377,64.89102719,65.35599669,35.55149515,55.08507649,53.19469867,46.99350047,35.01459053,42.94898382
1378,64.88385267,65.35502778,35.59714043,55.07102354,53.19090841,47.00305329,35.01020057,42.65864786
1379,64.87183459,65.35348953,35.54844461,55.05616267,53.12051583,46.97971283,34.99383523,42.78307756
1380,64.8651137,65.35264272,35.55212372,55.0417266,53.11443738,46.9752961,34.98634892,42.55495645
1381,64.85789368,65.35165691,35.43590889,55.02731189,53.16136029,46.87688361,34.96935817,43.05267524
1382,64.85419589,65.35124161,35.62403855,55.01386233,53.1952419,46.94096151,34.97061146,42.59643302
1383,64.84268465,65.34992299,35.52253034,54.99883279,53.05811636,46.87083643,34.95978612,42.28535877
1384,64.83257762,65.3484389,35.37297155,54.98344077,53.00769766,46.80142575,34.93695905,42.67938615
1385,64.82893987,65.3474255,35.4405157,54.96864664,52.96802564,46.82576142,34.93002379,42.03649938
1386,64.817044,65.34591993,35.01456836,54.95198002,52.79727682,46.65634152,34.90253439,42.28535877
1387,64.81041521,65.34499282,34.99805281,54.9357519,52.71458949,46.63494949,34.88324746,41.95354625
1388,64.79779604,65.3432293,34.98831479,54.91967951,52.77858596,46.64296798,34.8566499,42.70012443
1389,64.7968912,65.34295081,35.27586851,54.90581704,52.96200178,46.77026809,34.84982081,42.38905019
1390,64.78991014,65.34193696,35.16843864,54.89064786,52.89500179,46.71799113,34.83771454,42.3683119
1391,64.7845049,65.34111053,35.17683585,54.87566148,52.88818379,46.72867929,34.825911,42.34757362
1392,64.77509129,65.33975539,35.16075616,54.8604456,52.83771525,46.69313391,34.81159223,42.47200332
1393,64.76927331,65.33927759,35.31036172,54.84645111,52.9727237,46.72723505,34.80097562,42.63790958
1394,64.76726045,65.33905387,35.44459075,54.83272447,53.01918759,46.77998074,34.7977964,42.4927416
1395,64.75935611,65.33789671,35.45756396,54.8174867,52.81454377,46.76052843,34.78979242,41.93280796
1396,64.74835551,65.33653431,35.10507412,54.80178477,52.78318201,46.63967891,34.76462745,42.20240564
1397,64.73890355,65.33515297,35.03933828,54.78673639,52.79182602,46.62399703,34.74979485,42.24388221
1398,64.73228783,65.33410605,35.07536162,54.77172663,52.7778186,46.61701099,34.73285195,41.99502281
1399,64.72113331,65.33263162,34.90936678,54.75558564,52.63766229,46.54667109,34.71399254,41.97428453
1400,64.71078432,65.33108676,34.78289681,54.73962677,52.59874564,46.50077028,34.6913431,41.7669017
1401,64.69866526,65.32951665,34.68152632,54.72342301,52.58056605,46.42427768,34.66248018,42.30609706
1402,64.69468046,65.32902122,34.84063664,54.70916463,52.74147581,46.52251863,34.65241141,42.63790958
1403,64.68751395,65.32814464,35.16001091,54.69556056,52.81876454,46.59686038,34.65453479,42.26462049
1404,64.67806064,65.32700342,35.19695353,54.68065412,52.72080587,46.6385759,34.64491443,41.78763998
1405,64.66657447,65.32545579,34.90879698,54.665006,52.66930779,46.5227064,34.62360125,41.84985483
1406,64.65695144,65.32422936,34.79967818,54.64948727,52.63667139,46.47962474,34.60346977,42.28535877
1407,64.64809494,65.32292564,34.9607765,54.63576003,52.79136129,46.53616968,34.59312126,42.59643302
1408,64.64265012,65.32221413,35.20176978,54.62224309,52.79907309,46.59200413,34.59447066,42.01576109
1409,64.62873726,65.32051561,35.11236065,54.606992,52.6543733,46.51536831,34.57978318,41.93280796
1410,64.61843826,65.31920185,35.01886211,54.59233635,52.69693282,46.48432399,34.5659399,42.45126504
1411,64.61231438,65.3185376,35.27525213,54.57930481,52.83604634,46.56660518,34.56470871,42.55495645
1412,64.61005132,65.31840363,35.39087965,54.56578294,52.77753712,46.61676816,34.56675338,42.14019079
1413,64.60053499,65.31711226,35.37422196,54.5516539,52.74941146,46.55482893,34.55446707,42.24388221
1414,64.59498533,65.316236,35.24295338,54.53739309,52.67615137,46.49643577,34.54934955,41.8913314
1415,64.58631942,65.3148031,35.00431295,54.52219502,52.57004288,46.42747924,34.53027943,42.01576109
1416,64.57732391,65.31347805,35.06519943,54.50744872,52.55178449,46.41300729,34.52019673,41.72542513
1417,64.56671979,65.31216341,34.90048812,54.49215146,52.51409048,46.34794602,34.50252098,41.95354625
1418,64.55784348,65.31088402,34.87099155,54.47758752,52.54610303,46.36904393,34.48971188,41.74616342
1419,64.54419477,65.30905391,34.78040884,54.46252739,52.5214793,46.34509404,34.46920932,42.07797594
1420,64.53646275,65.30792497,34.89191233,54.44794579,52.4876793,46.35868027,34.460929,41.99502281
1421,64.53166623,65.30747967,34.980508,54.43387401,52.56750652,46.38489126,34.45135431,41.97428453
1422,64.52103624,65.30622492,35.04153293,54.4188802,52.4426418,46.38769705,34.44330958,41.84985483
1423,64.51556603,65.30527248,35.02173824,54.40416506,52.45412345,46.3582283,34.43192645,41.91206968
1424,64.50735617,65.30388526,34.9610746,54.39013104,52.5421586,46.36045508,34.42071349,41.99502281
1425,64.4987063,65.30290254,35.03816648,54.37639336,52.59728682,46.4014403,34.41130859,42.34757362
1426,64.49374468,65.30204093,35.08615234,54.36349071,52.65391535,46.43289282,34.41473476,42.05723766
1427,64.48617878,65.30089685,35.0805194,54.34977902,52.60937187,46.42238929,34.41043167,42.14019079
1428,64.48248368,65.30007672,35.1162329,54.33569923,52.49423269,46.4246035,34.40987332,41.55951887
1429,64.47141457,65.29876898,34.88254686,54.3203933,52.38175643,46.28809751,34.39184012,41.93280796
1430,64.46817798,65.29833703,34.93361112,54.30671795,52.4921646,46.31211633,34.38433888,42.03649938
1431,64.46133798,65.29757822,34.98987551,54.29255367,52.41832759,46.330995,34.37921363,41.62173372
1432,64.45145862,65.29628698,34.88396504,54.27775063,52.37730652,46.29025787,34.36187069,41.78763998
1433,64.44505976,65.29521548,34.70338549,54.26334701,52.36907232,46.19412028,34.34826293,41.60099544
1434,64.43515778,65.29387967,34.66623935,54.24801952,52.24808595,46.16431185,34.33317783,41.60099544
1435,64.42588203,65.29245914,34.70746414,54.23321437,52.26861223,46.14494766,34.31967771,41.58025715
1436,64.41819235,65.29101478,34.66891029,54.21844949,52.27870424,46.15541675,34.30279886,41.84985483
1437,64.41468529,65.29047431,34.73941493,54.20444213,52.32295431,46.19924525,34.29075974,41.66321029
1438,64.40700517,65.28911902,34.63647331,54.18961174,52.24400405,46.12465899,34.27907222,41.43508917
1439,64.39880798,65.28776555,34.65454854,54.17451369,52.21107683,46.10711955,34.26223522,41.642472
1440,64.39145133,65.28686756,34.71822289,54.15971906,52.17761096,46.13906335,34.2502315,41.08253837
1441,64.379435,65.28510493,34.46212629,54.14343646,52.05381072,46.03309941,34.22310298,41.33139776
1442,64.37420089,65.28425286,34.32172006,54.12776074,52.01883413,46.0246023,34.20413203,41.08253837
1443,64.36273508,65.28227316,34.1821905,54.11181897,52.01168431,45.99024503,34.17984258,41.43508917
1444,64.3572781,65.2814006,34.2744207,54.09753399,52.17659488,46.02930646,34.1664135,41.99502281
1445,64.35147149,65.28017628,34.56845543,54.08446687,52.29024604,46.10399164,34.16998377,41.60099544
1446,64.34282655,65.27914305,34.57833507,54.0706623,52.30776508,46.12724899,34.16011058,41.87059311
1447,64.33735034,65.278427,34.70680386,54.05708831,52.27073987,46.18002491,34.15867799,41.31065948
1448,64.33109809,65.27790476,34.48402819,54.04190585,52.12297809,46.06450263,34.14067745,41.41435089
1449,64.32034007,65.27657902,34.47793557,54.02733872,52.11978647,46.01495095,34.12538503,41.78763998
1450,64.31847511,65.27644366,34.67606816,54.01433312,52.26735114,46.07011817,34.12259284,41.84985483
1451,64.31743247,65.27618037,34.78912532,54.0012664,52.29435285,46.10803147,34.11982192,41.91206968
1452,64.31088657,65.27539398,34.83802113,53.98847308,52.32235426,46.12432163,34.11926567,41.58025715
1453,64.30079402,65.27406114,34.71160902,53.97463099,52.23924663,46.05750446,34.10856806,41.66321029
1454,64.30068827,65.27427503,34.74851921,53.96169476,52.31882137,46.10045535,34.10139856,41.78763998
1455,64.29760214,65.27398948,34.78694363,53.94824888,52.22555562,46.03756633,34.10115755,41.60099544
1456,64.29266529,65.27342393,34.63651002,53.93420749,52.12057335,46.0046531,34.09372428,41.18622978
1457,64.28233419,65.27239995,34.39391267,53.91934052,52.03544717,45.91535589,34.07238911,41.22770635
1458,64.27455963,65.27137549,34.42374576,53.90453321,51.98521423,45.90018432,34.05251185,41.26918291
1459,64.26979606,65.27062087,34.28899319,53.88946198,51.89642604,45.83650112,34.03394669,40.99958523
1460,64.26249457,65.26956229,34.15884646,53.87408267,51.86284158,45.81005244,34.01073752,40.97884695
1461,64.25555974,65.26864124,34.18063297,53.85950965,51.97433819,45.83251267,33.9918994,41.66321029
1462,64.25329021,65.2684136,34.45073854,53.8462757,52.0528853,45.95233946,33.99312781,41.62173372
1463,64.24948846,65.26780394,34.54450876,53.83244248,51.98427377,45.95108077,33.98978499,40.87515554
1464,64.23816625,65.26603847,34.25835994,53.81650605,51.7903097,45.81878809,33.96633376,41.18622978
1465,64.22949583,65.26503134,34.27852529,53.80212379,51.86713432,45.82858491,33.95134439,41.18622978
1466,64.22265541,65.26409079,34.28265206,53.78729266,51.81459866,45.82179245,33.93806521,40.9166321
1467,64.21245038,65.26306837,34.20186916,53.77205834,51.78191753,45.77499939,33.91870775,40.83367897
1468,64.20561974,65.26224461,34.0971444,53.75673285,51.76011875,45.74386813,33.89678296,41.33139776
1469,64.20264697,65.26183164,34.23786331,53.74258634,51.80247528,45.78518064,33.890681,40.72998756
1470,64.1906951,65.26018125,34.07211661,53.72688394,51.71038574,45.70254074,33.86231382,41.08253837
1471,64.18898279,65.25996457,34.09817142,53.71205824,51.70721177,45.72482082,33.84724941,40.66777271
1472,64.18102667,65.25912097,34.18588483,53.69629897,51.648298,45.72872297,33.82508512,40.95810867
1473,64.17265962,65.25792242,34.16954159,53.68117078,51.63600404,45.73627853,33.80965187,40.64703443
1474,64.16707568,65.25728164,34.03872499,53.66586732,51.67392391,45.66993134,33.78460095,41.26918291
1475,64.16670453,65.25731185,34.2117337,53.65201786,51.75167943,45.71814396,33.77767325,41.02032352
1476,64.16261162,65.2564776,34.2407331,53.63811253,51.8292658,45.71231549,33.76510786,41.14475321
1477,64.15689255,65.25561675,34.31232426,53.62408103,51.79531527,45.75953538,33.76093395,41.02032352
1478,64.15415911,65.25512612,34.26760853,53.60974675,51.74912664,45.73726825,33.74655426,40.72998756
1479,64.15155638,65.25474758,34.04795276,53.59422763,51.59886843,45.66648278,33.72558013,40.72998756
1480,64.14559136,65.25375689,34.0546428,53.57994656,51.72449991,45.65514355,33.70873835,41.28992119
1481,64.14626264,65.25420632,34.26608937,53.5664545,51.74933029,45.72859822,33.70683921,40.87515554
1482,64.13916932,65.25351408,34.20601494,53.55196347,51.69382298,45.72733243,33.69152898,41.14475321
1483,64.13640948,65.25337041,34.3543667,53.53904256,51.84505024,45.75469137,33.68496948,41.33139776
1484,64.13156652,65.25279228,34.45468412,53.5260427,51.83734188,45.77840507,33.68497639,41.02032352
1485,64.12477635,65.25177823,34.32282258,53.51192801,51.71996027,45.71031134,33.67723053,41.06180008
1486,64.11976792,65.25133498,34.24553328,53.49811276,51.69497493,45.67654658,33.66942862,40.75072584
1487,64.11017371,65.25009765,34.17047809,53.48374795,51.66379565,45.65290866,33.6551973,41.14475321
1488,64.1058674,65.24979305,34.2484071,53.47061156,51.73724519,45.6787976,33.64548303,41.06180008
1489,64.09807032,65.24859444,34.30764465,53.45688595,51.68078789,45.70112029,33.63607894,40.75072584
1490,64.09140555,65.24775859,34.21810312,53.44283549,51.67010062,45.63085242,33.62175026,41.1654915
1491,64.09133513,65.24788822,34.29164128,53.42920099,51.61078863,45.6429569,33.61980644,40.62629614
1492,64.08264718,65.2467248,34.12000863,53.41519422,51.65592542,45.60094229,33.60236261,41.0410618
1493,64.07691347,65.24589865,34.11175344,53.40172361,51.64246691,45.57760157,33.5940176,40.62629614
1494,64.06725414,65.24459674,33.96758022,53.38659844,51.45998683,45.49406772,33.57726365,40.33596018
1495,64.05542495,65.24278837,33.74366521,53.37102406,51.37104536,45.45304538,33.54948511,40.4396516
1496,64.04500471,65.24129748,33.67908964,53.35628234,51.43042987,45.43426645,33.52961871,40.81294069
1497,64.04199675,65.24078528,33.80210707,53.34228068,51.46701146,45.44579653,33.51811919,40.93737039
1498,64.03640682,65.24010554,33.92274519,53.32857465,51.48563065,45.46111609,33.51642451,40.54334301
1499,64.0285987,65.23907612,33.83877358,53.31355847,51.36761575,45.43436015,33.49544753,40.39817503
1500,64.01967911,65.23819338,33.65686525,53.29871346,51.36934684,45.3356058,33.47278007,40.58481958
1501,64.01621758,65.23768748,33.73604468,53.28428357,51.3778238,45.37590592,33.45539391,40.50186645
1502,64.01281428,65.23750677,33.76228812,53.27030816,51.46599191,45.38810041,33.43951444,40.99958523
1503,64.00727167,65.23699278,33.83086907,53.25708224,51.48387577,45.41132501,33.44079345,40.56408129
1504,63.99874333,65.23591064,33.77580986,53.24331367,51.50698158,45.35101489,33.42806369,40.99958523
1505,63.99754317,65.23548464,33.85131499,53.22992797,51.45233397,45.40987341,33.43014532,40.37743675
1506,63.98715135,65.23440318,33.72645553,53.21522199,51.36215196,45.33986359,33.41605433,40.66777271
1507,63.98212641,65.23408313,33.8793848,53.20157696,51.40948383,45.41638203,33.40709394,40.41891331
1508,63.97692106,65.23350538,33.71826416,53.18729409,51.37806709,45.35591145,33.38954356,40.54334301
1509,63.9695473,65.23247321,33.6415762,53.17291307,51.30359555,45.30062928,33.38104669,40.39817503
1510,63.96052077,65.23173873,33.65206084,53.15805903,51.217764,45.25951565,33.36361504,40.3152219
1511,63.95396884,65.23132004,33.6287331,53.14343803,51.22858904,45.26679345,33.3476566,40.66777271
1512,63.94972214,65.23119181,33.75806768,53.13036159,51.3842599,45.34789928,33.3373954,40.72998756
1513,63.94248441,65.23037958,33.86267115,53.11694981,51.36852648,45.38099693,33.33300056,40.62629614
1514,63.93617392,65.22967753,33.78322591,53.10327136,51.33220256,45.36825743,33.32373496,40.64703443
1515,63.9298817,65.22885685,33.8363319,53.0907915,51.49740877,45.41219214,33.31852661,41.0410618
1516,63.92832345,65.22844044,33.97711607,53.07918264,51.60033685,45.41138051,33.32369058,40.77146412
1517,63.92577724,65.22801555,33.95377293,53.06665001,51.55120443,45.42668945,33.31983115,41.0410618
1518,63.9247252,65.22782343,34.1067943,53.05427366,51.47155552,45.45403464,33.32383177,40.52260473
1519,63.9175918,65.22672518,33.92227786,53.04078357,51.37636855,45.35535231,33.3128278,40.58481958
1520,63.91350419,65.2263987,33.93022882,53.02755813,51.35221076,45.34438433,33.3017814,40.29448362
1521,63.90761994,65.22575617,33.76518119,53.01361396,51.28994972,45.30570887,33.28532566,40.60555786
1522,63.90325512,65.22520629,33.8704018,53.00032011,51.27547103,45.33075122,33.27898087,40.66777271
1523,63.89746949,65.2243384,33.92207018,52.9881751,51.4308537,45.36068485,33.27450469,41.20696806
1524,63.90063642,65.22482198,34.23461694,52.97685703,51.48159044,45.47606569,33.28963754,40.33596018
1525,63.8927178,65.22349523,33.85045422,52.96335719,51.36235822,45.33564561,33.27366559,40.72998756
1526,63.88935323,65.22299897,33.93533485,52.9510856,51.40043107,45.3478269,33.27025091,40.85441725
1527,63.88400454,65.2224938,33.99783864,52.93925676,51.44814971,45.36751344,33.27190225,40.85441725
1528,63.88221756,65.22245105,34.08866587,52.92624841,51.26287331,45.38666522,33.26993791,40.08710079
1529,63.87395707,65.22121942,33.68864892,52.91218253,51.19728404,45.22514916,33.24919949,40.64703443
1530,63.87010196,65.22053155,33.88548635,52.89997489,51.31569815,45.29816792,33.24437679,40.70924927
1531,63.86653764,65.22008594,33.93792095,52.88762109,51.31579686,45.3173808,33.24120753,40.52260473
1532,63.8639655,65.21989091,33.91413291,52.87452968,51.2324094,45.27606164,33.23594264,40.25300705
1533,63.85464827,65.21865808,33.7723119,52.86159072,51.27965315,45.24953991,33.22044284,40.9166321
1534,63.85418857,65.21866966,33.97226886,52.84987278,51.31703754,45.31253191,33.22826384,40.3152219
1535,63.84599152,65.21752087,33.72337648,52.83685487,51.26709621,45.20126325,33.21617948,40.85441725
1536,63.8458879,65.21734673,33.89913321,52.82501633,51.28504696,45.25785169,33.21941199,40.50186645
1537,63.83889389,65.21662118,33.90033673,52.81293524,51.33637301,45.25005823,33.21061814,40.97884695
1538,63.83596364,65.21640715,34.02279685,52.80163771,51.35180754,45.287595,33.21539174,40.3152219
1539,63.82944353,65.21550495,33.85971981,52.78827699,51.17930918,45.2311554,33.20031534,40.37743675
1540,63.82773258,65.2151424,33.79075617,52.77564512,51.19666159,45.19858308,33.19198984,40.3152219
1541,63.82309121,65.21458636,33.61658836,52.76297963,51.20452408,45.12841349,33.18179437,40.4396516
1542,63.82017343,65.21444477,33.71566684,52.75049988,51.19480016,45.15511075,33.17456788,40.72998756
1543,63.81573061,65.2140104,33.92238326,52.73888123,51.24431956,45.23682587,33.17731539,40.41891331
1544,63.81126205,65.21349925,33.92469562,52.72636726,51.1902677,45.23660787,33.17430727,40.35669847
1545,63.80898355,65.21345357,33.82536548,52.71412236,51.21684808,45.20828166,33.16462864,40.60555786
1546,63.80678223,65.21297453,33.9142627,52.70157401,51.09988461,45.24120595,33.16353304,40.08710079
1547,63.79664247,65.21197011,33.66005602,52.68866306,51.11504281,45.1364162,33.1468044,40.56408129
1548,63.79234317,65.21143723,33.75790711,52.6769187,51.1785059,45.15822036,33.14536011,40.46038988
1549,63.78748793,65.21104798,33.80576656,52.66539763,51.26111393,45.17539137,33.13792601,40.72998756
1550,63.78463466,65.21066539,33.94530587,52.653524,51.15562345,45.20904107,33.14320021,40.14931564
1551,63.78061002,65.21014067,33.73566228,52.64043135,51.05096497,45.13817424,33.12967944,40.4396516
1552,63.7760258,65.20920572,33.76886511,52.62899228,51.19329218,45.09965222,33.12445394,40.79220241
1553,63.7748599,65.20905394,33.91088296,52.61818967,51.25757991,45.18549924,33.13079782,40.79220241
1554,63.77413123,65.20903685,34.04008287,52.60711225,51.23095951,45.21739989,33.13368227,40.46038988
1555,63.77117063,65.20897398,33.9454672,52.5954685,51.20306192,45.18266766,33.130082,40.54334301
1556,63.7694998,65.2084237,33.90232397,52.5836982,51.13703754,45.1333671,33.13150816,40.06636251
1557,63.76308953,65.20749617,33.68597715,52.57091267,51.05511275,45.08332877,33.11184347,40.39817503
1558,63.75592562,65.20661835,33.7458549,52.55927668,51.10975488,45.1174277,33.10470285,40.50186645
1559,63.75229448,65.20633862,33.75966941,52.54786341,51.1345227,45.13965129,33.10098817,40.37743675
1560,63.75046914,65.20630047,33.79461515,52.53607177,51.10572761,45.13252755,33.09336257,40.3152219
1561,63.74735653,65.20613572,33.79799412,52.52444631,51.12756816,45.13679438,33.08746268,40.33596018
1562,63.74198521,65.20568268,33.74173475,52.51279054,51.11639501,45.10590538,33.07766417,40.27374533
1563,63.73538324,65.20500418,33.63076916,52.50096297,51.08910914,45.09335429,33.0688978,40.48112816
1564,63.73484298,65.20515336,33.69352717,52.48937719,51.05114543,45.08224314,33.06257027,40.21153049
1565,63.72894301,65.20447983,33.64287418,52.47727532,51.00979433,45.06467739,33.05391355,40.21153049
1566,63.72668206,65.20426779,33.62545028,52.46521637,50.98829637,45.04304088,33.04601682,40.54334301
1567,63.72190676,65.20355213,33.75247648,52.4544726,51.09874921,45.09892485,33.04687784,40.48112816
1568,63.71799391,65.2031306,33.80561062,52.44328244,51.08065702,45.12822083,33.04520415,40.27374533
1569,63.71435061,65.2027917,33.73394065,52.43188029,51.08139713,45.09707687,33.03653399,40.46038988
1570,63.71363839,65.20247842,33.72974588,52.4204313,51.01610595,45.10802958,33.03386678,40.29448362
1571,63.7108884,65.20201065,33.65474742,52.40879071,50.98895094,45.04734175,33.02605155,40.35669847
1572,63.70559859,65.20160986,33.70458011,52.39744313,50.99617904,45.06457239,33.02150705,39.98340937
1573,63.70015732,65.20100617,33.54339673,52.3852785,50.95296639,45.0058176,33.00420009,40.14931564
1574,63.69565977,65.20042194,33.51658899,52.37310819,50.87751105,44.97046128,32.99495198,40.08710079
1575,63.69450361,65.20028056,33.49466614,52.36116191,50.88907526,44.98555505,32.98212693,40.3152219
1576,63.68646202,65.19922796,33.55460821,52.34951055,50.87401386,44.99456904,32.97966104,40.10783907
1577,63.68097235,65.19877887,33.55030655,52.33729775,50.81985664,44.96893218,32.9696035,39.77602655
1578,63.67503503,65.19831649,33.40330829,52.32439237,50.75758423,44.92596303,32.9474639,39.73454998
1579,63.66895137,65.19751736,33.36782378,52.31223509,50.85299917,44.87026764,32.92480446,40.68851099
1580,63.66903597,65.19748182,33.75316325,52.30265201,51.05891383,45.00734546,32.93223173,40.48112816
1581,63.66469083,65.19706347,33.9082851,52.292919,51.17292215,45.05028928,32.93078643,40.50186645
1582,63.6617363,65.19682302,33.91884606,52.28228097,51.05708662,45.04141777,32.9322461,40.02488594
1583,63.65854581,65.19631428,33.63391489,52.27062528,50.95535624,44.98815467,32.92183407,40.23226877
1584,63.65374148,65.19567796,33.54951573,52.2591879,50.87976123,44.93812025,32.91681449,39.87971796
1585,63.64980199,65.19535344,33.35951368,52.24701279,50.80821703,44.84259364,32.90254276,39.98340937
1586,63.64697165,65.19495711,33.35038599,52.235161,50.79214399,44.8584012,32.89149789,40.02488594
1587,63.64588833,65.1947007,33.3041037,52.22341722,50.78361495,44.86102351,32.88037033,39.96267109
1588,63.64358984,65.19436764,33.37733234,52.21166684,50.78298236,44.85889965,32.87037682,39.90045624
1589,63.63867659,65.19356653,33.36064564,52.19954032,50.72595212,44.87328024,32.85545525,40.02488594
1590,63.63604799,65.19305319,33.42133048,52.1884868,50.83731745,44.90399633,32.84632931,40.35669847
1591,63.63436622,65.19288565,33.63231813,52.17825953,50.92581712,44.94824928,32.84975913,40.3152219
1592,63.63147612,65.19247222,33.75393054,52.16679734,50.76093011,44.96228486,32.8528517,39.52716715
1593,63.62361021,65.19151966,33.47047602,52.15428178,50.71175549,44.86880513,32.83135803,40.37743675
1594,63.62540674,65.19200709,33.6657228,52.14409058,50.83956981,44.92147402,32.83369852,40.25300705
1595,63.62519295,65.19196371,33.64872295,52.13312876,50.79257222,44.92131486,32.83161896,39.7138117
1596,63.61625716,65.19081842,33.47669585,52.12068108,50.65639863,44.84106452,32.81693009,39.81750311
1597,63.60976236,65.18995533,33.37286482,52.10891958,50.67302456,44.83749196,32.80679295,39.81750311
1598,63.5999091,65.18885071,33.33213075,52.09673356,50.59895555,44.79445354,32.79199459,39.90045624
1599,63.592825,65.18800677,33.2681231,52.08557214,50.70434089,44.76735983,32.78539401,40.23226877
1600,63.58850392,65.18759639,33.45965615,52.07490055,50.73597985,44.81482536,32.78368523,39.92119453
1601,63.58029384,65.1868318,33.43848006,52.06369228,50.73177853,44.80823331,32.77494512,40.14931564
1602,63.57908305,65.18680397,33.49446762,52.05276556,50.7072254,44.80428593,32.77456955,39.83824139
1603,63.57352958,65.18589895,33.37157933,52.04140983,50.69796752,44.75325689,32.76041812,39.81750311
1604,63.56377966,65.18501377,33.3858672,52.0297847,50.64493725,44.7422502,32.74992932,39.7138117
1605,63.55879537,65.18457281,33.21080479,52.01712104,50.46548224,44.65361538,32.739095,39.36126089
1606,63.5471758,65.1833298,33.02103745,52.00366456,50.33899297,44.57483514,32.71805051,39.44421402
1607,63.53988389,65.18228375,32.93530098,51.99128514,50.42837582,44.62508826,32.69829667,39.589382
1608,63.53193077,65.18123449,32.96958623,51.97965141,50.54290964,44.63636173,32.68636131,40.17005392
1609,63.53608696,65.18158668,33.27158341,51.96963031,50.69602314,44.74360278,32.68862387,39.87971796
1610,63.52921665,65.18058377,33.30056014,51.95896206,50.72344509,44.72504871,32.68519367,40.21153049
1611,63.52548738,65.18026621,33.45944106,51.948702,50.70538675,44.74317256,32.68863901,39.79676483
1612,63.51901673,65.1791941,33.37594384,51.93736836,50.61803442,44.7100501,32.67845186,39.63085856
1613,63.51145281,65.17829567,33.17050171,51.92512936,50.46320953,44.613102,32.66742973,39.15387806
1614,63.50257638,65.17696727,32.89448437,51.91242406,50.43327415,44.53307482,32.64449553,39.83824139
1615,63.50096648,65.17683504,33.09671551,51.90168236,50.5540888,44.60489507,32.63727568,40.00414766
1616,63.50044675,65.17676998,33.31651599,51.8907396,50.52116288,44.64881076,32.63489233,39.27830776
1617,63.49407728,65.17599301,33.09904899,51.87884411,50.53455429,44.59249323,32.61406533,40.1907922
1618,63.49484911,65.17626854,33.38530081,51.86955249,50.7196058,44.68762562,32.61777082,40.17005392
1619,63.49488402,65.17636631,33.57091615,51.86041788,50.82598257,44.75642653,32.62546077,40.46038988
1620,63.49619414,65.17663052,33.7574419,51.85163457,50.84391647,44.83104276,32.63904006,40.25300705
1621,63.49841187,65.17676128,33.73897785,51.84214125,50.78237797,44.8354949,32.64593105,39.7138117
1622,63.49535322,65.17631193,33.49861269,51.83104152,50.62140712,44.72468527,32.63556398,39.73454998
1623,63.49234347,65.17593155,33.34291202,51.82019951,50.5790067,44.66287374,32.62970222,39.77602655
1624,63.4914128,65.17582195,33.30422703,51.80973463,50.60184745,44.64228561,32.62217917,40.00414766
1625,63.48972679,65.1756763,33.41140444,51.80002733,50.66903602,44.68769812,32.61918228,39.75528826
1626,63.48719135,65.17550129,33.31118738,51.78931967,50.58945057,44.65653898,32.61241603,40.12857735
1627,63.4886427,65.17588251,33.47667126,51.77952799,50.5980238,44.67965854,32.61866331,39.36126089
1628,63.48430301,65.17527998,33.15539006,51.76833948,50.5641262,44.56045718,32.59899156,39.77602655
1629,63.48126105,65.17475966,33.23819522,51.75766247,50.51526225,44.6180181,32.59201349,39.79676483
1630,63.47836571,65.17430225,33.23602747,51.74712543,50.50055219,44.63538459,32.58541799,39.56864372
1631,63.47219541,65.17337602,33.18681681,51.73583878,50.4186779,44.60477863,32.5721912,39.85897968
1632,63.47217091,65.17322349,33.23967529,51.72584634,50.51081726,44.61661868,32.56916369,39.96267109
1633,63.46945702,65.17292652,33.27642659,51.71606308,50.5500542,44.63418985,32.56811785,39.77602655
1634,63.46754513,65.17249719,33.20244101,51.70565886,50.50387355,44.58609817,32.5611338,39.96267109
1635,63.46642456,65.17236663,33.330273,51.69638591,50.61479887,44.6325929,32.5622456,40.00414766
1636,63.46160096,65.17183448,33.4599199,51.68735197,50.68329622,44.70673066,32.56489862,40.14931564
1637,63.46100663,65.17165788,33.55359252,51.67845812,50.690754,44.74522677,32.57085741,39.69307341
1638,63.45585747,65.17103721,33.46291268,51.66804087,50.55221913,44.67751202,32.56372368,39.589382
1639,63.45218399,65.17046778,33.24805593,51.65735228,50.46569389,44.57514268,32.55627266,39.73454998
1640,63.44898061,65.17008926,33.26413445,51.6463314,50.32664315,44.56780392,32.55249716,39.05018664
1641,63.44047261,65.16894337,33.01488582,51.63415202,50.24456186,44.45798118,32.52677118,39.75528826
1642,63.44061235,65.16918679,33.10619111,51.62420913,50.38298313,44.4696734,32.52181391,39.73454998
1643,63.44062104,65.16939967,33.19185096,51.61436736,50.4561137,44.49832852,32.51955581,39.7138117
1644,63.43855599,65.16896532,33.2489805,51.60440158,50.46459241,44.51069649,32.51627327,39.81750311
1645,63.43410027,65.16817398,33.35264156,51.59530725,50.57807789,44.58258108,32.5142748,40.21153049
1646,63.43542262,65.16837586,33.52543238,51.58670239,50.59669733,44.66092526,32.5254513,39.7138117
1647,63.42661539,65.16705771,33.36876165,51.57714286,50.56937661,44.60892228,32.5219771,39.85897968
1648,63.42526845,65.16719596,33.44753743,51.56827819,50.62386354,44.63556441,32.52033656,40.00414766
1649,63.42446708,65.16728755,33.56955616,51.55944347,50.6072707,44.67565159,32.52572712,39.589382
1650,63.41653566,65.16618667,33.38013024,51.54874695,50.3935742,44.5656174,32.51541539,39.40273745
1651,63.41121612,65.16565821,33.21620715,51.53791305,50.3186805,44.53029382,32.49917459,39.61012028
1652,63.40799658,65.16528633,33.26960847,51.5281867,50.40505582,44.52916169,32.48714677,39.52716715
1653,63.40271949,65.16461047,33.1477466,51.51794495,50.37064534,44.47823568,32.47887827,39.48569058
1654,63.39692556,65.1636351,33.06137939,51.50728171,50.28821256,44.42113086,32.47262541,39.44421402
1655,63.39086599,65.16267329,32.99222192,51.49717648,50.34717487,44.42623915,32.46414064,39.73454998
1656,63.38746884,65.16225771,33.13431875,51.487853,50.41437678,44.48214265,32.46387014,39.69307341
1657,63.38469091,65.16197765,33.27630758,51.47859195,50.45638008,44.54916069,32.46554454,39.77602655
1658,63.38163374,65.16162741,33.31289293,51.46956524,50.4852092,44.57051349,32.46377805,39.81750311
1659,63.38120488,65.16175027,33.28413393,51.46018294,50.4199186,44.53167963,32.46438257,39.83824139
1660,63.37931631,65.16132694,33.38312382,51.45085788,50.38718778,44.53575216,32.4654403,39.19535462
1661,63.3727975,65.16069264,33.09502674,51.44023212,50.31976569,44.39360296,32.44917909,39.77602655
1662,63.37192663,65.16065926,33.25287368,51.43132186,50.41036001,44.46385253,32.45021413,39.90045624
1663,63.37005689,65.16059452,33.32783042,51.42283836,50.48013955,44.51925141,32.45526704,39.589382
1664,63.3640775,65.15957425,33.1854617,51.41277866,50.32443568,44.4674054,32.45107407,39.50642887
1665,63.35903821,65.15896357,33.1389264,51.40282489,50.28672409,44.42732456,32.44451376,39.589382
1666,63.35582568,65.1586045,33.19117399,51.39387632,50.40628663,44.47368985,32.43898912,39.83824139
1667,63.35361891,65.15838348,33.25284076,51.3853166,50.44860251,44.49922131,32.44099322,39.50642887
1668,63.3518919,65.15777651,33.15937501,51.37585319,50.39776707,44.4639412,32.43230482,39.44421402
1669,63.34819449,65.15730324,33.16125473,51.36608278,50.3336654,44.39604262,32.42376086,39.56864372
1670,63.3464189,65.15699617,33.16342745,51.35658233,50.30967991,44.4190515,32.41972016,39.42347574
1671,63.34091468,65.15616884,33.02582477,51.34649698,50.23268447,44.36527845,32.41069245,39.3405226
1672,63.33522871,65.15559714,33.0408768,51.33656236,50.23647287,44.3427355,32.40036213,39.36126089
1673,63.33050523,65.15498441,33.04282127,51.3267492,50.24430872,44.32388038,32.38614193,39.589382
1674,63.3263635,65.15481811,33.10632346,51.31693027,50.17603117,44.33670104,32.38425027,39.13313978
1675,63.31814585,65.15372842,32.88427156,51.30579719,50.03919583,44.26319584,32.36943416,39.00871008
1676,63.3098295,65.15264898,32.7061312,51.29525963,50.10241527,44.23200769,32.347622,39.56864372
1677,63.3094626,65.15279366,32.91159014,51.28616889,50.21341336,44.30843262,32.34336503,39.52716715
1678,63.30214207,65.15180655,33.01339925,51.27686916,50.23014347,44.34198331,32.33991762,39.4649523
1679,63.29613897,65.15118555,33.02937864,51.26703166,50.1568454,44.34943892,32.33287408,39.17461634
1680,63.29151591,65.15054815,32.93306066,51.25654856,50.08509808,44.31493276,32.31673759,39.29904604
1681,63.28509642,65.14932404,32.95454544,51.24699981,50.16648616,44.30289502,32.31188167,39.44421402
1682,63.27939322,65.14887037,33.026913,51.23813586,50.26955821,44.3451208,32.3071569,39.83824139
1683,63.27902311,65.14860166,33.23496152,51.23001551,50.32315989,44.42684251,32.31387814,39.29904604
1684,63.27076665,65.14758627,33.12269077,51.22018442,50.1992333,44.35040215,32.30659941,39.29904604
1685,63.26723361,65.1470377,33.08028506,51.21095001,50.2359431,44.3336072,32.2951532,39.79676483
1686,63.26762387,65.14738248,33.214266,51.20269788,50.2753158,44.37204978,32.30075753,39.44421402
1687,63.2634648,65.1471347,33.09731455,51.19327465,50.1846401,44.33403537,32.29420114,39.25756947
1688,63.25656057,65.1463007,32.98479263,51.18340179,50.11192535,44.29536093,32.28591033,39.31978432
1689,63.25124087,65.14567016,32.9691044,51.17442561,50.20413602,44.26131332,32.27930928,39.42347574
1690,63.24592993,65.14513768,33.05371463,51.16570052,50.2527692,44.27649792,32.27717546,39.589382
1691,63.24258039,65.14501942,33.12791137,51.15703545,50.23073691,44.29807361,32.27742787,39.23683119
1692,63.23912226,65.14450067,33.0265249,51.14709602,50.09531282,44.24596928,32.26864067,39.02944836
1693,63.23403874,65.14413714,32.852244,51.13719908,50.08951547,44.19096397,32.25710965,39.56864372
1694,63.23197323,65.14365064,32.95816082,51.12834724,50.10835794,44.21136245,32.25939801,39.3405226
1695,63.22898316,65.1432092,32.88132436,51.11898828,50.08508025,44.19885284,32.25324651,39.589382
1696,63.22907735,65.14353619,33.05097564,51.11088178,50.20907807,44.25994008,32.25883406,39.31978432
1697,63.22448104,65.14284126,32.95720746,51.10172062,50.152317,44.23356235,32.25504097,39.11240149
1698,63.21754492,65.1421347,32.79296177,51.09157692,50.0106127,44.17280043,32.24594672,38.92575695
1699,63.21087414,65.14068741,32.56289914,51.08132858,49.97093145,44.12076598,32.22966946,39.27830776
1700,63.20126023,65.13965776,32.70008193,51.07243739,50.07708664,44.20858227,32.22261179,39.44421402
1701,63.19753435,65.13897663,32.88106264,51.06384387,50.11945896,44.22380281,32.22050886,39.17461634
1702,63.19087107,65.13819694,32.86049584,51.05429334,50.04405046,44.2113827,32.20958203,39.21609291
1703,63.1853267,65.13733568,32.90638193,51.04486388,50.011962,44.19761274,32.20317759,39.21609291
1704,63.18029333,65.13683271,32.94774238,51.03554178,50.00702623,44.21565051,32.19468677,39.07092493
1705,63.17488104,65.13620893,32.84487067,51.02605761,50.00896353,44.14577029,32.18411029,39.31978432
1706,63.17206304,65.13561781,32.92950771,51.01737678,50.06819783,44.17830939,32.18020318,39.73454998
1707,63.17313091,65.13581738,33.149884,51.00941912,50.09613732,44.25773213,32.18943545,38.90501866
1708,63.16642265,65.13472446,32.84701714,50.99948591,49.9944914,44.17225913,32.17366021,39.19535462
1709,63.1611197,65.13398457,32.81532277,50.989875,49.915786,44.11795476,32.16687397,38.65615927
1710,63.15138521,65.13272493,32.5397766,50.97882065,49.77860634,44.01424755,32.14227687,38.8635421
1711,63.14690603,65.13226767,32.60510848,50.96952703,49.94838941,44.04703409,32.12892246,39.54790543
1712,63.14828148,65.13260936,32.91068953,50.96192587,50.1167482,44.12160236,32.13553732,39.52716715
1713,63.14941581,65.13244684,33.02844817,50.95426314,50.17557151,44.21805536,32.13655574,39.61012028
1714,63.15046147,65.13261914,33.14275797,50.94684394,50.21103882,44.2614624,32.14417565,39.81750311
1715,63.14906404,65.1325413,33.2845144,50.93996278,50.25486878,44.29743547,32.15567723,39.09166321
1716,63.14448099,65.13192867,33.02020068,50.93054231,50.03766025,44.17467622,32.15063308,38.90501866
1717,63.13638777,65.13087824,32.79951911,50.92102839,49.968558,44.11889051,32.13707294,39.15387806
1718,63.1280004,65.12960408,32.77767118,50.91172855,49.89911927,44.10758935,32.13241107,39.19535462
1719,63.12554844,65.12938381,32.91672318,50.90366948,50.05708458,44.1922294,32.12722326,39.73454998
1720,63.12756101,65.12950243,33.15634624,50.89658627,50.13835019,44.25091685,32.13838872,39.38199917
1721,63.12298314,65.12884017,33.14192528,50.88817498,50.04023744,44.21667013,32.13686601,39.31978432
1722,63.11774047,65.12806551,33.08986518,50.88032372,50.09955264,44.192623,32.13483267,39.23683119
1723,63.11296661,65.12726052,33.00613983,50.87194107,50.05254312,44.17722032,32.12979089,39.36126089
1724,63.11072351,65.12700744,33.04369926,50.86433242,50.1198241,44.18543092,32.12969657,39.38199917
1725,63.11075524,65.12689932,33.04255392,50.85651786,50.1049867,44.17622629,32.1298521,39.09166321
1726,63.10746709,65.12629057,32.93913807,50.84770468,50.00205058,44.11547528,32.12339206,39.27830776
1727,63.10404049,65.12584834,32.97507429,50.83917875,49.94677822,44.12923356,32.12197935,38.8635421
1728,63.09846413,65.12492006,32.84019496,50.8303501,49.97429544,44.06543272,32.11046907,39.21609291
1729,63.0953951,65.12443659,32.850061,50.82158011,49.89335454,44.05857712,32.10759519,38.88428038
1730,63.09214729,65.12368535,32.70461812,50.81267157,49.91693896,44.01420084,32.0969678,39.50642887
1731,63.09386735,65.1240244,32.89305562,50.80522669,49.99893106,44.09446554,32.10498364,39.44421402
1732,63.09829234,65.12461768,32.97125208,50.79738234,49.97755783,44.1410538,32.10786136,39.09166321
1733,63.09204738,65.12383936,32.84624704,50.78893585,49.95350294,44.10010837,32.10490801,39.13313978
1734,63.08906751,65.12366265,32.81789274,50.78024343,49.88390398,44.05599028,32.09535118,38.92575695
1735,63.08556541,65.12323381,32.70152186,50.77157735,49.90750051,44.02369994,32.08419089,39.44421402
1736,63.08486487,65.1231076,32.90273432,50.76451038,50.03978629,44.08215486,32.09183275,39.25756947
1737,63.08534922,65.12332562,32.91549822,50.75622056,49.93562248,44.0964168,32.08900515,39.05018664
1738,63.08392941,65.12300693,32.8402299,50.74741004,49.84847182,44.03526464,32.08134291,38.90501866
1739,63.07986719,65.12253244,32.66747611,50.73869824,49.85909824,43.97369316,32.07110451,39.36126089
1740,63.07943329,65.12245957,32.86370168,50.73135086,49.96165995,44.05085026,32.07111957,39.13313978
1741,63.07926824,65.1220858,32.82490907,50.72283178,49.8645113,44.00850652,32.06959618,38.94649523
1742,63.07339144,65.12151128,32.78655288,50.71426507,49.85718499,43.99560692,32.06080092,39.4649523
1743,63.07355491,65.12148018,32.95987508,50.70694692,49.9153903,44.05467631,32.06426512,38.65615927
1744,63.06797425,65.1206188,32.63616853,50.69750416,49.79877286,43.93342566,32.04893343,38.94649523
1745,63.06565978,65.12027023,32.61811937,50.68842827,49.72239539,43.93284339,32.03738027,38.6146827
1746,63.05840457,65.11944418,32.38672294,50.67832303,49.59790896,43.78299713,32.0204928,38.51099129
1747,63.05388598,65.11877305,32.25759156,50.66905855,49.70286161,43.76927946,31.99952495,39.48569058
1748,63.05486067,65.11866203,32.65009823,50.66139668,49.74682737,43.92625051,32.00948464,38.40729988
1749,63.04768634,65.11761922,32.39154175,50.65106834,49.60376461,43.83415956,31.98643969,38.84280382
1750,63.04454607,65.11717391,32.46429789,50.6419131,49.61129469,43.84761201,31.97707721,38.51099129
1751,63.03980781,65.11641157,32.38663775,50.6324562,49.64392812,43.83164403,31.95864773,38.71837412
1752,63.03813055,65.11618389,32.34029618,50.6232886,49.64242903,43.84395805,31.9450478,38.69763584
1753,63.0320121,65.1152495,32.35001748,50.61418529,49.65050703,43.84050976,31.93781036,39.00871008
1754,63.02979986,65.11485037,32.52801044,50.60581869,49.68605487,43.88611672,31.93860507,38.69763584
1755,63.02695295,65.11451695,32.35068275,50.59663835,49.64197605,43.85845609,31.92507375,38.78058897
1756,63.02341833,65.11405801,32.32605756,50.58812585,49.70199696,43.82971893,31.91474011,39.05018664
1757,63.02144795,65.11372608,32.37121017,50.57988694,49.69525262,43.82665881,31.91119102,38.75985068
1758,63.01774879,65.11336693,32.39163349,50.57148828,49.73727947,43.81824109,31.89806885,39.21609291
1759,63.01892796,65.11372843,32.54305684,50.56441303,49.84575787,43.88719807,31.90357035,39.15387806
1760,63.0149503,65.11306316,32.65808905,50.55746473,49.92428576,43.95807428,31.90628091,39.25756947
1761,63.0136609,65.11297529,32.82239221,50.55059426,49.93695682,44.00387829,31.91063754,39.56864372
1762,63.01499403,65.11278573,33.05139953,50.54458777,49.99666775,44.08380842,31.9264528,39.15387806
1763,63.01263593,65.11246388,32.97321065,50.53736088,49.92646675,44.04263989,31.93009148,39.21609291
1764,63.01220281,65.11265151,33.07479244,50.53091726,50.00440934,44.08823006,31.93089573,39.3405226
1765,63.00962079,65.11241576,33.00625707,50.52374446,49.87794089,44.06738712,31.9357883,39.02944836
1766,63.00554339,65.11198466,32.9319852,50.51622074,49.84107487,44.01896284,31.93412448,38.9879718
1767,63.00336961,65.11181971,32.83903915,50.50819406,49.74546956,43.97158269,31.93264572,38.78058897
1768,62.99640771,65.11093255,32.69271956,50.49974568,49.68272632,43.906763,31.92555455,39.00871008
1769,62.99170153,65.11045264,32.69748572,50.4921072,49.71958753,43.88866692,31.92255961,38.8635421
1770,62.98977747,65.11001728,32.69131314,50.48343753,49.5950412,43.88159318,31.9153786,38.49025301
1771,62.98350153,65.10927194,32.44769278,50.47476765,49.63050655,43.76580688,31.89590625,39.05018664
1772,62.98324476,65.10894533,32.58133168,50.46704617,49.64841407,43.8610347,31.89926087,39.02944836
1773,62.98040554,65.1086779,32.61102672,50.45904335,49.60990878,43.8989204,31.89574568,38.78058897
1774,62.97551199,65.10804209,32.59716707,50.45115648,49.67131596,43.88395845,31.88770642,38.88428038
1775,62.97016746,65.10727792,32.57397683,50.44308869,49.63351483,43.87688193,31.88159527,38.80132725
1776,62.96748273,65.10697778,32.58650314,50.43536047,49.68961582,43.85985172,31.87363239,39.05018664
1777,62.9675846,65.10708419,32.6141778,50.42771675,49.6541369,43.86427234,31.87463601,38.88428038
1778,62.96390194,65.10643044,32.65694128,50.42017682,49.69291325,43.82797593,31.87121972,38.75985068
1779,62.95925872,65.10596607,32.61574053,50.41290741,49.78105697,43.83978308,31.86171899,39.25756947
1780,62.95966143,65.10594324,32.7322376,50.40633269,49.79599565,43.91102703,31.86035296,38.9879718
1781,62.95967365,65.10580099,32.71739414,50.39918694,49.77584015,43.88182833,31.85634078,38.88428038
1782,62.95667059,65.10525169,32.68103827,50.39171534,49.73206592,43.87399578,31.85014849,39.23683119
1783,62.95533102,65.10509657,32.77332304,50.38484666,49.71247968,43.88578707,31.85485758,38.57320614
1784,62.95059884,65.1042326,32.52839744,50.37690804,49.69798357,43.82801334,31.84140786,39.21609291
1785,62.95195295,65.10445859,32.74742096,50.37023276,49.72432442,43.88835055,31.84911314,38.92575695
1786,62.9511654,65.10443195,32.70412824,50.36352724,49.80327574,43.87022542,31.8461048,39.23683119
1787,62.95224725,65.10446809,32.79258438,50.3568382,49.75031892,43.88218599,31.85225429,38.7391124
1788,62.94690886,65.10355727,32.58682781,50.34856517,49.58885702,43.78152413,31.84215363,38.82206553
1789,62.94363854,65.10312693,32.53765099,50.34160589,49.70841985,43.81510361,31.83623204,39.17461634
1790,62.94499957,65.10361284,32.72288981,50.33529314,49.76959698,43.86209945,31.84231637,39.19535462
1791,62.94359027,65.10319582,32.86967377,50.32889943,49.77077365,43.88807283,31.84611865,38.94649523
1792,62.93888859,65.10240562,32.82286512,50.32219477,49.78029642,43.86350349,31.84019245,38.94649523
1793,62.93560398,65.10204854,32.80590413,50.31534406,49.75448163,43.84018082,31.83822031,39.07092493
1794,62.93699188,65.10256023,32.83945294,50.30863354,49.72735904,43.84836066,31.83937544,38.8635421
1795,62.93582075,65.1023499,32.70308485,50.30162055,49.71398308,43.80749876,31.83621505,39.15387806
1796,62.93520912,65.10204513,32.78935445,50.29480111,49.65716331,43.83224096,31.84220164,38.65615927
1797,62.93105678,65.10147502,32.69041933,50.28704578,49.60315283,43.80564296,31.8331706,38.57320614
1798,62.92486854,65.10069139,32.49962169,50.27853933,49.46831368,43.74686327,31.81906995,38.40729988
1799,62.91759493,65.09992835,32.28847329,50.26953742,49.36490286,43.6882265,31.80417191,38.38656159
1800,62.91221369,65.09914463,32.20615705,50.26092894,49.3814954,43.66368785,31.78823806,38.51099129
