cycle,avg_know,avg_att,avg_pbc,avg_moral,avg_sn,avg_int,avg_habit,participation
0,44.283713,62.9079481,44.30212674,80.34376447,63.03050295,0,0,0
1,44.283713,62.90887818,8.738790249,80.05879125,45.13774142,31.95587849,0,4.4794691
2,45.28243824,71.62380622,9.491682488,79.79030168,39.01350541,33.51827546,0.132634374,7.133969307
3,46.22141691,73.34663385,11.74895906,79.53205654,37.24115479,34.53671676,0.335481481,8.81377022
4,47.0978123,74.3254083,13.39013057,79.28026467,36.91164861,35.51028992,0.583087799,9.767731232
5,47.91718725,75.15589539,14.56739418,79.03434515,37.28439102,36.37361415,0.847341596,10.86686022
6,48.7069466,75.63493565,15.64592259,78.79278334,37.66680353,37.07931278,1.135235212,12.04894235
7,49.47834533,75.95926088,16.80648429,78.55632692,38.15395942,37.82311495,1.446099061,12.50518457
8,50.17136406,76.06903288,17.42941159,78.32372495,38.67764001,38.27888278,1.759020863,13.562837
9,50.89685621,76.46206957,18.4592544,78.09549063,39.1449138,38.9221144,2.091734344,14.26793861
10,51.54998373,76.50896737,19.25456105,77.87162203,39.68782834,39.40356544,2.429465056,15.45002074
11,52.21332891,76.72594588,20.29470746,77.65237252,40.18175342,40.03314102,2.791812441,16.11364579
12,52.82230479,76.7954703,21.01708691,77.43672028,40.62677488,40.44377973,3.161871068,16.48693488
13,53.40255208,76.80542832,21.55429343,77.22430901,41.07036796,40.75845942,3.529133867,17.64827872
14,53.98049111,76.83847579,22.56287224,77.01672034,41.56897178,41.30256446,3.921256004,18.83036085
15,54.58310625,76.8890933,23.65592989,76.81434158,42.15583075,41.92232398,4.329376683,19.43177105
16,55.12106069,76.85890251,24.37261434,76.61530249,42.63078887,42.30496457,4.741412027,20.51016176
17,55.67078465,76.79276495,25.37819134,76.42077277,43.12551368,42.87938993,5.170421175,20.73828287
18,56.18844695,76.98413397,25.72920671,76.22777955,43.36558156,43.19404929,5.586762568,21.02861883
19,56.68372198,76.9673134,26.11313059,76.03743466,43.66402411,43.39894984,5.990535533,21.75445873
20,57.15347581,76.9604539,26.76349237,75.84973884,43.87388365,43.75196816,6.402705812,21.65076732
21,57.60835852,77.01170315,26.90788527,75.66456543,44.24653227,43.99077229,6.796382137,23.14392368
22,58.05103444,76.95779112,28.12494974,75.48510064,44.80016265,44.48009421,7.223402077,24.03566985
23,58.50469135,76.96939609,29.05732054,75.30915097,45.22968242,44.87391366,7.659272012,23.86976358
24,58.93666753,77.03176866,29.1476157,75.1344854,45.52115302,45.05133785,8.072887129,24.78224803
25,59.3636853,77.0898596,29.83566254,74.96258064,45.71264602,45.35571445,8.495554776,24.80298631
26,59.75142965,77.12561892,30.01376893,74.7918239,45.83444539,45.50680653,8.900679295,25.25922854
27,60.12736148,77.18416861,30.41955397,74.62391904,46.09049333,45.69080706,9.308530364,25.5495645
28,60.47989641,77.1051383,30.82750526,74.45828123,46.35438806,45.87547808,9.704253852,26.04728328
29,60.81479111,77.14410821,31.30649207,74.29524824,46.62466409,46.10985451,10.09988961,26.60721692
30,61.15250172,77.17356499,31.85817338,74.13508295,46.92562472,46.3931567,10.49879354,27.22936541
31,61.48600174,77.25911197,32.44968561,73.97760701,47.19967702,46.74472155,10.90322905,27.43674824
32,61.80865254,76.91434175,32.74058279,73.82184867,47.41310477,46.80477172,11.29645307,27.91372874
33,62.12976135,76.79088584,33.14995927,73.66849094,47.64387143,47.08486254,11.69196769,28.3284944
34,62.44334625,76.70670495,33.48703915,73.51696446,47.805676,47.26301658,12.08136846,28.10037329
35,62.7230927,76.61758017,33.42068426,73.36559008,47.82944761,47.21405335,12.44621499,28.5773538
36,62.97306834,76.50381815,33.87007141,73.21662605,47.97943935,47.45627078,12.81632204,28.82621319
37,63.2568678,76.51895171,34.16852832,73.06983691,48.21129602,47.63035232,13.17958107,29.38614683
38,63.52145396,76.49629224,34.65845999,72.92496061,48.35598885,47.83827434,13.54158981,29.36540854
39,63.78949451,76.55846242,34.80670743,72.78111202,48.46874396,47.96163617,13.89244354,29.84238905
40,64.04491848,76.53013734,35.2243345,72.63997044,48.71748779,48.16375592,14.24008643,30.3815844
41,64.28875416,76.5160297,35.66389606,72.50109004,48.93549329,48.30771516,14.59259475,30.65118208
42,64.54397277,76.52994015,35.97090461,72.36438798,49.2010153,48.49795757,14.93852152,31.43923683
43,64.78513533,76.47792003,36.73432219,72.23083383,49.51213507,48.74594314,15.2950225,31.72957279
44,64.99554517,76.39122024,37.06080131,72.09894694,49.73027212,48.93500101,15.64499025,32.12360017
45,65.19871523,76.36503058,37.41376007,71.96841814,49.83236885,49.05886417,15.99625287,31.72957279
46,65.38314782,76.41008215,37.26254042,71.83796974,49.88120252,49.08957382,16.3253388,32.14433845
47,65.57738439,76.40263988,37.52780458,71.70956856,50.01947869,49.24643992,16.65618515,32.51762754
48,65.77408895,76.42730093,37.88893776,71.58364479,50.28024756,49.3939929,16.98986759,33.13977603
49,65.96250732,76.41374052,38.38771196,71.45959098,50.4301773,49.62898133,17.32328178,33.49232684
50,66.14795887,76.41425246,38.79474773,71.33763013,50.64082939,49.80216399,17.65315031,33.49232684
51,66.34943999,76.55942186,38.88170243,71.21635383,50.74015914,49.90601813,17.97827999,33.63749482
52,66.53976616,76.51887449,39.0556706,71.09566434,50.73557064,49.96009859,18.28776327,33.61675653
53,66.71646844,76.58829653,39.17789522,70.97712893,50.99119198,50.0882027,18.58230813,34.44628785
54,66.89252417,76.61740737,39.73656052,70.86100737,51.1819232,50.31429237,18.89702566,34.46702613
55,67.07287403,76.66788091,39.8926156,70.74570802,51.29566767,50.44365935,19.19807849,34.92326835
56,67.24010472,76.65846083,40.27572038,70.63219621,51.41961564,50.57323123,19.50198433,34.96474492
57,67.38559171,76.64143368,40.35861217,70.51878142,51.37996304,50.57488022,19.79426803,34.92326835
58,67.53475199,76.70656976,40.35542636,70.4063947,51.44325739,50.63482687,20.07346737,34.96474492
59,67.67181454,76.72942575,40.46037135,70.29506089,51.53815353,50.7028524,20.34773104,35.35877229
60,67.82681399,76.74313151,40.81994918,70.18588131,51.73741638,50.86977399,20.62112359,35.52467856
61,67.9519343,76.73725006,41.0008158,70.07794536,51.89313988,50.95110733,20.88768954,35.98092078
62,68.12423372,76.85994612,41.37300696,69.97225222,52.11895899,51.12058906,21.16066298,36.54085442
63,68.25806353,76.74083629,41.89401014,69.86874699,52.34018257,51.35536606,21.43636878,36.54085442
64,68.39597358,76.81953343,41.97577358,69.76577879,52.4359306,51.42600694,21.69884828,36.83119038
65,68.53202074,76.84339099,42.2272418,69.66374371,52.46604822,51.47660644,21.96183769,36.66528411
66,68.64563569,76.89707123,42.16358692,69.56228749,52.53254372,51.53725231,22.21256348,36.99709664
67,68.75593942,76.84539541,42.31971351,69.46140192,52.48079237,51.63239565,22.46635247,36.83119038
68,68.87804592,76.86303432,42.32030997,69.36120973,52.5287818,51.57740329,22.7040311,36.81045209
69,68.98848611,76.91855412,42.35124678,69.26180731,52.59925993,51.60531236,22.92930437,37.43260058
70,69.0889396,76.84317965,42.86180247,69.16555095,52.90233313,51.82742995,23.16929111,38.03401078
71,69.21908355,76.88384482,43.37528549,69.0711584,53.10176891,52.06569213,23.41624904,37.97179594
72,69.33606591,76.8915528,43.37720731,68.97679625,53.12791048,52.10340599,23.65541386,37.86810452
73,69.42789241,76.84535811,43.33798017,68.88216155,53.03838871,52.05312712,23.87868146,37.86810452
74,69.54313262,76.90340259,43.4097233,68.78866964,53.10764378,52.09807656,24.09300611,38.22065533
75,69.63482844,76.88935573,43.62951699,68.69651417,53.18545025,52.1638635,24.31880056,38.11696392
76,69.74654233,76.90174844,43.68816087,68.60470003,53.22442842,52.18832401,24.53222208,38.53172957
77,69.83644798,76.9592114,43.95859593,68.51501432,53.40621294,52.35189283,24.7462478,39.11240149
78,69.95625192,76.94755703,44.50951549,68.42713107,53.5527509,52.49062043,24.96975871,38.75985068
79,70.03878791,76.95856162,44.37709546,68.33931353,53.64562551,52.4716531,25.17314896,39.23683119
80,70.13417966,76.9310686,44.69354002,68.25319764,53.76565289,52.65227788,25.38657026,39.48569058
81,70.2265775,76.91260103,45.00880688,68.1687347,53.95170843,52.76081543,25.59662758,39.65159685
82,70.3235342,76.96938132,45.15195377,68.08498384,54.03516156,52.8622189,25.80184672,39.29904604
83,70.39621666,76.92461242,44.86758297,67.99946154,53.79710365,52.70330424,25.98600781,38.90501866
84,70.46417692,76.90540938,44.5679761,67.91386408,53.71036919,52.62695991,26.15750673,39.3405226
85,70.53321522,76.96353645,44.85237521,67.83017612,53.80176992,52.72979375,26.33576127,39.589382
86,70.60639614,76.95524311,45.07984434,67.74771898,53.90833183,52.82733323,26.51456231,39.61012028
87,70.67794904,76.91870064,45.13297564,67.6657204,53.9559936,52.90456,26.68852137,39.83824139
88,70.74713937,76.94253519,45.27837857,67.58434922,53.94678676,52.93059621,26.86420205,39.31978432
89,70.8232825,76.99608443,45.02205574,67.50286193,53.99197863,52.83662062,27.01698869,40.04562422
90,70.87920457,76.92069589,45.50993829,67.42355755,54.11089293,53.00037661,27.18530501,40.29448362
91,70.95093031,76.93858098,45.74411388,67.3455824,54.25071374,53.09716448,27.35364754,40.50186645
92,71.03252842,76.92342547,45.95615416,67.26807627,54.26438142,53.23666035,27.52065059,40.37743675
93,71.10705059,77.0054552,45.87548721,67.19126633,54.35181534,53.26303919,27.67867908,40.29448362
94,71.17030153,77.02676221,45.88892977,67.11449254,54.35377961,53.27946917,27.8266281,40.56408129
95,71.21225582,76.90994608,46.11167138,67.03917566,54.45982936,53.27259167,27.98059538,41.0410618
96,71.27615656,76.89454647,46.45374984,66.96564309,54.6094895,53.36439468,28.14478214,41.18622978
97,71.37819071,76.98922246,46.64219086,66.89268949,54.66879352,53.5143511,28.30832175,40.97884695
98,71.4300364,76.98681334,46.58894183,66.82039881,54.79845336,53.55180744,28.46026314,41.87059311
99,71.53800823,77.02782068,47.18223959,66.75074386,54.99243607,53.82936448,28.63095906,41.84985483
100,71.62075921,77.00158435,47.32988537,66.68158841,55.10576034,53.88769554,28.79529373,41.55951887
101,71.67326248,76.96271375,47.13125273,66.6118549,55.07660486,53.80974209,28.94119085,41.95354625
102,71.75002046,77.07747554,47.40040617,66.54368453,55.1586421,53.93940284,29.09271407,42.01576109
103,71.81983652,77.05567425,47.54032171,66.47710868,55.38247738,54.04415092,29.2450452,42.47200332
104,71.88417703,77.06030927,47.82447629,66.41049311,55.29425345,54.10378526,29.40216657,41.8913314
105,71.95429141,77.12803223,47.51581323,66.34265964,55.1487611,54.01999023,29.53754052,41.60099544
106,71.99349057,77.10422199,47.27543115,66.2748175,55.10236607,53.93022523,29.65882677,42.24388221
107,72.04571167,77.05884117,47.66288192,66.20891169,55.17743125,54.01031052,29.79764039,42.07797594
108,72.12694846,77.11739513,47.66245637,66.1430731,55.20785458,54.06408847,29.92949603,42.43052675
109,72.18715148,77.13477946,47.9159108,66.07928087,55.40904548,54.15493437,30.06199254,42.59643302
110,72.25162509,77.11822402,48.0251654,66.01559702,55.41830023,54.16082733,30.19336013,42.59643302
111,72.31717797,77.16444688,48.13754707,65.95244481,55.45901784,54.20979997,30.32292788,42.51347988
112,72.35264382,77.02564737,48.18099349,65.89007314,55.57353759,54.22188694,30.44548557,42.99046039
113,72.40221329,77.10836313,48.4562847,65.82880002,55.62464449,54.39398931,30.57519897,42.92824554
114,72.46446277,77.10889024,48.46531717,65.76841067,55.7564703,54.41506178,30.70463,43.3430112
115,72.53343108,77.1287386,48.7693987,65.70919326,55.84630662,54.50473719,30.8400532,43.48817918
116,72.61130813,77.0904223,48.92903478,65.65095922,55.95909057,54.64386522,30.97691748,43.36374948
117,72.65731983,77.07748336,48.89128854,65.59225415,55.91259407,54.62168196,31.10223991,43.26005807
118,72.70981607,77.12003171,48.82429069,65.53427319,55.99143466,54.66980221,31.21825726,43.96515968
119,72.77588477,77.0740275,49.31442739,65.47830837,56.12490649,54.85670513,31.34870369,43.88220655
120,72.82595188,77.05484253,49.38788985,65.42263132,56.2036506,54.84411455,31.47330113,44.11032766
121,72.91071428,77.15839504,49.51394407,65.36758892,56.23408036,54.96119073,31.60150572,44.0688511
122,72.95239873,77.06674313,49.48910763,65.31310355,56.30357009,54.9316918,31.72360214,43.90294484
123,73.02239299,77.19839895,49.41944441,65.25851715,56.31403678,54.91963788,31.83863369,44.08958938
124,73.05757793,77.11790532,49.55639973,65.20430637,56.28491433,54.91147233,31.95513413,44.21401908
125,73.09727522,77.16165736,49.70548898,65.15108331,56.35762023,54.98898315,32.06919156,44.25549564
126,73.11159698,77.0783473,49.71782498,65.09795527,56.34851969,55.03601974,32.17980268,44.31771049
127,73.17502704,77.13014555,49.7663938,65.04558198,56.40881909,55.05031236,32.2906947,44.37992534
128,73.222103,77.1535923,49.81850343,64.99344923,56.4138081,55.09698993,32.39866789,44.35918706
129,73.26667005,77.20284187,49.83980912,64.94158822,56.42374272,55.08097468,32.50235774,44.37992534
130,73.30381292,77.17260797,49.9192748,64.89038089,56.48865348,55.10759533,32.5997078,44.98133555
131,73.36472092,77.1761836,50.30633295,64.84082875,56.58870461,55.25167146,32.70896793,44.35918706
132,73.40297724,77.18242165,49.91417756,64.78965143,56.48318447,55.08446901,32.79828961,44.40066363
133,73.42969506,77.15375659,49.94544632,64.73930639,56.5198373,55.11381774,32.88765584,44.81542928
134,73.47825018,77.17948963,50.27896216,64.69064566,56.66158938,55.31975685,32.98400963,44.93985898
135,73.51413341,77.16157626,50.34552541,64.64218006,56.68096944,55.34628834,33.08010398,45.08502696
136,73.55258401,77.18911327,50.54052649,64.59438136,56.72204339,55.38010968,33.17828498,44.89838241
137,73.59544951,77.20101678,50.38644119,64.54583607,56.62381806,55.34416515,33.27101163,44.56656989
138,73.61267771,77.14654826,50.19528982,64.49780344,56.71153128,55.27739381,33.34844383,45.54126918
139,73.6851848,77.20533005,50.82610749,64.45227991,56.86755441,55.56638152,33.45679068,45.74865201
140,73.74616793,77.20936466,51.07250979,64.40843379,57.12018343,55.72407694,33.56389899,45.91455827
141,73.78993409,77.18443119,51.25087722,64.36489082,57.20080911,55.76808284,33.67196027,45.47905433
142,73.83838637,77.2146775,51.03344434,64.32010696,57.10921525,55.61163883,33.76038886,45.54126918
143,73.8796838,77.26923634,51.03500559,64.27560692,57.06188793,55.67668228,33.85137234,45.74865201
144,73.92306725,77.26139815,51.20532027,64.23256092,57.19022398,55.73958634,33.94565072,45.79012858
145,73.96346061,77.22683528,51.23507131,64.18946837,57.19076912,55.7718215,34.0345603,45.85234343
146,74.00977444,77.22970548,51.30760193,64.14685932,57.21605271,55.75359552,34.12174049,45.97677312
147,74.06923492,77.28337418,51.38164737,64.10488633,57.26641695,55.83534146,34.21133726,46.10120282
148,74.11421228,77.2812181,51.49199303,64.06300051,57.23120142,55.93672668,34.30026878,45.54126918
149,74.14656471,77.31561991,51.14962858,64.02040606,57.2112489,55.79933621,34.36741446,46.32932393
150,74.19966217,77.32226313,51.57539094,63.9799294,57.30576455,55.98842099,34.45612016,46.2463708
151,74.2442747,77.31664522,51.66667479,63.93935726,57.31879508,56.02897012,34.53953801,46.16341767
152,74.28616633,77.27859537,51.60126265,63.89945278,57.4230249,56.01494111,34.61621991,46.3708005
153,74.31992966,77.23975162,51.74892062,63.85948575,57.36780857,55.99111542,34.6992795,46.01824969
154,74.36944638,77.32962183,51.55673146,63.81913635,57.33967618,55.96831625,34.77022761,46.49523019
155,74.4168223,77.33976978,51.90841287,63.78131053,57.58826978,56.13610882,34.85203678,46.847781
156,74.45676982,77.28517151,52.18348113,63.7440311,57.6626141,56.25464384,34.93968871,46.72335131
157,74.51241957,77.31543439,52.17774706,63.7072351,57.77516211,56.30861713,35.01913489,47.24180838
158,74.55000924,77.23354639,52.49603562,63.67161423,57.8520261,56.38590209,35.10807781,47.17959353
159,74.59286778,77.30702865,52.54263685,63.63619374,57.90450395,56.37097966,35.197516,47.20033181
160,74.63812351,77.31508464,52.57263901,63.60117372,57.9577432,56.40832506,35.28064218,47.17959353
161,74.67345937,77.30344404,52.5597995,63.565578,57.86049447,56.33023949,35.36182081,46.93073414
162,74.70768554,77.3275806,52.4409096,63.53006094,57.86663188,56.34659058,35.43336829,47.0966404
163,74.74309357,77.28617555,52.47906994,63.49479352,57.83830768,56.40948177,35.50892999,46.93073414
164,74.77542557,77.2773363,52.42790419,63.45989704,57.9023226,56.36595717,35.57815145,47.61509747
165,74.82226006,77.3155976,52.86059778,63.42667513,57.9976076,56.63895945,35.66422672,47.0966404
166,74.85149122,77.32284635,52.61413516,63.3924931,57.98806,56.46356465,35.7299029,47.67731232
167,74.89849054,77.29756259,52.96521314,63.36008521,58.09417718,56.62178555,35.81020798,47.46992949
168,74.94836136,77.28646626,52.89096223,63.32749524,58.13979106,56.64738415,35.87813874,47.6980506
169,74.98728444,77.26692637,53.08512145,63.29608205,58.2664848,56.73531823,35.95100379,48.00912484
170,75.02285517,77.29644892,53.27260569,63.26477939,58.23069519,56.780583,36.03237019,47.61509747
171,75.06240722,77.33682685,53.05587758,63.2326704,58.15814026,56.75011022,36.09964926,47.63583575
172,75.10363866,77.36234324,53.07382846,63.20094513,58.1565756,56.7263958,36.16743941,47.55288262
173,75.13119743,77.31548997,52.96999323,63.16878887,58.07788154,56.66276855,36.23110996,47.51140606
174,75.17309719,77.39659262,52.96827549,63.13732728,58.14421443,56.70338368,36.28751629,47.73952717
175,75.19965168,77.31752806,53.16631857,63.10703636,58.2817215,56.76271177,36.35154366,48.19576939
176,75.22431192,77.27480185,53.49437368,63.07749888,58.31990114,56.89078689,36.42948864,47.86395686
177,75.28067879,77.37847862,53.33181918,63.04711767,58.25966774,56.83944641,36.49052017,47.59435919
178,75.29759684,77.36346829,53.09078434,63.01611797,58.17605339,56.72298832,36.54344804,47.67731232
179,75.33235016,77.39371786,53.15409747,62.98571437,58.19284147,56.77369833,36.60091003,47.84321858
180,75.35221264,77.34454956,53.28099107,62.956156,58.27305312,56.82674557,36.65857751,48.27872252
181,75.39288902,77.39069549,53.61682283,62.92853887,58.48834744,56.97733589,36.7246435,48.44462878
182,75.40967637,77.34827183,53.72672209,62.90077794,58.48926247,56.98955288,36.79441001,48.00912484
183,75.43877769,77.36189551,53.53648452,62.87246537,58.48980415,56.91242838,36.84755708,48.46536707
184,75.47289341,77.39326587,53.80248873,62.84518164,58.5169079,57.03922816,36.91162971,48.21650767
185,75.49331153,77.39389014,53.72812383,62.81769959,58.54019697,57.01327031,36.97029995,48.44462878
186,75.51103403,77.3284904,53.88916117,62.79135194,58.65422791,57.06801288,37.03064569,48.52758192
187,75.54101972,77.36813575,53.87706348,62.76485809,58.63537931,57.07637503,37.08988879,48.40315222
188,75.57010763,77.36849725,53.80541072,62.73835965,58.63761681,57.04631082,37.14518175,48.83865616
189,75.59355361,77.29442317,54.11650462,62.71329291,58.73739495,57.17195351,37.20591772,48.71422646
190,75.63084876,77.42726391,54.12991203,62.68788281,58.73753153,57.1959528,37.26706482,48.79717959
191,75.65405687,77.37804233,54.18086384,62.66271832,58.73461668,57.19721448,37.32386343,48.50684363
192,75.68945511,77.40025723,53.96819981,62.6368462,58.67092867,57.12264565,37.37551666,48.50684363
193,75.70883695,77.39826169,53.94470188,62.61052702,58.54732197,57.07242076,37.42271881,48.4238905
194,75.7262554,77.40763105,53.88815506,62.58491414,58.61304118,57.08747567,37.46206808,48.63127333
195,75.76130582,77.43896862,54.04256751,62.55939721,58.58018189,57.13845409,37.50656925,48.40315222
196,75.75986562,77.28270091,53.91484251,62.53411435,58.64266847,57.14630849,37.54127076,48.83865616
197,75.80522306,77.39105695,54.17839518,62.50956764,58.65355861,57.20649929,37.58845854,48.50684363
198,75.82534517,77.37581634,54.01546468,62.48510356,58.73970819,57.11602649,37.62494079,49.10825384
199,75.85144328,77.44034657,54.39875763,62.46239774,58.88948161,57.28863787,37.68238329,49.10825384
200,75.86750749,77.36102934,54.46215553,62.43938863,58.88534377,57.33859282,37.73669446,48.77644131
201,75.87935681,77.33252234,54.25269881,62.41571503,58.84267555,57.26322208,37.78151945,48.94234757
202,75.89759088,77.28385168,54.32619529,62.39232187,58.80678653,57.26531876,37.82719147,48.81791788
203,75.90941026,77.31254486,54.28205191,62.36921253,58.85172392,57.22017691,37.86758248,49.23268353
204,75.94294576,77.44626667,54.54100399,62.34740356,58.95764746,57.38908606,37.91782985,49.12899212
205,75.9643562,77.4600042,54.53306584,62.32496768,58.90717968,57.36628232,37.96927489,49.19120697
206,75.99464078,77.50342848,54.56206043,62.30342897,59.00003038,57.39835364,38.01967135,49.41932808
207,76.01898936,77.470771,54.73825283,62.28249472,59.06375114,57.52320333,38.0727791,49.50228121
208,76.04661622,77.45765034,54.82649498,62.26208552,59.13989279,57.55702743,38.12325058,49.54375778
209,76.06439435,77.390122,54.81682503,62.24160283,59.13250796,57.54381188,38.17659682,49.21194525
210,76.0936806,77.44559517,54.62122039,62.21989839,58.99595456,57.41538642,38.2152596,49.19120697
211,76.09405088,77.38688398,54.6179416,62.19848468,58.97096206,57.382926,38.25696002,49.29489838
212,76.12467348,77.44360759,54.69767024,62.17820344,59.10422678,57.4270415,38.30090903,49.93778515
213,76.17054425,77.44805286,55.14090392,62.15979297,59.28767996,57.64461047,38.356714,49.66818747
214,76.17526348,77.40364626,55.03036066,62.14015607,59.21944928,57.6459568,38.40517047,49.50228121
215,76.19690262,77.42710338,54.96398848,62.1206934,59.24541888,57.67046597,38.44806994,49.66818747
216,76.21717102,77.43853155,54.96747606,62.10069575,59.10760728,57.63913071,38.49175487,49.50228121
217,76.23642845,77.46459656,54.89036415,62.08175292,59.24949531,57.65985712,38.52959613,49.85483202
218,76.25917563,77.47173835,55.151524,62.06353705,59.32487604,57.70179257,38.57292085,50
219,76.28305859,77.43019353,55.3270448,62.04552621,59.33744097,57.76369572,38.62166282,49.62671091
220,76.30848975,77.41849308,55.07760331,62.02683414,59.31340764,57.7437946,38.66064371,49.75114061
221,76.31879879,77.40754243,55.05855652,62.00812449,59.25102741,57.67267759,38.69952953,49.54375778
222,76.32262843,77.38663077,54.94402522,61.98908218,59.20909957,57.61753312,38.73008872,49.64744919
223,76.34389499,77.44604673,55.02436598,61.97047898,59.22012384,57.64070458,38.76405697,49.8755703
224,76.39045047,77.54270229,55.16639491,61.9528649,59.31320027,57.77556425,38.80320482,50.14516798
225,76.42154294,77.52180021,55.40622939,61.9358304,59.36275712,57.8346331,38.84485033,49.77187889
226,76.40689914,77.39300597,55.20689165,61.91762038,59.27472455,57.73445717,38.87604006,49.62671091
227,76.42491611,77.45516125,55.0760456,61.89935511,59.2505902,57.75642689,38.90206401,49.95852343
228,76.44498547,77.4119527,55.2869421,61.88229465,59.33796042,57.76087855,38.93611497,50.16590626
229,76.47416465,77.45174796,55.4915903,61.86641956,59.50557737,57.87328823,38.97745606,50.35255081
230,76.51133744,77.45711732,55.57761628,61.85024361,59.46347315,57.9234933,39.02275364,49.91704687
231,76.51642197,77.45073745,55.32837717,61.83310849,59.39013937,57.81373234,39.05285904,50.14516798
232,76.53953047,77.5114216,55.49749176,61.81707156,59.46631811,57.86248372,39.08835478,50.31107424
233,76.54665789,77.43782719,55.65261277,61.80199638,59.6015312,57.95586413,39.13026677,50.47698051
234,76.57674873,77.45618611,55.74335708,61.78652912,59.53768346,57.95380467,39.17502591,49.77187889
235,76.58423723,77.45941898,55.29589537,61.76949527,59.42367714,57.79904556,39.19658196,50.1244297
236,76.60410614,77.44323966,55.47210168,61.75363536,59.4605764,57.85393031,39.23327402,50.20738283
237,76.62450383,77.49383412,55.54268462,61.73817581,59.50692388,57.90624126,39.26623341,50.26959768
238,76.64334657,77.51458078,55.58314265,61.72289391,59.5275727,57.94178415,39.30012119,50.20738283
239,76.65283448,77.52215716,55.612392,61.70792162,59.59372206,57.95670508,39.32951614,50.95396101
240,76.69269823,77.47916455,56.11677735,61.69466763,59.69785608,58.1805113,39.38074977,50.16590626
241,76.7059001,77.51877925,55.67658056,61.67958692,59.63733888,58.03161828,39.4049266,50.47698051
242,76.71591187,77.45240715,55.79062857,61.66550182,59.68276991,58.03935091,39.43872069,50.70510162
243,76.74150156,77.50557812,55.98435267,61.65194972,59.71811393,58.07205267,39.47601263,50.35255081
244,76.7471371,77.49759247,55.78139789,61.63727246,59.62822366,58.00820187,39.50032629,50.26959768
245,76.7482625,77.52408743,55.72720324,61.62286737,59.64403957,58.02191968,39.52714122,50.64288677
246,76.79063997,77.51375898,55.94406626,61.60991562,59.78218111,58.14460108,39.5637146,50.91248445
247,76.81387437,77.46767207,56.11111946,61.59689669,59.75010847,58.18420597,39.60848174,50.53919535
248,76.8376928,77.54816286,55.96633166,61.58318939,59.7090754,58.13453036,39.64194799,50.6014102
249,76.84545761,77.51279906,56.00277549,61.57032766,59.8039453,58.15753141,39.67421143,50.74657818
250,76.87075714,77.49479396,56.1014129,61.55788951,59.86797275,58.21114542,39.70581357,50.91248445
251,76.89692845,77.54058623,56.24276249,61.54597815,59.92939118,58.25792709,39.73897657,50.99543758
252,76.91826799,77.52969453,56.28709488,61.53411118,59.93158209,58.26117221,39.77598112,50.74657818
253,76.92895289,77.5684377,56.18137893,61.52160522,59.88155955,58.24593901,39.80432601,50.93322273
254,76.9548179,77.54855971,56.25520242,61.50927472,59.82915559,58.21748542,39.83628462,50.64288677
255,76.97160529,77.54591805,56.07651542,61.49670392,59.83270279,58.20611753,39.86151161,50.91248445
256,76.98560235,77.59140264,56.22591347,61.4848391,59.87012429,58.29703307,39.89116291,50.91248445
257,77.00541076,77.50687974,56.27693982,61.47367658,59.99386351,58.31250791,39.91703173,51.65906263
258,77.04411227,77.54654841,56.81207097,61.46428877,60.13648317,58.5243191,39.97181966,50.89174616
259,77.0601686,77.48242317,56.41749537,61.45309256,60.0951339,58.3585572,40.00083126,51.38946495
260,77.09383996,77.51771299,56.67847682,61.44294036,60.10815415,58.47936927,40.04447498,51.3272501
261,77.11838555,77.48660242,56.64532417,61.4332723,60.20196307,58.53009522,40.08024124,51.51389465
262,77.13474862,77.44279389,56.76535343,61.42352583,60.17304441,58.53302257,40.1232161,51.01617586
263,77.14680822,77.46833387,56.47210376,61.41302055,60.16027648,58.37993039,40.14622595,51.63832435
264,77.18649748,77.51732326,56.82499851,61.40373124,60.18292976,58.51331779,40.18963763,50.89174616
265,77.17961593,77.5377338,56.37526728,61.39268127,60.08937649,58.33248634,40.20690325,51.26503526
266,77.20927728,77.54289775,56.59884147,61.38266898,60.11214672,58.42737114,40.23375897,51.49315637
267,77.22924667,77.54140344,56.81033392,61.37369126,60.22687723,58.50215838,40.26665788,51.7005392
268,77.23705442,77.55472401,56.95250229,61.36511111,60.27996906,58.53980988,40.30486944,51.51389465
269,77.25474422,77.50842792,56.84289288,61.35595419,60.24945445,58.52862157,40.33874556,51.34798839
270,77.27637628,77.49108127,56.73262291,61.34687514,60.28666441,58.51032539,40.36596517,51.49315637
271,77.29460731,77.51869953,56.79311119,61.33733181,60.18048006,58.51255921,40.39538455,51.24429697
272,77.29303068,77.47883923,56.65653356,61.32806474,60.2377231,58.4716369,40.41733374,51.63832435
273,77.3075074,77.47570507,56.88764794,61.31988629,60.33229541,58.60291814,40.44914984,51.74201576
274,77.32072913,77.48713514,57.01748452,61.31162985,60.32602964,58.65044538,40.48437573,51.61758606
275,77.3479357,77.45920218,57.0273237,61.30374979,60.41156069,58.68998438,40.51373161,51.63832435
276,77.38391576,77.59682446,57.03116986,61.29562484,60.39744876,58.68459525,40.54319483,51.94939859
277,77.40480085,77.52402926,57.20580834,61.28833159,60.44138874,58.76196013,40.57854526,51.65906263
278,77.43023217,77.60740931,57.05896954,61.28042609,60.42811195,58.71487968,40.60550073,52.11530485
279,77.46808585,77.58944043,57.33975497,61.27398041,60.53845471,58.83199882,40.64948056,52.01161344
280,77.49622313,77.56412839,57.28665636,61.26682435,60.49210131,58.86944579,40.68551142,52.07382829
281,77.51329804,77.56177173,57.38587005,61.26091037,60.65572452,58.9002821,40.72501986,52.26047283
282,77.54173022,77.57438776,57.50201661,61.2548677,60.65358727,58.92671821,40.76802406,52.1775197
283,77.56926379,77.60224238,57.48102371,61.24878825,60.66448955,58.89093848,40.80507027,52.11530485
284,77.57731208,77.55635134,57.41632012,61.24229723,60.61120725,58.93508045,40.83950845,52.32268768
285,77.6120666,77.58098314,57.55968049,61.23667206,60.6721223,58.98421059,40.87929791,51.88718374
286,77.62111051,77.56814223,57.29337972,61.23015363,60.66007257,58.9015231,40.90436101,52.23973455
287,77.65352199,77.5975325,57.52407283,61.22420364,60.6509832,58.99639337,40.93941837,52.07382829
288,77.65429862,77.57966458,57.47161364,61.21815477,60.67081417,58.94821773,40.96727552,52.23973455
289,77.67957514,77.55846488,57.57346791,61.2128272,60.75112214,58.9501192,40.99861734,52.44711738
290,77.71043159,77.59641618,57.68168973,61.20807287,60.82196707,59.01863572,41.03287329,52.38490253
291,77.73404415,77.6091396,57.64781973,61.20316804,60.83889058,59.07368458,41.06989292,52.28121112
292,77.76406034,77.68627345,57.56978618,61.19785255,60.80081679,59.038693,41.09886843,52.3019494
293,77.7892165,77.64270508,57.62474321,61.19267799,60.79923726,59.03169724,41.12687469,52.38490253
294,77.80335506,77.6292586,57.72667438,61.18758109,60.78513639,59.05683224,41.1545751,52.48859394
295,77.82404504,77.66415314,57.79674879,61.18257083,60.76232833,59.11685268,41.18919533,52.26047283
296,77.82927957,77.60401947,57.57645063,61.17662959,60.65376905,58.98058345,41.21466385,51.97013687
297,77.84566447,77.60595925,57.38291342,61.1699578,60.55831374,58.93432442,41.23322847,52.11530485
298,77.85593225,77.61687474,57.47160361,61.16451425,60.67908296,59.0237411,41.24891678,52.75819162
299,77.88262374,77.64445531,57.93523002,61.16102432,60.88227934,59.18328237,41.28616232,52.9033596
300,77.91760074,77.66397276,58.13150665,61.15766651,60.95102584,59.21501249,41.32549351,52.50933223
301,77.92475608,77.6074001,57.8658639,61.15313997,60.88990743,59.1884028,41.35095899,52.44711738
302,77.92492389,77.59228712,57.73199155,61.14850049,60.85813565,59.11246772,41.37544064,52.32268768
303,77.92932583,77.62068982,57.64897802,61.14362783,60.83421917,59.04856589,41.3949365,52.67523849
304,77.95328192,77.60378093,57.90443782,61.1398243,60.90471594,59.16308113,41.425822,52.46785566
305,77.97762782,77.60619977,57.81673833,61.13518835,60.84975316,59.11349959,41.44914386,52.53007051
306,77.99449948,77.59435495,57.86505056,61.13119498,60.91146095,59.14380796,41.47119227,52.7789299
307,78.01071527,77.62301089,58.03626361,61.12807026,61.01475783,59.27181792,41.50122039,52.67523849
308,78.04078013,77.62383693,57.97830622,61.12445185,61.00406974,59.3165397,41.52660957,52.82040647
309,78.0349114,77.5412127,58.04656911,61.12103969,60.99162152,59.30822344,41.55271223,52.4263791
310,78.04878024,77.55575648,57.79797902,61.11733926,61.04030291,59.25261565,41.5660907,53.25591041
311,78.0791754,77.6321421,58.31266369,61.11526167,61.10736947,59.43307717,41.60454285,52.61302364
312,78.07864657,77.52570462,57.98082651,61.11143472,61.01681216,59.28380102,41.62282319,52.86188304
313,78.09527092,77.61977881,58.10856951,61.10906221,61.15085241,59.33574905,41.64762152,53.152219
314,78.11812888,77.66291095,58.30922735,61.10674559,61.14041093,59.38176916,41.68148604,52.69597677
315,78.14206065,77.63354717,58.08668428,61.10387358,61.1635229,59.31606726,41.70236362,53.23517213
316,78.14740621,77.52375896,58.36610082,61.10203828,61.19996909,59.41049528,41.73790189,52.94483617
317,78.16371406,77.60019548,58.24622824,61.09884981,61.06644466,59.37316409,41.76370301,52.55080879
318,78.15210131,77.50231975,57.9505912,61.09584447,61.14085636,59.31812609,41.77358659,53.35960182
319,78.18209008,77.56743549,58.46115094,61.09481943,61.28544255,59.50265613,41.80626983,53.46329324
320,78.21141544,77.54994126,58.63128984,61.09410196,61.37264067,59.60888017,41.84191072,53.42181667
321,78.23288628,77.55426575,58.59569967,61.0931219,61.37961312,59.55169547,41.87346562,53.152219
322,78.25266216,77.64569763,58.43409836,61.09185884,61.40648421,59.53594258,41.89871705,53.48403152
323,78.26988465,77.56772985,58.65956249,61.09107748,61.40937921,59.62085156,41.92801024,53.152219
324,78.25172129,77.58245058,58.46171297,61.08945394,61.35718939,59.51694294,41.95085049,53.44255496
325,78.25814225,77.54154621,58.59533867,61.08816578,61.31106122,59.55717335,41.9812561,53.04852758
326,78.25077921,77.59678868,58.39409239,61.08621862,61.28592086,59.45287188,42.00019812,53.40107839
327,78.26755278,77.6107221,58.56027608,61.0842533,61.17659998,59.52692792,42.02658952,52.7789299
328,78.26258679,77.62463871,58.19172046,61.08125904,61.12291877,59.37964062,42.03451502,52.94483617
329,78.25794673,77.62345391,58.21423831,61.07872478,61.13180761,59.43916136,42.0512191,53.152219
330,78.27579472,77.68715533,58.39861557,61.07726056,61.2561495,59.50177642,42.06983582,53.38034011
331,78.28515338,77.60824946,58.57836166,61.07626024,61.32644348,59.5461548,42.09330504,53.38034011
332,78.31129873,77.63162831,58.6043267,61.07497051,61.3069885,59.51867555,42.11970508,52.96557445
333,78.31674515,77.61756723,58.30306038,61.07291365,61.27936627,59.42405227,42.12792936,53.33886354
334,78.3158496,77.65796545,58.57594606,61.07242379,61.42796346,59.54817078,42.14687208,53.79510577
335,78.33064986,77.57291632,58.87986061,61.07238019,61.4466694,59.68581145,42.18128201,53.38034011
336,78.34125183,77.6185184,58.67726757,61.07177248,61.4702444,59.65192905,42.19850968,53.60846122
337,78.35813775,77.64096586,58.78135124,61.07184069,61.53107135,59.74482291,42.22518533,53.81584405
338,78.37764474,77.62511407,58.97127239,61.07252784,61.60821634,59.73831167,42.2588713,53.71215263
339,78.39836935,77.699244,58.96169827,61.0730669,61.64694247,59.74674821,42.28343348,53.83658233
340,78.40030383,77.61269588,59.03920512,61.07361739,61.63301081,59.82776764,42.31281946,53.7536292
341,78.40573226,77.62712648,58.97147524,61.07387832,61.603134,59.7562942,42.33887633,53.46329324
342,78.41995345,77.62431513,58.74642887,61.07300441,61.47913772,59.69575787,42.353378,53.52550809
343,78.43164209,77.67775777,58.79576875,61.07306301,61.56236052,59.70269057,42.37249835,53.77436748
344,78.43295679,77.5913428,58.94982354,61.07354324,61.603907,59.76608634,42.39851846,53.79510577
345,78.44780035,77.63692198,58.99865521,61.07435925,61.67460738,59.74711739,42.42279484,53.73289092
346,78.45582448,77.63600472,58.96684547,61.0746898,61.64137395,59.79514765,42.44706936,53.7536292
347,78.47300681,77.66170626,58.9622682,61.07478889,61.5844879,59.77585257,42.47213447,53.54624637
348,78.46990845,77.62208172,58.86899034,61.07490597,61.61830556,59.75987482,42.48650575,54.08544173
349,78.50234299,77.66438554,59.2144535,61.07638644,61.71758962,59.88800446,42.51766201,54.00248859
350,78.51832638,77.64476738,59.19032337,61.07701758,61.64217695,59.86952799,42.54282482,53.71215263
351,78.5292888,77.59385689,59.03423179,61.07781531,61.71660086,59.85016935,42.56226556,54.14765657
352,78.55416672,77.6033515,59.2865212,61.07922964,61.73642916,59.90031723,42.59044129,53.85732061
353,78.57539591,77.65648699,59.12785035,61.07975673,61.67589743,59.85604014,42.60770937,53.83658233
354,78.58142458,77.62969328,59.1010224,61.08045096,61.68455689,59.83868648,42.62385594,53.73289092
355,78.58312459,77.61261516,59.00544836,61.08031913,61.5812403,59.83314196,42.64169298,53.50476981
356,78.58758419,77.60589493,58.83095537,61.0803475,61.6231567,59.75938226,42.64962277,53.89879718
357,78.59531479,77.6642385,59.11404018,61.08163299,61.74527311,59.88248154,42.67096973,54.10618001
358,78.61321764,77.58423089,59.27153286,61.08339369,61.82568639,59.8862263,42.69571766,54.08544173
359,78.62431251,77.67836592,59.27932814,61.08450898,61.76070331,59.9334308,42.72078821,53.83658233
360,78.64307361,77.72438985,59.16950613,61.08550124,61.77933823,59.93325927,42.73636564,54.20987142
361,78.65039461,77.67803188,59.38668335,61.08757389,61.86946606,59.98927623,42.76240755,54.16839486
362,78.67753592,77.7224965,59.35098421,61.08920565,61.84850401,60.00524465,42.78303968,54.33430112
363,78.69075243,77.71343919,59.48107168,61.09128769,61.87204439,60.10184397,42.80946396,53.8780589
364,78.71403638,77.64331795,59.21793765,61.0921096,61.79643301,59.98334743,42.8186121,54.12691829
365,78.72500266,77.66352149,59.3564099,61.09416109,61.90292699,60.02985576,42.83832889,54.25134799
366,78.73055306,77.71193643,51.53807783,61.09412247,61.57008865,58.35984596,42.86140097,52.34342596
367,78.2709782,75.4522357,49.1113318,61.08811577,60.93864954,57.35558819,42.82593829,51.28577354
368,77.96423782,74.27235798,47.12846683,61.07869304,60.36885359,56.59308412,42.76165579,51.01617586
369,77.71019439,73.43574782,45.88530599,61.06824825,60.0155169,56.07593396,42.69336845,51.09912899
370,77.48295212,72.78660902,45.26334737,61.0586807,59.97485779,55.79022659,42.63350615,51.22355869
371,77.27744192,72.24806117,44.9234474,61.04960191,59.9995956,55.6362317,42.57630081,51.11986727
372,77.08070914,71.78706265,44.63709102,61.03940255,59.8453117,55.4606748,42.51904454,50.74657818
373,76.89925456,71.3796149,44.20025024,61.02860311,59.76843913,55.24292061,42.45366658,50.74657818
374,76.71443407,71.01955734,43.99689513,61.01798344,59.75452265,55.09977266,42.38828313,51.07839071
375,76.53546245,70.68900478,44.05946449,61.0080038,59.7581118,55.01866617,42.33855481,50.41476566
376,76.35559166,70.38639923,43.68589164,60.99608776,59.60413601,54.83012207,42.27212276,50.64288677
377,76.17934157,70.10567187,43.64109573,60.98523637,59.64348672,54.74089166,42.21585173,50.80879303
378,76.01203011,69.84739117,43.66936996,60.97408872,59.5563709,54.66779908,42.16681768,50.29033596
379,75.84097647,69.60168166,43.38190623,60.96143059,59.39678534,54.47649797,42.10608603,50.04147657
380,75.67528085,69.37298792,43.14494238,60.94842171,59.32554675,54.30882508,42.03817949,50
381,75.51111853,69.15840784,43.00311339,60.93536342,59.28556363,54.18308332,41.97114086,50.10369141
382,75.35139994,68.95311144,43.05836997,60.92264977,59.28690322,54.17745338,41.90661658,50.35255081
383,75.19079424,68.75443263,43.14896479,60.91009339,59.23699648,54.131329,41.85723056,50.02073828
384,75.04503786,68.5688191,42.84106311,60.89674308,59.15986215,53.99243261,41.7993845,49.85483202
385,74.89165213,68.39074579,42.68585838,60.88306369,59.10346915,53.92731467,41.73924009,49.66818747
386,74.73281901,68.21847705,42.48898758,60.86810921,58.9045857,53.75696337,41.67336903,49.31563667
387,74.57704442,68.05003189,42.27823233,60.85332009,58.92670644,53.61143041,41.59985436,49.85483202
388,74.43583752,67.89452088,42.39078078,60.8399303,59.01366992,53.61025828,41.54794637,50.1244297
389,74.29930488,67.73881853,42.4550632,60.82656071,58.96982323,53.55636712,41.50392625,49.3985898
390,74.15650523,67.58661168,42.27840801,60.81148258,58.84615433,53.41365283,41.44057275,49.19120697
391,74.0145658,67.44293232,42.14554233,60.79594793,58.75937115,53.31706991,41.37613102,49.3985898
392,73.87450317,67.3012263,42.11074726,60.78109384,58.76765989,53.24028968,41.32082631,49.44006636
393,73.7456076,67.16658794,42.04506102,60.76498317,58.53903054,53.1522365,41.2701885,48.48610535
394,73.61377956,67.03844178,41.52008716,60.74788002,58.51268374,52.93168919,41.19117867,49.25342182
395,73.48820824,66.91195168,41.56912368,60.73255903,58.57960624,52.94227482,41.13330035,49.04603899
396,73.36185211,66.78661462,41.41080997,60.71605613,58.45364246,52.81915735,41.07395281,49.04603899
397,73.23271838,66.76950469,41.38011808,60.69913263,58.31392234,52.75716276,41.01321591,48.65201161
398,73.11058963,66.7535141,41.24963767,60.68287922,58.45314789,52.68812637,40.94624527,49.50228121
399,73.0033261,66.7393388,41.40780751,60.66750429,58.42030038,52.75307051,40.90584439,48.46536707
400,72.89480808,66.72501588,41.16490124,60.65001346,58.31636136,52.60281458,40.83464315,48.90087101
401,72.78912451,66.71116821,41.29660432,60.63443692,58.45970585,52.62711427,40.78461857,49.06677727
402,72.69145742,66.69834346,41.31611401,60.61799516,58.32075141,52.60482212,40.74075003,48.65201161
403,72.59069244,66.68510451,41.19726632,60.60157774,58.35908704,52.5161339,40.6846698,48.77644131
404,72.49850506,66.67306957,41.19552745,60.58448069,58.21543679,52.4811301,40.63365216,48.46536707
405,72.40774668,66.66139833,40.96006418,60.5669303,58.14592775,52.42477764,40.57419504,48.81791788
406,72.32237021,66.65034723,40.98609571,60.55094209,58.26625472,52.41806064,40.53060092,48.69348818
407,72.23793301,66.6392912,40.95043826,60.53417037,58.20567186,52.36690874,40.48265926,48.61053505
408,72.15425513,66.62808295,40.94524251,60.51751818,58.20643429,52.33315823,40.43849014,48.5483202
409,72.07668478,66.61827312,40.91428265,60.49961155,58.00122997,52.26627776,40.39166875,48.00912484
410,71.99481211,66.60742462,40.56766408,60.48029025,57.80306335,52.07692557,40.33192631,47.86395686
411,71.91101998,66.59622771,40.44359168,60.4617692,57.87333329,52.04092276,40.26891459,48.4238905
412,71.84059818,66.58668705,40.54450312,60.44463692,57.96925467,52.11140855,40.22471787,48.52758192
413,71.77166222,66.57767848,40.65209538,60.42763135,57.98982185,52.14052222,40.18362638,48.27872252
414,71.70105381,66.56819993,40.67346763,60.40978795,57.90943789,52.07649059,40.13994575,48.17503111
415,71.63476553,66.55958653,40.56827719,60.39116166,57.75803403,52.007203,40.09052683,48.00912484
416,71.56461745,66.55017322,40.50669366,60.37291974,57.78457624,51.93382386,40.04077425,48.23724596
417,71.50096976,66.54148581,40.49456784,60.35487628,57.75327735,51.95038186,40.00382484,48.07133969
418,71.43786595,66.53296805,40.48169489,60.33677932,57.75754185,51.91056555,39.96327216,47.96764828
419,71.37924877,66.5253831,40.34711205,60.31707127,57.50181124,51.81043558,39.92077653,46.90999585
420,71.31233847,66.51674876,39.73616449,60.29587979,57.40832591,51.61287964,39.85014437,48.27872252
421,71.2604692,66.51016891,40.08996832,60.27909361,57.71672985,51.77178822,39.81821615,48.34093737
422,71.2110521,66.50368821,40.24629666,60.26168014,57.71751172,51.7905621,39.79030546,47.63583575
423,71.15012746,66.49575464,40.04850226,60.24285762,57.65594846,51.68063831,39.73861118,48.07133969
424,71.09838515,66.48876677,40.1681284,60.22540518,57.72544716,51.70115383,39.70475841,47.88469515
425,71.047919,66.48225264,40.23561464,60.20730614,57.68320784,51.68528719,39.66502147,48.07133969
426,70.99860829,66.47541897,40.28931958,60.19014994,57.75372797,51.7380318,39.63152641,48.11281626
427,70.94791816,66.46922628,40.30520812,60.17249659,57.67593965,51.69950754,39.6039212,47.61509747
428,70.89923169,66.46269532,40.00737779,60.15300268,57.45224101,51.57959875,39.55866185,47.36623808
429,70.84289141,66.45473606,39.79022533,60.13299761,57.31841084,51.46890032,39.50411409,47.2210701
430,70.78632394,66.44736986,39.61454018,60.11312484,57.30368754,51.4157291,39.45359243,47.59435919
431,70.73939079,66.44117313,39.75958743,60.09386386,57.28351169,51.45179459,39.41319859,46.76482787
432,70.68895869,66.43471224,39.35709134,60.07187493,57.02432695,51.301743,39.35016103,46.64039818
433,70.63828866,66.42849414,39.09746315,60.05041618,57.01328214,51.18404389,39.28903597,47.51140606
434,70.59216695,66.42215128,39.32797311,60.03134193,57.15553331,51.28858218,39.2536752,46.78556616
435,70.54242125,66.41551715,39.14858003,60.01026636,57.06189038,51.16533854,39.20019916,47.17959353
436,70.49752164,66.40944991,39.1635602,59.99010525,57.04793419,51.19944556,39.16103426,46.64039818
437,70.44958703,66.40312064,38.9980824,59.96892972,56.99890128,51.11572419,39.10757939,47.63583575
438,70.41219945,66.39818552,39.37826053,59.95112277,57.25463056,51.27863495,39.08518406,47.42845292
439,70.37103939,66.39293351,39.47659751,59.93249089,57.26958523,51.24884656,39.05830258,47.53214434
440,70.32909461,66.38738498,39.56922804,59.91351128,57.17374243,51.23603025,39.03090045,46.9722107
441,70.28759113,66.38188672,39.41280671,59.89306645,57.02042854,51.14257647,38.99205842,46.82704272
442,70.24416271,66.37611758,39.25949027,59.87296797,57.03162626,51.09355074,38.95183723,47.53214434
443,70.21311859,66.37171741,39.42781972,59.85471779,57.13926864,51.1443995,38.9307464,47.26254666
444,70.17182666,66.36620961,39.44254978,59.83537079,57.06187017,51.11812612,38.90852192,46.847781
445,70.13189345,66.36109239,39.22454902,59.81454424,56.87342015,51.00713098,38.87198471,46.59892161
446,70.086342,66.35497432,39.12426497,59.79353214,56.80868577,50.92608035,38.82831621,46.95147242
447,70.05081352,66.3501817,39.20464312,59.77320444,56.78189159,50.94174555,38.79693812,46.78556616
448,70.012759,66.34529737,39.03641178,59.75285652,56.793523,50.8815778,38.75853914,46.9722107
449,69.97696543,66.340851,39.03584901,59.73331677,56.86719423,50.90015023,38.72276176,46.66113646
450,69.93786472,66.33596866,38.96578029,59.71259489,56.76820176,50.85929682,38.68266434,46.59892161
451,69.90297562,66.33170706,38.93618319,59.69244231,56.81730581,50.84083691,38.6477873,47.05516383
452,69.87094481,66.32734983,39.06787201,59.67274717,56.77755896,50.8510434,38.62597113,46.59892161
453,69.83403768,66.32199498,38.9990553,59.65249397,56.76923621,50.78141277,38.59005812,46.68187474
454,69.79477062,66.31692841,39.02618348,59.63292495,56.84166126,50.8051122,38.55816483,46.847781
455,69.76081261,66.31245071,39.12267044,59.6138023,56.88412755,50.84415319,38.52980797,47.13811696
456,69.72776391,66.30795943,39.23690123,59.59457056,56.7874211,50.83812368,38.51376117,46.32932393
457,69.69023624,66.30292209,38.9451155,59.57366318,56.66646197,50.70793224,38.4763756,46.78556616
458,69.6592252,66.29916326,39.01468928,59.5543232,56.73616451,50.73969546,38.45565798,46.76482787
459,69.61753968,66.2938293,39.03760869,59.53484422,56.73129673,50.70994032,38.4295393,46.88925757
460,69.58478214,66.28943172,39.17258673,59.51567054,56.73007013,50.73837372,38.4142171,46.30858565
461,69.54876271,66.28455616,38.89027625,59.49458322,56.54876521,50.63128937,38.3773451,46.39153878
462,69.51854237,66.28067394,38.76926735,59.47403338,56.51812544,50.56771241,38.34414887,46.32932393
463,69.48364009,66.27657072,38.71962345,59.45318457,56.4534266,50.52881267,38.30710384,46.18415595
464,69.4496184,66.27242385,38.54460653,59.43168377,56.33493991,50.48883319,38.2712977,45.93529656
465,69.41649461,66.26807736,38.40093546,59.41019906,56.33423494,50.42654687,38.23046971,46.01824969
466,69.38356156,66.26343023,38.33060228,59.38894522,56.33393742,50.38508232,38.1924038,46.35006221
467,69.35453198,66.25955717,38.33376808,59.36862236,56.38479746,50.43066362,38.1677,45.91455827
468,69.31962698,66.25512733,38.24946483,59.34742937,56.35795386,50.35951417,38.13085277,46.3708005
469,69.28787989,66.25068752,38.36937226,59.32749788,56.41484373,50.39799869,38.1097239,46.41227706
470,69.25552918,66.24693597,38.5152143,59.30771282,56.43339322,50.43449943,38.08178528,46.03898797
471,69.22004635,66.24251697,38.45317025,59.28670484,56.31981804,50.39775206,38.04665697,46.1219411
472,69.18683882,66.23838119,38.34524128,59.26573042,56.23660782,50.30059582,38.01522441,45.72791373
473,69.15144465,66.23343776,38.2410382,59.24456321,56.25532877,50.24202322,37.97498139,46.43301535
474,69.12386174,66.22995303,38.56671375,59.22554006,56.41593103,50.36341311,37.95806227,46.55744504
475,69.09455113,66.22601275,38.7122248,59.20652879,56.43846507,50.40643081,37.94890003,46.39153878
476,69.06683396,66.22284691,38.68733015,59.18696791,56.38221594,50.341117,37.93234704,45.89381999
477,69.03528449,66.21893587,38.36269603,59.16599149,56.23817944,50.2529581,37.90100376,45.83160514
478,69.00558542,66.21446992,38.18087869,59.1451603,56.19751565,50.14702287,37.86547667,46.14267939
479,68.97704198,66.21075167,38.36587439,59.12461643,56.12564475,50.17522066,37.84402754,45.76939029
480,68.9454303,66.2070768,38.20930234,59.10340973,56.06672624,50.12802716,37.81419666,45.76939029
481,68.91858772,66.20358615,38.12953732,59.08204596,55.99466453,50.10547018,37.78217711,45.72791373
482,68.8952714,66.20059734,38.04878667,59.06128006,56.05742187,50.07667022,37.75570953,45.66569888
483,68.86596527,66.19698765,37.99510781,59.04003481,56.00380009,50.04155326,37.72119949,45.6449606
484,68.83719195,66.19329159,37.94253793,59.01931519,56.05411615,49.95499033,37.69325067,46.1219411
485,68.81411114,66.19016734,38.05049477,58.99929327,56.04570864,49.97238993,37.67702024,45.62422231
486,68.78504208,66.18652648,37.957107,58.97850452,56.0278386,49.94906609,37.65059939,45.83160514
487,68.76178926,66.18371036,37.99625459,58.9581752,56.02384869,49.93596026,37.63017152,45.87308171
488,68.73599269,66.18054603,37.9816037,58.93772296,55.97325653,49.9145883,37.61198506,45.81086686
489,68.70929811,66.17687149,38.0024817,58.91687316,55.88343257,49.90316533,37.59298005,45.16798009
490,68.6827652,66.17351208,37.78820197,58.89511444,55.84792558,49.82116168,37.55497522,45.83160514
491,68.66347695,66.17106378,37.95498048,58.87493233,55.90118742,49.87182554,37.54064334,45.43757777
492,68.63586174,66.16752482,37.93818522,58.85413065,55.90729139,49.87013933,37.51146189,45.72791373
493,68.61764396,66.16536857,38.00357893,58.83347835,55.83793417,49.88705015,37.49160737,45.70717545
494,68.5903746,66.1616328,37.92198787,58.81325188,55.8663341,49.91125924,37.47042048,45.85234343
495,68.56935347,66.15908517,37.99391098,58.79345097,55.8927162,49.88102581,37.45570402,45.49979262
496,68.5451507,66.15587095,37.87942588,58.77218293,55.73735473,49.7946379,37.43422199,45.27167151
497,68.51931985,66.15231007,37.72407187,58.75135177,55.78325992,49.71007165,37.40482172,45.56200747
498,68.49885113,66.14993322,37.83662041,58.73100659,55.79038167,49.76345744,37.38572278,45.70717545
499,68.47822483,66.14709933,37.8328543,58.71126313,55.83649579,49.75204065,37.37081554,45.58274575
500,68.45331182,66.14362985,37.86834192,58.69058368,55.71810297,49.7179194,37.35546671,45.33388635
501,68.4288805,66.14051817,37.82633528,58.66998525,55.72695044,49.69102018,37.33006635,45.45831605
502,68.41351494,66.1386253,37.82532015,58.64961361,55.71762772,49.69885133,37.30708412,45.29240979
503,68.39604882,66.13624974,37.6223678,58.62876854,55.66086836,49.63112196,37.28770337,45.83160514
504,68.37884925,66.13386106,37.8987042,58.60987069,55.79772943,49.76270764,37.27853897,45.3961012
505,68.35758924,66.1309843,37.80551208,58.58937544,55.69066954,49.70795152,37.25775811,45.16798009
506,68.33555903,66.12814598,37.63586563,58.56786198,55.51673275,49.63159243,37.23296897,44.75321443
507,68.31087797,66.12511999,37.44102108,58.54611883,55.49567798,49.51001135,37.19954503,45.3961012
508,68.29541164,66.1229982,37.43302783,58.52523105,55.43833261,49.49001497,37.1781166,44.93985898
509,68.26828203,66.11926095,37.23439955,58.50431775,55.51101085,49.44056232,37.15230018,45.23019494
510,68.24493075,66.11621987,37.37301735,58.48345503,55.45541578,49.48259763,37.1302307,44.71173787
511,68.22210019,66.11310372,37.08779398,58.46125716,55.32732623,49.37712425,37.09571992,45.02281211
512,68.20199851,66.11049247,37.14876451,58.44022559,55.36384599,49.35565115,37.06774672,44.87764413
513,68.17950881,66.10731675,37.14778824,58.41849524,55.28294632,49.32352626,37.03938914,44.85690585
514,68.15752176,66.10408981,37.13335788,58.39700838,55.27497227,49.30510795,37.01236595,45.02281211
515,68.13533192,66.10119573,37.195751,58.37569018,55.23524252,49.32473445,36.99364458,44.83616757
516,68.11207551,66.09795807,37.16362126,58.35415094,55.21309208,49.27018697,36.96212345,44.794691
517,68.08726233,66.0948973,37.13968918,58.33295859,55.25355076,49.26831325,36.93337853,45.02281211
518,68.06745503,66.09238045,37.24681576,58.31286217,55.37439288,49.32218274,36.91375077,44.98133555
519,68.0472268,66.0897812,37.22111676,58.29293725,55.4506043,49.32746119,36.89775669,45.49979262
520,68.03253033,66.08797782,37.55397238,58.27468625,55.60493388,49.44374131,36.8967825,45.35462464
521,68.01144679,66.08471576,37.68753016,58.25574355,55.57978397,49.44701111,36.89018966,45.12650353
522,67.99807284,66.08296657,37.64661431,58.23588256,55.46063571,49.39256449,36.87572391,45.20945666
523,67.98250231,66.08089307,37.59547825,58.21633283,55.41868618,49.39621765,36.86504317,45.14724181
524,67.95691713,66.07741191,37.57972077,58.19609744,55.28700953,49.36871414,36.85526583,44.64952302
525,67.93621769,66.0746282,37.38153745,58.1755614,55.29460497,49.26978699,36.82820055,44.85690585
526,67.91641758,66.07186704,37.31596168,58.15474282,55.17758402,49.20434024,36.80833317,44.42140191
527,67.89448222,66.06881918,37.13737715,58.13342634,55.14093513,49.13218974,36.77474363,44.6702613
528,67.87479403,66.06599512,37.04648717,58.1123651,55.08375427,49.11148132,36.75152246,44.89838241
529,67.85577723,66.06382612,37.2036259,58.09292145,55.24959565,49.19447093,36.73567582,44.73247615
530,67.82925811,66.06012963,37.25168289,58.07256086,55.19728826,49.15900686,36.71894382,44.64952302
531,67.80832256,66.05760873,37.18921525,58.05228961,55.19263481,49.12028614,36.69568969,44.69099959
532,67.79127331,66.05523167,37.18853279,58.03207473,55.17078655,49.10635026,36.67983055,44.81542928
533,67.77646996,66.05333967,37.31316129,58.01177078,55.0950299,49.10343819,36.66704803,44.6702613
534,67.75826703,66.05105586,37.30496019,57.99170343,55.12368131,49.07697515,36.65157297,44.85690585
535,67.74314755,66.04892249,37.30768784,57.97220827,55.1616044,49.08256719,36.64037183,44.85690585
536,67.72805767,66.04708988,37.29923289,57.95235805,55.10302926,49.07007628,36.62883186,44.48361676
537,67.71529765,66.04538249,37.17383963,57.93265008,55.18328072,49.0394339,36.60627458,44.87764413
538,67.70047395,66.04341747,37.30356136,57.91311796,55.12564815,49.08261256,36.59687374,44.50435504
539,67.67786622,66.04068355,37.00343058,57.89252152,55.00514205,48.97405578,36.57730837,44.54583161
540,67.65821795,66.03817678,36.96508464,57.87172215,54.89020174,48.93551709,36.55921996,44.31771049
541,67.63979659,66.03574227,36.90737323,57.85134181,54.95274034,48.92305702,36.53561256,44.9191207
542,67.62362128,66.03401698,37.13877831,57.83256908,55.06911832,48.99777278,36.52575881,44.62878474
543,67.60587501,66.03203132,37.1272114,57.81320707,55.0809271,48.9746422,36.51237023,44.73247615
544,67.59381174,66.03023976,37.08495703,57.7935043,54.98488129,48.95747622,36.50476896,43.88220655
545,67.56807202,66.02669985,36.77939858,57.7719162,54.83620348,48.81078215,36.46885138,44.56656989
546,67.55060575,66.02433048,36.83317209,57.75223665,54.88846329,48.88024848,36.45647636,44.73247615
547,67.53795287,66.02258629,36.96871762,57.73316217,54.95036985,48.95369194,36.44762196,44.31771049
548,67.51821747,66.02001788,36.93775682,57.71308056,54.90546308,48.90386309,36.42526236,44.42140191
549,67.5006542,66.01781728,36.84059433,57.69376995,54.97007223,48.86134679,36.41210895,44.71173787
550,67.48650335,66.01593437,37.00871487,57.67505064,55.00090986,48.89052769,36.40046914,44.40066363
551,67.46916944,66.01369298,36.9217557,57.655035,54.86369625,48.84853516,36.38348968,44.23475736
552,67.45174448,66.01147976,36.76789221,57.63472948,54.78413752,48.80550448,36.36428441,44.11032766
553,67.43126944,66.00868076,36.63566026,57.6148488,54.8342741,48.77606244,36.34339521,44.75321443
554,67.42103096,66.00788873,36.90795157,57.59627121,54.88374055,48.84407295,36.33833045,44.02737453
555,67.39640994,66.00478475,36.76461281,57.57545029,54.70844222,48.76091387,36.30782357,44.17254251
556,67.3742721,66.00206175,36.70494831,57.55551007,54.72171131,48.73871765,36.28855734,44.13106595
557,67.35702042,65.99962824,36.6823892,57.53494025,54.61548808,48.66917437,36.26498631,44.21401908
558,67.34189319,65.9976057,36.65451927,57.51504715,54.64314054,48.64241001,36.24918317,43.90294484
559,67.31836954,65.99448852,36.52487481,57.49448109,54.60824422,48.61383795,36.22496178,43.98589797
560,67.30209021,65.9925302,36.58467563,57.47392176,54.55374003,48.58570215,36.20251386,43.8199917
561,67.28147775,65.98991733,36.41573787,57.45257111,54.422675,48.51305179,36.17644881,44.00663625
562,67.26730294,65.987893,36.44432914,57.43217636,54.45810415,48.53323304,36.15533452,43.57113231
563,67.25143122,65.98595266,36.27779975,57.41080632,54.41086159,48.46252184,36.12253525,44.0688511
564,67.23689534,65.98377393,36.41850783,57.39122928,54.53740431,48.52460734,36.10669495,44.00663625
565,67.21796071,65.98123584,36.41589364,57.37094373,54.47385526,48.46865046,36.09001367,43.86146827
566,67.20124071,65.97894733,36.31996916,57.35091415,54.50936386,48.47561621,36.07016227,44.04811282
567,67.18435955,65.97672388,36.38687768,57.3312395,54.51628366,48.47793074,36.05480136,44.02737453
568,67.16654473,65.97429442,36.46151906,57.31152886,54.50117675,48.4664761,36.0396233,44.02737453
569,67.14958593,65.97198221,36.49831889,57.29178403,54.47085704,48.51098184,36.02609485,43.9444214
570,67.13417663,65.97018797,36.51980225,57.27213333,54.47715433,48.46812674,36.00968727,44.02737453
571,67.12074306,65.96821633,36.63664442,57.25255309,54.45276634,48.46348933,35.99706544,43.79925342
572,67.10684462,65.96652692,36.49070511,57.23264069,54.42869836,48.41617329,35.98069607,43.77851514
573,67.09002509,65.96428394,36.41967196,57.21248158,54.36561801,48.38940128,35.96638983,43.65408544
574,67.07269231,65.96197518,36.47901225,57.19225933,54.3457611,48.34957516,35.94137733,44.0688511
575,67.06560505,65.96095105,36.48627924,57.17262322,54.30566535,48.39577423,35.93208318,43.52965574
576,67.05048244,65.95866818,36.26205067,57.15162156,54.18588531,48.29312736,35.90933885,43.38448776
577,67.029264,65.95606461,36.10229829,57.13068214,54.16434383,48.24075793,35.88624952,43.69556201
578,67.01266118,65.95387082,36.18426425,57.11071666,54.21787482,48.24775741,35.86915715,43.63334716
579,66.99727034,65.95229716,36.18588353,57.09084305,54.25616906,48.25935238,35.85143931,43.88220655
580,66.98265724,65.94989455,36.32291688,57.07229852,54.41106023,48.30544004,35.83861973,44.11032766
581,66.96970013,65.94830215,36.46598345,57.05360627,54.37619296,48.34550847,35.83732239,43.69556201
582,66.95374606,65.94650716,36.39026269,57.03421905,54.3396239,48.30354451,35.8181501,43.9444214
583,66.93773887,65.94418877,36.44760285,57.01589131,54.41580313,48.32261246,35.80410374,43.88220655
584,66.920074,65.94156569,36.48339594,56.99717734,54.38460007,48.31075011,35.79702002,43.71630029
585,66.90181239,65.93922803,36.37104089,56.97766946,54.26698193,48.23316455,35.77699488,43.36374948
586,66.88179632,65.93650069,36.12618335,56.95741692,54.16619145,48.173074,35.75581031,43.73703857
587,66.86695245,65.93428388,36.26453922,56.93879805,54.27445601,48.22126731,35.74421505,43.8199917
588,66.85069793,65.93222483,36.33219064,56.92018192,54.28551596,48.26256348,35.73725064,43.84072999
589,66.83541274,65.93031209,36.32375584,56.90149057,54.25539271,48.22100513,35.72635612,43.32227292
590,66.82001114,65.92839308,36.20026698,56.88132511,54.11837253,48.13944582,35.70300607,43.73703857
591,66.80688444,65.92682969,36.24839171,56.86294901,54.2274368,48.19253994,35.69511097,43.67482372
592,66.79481114,65.92533196,36.24840713,56.84470754,54.29969983,48.19488408,35.68721209,44.08958938
593,66.79010557,65.92495832,36.40823584,56.82683633,54.26837963,48.22921349,35.69054905,43.77851514
594,66.78141068,65.92370714,36.45289806,56.8086527,54.26937335,48.21921309,35.68273392,43.71630029
595,66.76561437,65.92158728,36.45183052,56.79041901,54.26290946,48.22099102,35.67531199,43.61260888
596,66.752053,65.91983504,36.31932245,56.77187123,54.21811419,48.19438575,35.66573753,43.57113231
597,66.73698884,65.91770297,36.22450322,56.75329907,54.19067895,48.14660538,35.65357373,43.55039403
598,66.72413386,65.91614608,36.14655292,56.73424598,54.0867538,48.10231642,35.64042327,43.28079635
599,66.71018067,65.91428147,36.04761025,56.71469941,54.01329796,48.02229528,35.61505188,43.17710494
600,66.69150932,65.91198202,35.93014284,56.69484604,53.93906874,47.97316056,35.59348979,43.3430112
601,66.67534386,65.90981671,36.03020635,56.67522815,53.88517098,47.9982009,35.57798897,42.92824554
602,66.65968196,65.90758633,35.84093375,56.65445925,53.7632796,47.8825348,35.55095353,43.48817918
603,66.64907985,65.90666462,36.03208324,56.63621297,53.96152704,47.9982593,35.5442516,43.40522605
604,66.63358261,65.90455199,36.12479085,56.6173201,53.94849172,48.00967207,35.53288374,42.94898382
605,66.62061134,65.9030594,35.86559573,56.59719892,53.84235288,47.92219548,35.51326526,43.28079635
606,66.60619745,65.90149543,35.95148085,56.57833776,53.89930186,47.92991205,35.49307257,43.52965574
607,66.59561054,65.90048329,36.04053116,56.55935411,53.82064172,47.94765261,35.48491143,42.99046039
608,66.57769145,65.89822832,35.91809107,56.53963588,53.79059959,47.86445163,35.45889461,43.28079635
609,66.56538656,65.89666988,35.89700257,56.52055119,53.79024015,47.87940154,35.44577137,43.05267524
610,66.55053822,65.89478077,35.81930851,56.50134602,53.81582067,47.83190118,35.42398202,43.4674409
611,66.54161681,65.89391338,35.8776264,56.48303396,53.84627676,47.83112483,35.42123041,43.23931978
612,66.52938322,65.89279556,35.96484053,56.46395792,53.77723705,47.83107644,35.4069071,42.741601
613,66.51103024,65.89035338,35.73555886,56.44369724,53.66749598,47.76107787,35.38339029,42.99046039
614,66.49875265,65.88863976,35.68133086,56.42412212,53.64907044,47.72561893,35.36427097,43.05267524
615,66.48940029,65.88713035,35.73171112,56.4044641,53.59072997,47.70447464,35.34824539,42.90750726
616,66.47521538,65.88519108,35.64918965,56.38474813,53.57599485,47.69610526,35.32780133,42.53421817
617,66.46098225,65.88361226,35.39639994,56.36411332,53.49960786,47.58736985,35.29650622,42.72086271
618,66.44452182,65.88149041,35.28927165,56.34413444,53.50671845,47.55048475,35.27426535,43.26005807
619,66.43283808,65.87998077,35.57826376,56.3256394,53.59708987,47.62470009,35.26672832,42.78307756
620,66.42134393,65.87866577,35.5360381,56.3062329,53.59457211,47.6150647,35.24942249,43.15636665
621,66.40935921,65.87664157,35.58803416,56.28780179,53.63976262,47.66104662,35.24573094,43.07341352
622,66.39632968,65.87477932,35.5925093,56.26893446,53.59235441,47.63613183,35.23356655,42.30609706
623,66.38026757,65.87250195,35.37444582,56.24871182,53.53473907,47.53997922,35.20082617,42.99046039
624,66.3666933,65.87121167,35.61281415,56.23014416,53.58682839,47.61388239,35.19077726,42.67938615
625,66.35689966,65.86995152,35.4646502,56.21052187,53.50088645,47.59089203,35.17203069,42.90750726
626,66.34663201,65.86884709,35.60199809,56.1923172,53.62095454,47.62499439,35.15999429,43.03193696
627,66.33617738,65.86727285,35.67287416,56.17336474,53.49799915,47.61717637,35.14684662,42.55495645
628,66.32071709,65.86548644,35.52043532,56.15373833,53.44369919,47.56121872,35.12472472,42.3683119
629,66.30767444,65.86377689,35.3076726,56.13357736,53.36334042,47.47924275,35.09508642,42.59643302
630,66.2920752,65.86187268,35.22199086,56.11383155,53.31730868,47.43889403,35.08067037,42.70012443
631,66.27650589,65.85993655,35.26310356,56.09460566,53.33958051,47.44899381,35.06511777,42.4927416
632,66.2638424,65.85837662,35.16627984,56.07410984,53.17747671,47.3607862,35.04613383,42.05723766
633,66.24792322,65.85634391,34.98219211,56.05362877,53.20418825,47.30789165,35.01214253,42.51347988
634,66.23430541,65.85464213,35.04458564,56.03386268,53.19545993,47.35142731,34.9943173,42.07797594
635,66.21479034,65.85210908,34.93379397,56.01373414,53.23051223,47.2664466,34.96674195,42.70012443
636,66.20522896,65.85074052,35.0637184,55.99507708,53.30645013,47.37142262,34.95742249,42.67938615
637,66.1974467,65.8496837,35.22186711,55.97724683,53.46654681,47.40400613,34.94614628,43.15636665
638,66.19082931,65.84873236,35.63829566,55.96069073,53.60914807,47.52669975,34.9474922,43.03193696
639,66.1846821,65.84740768,35.62230652,55.94282378,53.47152722,47.49175328,34.94656237,42.45126504
640,66.16548086,65.8447537,35.30733481,55.92421428,53.42778669,47.41624926,34.93219397,42.90750726
641,66.15488933,65.84347957,35.31994322,55.90587493,53.31390986,47.4067222,34.92895106,42.18166736
642,66.1386792,65.84125452,35.0814723,55.88674033,53.30820514,47.35484475,34.90695473,42.57569473
643,66.12685418,65.83982307,35.13582132,55.8682156,53.28350066,47.30167307,34.89214323,42.57569473
644,66.11604352,65.83808661,35.20256271,55.84985082,53.28362766,47.30926677,34.88276595,42.70012443
645,66.10756313,65.83709533,35.30166448,55.831109,53.17159057,47.30228553,34.87203875,42.03649938
646,66.09580226,65.83519143,35.08218163,55.81105523,53.06423523,47.18278336,34.84159728,42.40978847
647,66.07975023,65.83327327,35.14007473,55.79310596,53.25020465,47.22204329,34.82839629,42.67938615
648,66.07027673,65.8317894,35.32191922,55.77538221,53.2838353,47.27182724,34.82447898,42.78307756
649,66.06273207,65.83096723,35.44331509,55.75791808,53.29829384,47.33057579,34.82461363,42.51347988
650,66.05343666,65.83001203,35.27125636,55.7392928,53.16742813,47.26054239,34.81630937,42.30609706
651,66.04089186,65.82793948,35.20587555,55.72069935,53.15260732,47.26692933,34.79878129,42.59643302
652,66.0306245,65.82651116,35.26216353,55.70252369,53.12014225,47.23426968,34.79246828,42.01576109
653,66.01520201,65.82438275,35.09832907,55.68362794,53.12617811,47.14441272,34.76647966,42.47200332
654,66.00104723,65.82267969,35.21247701,55.66566628,53.14624592,47.16205867,34.7533852,42.55495645
655,65.99130403,65.82159974,35.32238794,55.64821346,53.2028568,47.20834491,34.7427012,42.32683534
656,65.98091086,65.82001672,35.30382235,55.62990802,53.13109525,47.2080769,34.72775442,42.55495645
657,65.97612774,65.81905534,35.21930201,55.61275767,53.21772562,47.18816692,34.71998508,42.55495645
658,65.96981981,65.81821434,35.27012527,55.59525302,53.18154259,47.19170191,34.71552646,42.53421817
659,65.95873085,65.8168417,35.30706258,55.57746903,53.10669773,47.19728935,34.71140833,42.07797594
660,65.94819936,65.81515852,35.17712939,55.55858129,52.99529282,47.13086295,34.69568008,42.6171713
661,65.93584284,65.81310461,35.41939967,55.54185738,53.14673262,47.18495305,34.69476231,42.51347988
662,65.92823599,65.81196476,35.4410039,55.52465923,53.14684108,47.2139998,34.69043813,42.4927416
663,65.9204886,65.81123438,35.42644582,55.5075908,53.15943514,47.22948594,34.67772682,42.34757362
664,65.90893876,65.80936669,35.28164332,55.49003706,53.10901287,47.13559681,34.6671065,42.55495645
665,65.89900497,65.80780422,35.43462231,55.47284445,53.07572442,47.1956119,34.66067715,42.11945251
666,65.88868415,65.8060355,35.29313753,55.45560899,53.15469377,47.15890373,34.64393348,42.741601
667,65.88279063,65.80574664,35.39452971,55.43882247,53.08392806,47.21093826,34.64436908,42.16092908
668,65.87101243,65.80426318,35.2502715,55.42110278,53.0368431,47.13695598,34.62813826,42.16092908
669,65.86326825,65.8032386,35.18443389,55.40395275,53.09465794,47.09834653,34.61280053,42.70012443
670,65.85881168,65.80261334,35.32885875,55.38759346,53.09231439,47.13988326,34.61348042,42.59643302
671,65.84624075,65.80089608,35.43210126,55.37187379,53.2115706,47.15528757,34.61361337,42.88676898
672,65.84004261,65.79993327,35.58140519,55.35615449,53.17253532,47.20544151,34.61874918,42.26462049
673,65.83023656,65.79858557,35.28375081,55.33811082,52.92070287,47.08336231,34.60824355,41.99502281
674,65.81888527,65.79713985,35.07997525,55.32021671,52.8889382,47.00447268,34.59228182,42.3683119
675,65.8146288,65.79637676,35.06955602,55.30382283,53.01258476,47.0256384,34.58508485,42.22314392
676,65.80531155,65.79527733,35.11627411,55.2863142,52.90487515,47.0030093,34.57826457,41.93280796
677,65.79429727,65.7937298,35.01222134,55.26800225,52.7852779,46.92810204,34.56055899,41.84985483
678,65.7838986,65.7925678,34.80400363,55.24929843,52.67209143,46.8506206,34.53885325,41.70468685
679,65.77250406,65.79120452,34.6908159,55.23116925,52.74339771,46.80682397,34.51455235,42.28535877
680,65.76825231,65.7907742,34.93449519,55.21421252,52.79948739,46.88411727,34.5088988,41.7669017
681,65.75614831,65.78915586,34.82848628,55.19578681,52.70011017,46.81383408,34.48832169,41.91206968
682,65.74455068,65.78745893,34.90060896,55.17846039,52.78456833,46.85552066,34.47104836,41.99502281
683,65.73470205,65.78605509,34.97190277,55.16120174,52.79777085,46.89262823,34.46077574,42.30609706
684,65.7270695,65.78507801,35.1537522,55.14396615,52.70736455,46.90747936,34.455128,41.49730402
685,65.71246813,65.78320677,34.77191969,55.12504964,52.58800141,46.76212378,34.43131026,41.84985483
686,65.70122743,65.78171122,34.83014274,55.10774586,52.69451091,46.76853572,34.41438809,41.95354625
687,65.68787567,65.78028726,34.88783428,55.09037062,52.68752425,46.76558255,34.40061544,41.80837827
688,65.6742212,65.7782346,34.88848912,55.07273297,52.66271248,46.77932262,34.38900961,41.72542513
689,65.6631317,65.77682379,34.84545475,55.05538411,52.70763821,46.75908689,34.36784885,41.97428453
690,65.65334205,65.77577631,34.97244357,55.03839629,52.70599236,46.78027299,34.36084277,42.20240564
691,65.64939654,65.77513686,35.09420462,55.02263889,52.83381181,46.84170401,34.35766159,42.16092908
692,65.64178177,65.77403046,35.07442276,55.0057282,52.69558709,46.82250632,34.3562175,41.68394857
693,65.63458718,65.77355391,34.88577288,54.98777124,52.57351045,46.76036766,34.33854441,41.74616342
694,65.62174837,65.77180819,34.80519964,54.97035323,52.57732307,46.76343324,34.32050352,41.66321029
695,65.60869376,65.77026412,34.77808025,54.95279082,52.56265651,46.74543181,34.30395832,41.80837827
696,65.59862183,65.7688714,34.87110272,54.93542884,52.53554788,46.72321836,34.29237304,41.51804231
697,65.58593476,65.76732842,34.73415109,54.91809143,52.58994984,46.64754387,34.27259972,41.91206968
698,65.57514663,65.76604914,34.88325564,54.90171484,52.65274671,46.70161177,34.26193358,42.20240564
699,65.5724395,65.76580831,35.05733809,54.88617787,52.72795285,46.78186569,34.26348088,42.01576109
700,65.56392259,65.76452537,34.97843539,54.87020463,52.72349938,46.76219702,34.25946514,41.91206968
701,65.55112027,65.76309621,34.96220631,54.85383279,52.6682696,46.73533008,34.25116316,41.58025715
702,65.53718332,65.76105621,34.84778116,54.8361711,52.50396581,46.67121666,34.23311367,41.70468685
703,65.52768973,65.75978076,34.8216676,54.81971596,52.58566084,46.66363623,34.21880731,42.32683534
704,65.51959279,65.75843187,35.12643579,54.80459153,52.66076987,46.75344315,34.21853128,42.05723766
705,65.51118087,65.75759658,35.12920299,54.78866549,52.61777059,46.72673733,34.21675156,41.60099544
706,65.50359561,65.75660274,34.91155138,54.77190987,52.56798228,46.64835643,34.20005004,42.01576109
707,65.49587256,65.75587057,34.94678673,54.75640182,52.63008251,46.65721311,34.19732717,41.97428453
708,65.48831866,65.75464083,34.98179517,54.7410765,52.68478064,46.71122566,34.19806638,42.3683119
709,65.48256396,65.7539771,35.13625254,54.72652612,52.71856188,46.82221612,34.2041594,42.24388221
710,65.47534457,65.75281216,35.11016755,54.71203737,52.76473816,46.7868484,34.20690456,42.03649938
711,65.46578964,65.75139115,35.03381114,54.69644081,52.64463155,46.73627756,34.20409954,41.68394857
712,65.45549604,65.75025943,34.87536546,54.68008383,52.54426473,46.65028086,34.18933991,42.01576109
713,65.44908994,65.74932637,34.90744704,54.66455404,52.53471639,46.66392294,34.1913043,41.18622978
714,65.43717188,65.74772946,34.60711973,54.64707297,52.4130175,46.57488832,34.17044008,41.72542513
715,65.42727165,65.74640938,34.65146997,54.63103897,52.44015551,46.58890248,34.15997703,41.45582746
716,65.41805963,65.74519409,34.52799278,54.61400963,52.34445722,46.47709531,34.141516,41.642472
717,65.41228761,65.74471268,34.62977515,54.59789408,52.39133543,46.52302712,34.12939961,41.642472
718,65.4010327,65.74303994,34.64134101,54.58167462,52.38086595,46.53305437,34.11877983,41.7669017
719,65.39150508,65.7416501,34.7539171,54.56530091,52.30392199,46.52551955,34.10849181,40.99958523
720,65.37737185,65.73969362,34.45436745,54.54790158,52.28797878,46.38678452,34.0813874,41.74616342
721,65.37259925,65.73880587,34.6223729,54.53271831,52.4344851,46.47574158,34.07813012,42.05723766
722,65.37059717,65.73882766,34.8090024,54.51748189,52.39541713,46.54438037,34.08083876,41.10327665
723,65.35876931,65.73751351,34.42904358,54.49956845,52.17366677,46.3581598,34.05537081,41.28992119
724,65.34476172,65.73560699,34.35355952,54.48327967,52.28415099,46.36222502,34.03584242,41.60099544
725,65.33700235,65.73454747,34.44925794,54.46794047,52.39338572,46.37438606,34.0257728,41.97428453
726,65.33387539,65.73444177,34.68538116,54.45329744,52.44235547,46.43041495,34.02576838,41.49730402
727,65.32410771,65.73306227,34.61222769,54.43742307,52.37055302,46.39171156,34.01401816,41.60099544
728,65.31788397,65.73190892,34.54415017,54.42204579,52.38124031,46.4240435,34.00903866,41.49730402
729,65.31141135,65.73141049,34.42127213,54.40641757,52.35664534,46.3944275,33.99626064,41.55951887
730,65.30456079,65.73110752,34.42933943,54.39055756,52.2765451,46.39994339,33.98559954,41.18622978
731,65.29263761,65.72958138,34.38387226,54.37441924,52.28170768,46.35118797,33.96541061,41.68394857
732,65.28577199,65.72859394,34.54229557,54.35933405,52.31120309,46.40719891,33.95824169,41.58025715
733,65.27814642,65.72753669,34.59479986,54.34406582,52.30752028,46.45956131,33.94972515,41.72542513
734,65.26960898,65.72659248,34.72111819,54.32890045,52.27223605,46.45664672,33.94968699,41.10327665
735,65.26129817,65.72565608,34.46995116,54.31256654,52.21457695,46.34774383,33.93288206,41.55951887
736,65.2554597,65.72488958,34.48900015,54.29708557,52.19577785,46.3580235,33.92437695,41.62173372
737,65.24852141,65.72417095,34.50457802,54.28247734,52.30206113,46.39522108,33.92378856,41.51804231
738,65.24305026,65.72369897,34.57258227,54.26726105,52.26379984,46.35414313,33.91263166,41.26918291
739,65.23598261,65.72272481,34.49262657,54.25089652,52.10824204,46.30572817,33.90024187,41.14475321
740,65.2254836,65.72122015,34.40066668,54.23519773,52.1705541,46.22847468,33.88322383,41.26918291
741,65.21504068,65.71983256,34.47645733,54.21949975,52.1511946,46.23830157,33.87062454,41.41435089
742,65.2046935,65.71866372,34.53988662,54.20383599,52.09333962,46.2539869,33.86082694,41.12401493
743,65.19665771,65.71739264,34.4276296,54.18801232,52.10546456,46.23347609,33.8405905,41.45582746
744,65.1899249,65.71642457,34.53798519,54.1730235,52.14776909,46.29396609,33.83236327,41.41435089
745,65.17870763,65.71494423,34.55103929,54.15789324,52.14131095,46.26295506,33.82581472,41.20696806
746,65.17082143,65.71394204,34.41070914,54.14244186,52.12640235,46.21499377,33.81371863,41.41435089
747,65.16534659,65.71349197,34.34548998,54.12670766,52.00362628,46.20166548,33.8087599,40.79220241
748,65.15018338,65.71135768,34.10401852,54.11003533,51.94434132,46.09139955,33.78507365,41.10327665
749,65.13972465,65.70975679,34.12697843,54.09389939,51.91064475,46.0862192,33.77081403,40.93737039
750,65.12893168,65.70833315,33.98075207,54.0776729,51.91144363,46.06021491,33.75255535,41.37287433
751,65.12212384,65.70743617,34.15689823,54.06255794,51.96813058,46.13084346,33.74867588,40.93737039
752,65.11044295,65.70620456,34.09017677,54.0459723,51.85117593,46.02884283,33.73137816,40.81294069
753,65.10068992,65.70477504,34.00244593,54.02881558,51.72166481,45.96105339,33.7111237,40.79220241
754,65.092116,65.70371937,33.88498212,54.01252221,51.79886667,45.97563313,33.68986087,40.93737039
755,65.08445936,65.7027741,34.02855554,53.99657752,51.83850609,46.01768813,33.6771666,40.93737039
756,65.07807335,65.70194535,34.07880917,53.98073193,51.8574162,46.04021513,33.66187011,41.20696806
757,65.06855263,65.70069021,34.11855627,53.96564371,51.90520322,46.0563384,33.65654344,41.22770635
758,65.06291299,65.70024428,34.30051412,53.95168543,52.09636678,46.11593946,33.65057856,41.58025715
759,65.05831375,65.69964489,34.51136668,53.93799911,52.11927173,46.18318944,33.65355111,41.49730402
760,65.051689,65.69877316,34.62794405,53.92467915,52.19942957,46.25200078,33.65437255,41.78763998
761,65.05012497,65.69858069,34.78044466,53.91154408,52.17718006,46.29387143,33.66220751,41.22770635
762,65.04143208,65.69742762,34.6315778,53.89593309,51.89193036,46.18558744,33.65737051,40.39817503
763,65.02489851,65.69514317,34.21584625,53.87939688,51.82032397,46.0098031,33.62734308,41.0410618
764,65.01849629,65.69442818,34.14778424,53.86423863,51.83492416,45.97654675,33.61416245,41.08253837
765,65.01032379,65.69328603,34.15403292,53.84935345,51.85962362,45.97529881,33.60331079,41.12401493
766,65.00531267,65.69264133,34.24616852,53.8349171,51.92073633,46.02255016,33.59666058,41.24844463
767,65.00070012,65.69213027,34.28794337,53.82081468,51.95802316,46.02163125,33.59209444,40.93737039
768,64.99114464,65.69060868,34.25110206,53.80537649,51.82361662,45.96653389,33.58299637,40.70924927
769,64.98377898,65.68996894,34.03208301,53.78976557,51.78449229,45.89567488,33.56517223,41.10327665
770,64.97460887,65.68872018,34.1253551,53.77545046,51.86518955,45.96609375,33.55878308,41.10327665
771,64.9687932,65.68778375,34.2023248,53.76099164,51.86325026,45.97399654,33.55328303,41.06180008
772,64.96297217,65.68687505,34.24776993,53.74581764,51.74004389,45.9595053,33.54667372,40.60555786
773,64.95466873,65.68554064,33.99752825,53.73010902,51.70483121,45.86409591,33.52545529,40.97884695
774,64.94675301,65.68454187,34.10960018,53.71550703,51.75960509,45.91522248,33.51606127,40.9166321
775,64.94218603,65.68418109,34.06896779,53.70088054,51.78367147,45.90163926,33.50325532,40.72998756
776,64.93333182,65.68312838,34.01816419,53.68557902,51.71754132,45.8659093,33.48550353,40.87515554
777,64.92560471,65.68199362,34.03276858,53.67014047,51.61385734,45.84013205,33.47382645,40.68851099
778,64.91665543,65.68119355,33.96829316,53.65531754,51.70533936,45.84010442,33.45844153,41.1654915
779,64.91101751,65.68083052,34.1677523,53.64146564,51.76901914,45.87756412,33.4523161,41.02032352
780,64.90826554,65.68001169,34.16213622,53.62661363,51.65771606,45.82122232,33.44438,40.58481958
781,64.89777045,65.67856361,33.96774497,53.61103248,51.59027413,45.77900601,33.42445168,40.85441725
782,64.89166246,65.67764984,33.96498403,53.5964691,51.64323604,45.81761374,33.41465233,40.83367897
783,64.88520022,65.67676306,34.05408003,53.5817397,51.63440268,45.84590041,33.40694236,40.75072584
784,64.87744618,65.67578157,34.00566325,53.56691022,51.62263726,45.82957038,33.393651,40.83367897
785,64.8722325,65.67514127,33.97289637,53.55271675,51.68969204,45.82104287,33.38492073,40.79220241
786,64.86829703,65.67417574,33.98858683,53.5384066,51.69725995,45.84467032,33.37447772,40.89589382
787,64.86477592,65.67360879,34.06783445,53.52460117,51.74374994,45.83183735,33.36923039,41.26918291
788,64.86331425,65.67349766,34.2053321,53.5116639,51.79889762,45.8772649,33.37253182,40.85441725
789,64.85716971,65.67264647,34.17936305,53.49774846,51.75842366,45.86148562,33.37066834,41.1654915
790,64.85298333,65.67201882,34.29252707,53.48497914,51.83656222,45.90778798,33.36861681,41.10327665
791,64.84711732,65.67128579,34.32295763,53.47193604,51.83102159,45.89738471,33.37147869,41.10327665
792,64.84042948,65.67038657,34.43517137,53.45954113,51.92331754,45.92284372,33.37303728,41.22770635
793,64.83791937,65.67025741,34.42030005,53.44617756,51.75847148,45.90556179,33.37269721,40.77146412
794,64.83046001,65.66920748,34.29042128,53.43182187,51.62977021,45.83402139,33.36129743,40.60555786
795,64.82331777,65.66814123,34.09344996,53.4172137,51.56303736,45.74247899,33.34939025,40.85441725
796,64.81803476,65.66742206,34.1393546,53.40346088,51.59769818,45.75195931,33.34145448,41.12401493
797,64.81226013,65.66666335,34.25645207,53.39035474,51.63563674,45.82998597,33.34528304,40.70924927
798,64.80227525,65.66537635,34.17877616,53.37679246,51.67713592,45.82067382,33.33616797,41.02032352
799,64.79684162,65.66451188,34.22090014,53.36358685,51.6592367,45.85186783,33.33406681,40.66777271
800,64.78594665,65.66299856,34.07964415,53.34924078,51.54459417,45.76520302,33.32464659,40.48112816
801,64.77541736,65.66167157,33.85284472,53.33477096,51.50938722,45.68716214,33.30880388,40.64703443
802,64.76786107,65.66082109,33.82897722,53.32056389,51.48264599,45.66925137,33.29499473,40.46038988
803,64.759235,65.65975678,33.73989984,53.30566361,51.39211052,45.64433725,33.28403983,40.4396516
804,64.75109695,65.65858484,33.68645935,53.29154228,51.4734166,45.66383277,33.27056483,40.95810867
805,64.74863855,65.65810274,33.8977328,53.27874312,51.57992251,45.7341114,33.27389294,40.83367897
806,64.74445937,65.65767966,34.04562704,53.26514192,51.5143437,45.71659224,33.27151945,40.87515554
807,64.74025284,65.6571886,34.13174293,53.25182496,51.51039616,45.74522451,33.26319714,40.52260473
808,64.73081018,65.65607317,33.99544439,53.23799635,51.50494266,45.65430887,33.25215925,40.81294069
809,64.72599668,65.65569213,34.06392388,53.22492257,51.53799778,45.67016477,33.24574295,40.50186645
810,64.7149137,65.65428523,33.93122536,53.21143444,51.55487635,45.62851238,33.2363369,41.10327665
811,64.71169799,65.65389096,34.11940002,53.19913539,51.58879531,45.70245315,33.24333507,40.75072584
812,64.7056429,65.6530022,34.03872431,53.18609481,51.56361602,45.69309993,33.24225977,40.64703443
813,64.7008477,65.65221661,33.89137068,53.17258264,51.49167665,45.63361608,33.2340296,40.4396516
814,64.69049082,65.65103522,33.79006107,53.15847008,51.4032111,45.63876841,33.22100755,40.46038988
815,64.68348353,65.65021527,33.75535355,53.14476009,51.41247502,45.59977335,33.20751249,40.89589382
816,64.68178651,65.64969563,33.96206187,53.13276334,51.5741497,45.68213005,33.21166498,40.9166321
817,64.67862435,65.64900372,34.05826784,53.11993304,51.49069795,45.66208964,33.2101817,40.46038988
818,64.6684401,65.6475281,33.93554442,53.10649937,51.46611224,45.61189998,33.19925609,40.66777271
819,64.6619301,65.64661998,33.99982727,53.09359126,51.47518858,45.62267861,33.19585718,40.62629614
820,64.65642999,65.64586522,34.05826849,53.08131315,51.58260329,45.66407997,33.18956556,41.18622978
821,64.6569814,65.64590055,34.20111025,53.06978246,51.59508935,45.71118086,33.20082324,40.4396516
822,64.64972068,65.64537673,33.98740927,53.05644447,51.48798463,45.62078042,33.18478177,41.08253837
823,64.64560286,65.64490611,34.22981569,53.04529711,51.62175084,45.67253225,33.18908735,41.02032352
824,64.63966265,65.64401059,34.32013107,53.03359183,51.59384642,45.68565253,33.19429654,40.83367897
825,64.63405839,65.64310228,34.17528224,53.02097325,51.46780542,45.65886347,33.19032078,40.46038988
826,64.6231178,65.64198709,33.97899947,53.00762906,51.37902485,45.5824655,33.17961401,40.58481958
827,64.61252346,65.6406351,33.91699333,52.99497493,51.41106046,45.56764116,33.1711799,40.66777271
828,64.6077863,65.64003315,33.92324034,52.98186302,51.31580829,45.5626553,33.16746431,40.35669847
829,64.59774365,65.63857539,33.79046111,52.96865257,51.32723151,45.50353453,33.15487414,40.52260473
830,64.5947148,65.63844115,33.75806214,52.95567389,51.31628117,45.48897137,33.14296907,40.4396516
831,64.58317946,65.63706048,33.71992654,52.94206502,51.21681669,45.46462478,33.1290758,40.39817503
832,64.5732625,65.6356369,33.74171686,52.92868265,51.21080004,45.45220766,33.11856343,40.50186645
833,64.56566227,65.63479253,33.84938997,52.91550214,51.20221727,45.50058292,33.11266748,40.37743675
834,64.56210764,65.63412625,33.76982528,52.90267889,51.27983377,45.44907262,33.09666125,40.60555786
835,64.55621313,65.63336115,33.82739932,52.88997964,51.2626492,45.46364086,33.09087053,40.81294069
836,64.557029,65.63364072,34.05769378,52.87877461,51.43732396,45.52592537,33.09332132,40.58481958
837,64.54584094,65.63236212,33.94845441,52.86587609,51.2836788,45.47298866,33.09411261,40.1907922
838,64.53731626,65.63128542,33.7338949,52.85245069,51.22046023,45.40464266,33.07865616,40.35669847
839,64.531042,65.63052396,33.71517513,52.84015264,51.32721584,45.40612076,33.07052926,40.9166321
840,64.52999656,65.63037322,33.94243838,52.82868162,51.35245259,45.49687193,33.08173752,40.23226877
841,64.51933242,65.62904659,33.75810764,52.8154708,51.24614619,45.41550127,33.07200677,40.33596018
842,64.50854158,65.62744129,33.7122111,52.8020044,51.11640991,45.3669986,33.06267641,39.67233513
843,64.49735021,65.62593894,33.39924357,52.78675153,50.92647288,45.22111672,33.03631092,39.94193281
844,64.48906281,65.62502696,33.35229582,52.77275952,50.96889664,45.23837176,33.01857602,40.37743675
845,64.48348992,65.624411,33.48704519,52.7598534,51.04026687,45.28669554,33.01404638,40.08710079
846,64.47454622,65.62359099,33.4097873,52.74698234,51.14380245,45.29621368,33.00371301,40.52260473
847,64.47372848,65.62361458,33.61814512,52.73545847,51.28542745,45.39698859,33.00323269,40.75072584
848,64.46924007,65.62279858,33.83414461,52.72424029,51.32557011,45.47058731,33.00894557,40.29448362
849,64.46574833,65.62264941,33.63917887,52.71130131,51.16941746,45.369767,32.99763178,39.90045624
850,64.45610896,65.62130194,33.45661396,52.6972877,51.01647102,45.26795139,32.98137252,40.14931564
851,64.44961934,65.62046857,33.64903694,52.68536106,51.21955045,45.3255876,32.97223327,40.89589382
852,64.45072555,65.62055164,33.89003114,52.67411834,51.21179541,45.42665383,32.98537053,40.06636251
853,64.43942766,65.61906889,33.71632631,52.66085925,51.08223989,45.32326731,32.9707475,40.00414766
854,64.4334684,65.61840179,33.54230239,52.64749362,51.01291697,45.23599796,32.94901295,39.98340937
855,64.42380114,65.61721488,33.54420943,52.63476436,51.0803412,45.22394722,32.93467862,40.29448362
856,64.41832726,65.61636836,33.5536464,52.62228774,51.06149008,45.22395991,32.93282455,40.02488594
857,64.40742812,65.6148541,33.47584966,52.60884839,50.95375284,45.18092964,32.918947,39.7138117
858,64.3986722,65.61379928,33.28611023,52.59429156,50.79236281,45.11029811,32.895862,39.73454998
859,64.39025649,65.61271689,33.17995369,52.58073003,50.86879882,45.09835889,32.86901585,40.1907922
860,64.38522334,65.61164347,33.35469429,52.56837495,50.96969218,45.17551663,32.86108303,40.3152219
861,64.38167847,65.611096,33.47397518,52.55673926,51.08904061,45.20972325,32.85916095,40.60555786
862,64.37949272,65.61074117,33.70482077,52.54509614,51.05004384,45.28414242,32.86466392,40.04562422
863,64.36995211,65.60938077,33.64914632,52.53245963,51.00537245,45.24301095,32.85802315,39.98340937
864,64.3617713,65.60794625,33.54062434,52.51947129,50.93315404,45.18785963,32.84494945,40.17005392
865,64.35926875,65.60744525,33.50106456,52.50723417,50.96653234,45.19764181,32.83720421,40.06636251
866,64.35252815,65.60691393,33.37994363,52.4940407,50.83970911,45.16089567,32.82671293,39.79676483
867,64.34370176,65.60573003,33.35407025,52.48101497,50.87217936,45.16261546,32.80937224,40.14931564
868,64.33852627,65.60528882,33.36803314,52.46890516,50.93429272,45.15129781,32.80223791,40.04562422
869,64.3338124,65.60478528,33.35240338,52.45623615,50.88532985,45.13981083,32.79747234,39.90045624
870,64.33067203,65.60395523,33.33476495,52.44364422,50.90347673,45.11594147,32.78463538,39.90045624
871,64.3256001,65.60338078,33.29861361,52.43041246,50.79443681,45.09559308,32.76983023,39.90045624
872,64.31862323,65.60262837,33.1639237,52.41769797,50.82083192,45.02039974,32.75409297,39.92119453
873,64.31034099,65.60122206,33.14831962,52.40443641,50.72495203,45.01347408,32.74509724,39.48569058
874,64.3001421,65.60007163,32.99620791,52.39047224,50.67040404,44.95129926,32.72413898,39.94193281
875,64.29323539,65.59906591,33.13383457,52.3776925,50.71044345,45.01211774,32.71464901,39.69307341
876,64.28589013,65.5979808,33.11012513,52.36417845,50.66083957,44.97510347,32.70105751,39.65159685
877,64.28021432,65.59730399,32.99185242,52.35070537,50.64375327,44.95337325,32.68930348,39.589382
878,64.27148914,65.59581296,32.91476349,52.33650491,50.52102181,44.92597891,32.6743855,39.56864372
879,64.2634465,65.59483555,32.96172075,52.32404571,50.75021419,44.95233918,32.65818632,40.25300705
880,64.2594069,65.59443235,33.24659162,52.31262148,50.83180482,45.03406581,32.66054077,39.90045624
881,64.25594613,65.5942316,33.20180992,52.30033376,50.80535045,44.98825013,32.64998672,39.90045624
882,64.25277293,65.59399678,33.28408237,52.28859473,50.87386449,45.0419775,32.6430293,40.33596018
883,64.2487914,65.59367246,33.48655496,52.27760439,50.90275139,45.10313336,32.65075251,39.77602655
884,64.24044411,65.59248458,33.33983966,52.26535539,50.84557325,45.06337559,32.64503577,39.90045624
885,64.23510315,65.59180543,33.31269018,52.25381913,50.89500335,45.06591495,32.63936491,40.37743675
886,64.23300466,65.5914974,33.54545386,52.2428869,50.88045939,45.10521483,32.64800221,39.90045624
887,64.22477606,65.59006495,33.52819738,52.23148664,50.91264937,45.11011898,32.64105556,40.21153049
888,64.21778164,65.5891641,33.60898322,52.22047534,50.89925994,45.14488639,32.64662904,40.04562422
889,64.21143125,65.58838871,33.60402461,52.20911051,50.86766866,45.11321278,32.64627309,39.77602655
890,64.2012934,65.58688211,33.44076018,52.19698945,50.7905259,45.014196,32.63723312,39.98340937
891,64.19462979,65.58605489,33.43362011,52.18520832,50.74792313,45.00625668,32.63467814,39.63085856
892,64.18906198,65.585234,33.40151404,52.17306719,50.75329949,44.97230676,32.61733885,39.98340937
893,64.18630729,65.5850388,33.40955542,52.16174415,50.78737209,44.97693169,32.61611439,39.83824139
894,64.17923955,65.58377851,33.30064513,52.1497612,50.72148372,44.95198455,32.61064176,39.589382
895,64.17161449,65.58275866,33.07895806,52.13673552,50.57366346,44.89394276,32.59414313,39.54790543
896,64.16433483,65.58184908,32.96877793,52.12445127,50.63221191,44.88946265,32.58321242,39.79676483
897,64.15694633,65.5806873,33.09519307,52.11222451,50.59082136,44.90336422,32.57199344,39.27830776
898,64.14600382,65.57910047,32.91531206,52.09859228,50.46635039,44.78830241,32.55147466,39.7138117
899,64.14090779,65.57837513,33.09083751,52.08693266,50.61003691,44.87172255,32.54754012,39.67233513
900,64.13412022,65.57737132,33.18886776,52.07505823,50.63863906,44.90168964,32.54092788,39.87971796
901,64.13008851,65.5767428,33.26643414,52.06391483,50.70674561,44.88947993,32.53464968,40.1907922
902,64.13250667,65.57727022,33.47882823,52.0533912,50.74712856,44.97626976,32.53815567,39.589382
903,64.12548083,65.57625035,33.19067649,52.04125393,50.64639792,44.86229276,32.52493671,39.4649523
904,64.11707055,65.57502479,33.03363499,52.02824553,50.47905679,44.82198774,32.51077978,39.40273745
905,64.10732461,65.57401242,32.94600995,52.01552876,50.45956988,44.75662705,32.49433016,39.589382
906,64.10197591,65.57363033,33.03110443,52.00398665,50.58670769,44.7889104,32.48415966,39.75528826
907,64.09624033,65.57290894,33.07634547,51.99259545,50.61457637,44.81139785,32.47892395,39.77602655
908,64.0902603,65.57212378,33.09267403,51.98090993,50.56129129,44.81576282,32.47150822,39.17461634
909,64.07706532,65.57039007,32.9046925,51.96801904,50.48647807,44.72000644,32.44909906,39.7138117
910,64.07197082,65.56956773,33.02457845,51.95654193,50.53578783,44.77519765,32.44253208,39.44421402
911,64.06093214,65.56845535,32.99700696,51.94472051,50.56222426,44.78113756,32.42970457,40.08710079
912,64.05585276,65.5677653,33.40051092,51.93509767,50.75888969,44.90373823,32.43633646,40.00414766
913,64.052515,65.56711997,33.45759477,51.92461025,50.71513802,44.89636775,32.43914475,39.40273745
914,64.04241506,65.56559991,33.20713972,51.91201438,50.49527753,44.79643541,32.42227831,39.27830776
915,64.03310072,65.56413949,33.02470192,51.89951875,50.43586066,44.71383815,32.40711577,39.42347574
916,64.02510626,65.56319195,33.03268625,51.88745402,50.43071346,44.71447745,32.39310642,39.42347574
917,64.01534962,65.56170832,32.94096355,51.87503795,50.35888736,44.6652018,32.38174037,39.44421402
918,64.0087776,65.56089119,32.98177212,51.86354804,50.4652519,44.66690228,32.3690088,39.77602655
919,64.00243472,65.56007177,33.11339116,51.85197876,50.40360242,44.71586277,32.36675318,39.52716715
920,63.99614954,65.5590544,33.11512353,51.84084429,50.50419148,44.71913595,32.35875873,39.67233513
921,63.99381033,65.55871162,33.11294473,51.83003836,50.55407448,44.75060603,32.35151504,39.63085856
922,63.98539033,65.55790625,33.06786635,51.8183882,50.43627057,44.71559384,32.3467886,39.17461634
923,63.97603175,65.55665803,32.86084684,51.80569682,50.32226476,44.63497494,32.33050781,39.29904604
924,63.96938138,65.55566938,32.84940048,51.79318888,50.25797399,44.5911945,32.31831517,39.07092493
925,63.96214346,65.55462877,32.70997977,51.77987722,50.14831233,44.56025491,32.29846596,38.84280382
926,63.95678715,65.55399137,32.55065725,51.76648533,50.13528075,44.52506648,32.27802882,38.92575695
927,63.95299459,65.55337773,32.49744071,51.75357214,50.17577866,44.48704203,32.26173588,39.13313978
928,63.94715528,65.55281083,32.5943979,51.74087452,50.16344837,44.52957619,32.24825148,39.05018664
929,63.9389932,65.55160256,32.54943942,51.72746681,50.05059608,44.47810001,32.22845618,39.02944836
930,63.92843073,65.55019588,32.5399803,51.71487601,50.12950318,44.44619079,32.21454925,39.11240149
931,63.92137742,65.54936664,32.6155517,51.70217264,50.11348876,44.45538279,32.20035321,39.38199917
932,63.91784729,65.54871859,32.80980331,51.69070662,50.22908131,44.51625103,32.19709546,39.27830776
933,63.91367601,65.54794311,32.8141358,51.6789065,50.23966386,44.55562309,32.19543714,38.92575695
934,63.90692196,65.54721213,32.61256042,51.66582836,50.11546675,44.46244743,32.17763651,39.40273745
935,63.90670916,65.54701129,32.75841318,51.65522822,50.33377133,44.54121456,32.17538092,39.63085856
936,63.9018546,65.54650744,32.93639254,51.64481796,50.3913993,44.58116365,32.17553614,39.44421402
937,63.89766792,65.54582235,32.90470525,51.63326139,50.26724766,44.58306503,32.17053525,38.75985068
938,63.8856607,65.54419738,32.6019781,51.61981146,50.06939989,44.4579967,32.1480068,38.8635421
939,63.87569075,65.54314575,32.49365048,51.60688812,50.03217249,44.412838,32.13188249,39.48569058
940,63.87477319,65.54300405,32.70647329,51.5959615,50.17126825,44.50917416,32.13437866,38.9879718
941,63.87033296,65.54251331,32.56661533,51.58309504,50.03086155,44.45105113,32.12036228,38.80132725
942,63.86018615,65.54102189,32.40841578,51.56971501,49.92255185,44.37981189,32.09819302,38.51099129
943,63.85030822,65.53984784,32.19366592,51.55664045,49.99140968,44.31237945,32.07254134,39.15387806
944,63.84777984,65.53951114,32.43937034,51.54488838,50.05924499,44.40614785,32.06193338,39.02944836
945,63.84338703,65.53883162,32.48822355,51.5333149,50.14078208,44.43372476,32.04959029,39.05018664
946,63.83779449,65.53802409,32.50778662,51.52121965,50.07255446,44.37226667,32.03641335,39.23683119
947,63.8301958,65.53692136,32.65683825,51.51004107,50.13671702,44.40278979,32.03457009,39.52716715
948,63.82694755,65.53622315,32.82932919,51.49948087,50.18144997,44.44154623,32.04238948,38.9879718
949,63.82053685,65.53515055,32.74656122,51.48793441,50.17078092,44.43546541,32.03157836,39.589382
950,63.81960923,65.53510542,32.97228215,51.47781674,50.2341769,44.54479048,32.03638423,38.92575695
951,63.81074055,65.53414046,32.79609078,51.46640643,50.21480686,44.48288992,32.02281069,39.48569058
952,63.81193258,65.53453307,32.90376259,51.45518081,50.07644438,44.49016279,32.02425719,38.59394442
953,63.80202512,65.53308411,32.61320091,51.44265423,50.02702659,44.34331976,32.00568864,39.63085856
954,63.80163077,65.53274604,32.87948366,51.43306713,50.20954287,44.46138723,32.01529857,39.4649523
955,63.79782629,65.53221042,32.86565501,51.42291446,50.23116838,44.48717035,32.01757596,39.11240149
956,63.79156668,65.53141613,32.71275305,51.41169635,50.14697319,44.41366357,32.00912413,39.21609291
957,63.78667271,65.53073187,32.78635834,51.40085704,50.1367398,44.40911355,32.00558919,39.07092493
958,63.77723108,65.52918258,32.75257521,51.38968585,50.10462839,44.40578796,31.99950953,39.38199917
959,63.77593096,65.52895746,32.84751658,51.37999745,50.24350977,44.42692494,31.99972178,39.65159685
960,63.77368101,65.52829572,33.09686556,51.37093207,50.32878355,44.52040066,32.00736151,39.29904604
961,63.76499851,65.52703572,32.9830525,51.36097394,50.30299395,44.47328265,32.00833867,39.44421402
962,63.75826406,65.5261307,33.03861785,51.3505895,50.17303611,44.48994499,32.01029784,39.05018664
963,63.75021681,65.52468897,32.90809882,51.34052616,50.26546281,44.47462379,31.99993645,39.81750311
964,63.74880049,65.52425236,33.09871157,51.33135022,50.24066107,44.51179569,32.0126999,39.07092493
965,63.74005972,65.52329732,32.92119089,51.32095999,50.21811671,44.43898922,32.00660757,39.61012028
966,63.73619429,65.52251554,33.04047118,51.31163617,50.23352357,44.46981144,32.01684302,39.13313978
967,63.73327375,65.52219187,32.87698101,51.30072018,50.094091,44.42371107,32.01019645,39.13313978
968,63.72732302,65.52107349,32.78317252,51.29012408,50.07585703,44.39016553,32.00502771,39.27830776
969,63.72472349,65.52061199,32.85418937,51.28035904,50.16016425,44.39741349,32.0028833,39.25756947
970,63.71823896,65.51987368,32.85936552,51.27028262,50.14225863,44.37027408,32.00266213,39.44421402
971,63.71637361,65.51963714,33.05463765,51.2610334,50.21317647,44.45152386,32.00583855,39.48569058
972,63.71711312,65.51991507,33.11761925,51.2523164,50.31179272,44.47633381,32.01119521,39.69307341
973,63.71710386,65.51995892,33.25400463,51.24317789,50.22214809,44.49598302,32.02096526,38.90501866
974,63.70836817,65.51868915,32.89211996,51.23160979,49.97935421,44.35736551,32.00577186,38.88428038
975,63.70356855,65.51800398,32.80983275,51.22067794,49.97532871,44.3313848,31.99026031,39.02944836
976,63.69815357,65.5170581,32.73118034,51.21041846,50.03663075,44.32508956,31.98136269,39.15387806
977,63.6945545,65.51650801,32.73332114,51.20129779,50.21370428,44.35233587,31.97648164,39.96267109
978,63.69650933,65.51678631,33.11759385,51.193463,50.28381665,44.44708702,31.99576196,39.27830776
979,63.69174668,65.51570995,33.04153145,51.18393417,50.20655812,44.42653655,31.99293193,39.44421402
980,63.68750296,65.51488234,32.97840662,51.17496174,50.21090356,44.41768923,31.99770306,39.05018664
981,63.68001965,65.51387491,32.80546132,51.16392205,49.9661233,44.3143785,31.98949717,38.84280382
982,63.67458551,65.5133106,32.66249121,51.15326412,49.96767849,44.250355,31.97530771,39.31978432
983,63.67179662,65.51269447,32.79432584,51.14357477,49.99337071,44.28986506,31.97623605,38.8635421
984,63.66741805,65.51212515,32.59015898,51.13227654,49.85044254,44.23393129,31.96229083,38.7391124
985,63.65856783,65.51067707,32.51112332,51.12055898,49.7389869,44.18471625,31.94742768,38.65615927
986,63.65168471,65.50950237,32.47082655,51.1093449,49.78473333,44.14740553,31.93029551,38.67689755
987,63.6435203,65.50855133,32.39373659,51.09774301,49.72672874,44.08882044,31.9128229,38.59394442
988,63.63274961,65.50692406,32.34917946,51.08668899,49.80530504,44.09438106,31.89693363,38.88428038
989,63.62719853,65.50601327,32.41736956,51.07592044,49.79965457,44.10857463,31.8906245,38.96723351
990,63.62233583,65.50550053,32.45651543,51.06503092,49.74593452,44.12347859,31.88525139,38.57320614
991,63.61306741,65.50409704,32.43187177,51.05368709,49.74203501,44.10062863,31.86568815,38.6146827
992,63.60827542,65.5034341,32.37706183,51.04257106,49.75694113,44.11616081,31.8451508,38.94649523
993,63.6066917,65.50323619,32.45745321,51.03239484,49.82340281,44.1801254,31.83920813,39.05018664
994,63.60327477,65.50269828,32.52597469,51.02230611,49.83039521,44.17650131,31.83723544,38.84280382
995,63.59976395,65.50216521,32.53493868,51.01169805,49.79226987,44.14432804,31.83087248,38.82206553
996,63.59173307,65.50120529,32.51061656,51.00168876,49.87211485,44.12552835,31.82106358,39.07092493
997,63.58712978,65.50074675,32.5805855,50.99184667,49.85924976,44.12076296,31.82151393,38.57320614
998,63.57655641,65.49907368,32.43227869,50.98110674,49.82862968,44.08213765,31.8072868,39.05018664
999,63.57342053,65.49838281,32.5302386,50.97106367,49.795549,44.12851139,31.80488813,38.69763584
1000,63.56842608,65.4977186,32.45990038,50.96101804,49.86542158,44.10854983,31.791381,38.9879718
1001,63.56777611,65.49759564,32.59092793,50.95068181,49.7615676,44.13608867,31.7873766,38.9879718
1002,63.56068355,65.49659674,32.5536431,50.94044966,49.72401002,44.11476083,31.78521166,38.30360846
1003,63.55063972,65.49527182,32.26301895,50.92836373,49.57327961,44.00345074,31.76194979,38.34508503
1004,63.54148452,65.49348006,32.11367612,50.91607985,49.45138783,43.94599064,31.74148694,38.0132725
1005,63.53177097,65.4922086,31.88132321,50.90368764,49.45787983,43.87587163,31.71444378,38.6146827
1006,63.52725518,65.49159598,32.15123739,50.89371864,49.69425467,43.96887682,31.70519058,38.82206553
1007,63.52344329,65.49129158,32.21140072,50.88359858,49.70962418,44.00182982,31.70039212,38.69763584
1008,63.51951179,65.49085143,32.35044815,50.87359144,49.75819166,44.06698298,31.69464031,39.00871008
1009,63.51664158,65.49052737,32.5264276,50.86422879,49.79370243,44.10290319,31.69764897,38.84280382
1010,63.51023362,65.48960587,32.50426373,50.85461709,49.80301377,44.07724427,31.69645683,38.69763584
1011,63.50394325,65.48875849,32.48119047,50.84435823,49.72789364,44.05745694,31.69114478,38.49025301
1012,63.49777967,65.48782838,32.33975006,50.83348136,49.63809923,43.98268976,31.6790244,38.6146827
1013,63.491786,65.48738483,32.37021699,50.82339582,49.68888673,43.97794161,31.67016625,38.84280382
1014,63.49162117,65.48748654,32.46206176,50.81297092,49.58531793,44.03671604,31.66969256,38.0132725
1015,63.47646699,65.48530556,32.10542915,50.80129649,49.54532295,43.89726297,31.64409913,38.78058897
1016,63.4693663,65.48424552,32.34781497,50.79167849,49.65624232,43.99582554,31.64545659,38.88428038
1017,63.46566793,65.4836594,32.32918247,50.78151114,49.57742264,43.98703791,31.65006679,37.84736624
1018,63.45299712,65.48208162,31.93327968,50.76886873,49.39498795,43.83019196,31.62303579,38.51099129
1019,63.44827096,65.48123016,31.99732813,50.7584038,49.49075249,43.86947291,31.61093765,38.46951472
1020,63.44287169,65.48053259,31.98589783,50.74769319,49.49512718,43.89044181,31.59991425,38.28287018
1021,63.437309,65.4798944,31.96542893,50.73664242,49.48032502,43.84067331,31.58304171,38.51099129
1022,63.43106548,65.4790722,32.04777619,50.72585444,49.44802257,43.85457629,31.57272283,38.09622563
1023,63.42269925,65.47777208,31.91743745,50.71462857,49.46045215,43.81168781,31.55691796,38.7391124
1024,63.42142585,65.47748877,32.15932928,50.70494308,49.54180204,43.88917894,31.55504503,38.40729988
1025,63.4181107,65.47717472,32.12302888,50.69416977,49.47708165,43.87324722,31.54536104,38.34508503
1026,63.41179835,65.47605653,32.10717446,50.68335205,49.44728443,43.88861255,31.53375829,38.40729988
1027,63.40833762,65.47549053,32.04971006,50.67287465,49.46541335,43.8542333,31.52634652,38.59394442
1028,63.40087661,65.47447244,32.11737985,50.6623809,49.41212133,43.83428055,31.5221732,38.05474907
1029,63.39145521,65.47325112,31.95833212,50.65125539,49.41752369,43.77554936,31.50247629,38.53172957
1030,63.38674703,65.47245628,32.07652746,50.64153639,49.51469923,43.79209514,31.50228393,38.53172957
1031,63.37852624,65.47094037,32.26852327,50.63144332,49.4871988,43.86534786,31.49897185,38.34508503
1032,63.37040933,65.46972641,32.22735768,50.62153795,49.54687051,43.86786159,31.49398491,38.7391124
1033,63.36752641,65.46906687,32.35237227,50.61248558,49.60362661,43.89916802,31.49875017,38.8635421
1034,63.36547292,65.46852315,32.4363108,50.60394403,49.67191033,43.91281243,31.50279305,38.82206553
1035,63.3615938,65.46792512,32.47583689,50.59556604,49.73241622,43.93559053,31.50872807,38.67689755
1036,63.35562826,65.46699922,32.35924915,50.58559987,49.52469592,43.88014522,31.51373953,38.24139361
1037,63.34827036,65.46610205,32.18756866,50.57513096,49.45842122,43.81547496,31.50221544,38.40729988
1038,63.34190858,65.46562927,32.23743733,50.5655144,49.51990052,43.8032063,31.49946565,38.32434674
1039,63.33656534,65.46464576,32.1678561,50.55505307,49.41861071,43.77692333,31.48660372,38.19991705
1040,63.33003371,65.4639149,32.09663384,50.54460341,49.39776877,43.75859538,31.47269677,38.49025301
1041,63.32721442,65.4634842,32.1233629,50.5348305,49.41658844,43.76436057,31.46684613,38.2621319
1042,63.31887631,65.46257761,32.1071,50.52430252,49.35256464,43.75508753,31.45972234,38.36582331
1043,63.31370521,65.46189504,32.15794513,50.51500234,49.49181085,43.75594194,31.4531574,38.63542099
1044,63.31116203,65.4617326,32.17234833,50.5053135,49.40555883,43.78379997,31.45464671,38.17917876
1045,63.30068425,65.46024449,31.98547776,50.49475593,49.33833455,43.70727631,31.44109143,38.28287018
1046,63.29545738,65.45953825,32.10357799,50.48473916,49.36332054,43.73285518,31.43495129,38.17917876
1047,63.2897436,65.45872473,31.99828494,50.47449577,49.35462071,43.72298068,31.42388412,38.49025301
1048,63.28437158,65.45780006,32.11797481,50.46505808,49.39016021,43.7565115,31.42285172,38.09622563
1049,63.27827998,65.45675091,31.9175562,50.45508683,49.41556385,43.69263312,31.40917732,38.82206553
1050,63.27679988,65.45681138,32.1756428,50.44590622,49.35480388,43.77178094,31.41570232,37.66072169
1051,63.26733755,65.45574575,31.7267341,50.43449144,49.25881719,43.58260832,31.39119721,38.36582331
1052,63.26424332,65.45501243,31.90271778,50.42451651,49.25676011,43.65183747,31.38624755,37.99253422
1053,63.25762822,65.45420289,31.74078727,50.41387853,49.2361564,43.58130234,31.37179781,38.09622563
1054,63.25267336,65.45366202,31.74366111,50.40372636,49.27155423,43.58796215,31.35996686,38.46951472
1055,63.24802558,65.45291216,31.8943353,50.3945411,49.34079691,43.65583338,31.35969216,38.1377022
1056,63.24620297,65.45257771,31.74325266,50.38471059,49.34449065,43.60523814,31.34853027,38.05474907
1057,63.23997601,65.45187068,31.83267017,50.37455474,49.3081134,43.62382501,31.33486727,38.38656159
1058,63.23203596,65.45095587,31.93091664,50.36491308,49.27871796,43.65261546,31.3313037,38.07548735
1059,63.22772253,65.45049644,31.90199836,50.35440739,49.19629156,43.63069705,31.31923973,37.86810452
1060,63.22269687,65.44964028,31.78630112,50.34357145,49.15116153,43.57844737,31.30878047,37.84736624
1061,63.21548159,65.44855112,31.68295504,50.33254817,49.09624616,43.54172302,31.29644178,37.93031937
1062,63.21055817,65.44789167,31.68376014,50.32247291,49.19930751,43.58794042,31.28269335,38.11696392
1063,63.20488012,65.44729947,31.73794065,50.31188963,49.09880082,43.58355165,31.27751829,37.78515139
1064,63.19866057,65.44640018,31.67486328,50.3008003,49.04984439,43.53783284,31.26266059,38.0132725
1065,63.1944369,65.44564509,31.733129,50.29135216,49.2312599,43.56728852,31.25725923,38.59394442
1066,63.19428953,65.44557628,32.01071724,50.28304406,49.33901953,43.65279869,31.26708124,38.1377022
1067,63.18880278,65.44489862,31.93315953,50.27329244,49.25938805,43.62511608,31.26373531,38.38656159
1068,63.18611889,65.44466992,32.01933927,50.26433575,49.27935952,43.6690615,31.26515597,38.40729988
1069,63.18243353,65.4444236,32.10898158,50.25576089,49.33910701,43.69681071,31.26368379,38.24139361
1070,63.18101107,65.44455468,32.0760643,50.2469538,49.36426612,43.65174481,31.25864155,38.63542099
1071,63.17992196,65.44448552,32.29314614,50.23875324,49.36274433,43.70199507,31.26601782,38.17917876
1072,63.17369197,65.44382662,32.16104938,50.22930966,49.27019791,43.67333226,31.25780453,38.11696392
1073,63.16664093,65.44295482,32.03626857,50.21972753,49.21556726,43.60719804,31.25167321,38.55246786
1074,63.16821861,65.44351366,32.1712634,50.21153305,49.29802984,43.66140909,31.25586756,37.78515139
1075,63.16329477,65.44258703,31.83070531,50.20081319,49.11035366,43.52581346,31.23864976,38.1377022
1076,63.16086296,65.44257374,31.93385398,50.19188017,49.22162623,43.54616507,31.23637146,38.22065533
1077,63.15689691,65.44243993,31.93071637,50.18226636,49.12585324,43.52415276,31.23636688,37.90958109
1078,63.14889018,65.44140268,31.79807044,50.17253059,49.13987826,43.49364412,31.22290987,38.15844048
1079,63.1476982,65.44142231,31.90718476,50.16314446,49.13046978,43.5470845,31.21868412,38.03401078
1080,63.14477367,65.44123271,31.82298688,50.1537628,49.15347041,43.5201508,31.20875044,37.99253422
1081,63.13957413,65.44034565,31.82322728,50.14466899,49.21436398,43.49327178,31.19935928,38.2621319
1082,63.13520341,65.4396421,31.93242929,50.13584743,49.20527824,43.53757744,31.20080148,38.07548735
1083,63.13361009,65.43971996,31.86870968,50.12666538,49.18273719,43.54662056,31.19159546,37.99253422
1084,63.13018735,65.43921295,31.77218077,50.11691497,49.09243795,43.45079396,31.18296158,38.1377022
1085,63.12528779,65.43852958,31.90122767,50.10842588,49.21291612,43.51266869,31.17896195,38.30360846
1086,63.12415533,65.43833833,31.94170348,50.09978536,49.19049224,43.51150514,31.18184625,37.97179594
1087,63.11777139,65.43744667,31.92403686,50.0908065,49.20367757,43.52652598,31.1766582,38.57320614
1088,63.11675255,65.43744107,32.10615571,50.08271051,49.18998274,43.57570936,31.18652138,37.66072169
1089,63.11146939,65.43662224,31.75096827,50.0719415,48.97329295,43.41238137,31.16603388,37.95105765
1090,63.10973891,65.43652229,31.83217664,50.06255976,49.02368745,43.44049209,31.15710033,37.90958109
1091,63.10308083,65.43552689,31.76002621,50.05339332,49.08560311,43.45206329,31.14814058,38.44877644
1092,63.10344744,65.4354781,31.98351537,50.04535991,49.15146412,43.53535071,31.15620793,37.90958109
1093,63.09755975,65.43477189,31.84997217,50.03606276,49.10560313,43.50286697,31.14518502,37.8888428
1094,63.09095981,65.43399863,31.70236471,50.02636205,49.01516426,43.41542784,31.13002853,37.82662796
1095,63.08590754,65.43348852,31.67428255,50.01668159,48.98782073,43.39519551,31.1228615,38.19991705
1096,63.08150368,65.43290954,31.85280382,50.00837174,49.09426924,43.46859157,31.12529663,37.90958109
1097,63.0782751,65.43236502,31.81958468,49.99902044,49.03829333,43.43744689,31.12087442,37.99253422
1098,63.07614164,65.43208433,31.79751451,49.99060325,49.13773188,43.4488958,31.11631384,38.51099129
1099,63.07414374,65.43185203,32.05568803,49.98318278,49.20233935,43.53582877,31.13128266,38.07548735
1100,63.07107724,65.43133894,32.02490881,49.97475106,49.17196993,43.50428265,31.12685676,38.1377022
1101,63.06933783,65.43122263,32.04430409,49.96597852,49.0770379,43.49737912,31.12778202,37.78515139
1102,63.0632379,65.43050222,31.87916467,49.95618624,48.95275721,43.43029225,31.11636817,37.82662796
1103,63.05652563,65.42952451,31.82759127,49.94707104,48.99108853,43.43721949,31.10818749,38.09622563
1104,63.05535239,65.42940375,31.93392345,49.93870939,49.05294713,43.44599877,31.1113049,38.17917876
1105,63.05001321,65.42896704,31.93688256,49.93045292,49.06876296,43.4343821,31.11364491,38.05474907
1106,63.04419042,65.4282152,31.91689582,49.92205899,49.078879,43.44098626,31.11447409,38.30360846
1107,63.04009106,65.42754426,31.94027491,49.91445702,49.13941968,43.48115991,31.11949773,38.15844048
1108,63.03753926,65.42753633,31.96650538,49.90651752,49.14334039,43.49608058,31.12254063,37.99253422
1109,63.03238805,65.42662914,31.87481345,49.89763822,49.02681364,43.46497869,31.11888544,37.82662796
1110,63.02676735,65.42572225,31.7477076,49.88870708,49.00377472,43.40629546,31.112375,38.09622563
1111,63.02462677,65.42542388,31.83457083,49.88047538,49.03158383,43.42220655,31.11207942,37.80588967
1112,63.02145654,65.42498743,31.65767781,49.87203114,49.07853082,43.35631387,31.10225885,38.42803816
1113,63.01945448,65.42520478,31.92421436,49.86484759,49.13578305,43.43713851,31.11204551,37.97179594
1114,63.01540558,65.4246581,31.89652713,49.85652698,49.08656687,43.38980226,31.1040563,38.17917876
1115,63.01131624,65.42411082,31.92531417,49.84861849,49.07002427,43.39532896,31.10676691,37.84736624
1116,63.00675957,65.42337124,31.81729724,49.83968074,48.97164273,43.36905995,31.09921482,37.74367482
1117,63.00068927,65.42289414,31.65163433,49.83051093,48.90797445,43.30435165,31.09052462,37.59850684
1118,62.99479604,65.4222441,31.58893913,49.82135115,48.91514854,43.29976194,31.07368829,37.72293654
1119,62.98860369,65.4212087,31.55216254,49.81210976,48.8633572,43.3048299,31.06467877,37.95105765
1120,62.98709898,65.42069192,31.72802211,49.8038427,48.93459971,43.33120349,31.05663604,37.55703028
1121,62.98213861,65.41984389,31.54750766,49.79379425,48.76799936,43.23227554,31.04454885,37.55703028
1122,62.97624187,65.41909203,31.47574232,49.78434413,48.78396659,43.23719432,31.03101462,37.84736624
1123,62.974003,65.41852586,31.57253173,49.77499408,48.72218511,43.252023,31.02535448,37.22521775
1124,62.96788991,65.41783579,31.28263386,49.76470574,48.69608621,43.14926018,31.00269546,37.70219826
1125,62.9642377,65.41693943,31.44322675,49.75539068,48.70984021,43.21385903,30.99395714,37.37038573
1126,62.9566163,65.4158804,31.36796384,49.74577468,48.74659127,43.18345453,30.97664697,37.45333886
1127,62.95259765,65.41523138,31.30486241,49.73661539,48.80983237,43.13767607,30.96310532,38.11696392
1128,62.9530419,65.41508834,31.62363786,49.72894838,48.90171033,43.24389351,30.96818202,37.84736624
1129,62.95067472,65.41464328,31.62970794,49.72120539,48.99444822,43.23720587,30.96190851,38.22065533
1130,62.95327228,65.41487427,31.86212279,49.71414877,49.04309514,43.3179602,30.97183712,38.03401078
1131,62.95088751,65.41455977,31.85076139,49.70613939,48.94761247,43.30566797,30.97384994,37.82662796
1132,62.9454033,65.41400855,31.73837113,49.69797421,48.92803349,43.25940181,30.97312036,37.82662796
1133,62.94139825,65.41350416,31.65768594,49.6895169,48.86512481,43.21677537,30.97004183,37.51555371
1134,62.93886635,65.41317848,31.47060671,49.68007071,48.74872019,43.14798978,30.95701522,37.34964745
1135,62.93620747,65.41275439,31.39041318,49.67065387,48.74036446,43.13090393,30.93804465,37.95105765
1136,62.93623646,65.41246879,31.58591603,49.66286666,48.83885703,43.18785891,30.94206946,37.66072169
1137,62.93006374,65.41135533,31.56218525,49.65395618,48.76448005,43.18940732,30.93596573,37.59850684
1138,62.92518239,65.41069196,31.55986887,49.64477374,48.6931124,43.16075438,30.92314306,37.536292
1139,62.92184606,65.41038658,31.48243384,49.63652924,48.82550098,43.17424439,30.91032927,37.97179594
1140,62.91783847,65.40960339,31.62854306,49.62851812,48.8007145,43.23279025,30.91182555,37.12152634
1141,62.90868484,65.40819286,31.30336567,49.61773638,48.54813477,43.07520407,30.89916993,37.34964745
1142,62.90391185,65.40755158,31.25490413,49.60813309,48.56423676,43.07799342,30.88474474,37.59850684
1143,62.90139491,65.40736058,31.36327969,49.59976572,48.70302333,43.12442341,30.88085849,37.99253422
1144,62.90101657,65.407039,31.62366433,49.59221948,48.79068038,43.18989281,30.88560431,37.68145998
1145,62.8980016,65.40658703,31.62988996,49.5838182,48.76202865,43.18519194,30.88287026,37.26669432
1146,62.89096201,65.40572762,31.4236067,49.57397104,48.60924555,43.06888456,30.86516444,37.37038573
1147,62.88401753,65.40476239,31.28353682,49.56486077,48.62863161,43.04334068,30.85283707,37.80588967
1148,62.88183335,65.40461738,31.48471332,49.55622948,48.59522928,43.13458542,30.8540654,37.18374119
1149,62.87890632,65.40412388,31.15547056,49.54756636,48.73283554,43.03969023,30.83747426,37.8888428
1150,62.87922247,65.40380697,31.36421081,49.53926013,48.65606272,43.09460165,30.83963935,37.32890917
1151,62.87312599,65.40301017,31.32752714,49.5303721,48.6661349,43.06670679,30.82731425,37.59850684
1152,62.8674254,65.40231714,31.41111642,49.52169688,48.62617347,43.08429453,30.82045443,37.45333886
1153,62.86250828,65.40152066,31.39728114,49.51339237,48.703188,43.10319029,30.81100814,37.66072169
1154,62.85923132,65.40112973,31.42412192,49.50532041,48.7123543,43.13885666,30.81262301,37.63998341
1155,62.85785945,65.40105063,31.48048034,49.4969529,48.66557587,43.12074625,30.8102608,37.55703028
1156,62.85118315,65.40020507,31.48643915,49.48938273,48.79236143,43.12439579,30.80125757,37.84736624
1157,62.85043858,65.40019288,31.6595117,49.48217892,48.82678154,43.16333777,30.80116912,37.95105765
1158,62.85116662,65.40046369,31.7989149,49.47509233,48.82631399,43.20607476,30.80555047,37.68145998
1159,62.84720298,65.39962053,31.78444208,49.4677843,48.85380158,43.21048622,30.80176724,37.84736624
1160,62.84801071,65.39986319,31.75561106,49.46019823,48.76749232,43.19183134,30.80801953,37.57776856
1161,62.84584353,65.39945426,31.58079447,49.45215656,48.7194727,43.1100727,30.80146787,37.43260058
1162,62.84262893,65.39904394,31.48157863,49.44417907,48.7429746,43.08060203,30.79196607,37.97179594
1163,62.84513973,65.39959355,31.57338835,49.4367406,48.69131473,43.11339077,30.80234281,37.47407715
1164,62.8410869,65.39906775,31.50998697,49.42924484,48.78518096,43.12210877,30.79570855,38.19991705
1165,62.84149344,65.39889698,31.80436034,49.42281961,48.8048486,43.22105105,30.80486997,37.72293654
1166,62.83734775,65.39850383,31.71833516,49.41551683,48.78912201,43.19657094,30.80085151,37.536292
1167,62.83393974,65.39829951,31.56659485,49.40763482,48.72713607,43.12064629,30.7961944,37.90958109
1168,62.83418237,65.39849896,31.65470024,49.4005397,48.72453156,43.11460382,30.79857064,37.8888428
1169,62.83025203,65.39798367,31.70762328,49.39356454,48.74475354,43.14117415,30.8049313,37.37038573
1170,62.82644727,65.3977657,31.50963954,49.38509972,48.63809159,43.03147799,30.79476345,37.84736624
1171,62.82753147,65.39811331,31.58797507,49.37845099,48.75842772,43.09444819,30.79575859,37.78515139
1172,62.82837941,65.39834222,31.70264909,49.37153316,48.77760268,43.11073947,30.79318054,37.84736624
1173,62.82693096,65.39831513,31.73638551,49.36402203,48.66429304,43.12274445,30.79538477,36.91414351
1174,62.81790671,65.39703273,31.26201525,49.35443724,48.50995608,42.97010939,30.77146018,37.39112401
1175,62.81545515,65.39674208,31.24666855,49.34602518,48.50241122,42.96612663,30.7626111,37.74367482
1176,62.81277569,65.39630753,31.36944632,49.33891662,48.61480085,43.00966468,30.76649923,37.22521775
1177,62.80675552,65.39518829,31.20496471,49.32985957,48.47184033,42.93589597,30.75544769,37.37038573
1178,62.80238775,65.39443425,31.26433378,49.32241318,48.62976781,42.97633339,30.74346993,37.97179594
1179,62.80165081,65.39448551,31.53439619,49.31584054,48.67811668,43.06972654,30.75368606,37.34964745
1180,62.79677918,65.39374984,31.40353604,49.30721198,48.51565808,43.01000508,30.74509938,37.14226462
1181,62.7931332,65.39310997,31.2460625,49.29853049,48.48366926,42.96973356,30.73349792,37.45333886
1182,62.79050998,65.39266918,31.35014727,49.29033219,48.46000824,42.98321457,30.72888848,37.18374119
1183,62.78556759,65.39180395,31.27254153,49.28185,48.46797188,42.93403239,30.7146313,37.49481543
1184,62.78259878,65.39137792,31.33948255,49.27422302,48.52464616,42.9643395,30.70803436,37.55703028
1185,62.78038348,65.39091101,31.51111005,49.26684808,48.56741895,43.01072069,30.70765766,37.63998341
1186,62.77927388,65.39087174,31.56815189,49.26011155,48.66344436,43.04316154,30.70849285,37.536292
1187,62.77593254,65.39097465,31.53951874,49.25248758,48.58075474,43.03704755,30.70760806,37.1630029
1188,62.77242336,65.39091743,31.38062557,49.24438556,48.55804291,42.94895501,30.69517143,37.39112401
1189,62.77027427,65.39062078,31.3931908,49.23635097,48.48921942,42.98228434,30.69177605,37.45333886
1190,62.76844303,65.39055125,31.34269481,49.22894999,48.54090696,43.00800854,30.68819608,37.55703028
1191,62.76415414,65.39005021,31.40278563,49.22137724,48.50136875,42.9942153,30.68545486,36.91414351
1192,62.7562594,65.38873923,31.11064335,49.2128232,48.48431888,42.89779783,30.66513098,37.78515139
1193,62.75679369,65.38890299,31.43698465,49.20712205,48.7129302,43.00615018,30.67056192,37.99253422
1194,62.75760055,65.38900201,31.677614,49.20126203,48.7272832,43.05305412,30.68743813,37.59850684
1195,62.75892142,65.38917078,31.59210627,49.19433097,48.65263592,43.02954207,30.68234109,37.39112401
1196,62.75483169,65.3887371,31.52257297,49.18679835,48.56977177,43.0015034,30.67676248,37.47407715
1197,62.75126322,65.38832258,31.49068332,49.17958784,48.55938588,42.98404109,30.67082126,37.51555371
1198,62.74779102,65.38801901,31.51237565,49.1728127,48.60904636,42.98225089,30.66848103,37.72293654
1199,62.74764951,65.38801932,31.62133226,49.16642747,48.63516844,43.0281612,30.67147016,37.26669432
1200,62.7419292,65.38724625,31.34359384,49.15833651,48.47824872,42.93452607,30.66525039,37.22521775
1201,62.7364792,65.38636857,31.27095707,49.15020371,48.40684377,42.90559354,30.65843884,36.99709664
1202,62.72982311,65.38546209,31.07232316,49.14167835,48.36469505,42.82900539,30.64393739,37.45333886
1203,62.72809686,65.38530878,31.21692313,49.13497149,48.52067713,42.92173932,30.64472915,37.78515139
1204,62.72814805,65.38521598,31.51255223,49.12894453,48.60879813,43.00640648,30.65185719,37.63998341
1205,62.72479228,65.38466699,31.6219464,49.12228191,48.57418492,43.03978337,30.65405738,37.51555371
1206,62.72015275,65.3839392,31.58731074,49.11519684,48.51634537,42.98443495,30.65143036,37.22521775
1207,62.71526605,65.38316752,31.49805424,49.10780483,48.51027601,42.93926724,30.64072139,37.536292
1208,62.7133629,65.38288111,31.5190901,49.10132093,48.56944037,42.93088983,30.6411131,37.49481543
1209,62.71240372,65.38280576,31.54442903,49.09450562,48.54470454,42.9500691,30.64046548,37.55703028
1210,62.71230952,65.3828131,31.63387923,49.08813544,48.58565363,42.96347107,30.6410931,37.61924513
1211,62.70770304,65.38211316,31.68653721,49.08235235,48.67957982,42.98282365,30.64265278,37.80588967
1212,62.70586032,65.38208078,31.73666435,49.07613118,48.59157884,43.00538821,30.65056268,37.14226462
1213,62.6994269,65.38132966,31.4574441,49.06850308,48.48959281,42.92292488,30.63899457,37.45333886
1214,62.69438233,65.38060283,31.52310868,49.06207062,48.55486138,42.93207606,30.6357431,37.536292
1215,62.69083332,65.37994356,31.58257239,49.05534759,48.50757474,42.95610394,30.63837391,37.22521775
1216,62.68573093,65.37948,31.474057,49.04808244,48.47216751,42.90380258,30.62843881,37.39112401
1217,62.68077676,65.37867206,31.44245326,49.0409712,48.43235373,42.91599265,30.62689825,37.57776856
1218,62.67822547,65.3779602,31.5318741,49.0346937,48.49921242,42.95014507,30.62998595,37.37038573
1219,62.67222358,65.37714189,31.5343707,49.02730487,48.39149504,42.89560781,30.62639,36.97635836
1220,62.66732857,65.3766943,31.33076642,49.01892719,48.27851297,42.81989802,30.61378046,37.22521775
1221,62.66256048,65.37613036,31.34093013,49.01214078,48.42004966,42.85150485,30.60801029,37.68145998
1222,62.65801955,65.37583224,31.52930373,49.00628241,48.51041355,42.9124889,30.61141643,37.43260058
1223,62.65458426,65.37549104,31.54172245,49.00008754,48.55421633,42.91486432,30.60991354,37.55703028
1224,62.65239047,65.37552096,31.51970805,48.99403482,48.55870791,42.92710512,30.60768778,37.82662796
1225,62.65003066,65.37506726,31.64245499,48.98860352,48.58818522,42.93942217,30.61397761,37.24595603
1226,62.64336488,65.37432607,31.37702384,48.98143528,48.46137258,42.83803741,30.60531616,37.39112401
1227,62.6392172,65.37368602,31.41988249,48.9747518,48.44148922,42.87639734,30.6021007,37.34964745
1228,62.63466274,65.37289548,31.44732714,48.96742254,48.33155839,42.86451519,30.59914265,37.18374119
1229,62.63455641,65.37306027,31.32928211,48.96093041,48.46143238,42.83568443,30.59091937,37.61924513
1230,62.63379061,65.37283501,31.54278962,48.9547282,48.44454628,42.88530269,30.59550296,37.22521775
1231,62.62885046,65.37215827,31.3384805,48.94732727,48.33690787,42.75086074,30.58656654,36.83119038
1232,62.61905099,65.37097602,31.13193274,48.93896361,48.22689108,42.67475439,30.56744486,36.95562007
1233,62.61192818,65.36985621,31.07286751,48.93117889,48.23378414,42.64400913,30.55136109,37.22521775
1234,62.60882327,65.36942565,31.27754514,48.92438271,48.32434027,42.72896463,30.54625346,37.22521775
1235,62.6058373,65.36906537,31.27495619,48.91710184,48.27676544,42.75890798,30.54088002,37.03857321
1236,62.60055783,65.36823998,31.12172025,48.90862072,48.09955578,42.68800141,30.53022848,36.5615927
1237,62.59092358,65.36669498,30.89672193,48.89979068,48.08282442,42.62022651,30.51248558,36.97635836
1238,62.58519082,65.36589832,31.03699624,48.89233321,48.18612164,42.6697112,30.50428289,36.95562007
1239,62.5788338,65.3651772,31.04951004,48.88438276,48.1482111,42.67816661,30.49521962,36.81045209
1240,62.57255947,65.36435103,30.93028231,48.87647657,48.17166763,42.63520491,30.48452002,37.26669432
1241,62.56988108,65.36408429,31.06545515,48.86987475,48.2711648,42.66895743,30.48008392,37.10078805
1242,62.56448922,65.36361846,31.09779069,48.86269743,48.25634807,42.67795664,30.47682472,37.34964745
1243,62.56243817,65.36338966,31.14386138,48.8560332,48.26293728,42.69534578,30.47988724,36.85192866
1244,62.55454528,65.36249613,31.02827214,48.84804068,48.17069639,42.66678474,30.4643633,37.05931149
1245,62.54878534,65.36192775,31.00051504,48.84056488,48.15447851,42.66770055,30.46285637,36.93488179
1246,62.54576958,65.36111506,30.97962554,48.83328998,48.2086345,42.64488598,30.45386853,37.1630029
1247,62.54179172,65.36084273,31.04697488,48.82687631,48.30668329,42.66604913,30.45184804,37.57776856
1248,62.5389753,65.36059851,31.20187124,48.82045075,48.23108587,42.73511793,30.45631312,36.83119038
1249,62.53286639,65.35985392,31.05706218,48.81245793,48.13090548,42.67053174,30.44050929,36.72749896
1250,62.5290018,65.35903066,30.86238846,48.80428975,48.07787502,42.62882522,30.42469008,37.05931149
1251,62.52409384,65.35860087,30.94528729,48.79753487,48.19384777,42.63885259,30.41910282,37.10078805
1252,62.52085522,65.35787557,30.98604758,48.79076858,48.22788027,42.66422786,30.41329293,37.12152634
1253,62.51843375,65.35768461,31.01117377,48.78344668,48.13692017,42.66897606,30.4071322,37.05931149
1254,62.5170408,65.35770138,31.09489178,48.77615071,48.11251878,42.69102858,30.40259854,36.70676068
1255,62.51334488,65.35727817,30.92566855,48.76804294,48.0530366,42.59849617,30.38458635,36.95562007
1256,62.51269095,65.35716561,31.01289714,48.76066995,48.0764607,42.61689337,30.37554262,36.93488179
1257,62.51161871,65.35711141,30.9696568,48.7533808,48.09832932,42.59665633,30.369477,36.91414351
1258,62.50606656,65.35635978,30.96632678,48.74632788,48.14795578,42.58966941,30.35878325,36.93488179
1259,62.50090788,65.35581231,30.94011864,48.73834894,48.00581078,42.54539513,30.35206536,36.70676068
1260,62.49699652,65.35522521,30.87670934,48.73073742,48.05699154,42.5009313,30.33875383,37.34964745
1261,62.4947223,65.35494736,31.15853626,48.72479071,48.1779737,42.64273943,30.34661553,37.14226462
1262,62.49376116,65.3549045,31.25118287,48.71834872,48.19828384,42.66085622,30.34682022,37.05931149
1263,62.49262624,65.3548008,31.20318048,48.71154855,48.16592354,42.60222577,30.3447637,36.93488179
1264,62.48993767,65.35445064,31.07071772,48.70445609,48.13010882,42.55087169,30.33819271,36.74823725
1265,62.48347601,65.3533816,30.92273461,48.69618269,47.95977991,42.48833458,30.3251474,36.5615927
1266,62.47779788,65.35252558,30.89456108,48.68818504,47.97288433,42.49371653,30.30821229,36.81045209
1267,62.47487796,65.35218387,30.88138949,48.68083743,48.01537829,42.50211165,30.30008174,37.10078805
1268,62.4739579,65.35204246,30.98313474,48.67413036,48.05559227,42.52445311,30.29593179,36.85192866
1269,62.47433234,65.35235286,31.00921086,48.66717026,48.09236625,42.53358075,30.28755228,37.01783492
1270,62.47105933,65.35197264,30.95631508,48.65954499,47.9473246,42.53349554,30.28528406,36.27125674
1271,62.46370105,65.3511455,30.6483474,48.65072075,47.8753388,42.42437108,30.26202503,37.03857321
1272,62.46416051,65.35131275,30.84806615,48.64419751,48.013781,42.5339906,30.26187047,36.76897553
1273,62.45887907,65.35033686,30.88520122,48.63677681,47.9926955,42.52347087,30.25325896,36.76897553
1274,62.45580127,65.34987462,30.82672627,48.62993846,48.07298598,42.53131119,30.2496775,37.18374119
1275,62.45543948,65.34962169,31.04688162,48.62375514,48.10069628,42.57654874,30.25548367,36.91414351
1276,62.44990751,65.34887666,31.00180133,48.61693783,48.07248937,42.53675604,30.25228378,36.83119038
1277,62.44713166,65.34865537,31.01654614,48.61062791,48.16267847,42.56838061,30.24788878,37.4118623
1278,62.44960331,65.34889317,31.25308573,48.60532079,48.20963436,42.67230942,30.25857639,36.78971381
1279,62.44501514,65.34840122,31.1588942,48.59841695,48.12536692,42.58521378,30.25312734,37.10078805
1280,62.4441502,65.34839154,31.25383377,48.59247763,48.16033433,42.61690801,30.25665785,37.30817088
1281,62.44374847,65.34834569,31.37713857,48.58721158,48.22682113,42.67434028,30.26442807,37.03857321
1282,62.43852046,65.34778485,31.24091997,48.58062553,48.1024641,42.61210503,30.26766378,36.72749896
1283,62.43039285,65.34669353,31.12231698,48.57377994,48.0810916,42.5717034,30.26028099,37.14226462
1284,62.42503316,65.3461252,31.13947238,48.5670302,47.97203253,42.56027953,30.26404111,36.54085442
1285,62.41972998,65.34543927,30.99164244,48.55969053,47.98126045,42.49876637,30.25123676,36.85192866
1286,62.41525896,65.34503154,30.9947858,48.5526366,47.94366533,42.49065082,30.25060026,36.62380755
1287,62.40825649,65.34432033,30.95108492,48.54522663,47.92354569,42.46228249,30.24104959,36.39568644
1288,62.40118696,65.34325459,30.68431621,48.53700842,47.83525732,42.36660887,30.22692971,36.76897553
1289,62.39770653,65.34284474,30.74948253,48.53044487,47.9648644,42.39836745,30.21929315,36.64454583
1290,62.39327973,65.34212762,30.71696135,48.52321587,47.93817258,42.40846154,30.20714925,36.89340523
1291,62.39150561,65.34185402,30.83647799,48.51698075,48.01872885,42.4553679,30.2050677,36.89340523
1292,62.39172481,65.34204979,31.01185777,48.51086312,48.06854719,42.48664793,30.2019733,37.12152634
1293,62.38903184,65.34158769,31.16528546,48.50482497,48.03604321,42.52082024,30.20986276,36.83119038
1294,62.38551397,65.34082842,31.09357643,48.49856813,48.05708771,42.49411179,30.20255437,36.95562007
1295,62.3836663,65.34064311,31.20045733,48.49244515,48.05037991,42.5067656,30.20182379,36.91414351
1296,62.37888406,65.34002964,31.17606026,48.48598346,47.99601924,42.49445993,30.1989438,36.66528411
1297,62.37608103,65.33944103,30.96981048,48.47902432,47.95194383,42.4435405,30.19072651,36.78971381
1298,62.37240928,65.33882975,30.90653102,48.47232279,47.93473412,42.4304584,30.18736442,36.47863957
1299,62.3666766,65.33807863,30.71920034,48.46465924,47.84378455,42.32509781,30.17033267,36.62380755
1300,62.36522093,65.33770494,30.68206304,48.45741986,47.82958079,42.3682852,30.16617095,36.5615927
1301,62.36051164,65.3372473,30.73093121,48.45084246,47.94425886,42.36706256,30.15685052,37.43260058
1302,62.36663843,65.33810812,31.11687455,48.4463027,48.0946756,42.52993928,30.17027116,37.01783492
1303,62.36436823,65.33796039,31.13615794,48.44084377,48.11403122,42.49951408,30.17544414,37.05931149
1304,62.36058745,65.3374042,31.18371941,48.43552526,48.12984374,42.49730468,30.17538648,37.03857321
1305,62.35995519,65.33748398,31.1559463,48.42994083,48.09257895,42.51827287,30.18204587,37.24595603
1306,62.35785152,65.33714321,31.25428168,48.42516668,48.15115641,42.54065401,30.18806731,37.2874326
1307,62.35479656,65.3365699,31.29183519,48.4203206,48.1482072,42.59518613,30.19485437,36.70676068
1308,62.35117657,65.33621509,31.04036863,48.4136469,47.99456446,42.47287169,30.18776306,36.93488179
1309,62.34592365,65.33576733,31.0781942,48.40817301,48.06121815,42.47754637,30.1868093,37.01783492
1310,62.34389226,65.33559456,31.04862011,48.40296727,48.10831501,42.48878753,30.18819286,37.01783492
1311,62.34201123,65.33549168,31.01829288,48.39724741,48.03823031,42.47345429,30.18697044,36.47863957
1312,62.33552158,65.3346986,30.87632395,48.39017233,47.92018867,42.41364502,30.17158061,37.03857321
1313,62.33296225,65.33440514,31.03864824,48.38455761,47.9580896,42.4498066,30.17215262,36.91414351
1314,62.33199185,65.3342356,31.03215084,48.37908643,48.02806384,42.46567872,30.17094964,36.83119038
1315,62.33076458,65.33414413,30.9593776,48.37414302,48.16330206,42.4340353,30.16589117,37.45333886
1316,62.33324379,65.3341344,31.25688474,48.37030016,48.23522839,42.52494252,30.18080352,37.37038573
1317,62.33569812,65.33459465,31.39545189,48.36573192,48.16445891,42.58541334,30.19386815,36.72749896
1318,62.33109241,65.33380717,31.11716307,48.35959593,48.03872888,42.49829255,30.18570009,37.01783492
1319,62.33009661,65.33378292,31.13797221,48.35428249,48.03721515,42.48994098,30.18516969,36.78971381
1320,62.33004818,65.33363601,31.04139956,48.34846674,48.00925991,42.4352141,30.17769511,36.89340523
1321,62.32951167,65.33348087,31.03910907,48.34293558,48.01125755,42.42312426,30.17824858,37.01783492
1322,62.32646778,65.33304857,31.11481485,48.33761708,48.00993061,42.4497533,30.17926852,36.52011613
1323,62.31896698,65.33189161,30.88550322,48.33070667,47.87387926,42.34746756,30.16634245,36.5615927
1324,62.31609657,65.33134536,30.86525426,48.32459558,47.92908473,42.32152746,30.15798373,37.30817088
1325,62.3148676,65.33146048,31.19867509,48.32016062,48.02859395,42.43573443,30.1693237,36.87266694
1326,62.31536944,65.33163583,31.10480254,48.31447352,47.97696435,42.38470738,30.16674436,36.83119038
1327,62.31275466,65.33132134,31.00885912,48.30917053,48.02368301,42.39046257,30.16185499,36.89340523
1328,62.31069076,65.3311489,31.03218796,48.30403425,48.04980581,42.40036975,30.15895948,36.87266694
1329,62.30647672,65.33081068,31.08107685,48.29813335,47.93624264,42.38271865,30.15763028,36.76897553
1330,62.30164203,65.33006796,30.97476447,48.29249061,47.95181257,42.36079817,30.15392131,36.70676068
1331,62.29952526,65.32957749,30.80801421,48.28592554,47.81706294,42.30276441,30.14550506,36.49937785
1332,62.29342019,65.32891848,30.81550557,48.2790316,47.75269257,42.27764878,30.13268375,36.60306927
1333,62.28782892,65.32838229,30.77432283,48.27317171,47.86351006,42.28881734,30.1210767,36.97635836
1334,62.28784155,65.32840049,30.88933306,48.26814332,47.94646148,42.36351592,30.12729318,36.89340523
1335,62.28341356,65.32767697,30.98194039,48.26306986,47.99191196,42.38436198,30.12639197,36.89340523
1336,62.28106944,65.32718764,30.96306705,48.25755859,47.93401118,42.32264894,30.12816267,36.78971381
1337,62.27638162,65.32656876,30.98612341,48.25197013,47.91853821,42.33384085,30.12451204,36.89340523
1338,62.2748133,65.32643133,31.03325838,48.24676981,47.94327785,42.3735104,30.12558672,36.81045209
1339,62.271041,65.32612603,30.99616981,48.24105851,47.88604735,42.36569957,30.12154123,36.87266694
1340,62.27025406,65.32578723,31.09291835,48.23636837,48.0069746,42.41903009,30.1216658,36.81045209
1341,62.2695358,65.32535991,31.00819336,48.23061257,47.89643605,42.36091955,30.11927561,36.70676068
1342,62.26660583,65.32479547,31.01219293,48.2249932,47.89353127,42.36384865,30.11593679,36.62380755
1343,62.26497608,65.32472952,30.99333878,48.21933727,47.90342477,42.3745151,30.10822229,36.93488179
1344,62.26282372,65.32435195,31.13511604,48.21433375,47.92918482,42.37875722,30.10938796,36.97635836
1345,62.26524524,65.32459626,31.26313277,48.20944441,47.94440552,42.41846334,30.11260128,36.5615927
1346,62.2587322,65.32391689,31.07550122,48.20325724,47.84097393,42.34198817,30.10425501,36.52011613
1347,62.25412056,65.32328351,30.92985735,48.19683622,47.76157578,42.28915003,30.09796095,36.39568644
1348,62.25054582,65.32296089,30.8290711,48.19035044,47.74708855,42.27628843,30.08608535,36.70676068
1349,62.24902937,65.32303132,30.88646382,48.18476234,47.80128418,42.30934618,30.08324962,36.64454583
1350,62.24711281,65.32282303,30.90716156,48.17866894,47.75297012,42.33906971,30.08332044,36.64454583
1351,62.24438622,65.32248029,30.91278355,48.17324059,47.83702702,42.33021079,30.08150901,36.87266694
1352,62.24337509,65.32242994,30.92058217,48.16794641,47.82872692,42.3320585,30.08340577,36.87266694
1353,62.24431943,65.32259839,31.01461975,48.1632461,47.91870384,42.37843296,30.08550089,36.78971381
1354,62.24352221,65.32249593,30.99337514,48.15845484,47.96202444,42.35382005,30.08161751,37.08004977
1355,62.24261525,65.32257396,31.0707598,48.15338294,47.85188955,42.38294365,30.08807544,36.14682704
1356,62.23497906,65.32159071,30.6681566,48.14661945,47.76721511,42.24851207,30.06904428,36.64454583
1357,62.23586658,65.32160387,30.77645725,48.14114714,47.8046615,42.27125642,30.06247084,37.03857321
1358,62.23424974,65.32140358,30.92859276,48.13644224,47.84008098,42.31352935,30.0710007,36.54085442
1359,62.23016733,65.32091395,30.86968158,48.13033894,47.75023469,42.28870183,30.06375696,36.47863957
1360,62.2275307,65.32063609,30.73234957,48.12453675,47.77196746,42.24148721,30.05472364,36.81045209
1361,62.22571552,65.32046472,30.84971893,48.11926041,47.77781785,42.27782499,30.0551831,36.5615927
1362,62.22215491,65.31986913,30.85723671,48.11271393,47.63180585,42.24511035,30.04854283,36.16756533
1363,62.21620159,65.31887672,30.64986908,48.10583805,47.6107174,42.181841,30.0348098,36.33347159
1364,62.21113941,65.31821435,30.6144295,48.09954779,47.64673509,42.16925558,30.02386631,36.6860224
1365,62.20919902,65.31781583,30.78706851,48.09392964,47.67613606,42.20642593,30.02121187,36.54085442
1366,62.20840305,65.3175597,30.8782366,48.08853209,47.75995755,42.25028888,30.01358401,36.64454583
1367,62.20678577,65.3173512,30.87902869,48.08271265,47.69327222,42.25107923,30.00744182,36.27125674
1368,62.2042076,65.31672817,30.72448761,48.07660786,47.71005853,42.18285327,29.99538671,36.70676068
1369,62.20201803,65.31629586,30.88844985,48.07139559,47.74436502,42.24955149,29.99548935,36.6860224
1370,62.19851742,65.31560495,30.99261174,48.06656016,47.82268068,42.29467754,29.9963317,36.91414351
1371,62.19871638,65.31557716,31.0712255,48.06156051,47.76492038,42.31159689,30.00446844,36.45790129
1372,62.19663414,65.31539532,30.91016212,48.05670964,47.88235977,42.29255446,29.99470245,37.14226462
1373,62.19802151,65.3154066,31.13805886,48.05264942,47.87966341,42.36437644,30.003292,36.45790129
1374,62.19072843,65.31403917,30.96171561,48.04655762,47.71728134,42.28518703,29.99610138,36.54085442
1375,62.18592331,65.31330908,30.85795439,48.04091732,47.69525786,42.24149855,29.98999512,36.22978017
1376,62.1801027,65.31215938,30.74400939,48.03469398,47.66662941,42.21606963,29.9739748,36.64454583
1377,62.17687865,65.31161281,30.77969804,48.02968678,47.73953513,42.24636765,29.97202244,36.74823725
1378,62.17440117,65.31110818,30.88990573,48.02471059,47.74510708,42.25367561,29.97422614,36.74823725
1379,62.17109108,65.31068459,30.93666528,48.01948564,47.70280437,42.24705109,29.97619682,36.41642472
1380,62.16651737,65.30995302,30.85680751,48.0137281,47.6792732,42.20806603,29.97159597,36.39568644
1381,62.16347971,65.30957338,30.73825799,48.00783423,47.64681525,42.14435123,29.96139905,36.58233098
1382,62.1614155,65.30921419,30.76731071,48.0025731,47.6842228,42.17150039,29.95473798,36.66528411
1383,62.16158695,65.30916285,30.7641864,47.9976433,47.72761201,42.16956397,29.95269819,36.64454583
1384,62.16070523,65.30912747,30.72360789,47.99230434,47.68004659,42.16303108,29.95084483,36.45790129
1385,62.15644757,65.30841875,30.74382563,47.98674338,47.66814737,42.15226938,29.94666459,36.31273331
1386,62.15285241,65.30817478,30.64533785,47.98069325,47.61503362,42.10779295,29.93750755,36.49937785
1387,62.15067736,65.30788229,30.72029042,47.97544279,47.67022623,42.1408602,29.9328371,36.5615927
1388,62.14939981,65.30767547,30.74622698,47.96987633,47.62166173,42.14986369,29.92883901,36.22978017
1389,62.14516243,65.30698519,30.68876987,47.96383508,47.60458618,42.1344684,29.91811138,36.58233098
1390,62.14526153,65.30693282,30.7475606,47.95871959,47.65278214,42.15421941,29.91744555,36.41642472
1391,62.14481209,65.30679453,30.63438542,47.95246404,47.52339309,42.09530227,29.91504649,36.25051846
1392,62.13964033,65.30637388,30.48048402,47.94607492,47.48094618,42.07234156,29.90297339,36.06387391
1393,62.13462204,65.30570902,30.31451463,47.939043,47.39903903,42.01528666,29.88809112,35.93944421
1394,62.12979539,65.30505163,30.24006988,47.9318034,47.35545225,41.9891936,29.86975974,36.12608876
1395,62.12711752,65.30478925,30.19442891,47.9252247,47.39204903,41.97253192,29.85737305,36.22978017
1396,62.12535058,65.30436166,30.4096344,47.91919167,47.46444303,42.04761994,29.85342704,36.437163
1397,62.12259272,65.3037755,30.56348934,47.91285283,47.38340792,42.07816317,29.85394839,35.75279967
1398,62.11654778,65.30311944,30.38316783,47.90604805,47.44852928,41.98979639,29.83174763,36.81045209
1399,62.11903327,65.30343644,30.72291987,47.90159752,47.58204704,42.11686485,29.84150585,36.10535048
1400,62.11249253,65.30259071,30.55084324,47.89497595,47.46430665,42.06276803,29.82978549,36.437163
1401,62.11171334,65.30246522,30.6247386,47.88957946,47.52166284,42.08270341,29.82835494,36.14682704
1402,62.10692004,65.30168878,30.5983061,47.88330199,47.47331629,42.05974967,29.82100001,36.22978017
1403,62.10450392,65.30134076,30.53759321,47.87716088,47.44766473,42.02810699,29.81840519,36.04313563
1404,62.10049224,65.3010379,30.34286831,47.87082776,47.44880805,41.93765594,29.8058651,36.37494815
1405,62.09997172,65.30106443,30.49628519,47.86499882,47.43814853,41.97011265,29.80789475,36.14682704
1406,62.09794731,65.3005664,30.47681969,47.85890068,47.44363788,41.95957572,29.79996338,36.12608876
1407,62.09568049,65.30034098,30.42144803,47.8525955,47.41049755,41.92950385,29.7940859,36.10535048
1408,62.09335384,65.30001676,30.37184093,47.8459883,47.34579943,41.944251,29.7840765,35.91870593
1409,62.09002642,65.29956061,30.34469033,47.83896216,47.29219116,41.90473298,29.76822251,36.18830361
1410,62.08653933,65.29901844,30.38826877,47.83341803,47.43755414,41.95853273,29.76159426,36.31273331
1411,62.08579366,65.29903578,30.50529566,47.82769625,47.43488726,41.98932192,29.75751418,36.06387391
1412,62.08219288,65.29833559,30.36681751,47.82148712,47.41416089,41.94300687,29.74893197,36.14682704
1413,62.07946919,65.29823513,30.30245558,47.81539814,47.39541723,41.90371336,29.74060754,36.16756533
1414,62.07731254,65.29822773,30.37091935,47.80952388,47.41323137,41.90747819,29.73580771,36.27125674
1415,62.07600737,65.29809205,30.46797447,47.80367992,47.39235706,41.92930477,29.73080664,36.00165906
1416,62.07504817,65.29804237,30.29811794,47.79689085,47.29199218,41.8760869,29.72070298,36.12608876
1417,62.07345403,65.29804144,30.43056546,47.79147087,47.4372173,41.97360566,29.71194928,36.35420987
1418,62.07154917,65.29761075,30.53028795,47.78623031,47.46372357,41.99684104,29.71328078,36.49937785
1419,62.07183411,65.29741105,30.64514533,47.78147054,47.5132509,42.02885528,29.71491397,36.16756533
1420,62.06778479,65.29672144,30.47045269,47.77552508,47.42183611,41.96085736,29.71218958,36.14682704
1421,62.06501557,65.29655105,30.4675321,47.77030029,47.50298521,41.9742332,29.70898686,36.31273331
1422,62.06359233,65.2964312,30.47303233,47.76464665,47.41881424,41.9696183,29.70862713,36.20904189
1423,62.06189401,65.29634955,30.43462927,47.75888754,47.38626821,41.98669937,29.70458938,36.37494815
1424,62.06210608,65.29614937,30.56727716,47.75461508,47.57268834,42.03559917,29.70723587,36.78971381
1425,62.06225559,65.29631085,30.78768115,47.75098202,47.64785212,42.07939654,29.72082015,36.25051846
1426,62.0574134,65.29564898,30.72868838,47.74598923,47.59226414,42.04719987,29.71895976,36.39568644
1427,62.05589374,65.29549411,30.74803069,47.74139506,47.59219985,42.0662945,29.71947374,36.58233098
1428,62.05637401,65.29544801,30.86290104,47.73738858,47.63668696,42.11088012,29.72445748,36.5615927
1429,62.05564981,65.29537431,30.91027064,47.73261003,47.52977615,42.10451246,29.73004928,36.08461219
1430,62.05439341,65.29521631,30.65366158,47.72702334,47.47103939,41.99558804,29.72335763,36.37494815
1431,62.05219929,65.29491915,30.65081881,47.72220296,47.49068182,42.00024315,29.72449287,36.20904189
1432,62.05010775,65.29460329,30.63773811,47.71699048,47.47100455,41.97063868,29.71605371,36.49937785
1433,62.04841278,65.29440739,30.78206569,47.71221607,47.45364481,42.01193977,29.71865896,36.00165906
1434,62.04438474,65.29357426,30.5312709,47.70660644,47.4359741,41.9378123,29.70785826,36.25051846
1435,62.04154166,65.29326149,30.64440804,47.70163259,47.46334719,41.97340574,29.70529535,36.31273331
1436,62.03989277,65.29300181,30.65750611,47.69697817,47.50755522,41.97767035,29.70562384,36.31273331
1437,62.03812941,65.29249611,30.64340548,47.69210822,47.48712547,41.98758282,29.70198398,36.64454583
1438,62.03871091,65.2925784,30.81792685,47.6879501,47.5044436,42.0558139,29.71183626,36.02239735
1439,62.03357839,65.2921087,30.52278405,47.6824674,47.45234789,41.92602854,29.70180547,36.39568644
1440,62.02938301,65.29161913,30.54019351,47.67705739,47.33888074,41.9387119,29.70620152,35.79427623
1441,62.02147865,65.29076495,30.28701625,47.67023081,47.20987979,41.80642118,29.69275145,36.02239735
1442,62.01680541,65.29026888,30.3575088,47.66501213,47.35365936,41.85336474,29.68100921,36.41642472
1443,62.01833292,65.29025857,30.59459031,47.66034005,47.39787721,41.95992316,29.68642315,36.27125674
1444,62.01707838,65.29014754,30.65707607,47.65594946,47.49799536,41.98436909,29.68893646,36.49937785
1445,62.0156111,65.28983762,30.80473749,47.65189268,47.53100007,42.02996491,29.6975623,36.06387391
1446,62.01231822,65.28958025,30.61167274,47.64620295,47.3850061,41.943817,29.6968981,36.12608876
1447,62.00769031,65.28887877,30.58255825,47.64095376,47.37253452,41.90623201,29.6920317,36.08461219
1448,62.00232933,65.28822838,30.47568316,47.63498148,47.25373313,41.87000395,29.6892564,36.00165906
1449,61.99878535,65.2874966,30.38943323,47.62944452,47.29153883,41.85248499,29.68180942,35.85649108
1450,61.99534323,65.28731161,30.34439512,47.6239477,47.35002228,41.85624487,29.67245609,36.37494815
1451,61.99483665,65.28748605,30.57426777,47.6195886,47.42157449,41.92898194,29.6739474,36.52011613
1452,61.99725379,65.28769884,30.5818264,47.61594547,47.52938404,41.98396487,29.68295237,36.22978017
1453,61.99442962,65.28751387,30.50058658,47.61089365,47.41810676,41.91441951,29.67725314,36.14682704
1454,61.99031602,65.28709713,30.44813955,47.60598336,47.40828335,41.90155709,29.67219413,36.06387391
1455,61.98557476,65.2865698,30.44502429,47.60062678,47.3483304,41.87153088,29.6628588,36.33347159
1456,61.98543338,65.28633683,30.46348188,47.5959331,47.35680423,41.88580074,29.66576466,36.04313563
1457,61.98248406,65.28603333,30.43723486,47.59058628,47.32528327,41.87405676,29.65649779,36.02239735
1458,61.97879819,65.28527291,30.31585949,47.58474125,47.23032594,41.81897291,29.64962427,35.75279967
1459,61.97334814,65.28441916,30.24523404,47.57878491,47.23581765,41.80135389,29.63481541,36.20904189
1460,61.97056688,65.28425937,30.39544887,47.57375879,47.26563961,41.82721204,29.63205809,36.04313563
1461,61.96991743,65.28420965,30.39874614,47.56872494,47.31856791,41.8381471,29.62709784,36.29199502
1462,61.96966129,65.28412516,30.528405,47.56418006,47.3525028,41.87833845,29.62916328,36.20904189
1463,61.96982962,65.28412179,30.53755416,47.55973563,47.40134508,41.89740186,29.6321574,36.49937785
1464,61.9705726,65.28449305,30.61147305,47.55557838,47.38860106,41.92452904,29.64198272,36.08461219
1465,61.96475172,65.28384582,30.50013997,47.54980262,47.21903366,41.86344765,29.63829648,35.66984654
1466,61.95790085,65.2828728,30.32730011,47.54334052,47.13596958,41.77286569,29.61692483,35.7113231
1467,61.95466064,65.28239723,30.30694228,47.53793184,47.25913171,41.76204945,29.60006912,36.27125674
1468,61.9545154,65.28218015,30.44376121,47.53276731,47.20033624,41.82292493,29.6004787,35.60763169
1469,61.949336,65.28128109,30.24939856,47.52647386,47.15924061,41.75187353,29.58773454,36.33347159
1470,61.95072519,65.28142393,30.56887245,47.52279184,47.37703376,41.87838306,29.59162863,36.45790129
1471,61.95338918,65.2816044,30.6186732,47.51854919,47.34185849,41.87896465,29.59714259,35.89796765
1472,61.94915161,65.28104755,30.4541923,47.51288574,47.23590652,41.82609786,29.5885744,36.00165906
1473,61.94520078,65.28043854,30.39234803,47.50741288,47.18753211,41.79020004,29.57918898,35.8357528
1474,61.94244831,65.28011124,30.29267867,47.50215448,47.24236011,41.79872369,29.57159314,35.9601825
1475,61.93879328,65.27965321,30.28510334,47.4966865,47.19242206,41.80940634,29.56427744,36.02239735
1476,61.93725541,65.27967248,30.33499475,47.49195722,47.27206918,41.82164211,29.56183467,35.9601825
1477,61.93436163,65.27916574,30.2787235,47.48651865,47.20272415,41.79144597,29.55741227,35.62836997
1478,61.92955714,65.27846524,30.09165977,47.48065476,47.1851042,41.70403758,29.54358921,36.47863957
1479,61.92905058,65.27832018,30.41315723,47.47649904,47.22954244,41.82885911,29.55777724,35.62836997
1480,61.92368889,65.27762981,30.22249197,47.47007788,47.095776,41.71580628,29.54021853,35.89796765
1481,61.92023546,65.27699842,30.21297021,47.46492742,47.17357255,41.7330527,29.53514022,35.93944421
1482,61.91893399,65.27681289,30.19094367,47.45991243,47.21291463,41.7506437,29.53059581,36.27125674
1483,61.9192881,65.2769464,30.37524591,47.45581529,47.2914492,41.84737082,29.53491591,36.12608876
1484,61.92069762,65.2772011,30.4054555,47.45152113,47.32774264,41.82974225,29.53720537,36.14682704
1485,61.9202465,65.27718719,30.40860987,47.44710137,47.31106413,41.82459578,29.5395925,36.12608876
1486,61.92003521,65.27727155,30.50524928,47.44234672,47.25240486,41.84441133,29.53867462,35.8357528
1487,61.91788138,65.27694115,30.40868185,47.43740061,47.26826544,41.7748793,29.53004605,35.91870593
1488,61.91587376,65.2765435,30.45309884,47.43257524,47.26751962,41.831784,29.52499648,36.54085442
1489,61.91714963,65.27676806,30.6811898,47.42991733,47.45720333,41.92344082,29.53627058,36.60306927
1490,61.91785397,65.27668327,30.81245946,47.42697508,47.47387279,41.92462591,29.54989654,36.06387391
1491,61.91631312,65.27652277,30.6231873,47.42209705,47.29882425,41.8569939,29.54548431,36.04313563
1492,61.91457554,65.27649725,30.54813297,47.41785179,47.33095074,41.83190898,29.54531954,36.41642472
1493,61.91419726,65.27651686,30.67369166,47.41431944,47.36066042,41.88951096,29.55524336,35.87722937
1494,61.90810919,65.27553862,30.41196376,47.40869059,47.1652369,41.76588343,29.54601034,35.91870593
1495,61.90289293,65.27503129,30.386834,47.40410815,47.23578874,41.78019457,29.53962798,36.22978017
1496,61.90359737,65.27527463,30.5139775,47.40001066,47.26137379,41.81979852,29.54341954,36.04313563
1497,61.90508035,65.27548817,30.47914665,47.39521418,47.20229202,41.81777688,29.54161597,35.75279967
1498,61.89886998,65.27479401,30.3352887,47.39035697,47.24033217,41.73577136,29.5313535,36.33347159
1499,61.90017163,65.27489648,30.51563486,47.38698355,47.34649057,41.79663044,29.5360186,36.27125674
1500,61.89755435,65.27459411,30.58495932,47.38292745,47.29102498,41.80992889,29.54133269,35.93944421
1501,61.89696119,65.27443609,30.50841549,47.37849398,47.28602524,41.8096428,29.5380755,35.9601825
1502,61.89508983,65.27422297,30.46513439,47.37395592,47.25593446,41.77132205,29.53359442,36.02239735
1503,61.89201869,65.2738268,30.45919628,47.36932218,47.20889603,41.7520541,29.53600136,36.02239735
1504,61.88824002,65.27333196,30.56552716,47.36482885,47.20684793,41.77050723,29.53253369,36.04313563
1505,61.8884053,65.27333099,30.54861774,47.36009568,47.1576011,41.77948507,29.53007863,35.66984654
1506,61.8840021,65.2727862,30.29921233,47.35460752,47.1054914,41.67345739,29.5187265,35.77353795
1507,61.88096433,65.27241223,30.20731301,47.3492609,47.07516675,41.64103109,29.5046291,35.73206139
1508,61.87791847,65.27201103,30.15213434,47.34360381,47.01624017,41.6159001,29.49454491,35.8357528
1509,61.87476559,65.27161178,30.25726537,47.33873309,47.08833807,41.65528723,29.48767599,35.89796765
1510,61.87201513,65.27154348,30.27949845,47.33375182,47.08038268,41.66620904,29.48179794,35.75279967
1511,61.86898453,65.27108057,30.21149458,47.32855194,47.07267439,41.63590549,29.47571021,35.73206139
1512,61.86805176,65.27083855,30.20632176,47.32322648,47.05147878,41.63291769,29.47165147,35.8357528
1513,61.86621909,65.27070252,30.29761854,47.31861783,47.12996711,41.66289665,29.46458558,36.14682704
1514,61.86641847,65.27078121,30.43369385,47.31476315,47.20134141,41.68412918,29.4695921,35.58689341
1515,61.86103872,65.27017081,30.25912272,47.30918476,47.09230575,41.61516053,29.45883596,35.87722937
1516,61.86193718,65.27040257,30.25074872,47.3043137,47.07961108,41.61583934,29.45225717,35.85649108
1517,61.85833323,65.27003865,30.25598009,47.29927353,47.05003601,41.61222658,29.45005002,35.62836997
1518,61.85412038,65.26958798,30.2154557,47.29384089,47.02844084,41.60527517,29.44148894,35.8357528
1519,61.8528192,65.26929202,30.21386606,47.28885586,47.03160768,41.60073871,29.43888499,35.81501452
1520,61.84912551,65.2687467,30.21678281,47.28425892,47.09796284,41.6527764,29.4343761,35.93944421
1521,61.84724554,65.26849597,30.23082569,47.27932804,47.03521632,41.62570119,29.43552615,35.64910825
1522,61.84427685,65.26811262,30.07358675,47.27363211,46.95254036,41.58167171,29.42562361,35.7113231
1523,61.83829022,65.26737437,30.07752206,47.26896842,47.06851353,41.59532134,29.41889852,36.02239735
1524,61.83531323,65.26695321,30.23370701,47.2645179,47.06748183,41.63473708,29.42664258,35.69058482
1525,61.8309998,65.26643814,30.13459256,47.25965768,47.08350355,41.60068315,29.41748822,35.79427623
1526,61.82707523,65.26606051,30.14786152,47.25504458,47.09810068,41.63660701,29.4140695,36.04313563
1527,61.82591082,65.26590398,30.25860884,47.25075969,47.08828799,41.68613835,29.41823194,35.79427623
1528,61.8207966,65.26500691,30.21713491,47.24560605,47.0008107,41.67891952,29.41276724,35.50394027
1529,61.81532615,65.26427364,30.01348284,47.24039312,47.02637051,41.59124835,29.4036127,36.18830361
1530,61.81290061,65.26402117,30.30172446,47.23679455,47.11896032,41.69520687,29.41267615,35.73206139
1531,61.8083823,65.26335102,30.23957091,47.23194088,47.06812089,41.64882429,29.40471688,35.73206139
1532,61.80441185,65.26237022,30.19841597,47.22711011,47.04613435,41.58384981,29.39727916,36.04313563
1533,61.80147521,65.26184185,30.23495148,47.22266883,47.01610056,41.6269609,29.40020762,35.66984654
1534,61.79722557,65.26095226,30.14371873,47.21816974,47.0885786,41.60555127,29.39254743,36.31273331
1535,61.79705529,65.26081839,30.33370851,47.214173,47.02988109,41.65018911,29.40531924,35.40024886
1536,61.79129489,65.26021728,30.05053576,47.20841696,46.95167644,41.57936932,29.39326874,35.73206139
1537,61.78593852,65.25951736,30.06522113,47.20414108,47.07147673,41.56938528,29.39009307,36.14682704
1538,61.78867217,65.25993587,30.2593776,47.20007426,47.04482561,41.63457801,29.39600856,35.73206139
1539,61.78196608,65.25904812,30.1432553,47.19523697,47.01015131,41.58013816,29.39059835,35.62836997
1540,61.78091009,65.25890545,30.0382916,47.19005092,46.9596018,41.52674364,29.37751464,35.7113231
1541,61.77887555,65.25844366,30.10362697,47.18581809,47.06959767,41.54531559,29.37392937,36.18830361
1542,61.77997931,65.25889791,30.41182661,47.18257816,47.15134871,41.65605706,29.38040683,35.91870593
1543,61.77532911,65.25802218,30.40390724,47.1790744,47.21271942,41.65724911,29.38060773,36.35420987
1544,61.7768994,65.25830692,30.53505864,47.17619756,47.22390959,41.69347482,29.39212161,35.7113231
1545,61.77251476,65.25773521,30.33237446,47.17152974,47.09965137,41.6168852,29.38423338,35.7113231
1546,61.76975298,65.25726211,30.17951118,47.16690347,47.04822443,41.57385686,29.37763848,35.69058482
1547,61.76314562,65.25655026,30.05688625,47.16141477,46.88321435,41.51404954,29.37098336,35.42098714
1548,61.75775692,65.2558097,29.91552982,47.15630671,46.94085861,41.48215436,29.35596773,35.75279967
1549,61.7570977,65.25578296,29.97832758,47.15170214,46.95789571,41.49187104,29.35140472,35.8357528
1550,61.75524121,65.25565057,30.13199165,47.14712445,46.94318418,41.54224989,29.35128993,35.35877229
1551,61.74953738,65.25478247,29.93869403,47.14123714,46.83954858,41.46273899,29.33939092,35.91870593
1552,61.74710857,65.2543672,30.09970768,47.1378475,47.05866524,41.52649402,29.34000371,36.12608876
1553,61.74790721,65.25436152,30.38818409,47.13464744,47.12849608,41.62196841,29.34607525,35.58689341
1554,61.74400558,65.2537871,30.26448582,47.12937227,46.95326828,41.59278871,29.3379889,35.54541684
1555,61.74238043,65.25354529,30.14724124,47.12463673,46.97125917,41.53747972,29.33255513,35.8357528
1556,61.74209199,65.25360975,30.21761536,47.12075912,47.04067282,41.58097169,29.33236895,36.10535048
1557,61.74455331,65.25413297,30.41651358,47.11762229,47.12110661,41.62829904,29.33623109,36.02239735
1558,61.74247154,65.25384986,30.4407381,47.11475735,47.2200804,41.63278735,29.33838687,36.29199502
1559,61.74615456,65.25421437,30.58554862,47.11211951,47.22742029,41.69168693,29.35075351,35.8357528
1560,61.74525015,65.25383763,30.43253041,47.10742716,47.00755557,41.61907758,29.34586689,35.42098714
1561,61.7415998,65.25327297,30.22890742,47.10207476,46.90712605,41.57585959,29.33297847,35.66984654
1562,61.73959106,65.2528802,30.27183373,47.09783628,46.97771805,41.59419153,29.32964214,35.7113231
1563,61.73758599,65.25253252,30.21886657,47.09329275,46.94342686,41.52289668,29.32494165,35.93944421
1564,61.73635216,65.25243334,30.37099137,47.0896669,47.01694667,41.57726555,29.32531248,35.7113231
1565,61.73627993,65.2524786,30.29211956,47.08513664,46.95477371,41.56111462,29.32277078,35.60763169
1566,61.73146826,65.25185531,30.25981746,47.08056731,46.94559279,41.54489303,29.31366887,35.89796765
1567,61.73011017,65.2518004,30.2751085,47.07660784,46.96154828,41.57151082,29.31728589,35.79427623
1568,61.72642692,65.25156961,30.24223906,47.07235763,46.94384695,41.54634777,29.31773939,35.44172543
1569,61.72515432,65.25124305,30.07578693,47.06739025,46.90639062,41.51734454,29.3076382,35.8357528
1570,61.72558215,65.25118474,30.13738577,47.06380149,47.00970226,41.55254188,29.30841286,36.04313563
1571,61.72694914,65.2513615,30.3258668,47.06065857,47.0732948,41.58644511,29.31645547,35.64910825
1572,61.72174498,65.25061499,30.15912521,47.05580093,46.91756986,41.52277397,29.31117238,35.64910825
1573,61.71940526,65.25021494,30.10117912,47.05102484,46.85976497,41.47931848,29.30830724,35.40024886
1574,61.71613547,65.2499862,29.95522339,47.04521153,46.72449348,41.42794743,29.29574077,35.37951058
1575,61.71109524,65.24895567,29.89338769,47.0399913,46.76413888,41.41573757,29.28344869,35.08917462
1576,61.70756808,65.24860784,29.70763363,47.03405873,46.7347845,41.35498669,29.2635483,35.62836997
1577,61.70482488,65.24813059,29.82023331,47.02915069,46.74301358,41.39843696,29.25783976,35.42098714
1578,61.70159664,65.24782152,29.84724705,47.02362546,46.69407358,41.42150237,29.24528583,35.40024886
1579,61.69771817,65.24718329,29.78363145,47.01866662,46.76606779,41.37468374,29.23536625,35.79427623
1580,61.69839509,65.24705394,29.97784746,47.0148341,46.87709203,41.45250834,29.2405492,35.81501452
1581,61.69731764,65.24698129,30.09648328,47.01114225,46.94079745,41.47252454,29.24622774,35.69058482
1582,61.69500585,65.24674723,30.14566726,47.00691711,46.91070635,41.46466887,29.24282058,35.58689341
1583,61.69582601,65.2467435,30.04342642,47.00223737,46.8454042,41.45066447,29.24254435,35.42098714
1584,61.69514031,65.24681267,29.87591394,46.99728627,46.8092392,41.40740149,29.23640344,35.27581916
1585,61.69049756,65.24594727,29.85605777,46.99198398,46.77063457,41.38772467,29.22685411,35.7113231
1586,61.68725086,65.24570593,29.94833293,46.98821733,46.8890178,41.41873553,29.2283901,35.75279967
1587,61.6886742,65.2456884,30.09207324,46.98451779,46.93852415,41.49436344,29.22825843,35.77353795
1588,61.69061513,65.24595958,30.1405275,46.98082155,46.95392911,41.49320718,29.23283882,35.8357528
1589,61.69012866,65.24593572,30.19166944,46.97761385,47.02211534,41.52883535,29.23341658,35.98092078
1590,61.6906644,65.24594994,30.28121907,46.97448767,47.0229567,41.5325614,29.2428541,35.87722937
1591,61.68753638,65.24562048,30.39581726,46.97093301,46.9768068,41.54891032,29.24500598,35.69058482
1592,61.68433737,65.24517005,30.39363728,46.9668546,46.91467465,41.52563197,29.24330555,35.48320199
1593,61.68072304,65.24484321,30.1739922,46.96174828,46.76710328,41.44094481,29.23239606,35.15138946
1594,61.67461367,65.24416702,29.8876508,46.9559213,46.66622269,41.38135491,29.21647023,35.31729573
1595,61.66986352,65.24350696,29.86827808,46.95112472,46.74552006,41.39015009,29.20497889,35.42098714
1596,61.66602118,65.24276369,29.79855329,46.94544355,46.601096,41.33741329,29.20115093,35.13065118
1597,61.66117813,65.24221967,29.66537939,46.93955373,46.57567168,41.31132793,29.18454923,35.2343426
1598,61.6582742,65.2418537,29.70352121,46.93441059,46.65668825,41.30475599,29.17325012,35.48320199
1599,61.65893574,65.24186372,29.78854637,46.92986416,46.72041471,41.32495878,29.1692333,35.58689341
1600,61.66003981,65.24177688,29.85777884,46.92546088,46.74100777,41.37435726,29.16787124,35.46246371
1601,61.65621256,65.2413433,29.85490173,46.92124305,46.8101115,41.35986061,29.15976867,35.7113231
1602,61.65751661,65.24118425,30.00193375,46.9168855,46.74750447,41.36109085,29.15860052,35.25508088
1603,61.65395893,65.24080703,29.90440322,46.91191168,46.73445851,41.33441277,29.14742721,35.42098714
1604,61.64994647,65.24036401,29.85314718,46.90722028,46.72675765,41.33662891,29.14500533,35.81501452
1605,61.65350811,65.24066082,30.14664039,46.90389273,46.8418145,41.43080026,29.14969943,35.69058482
1606,61.65181582,65.24035888,30.14849337,46.90010453,46.84411243,41.41596647,29.15472277,35.56615512
1607,61.64892813,65.24008306,30.12599097,46.89620841,46.85738662,41.38246844,29.15268496,35.9601825
1608,61.64976241,65.24015502,30.27010906,46.89277961,46.83278384,41.45118017,29.16173345,35.46246371
1609,61.64667815,65.23974319,30.10190442,46.88792964,46.71529154,41.39804723,29.15798181,35.33803401
1610,61.64380724,65.23958309,29.90069945,46.88317492,46.70825407,41.32413778,29.15081198,35.29655745
1611,61.64109924,65.23908179,29.82951314,46.87843924,46.7159864,41.28356448,29.14508986,35.35877229
1612,61.63776967,65.23865163,29.88284343,46.87406405,46.75894756,41.2978978,29.1380196,35.81501452
1613,61.63841071,65.23867429,30.16507904,46.87078088,46.83586365,41.40954997,29.14743336,35.50394027
1614,61.63494387,65.23810626,30.10222108,46.86697743,46.86193551,41.3854285,29.14022704,35.87722937
1615,61.63543726,65.23807333,30.17352862,46.86358181,46.83809767,41.41817948,29.1474799,35.44172543
1616,61.63454332,65.23778178,30.04112765,46.85923083,46.78181068,41.37537826,29.1429842,35.56615512
1617,61.63238737,65.23745273,30.15200228,46.8557522,46.86445278,41.41483744,29.14321572,35.8357528
1618,61.63176753,65.23725733,30.24308986,46.85249475,46.86190027,41.44881756,29.14950336,35.29655745
1619,61.62895348,65.23682656,30.05031586,46.84780777,46.76329771,41.38506154,29.1409643,35.7113231
1620,61.62877615,65.23670356,30.13231636,46.84457476,46.84887466,41.41156732,29.143169,35.75279967
1621,61.62873953,65.2367495,30.18581566,46.84150134,46.90012345,41.41377869,29.14331412,35.62836997
1622,61.62811139,65.23657754,30.12369585,46.83801091,46.88390404,41.39132432,29.14254853,35.75279967
1623,61.62687593,65.2363227,30.21326398,46.83490779,46.90583482,41.42350216,29.14974269,35.52467856
1624,61.62382984,65.23594133,30.13458709,46.83083305,46.81213561,41.38041504,29.14921848,35.54541684
1625,61.6225342,65.23574478,30.13522995,46.82751015,46.88887025,41.39050188,29.14551202,35.66984654
1626,61.61943896,65.23531699,30.12856784,46.82374665,46.81325603,41.39232856,29.14777576,35.42098714
1627,61.61598568,65.23484749,30.00677435,46.81965534,46.78768457,41.37687671,29.14360705,35.73206139
1628,61.61454978,65.23465294,30.07633488,46.81631043,46.81309899,41.38190351,29.14691642,35.46246371
1629,61.61173668,65.23423522,29.99951643,46.81226486,46.77423392,41.3588641,29.14029517,35.64910825
1630,61.60944006,65.23384779,30.02607083,46.80882153,46.80592348,41.35746471,29.13697717,35.27581916
1631,61.60643085,65.2333235,29.93365243,46.8040451,46.69278429,41.32069934,29.1274709,35.17212775
1632,61.6036038,65.23278248,29.83367504,46.79905056,46.62950989,41.26591331,29.11081904,35.17212775
1633,61.60139422,65.23257555,29.73220393,46.79431817,46.64247583,41.22099633,29.09879928,35.69058482
1634,61.59939138,65.23228934,29.91362199,46.79075219,46.69797922,41.27210533,29.10463056,35.19286603
1635,61.59486982,65.23147698,29.88934755,46.78547566,46.56768582,41.24028838,29.09482602,34.9854832
1636,61.58979996,65.23089655,29.66988639,46.7802091,46.56412733,41.19626654,29.07928512,35.7113231
1637,61.58977856,65.23094496,29.91942114,46.77674285,46.66256536,41.27329287,29.08362858,35.2343426
1638,61.58817233,65.23085591,29.83331189,46.77230279,46.6669613,41.23027769,29.07297742,35.75279967
1639,61.59159975,65.23129797,29.94659007,46.76874156,46.6752004,41.27202024,29.07841037,35.19286603
1640,61.58984077,65.23119021,29.70854199,46.76388948,46.6100022,41.20434651,29.06588112,35.37951058
1641,61.58748014,65.23072616,29.82629649,46.75971799,46.64050973,41.23777063,29.06038916,35.37951058
1642,61.58530964,65.23047222,29.88709825,46.75579788,46.69123371,41.24204149,29.05651111,35.56615512
1643,61.58271428,65.23022961,30.00841576,46.7523278,46.73555373,41.28194772,29.05342748,35.40024886
1644,61.5815202,65.23012457,30.01349629,46.74793339,46.64075059,41.27136999,29.05116825,35.00622148
1645,61.57896392,65.22967812,29.73328794,46.74270794,46.56280506,41.19717906,29.03893227,35.37951058
1646,61.57646916,65.22933216,29.82787978,46.73863287,46.61449374,41.23083186,29.03770305,35.31729573
1647,61.57497929,65.22907353,29.8495587,46.73469149,46.67472334,41.22459089,29.03307798,35.58689341
1648,61.57706977,65.22910131,29.95163493,46.73101256,46.66846464,41.27666307,29.03513372,35.19286603
1649,61.57500234,65.22885936,29.81986344,46.72722188,46.74892406,41.25592398,29.02394631,35.62836997
1650,61.57361237,65.22889252,29.94263797,46.72376499,46.72049671,41.25676313,29.02508577,35.25508088
1651,61.56909476,65.22814924,29.89296893,46.71957603,46.68335091,41.24531892,29.01575878,35.50394027
1652,61.5674256,65.22794514,29.99650428,46.71611413,46.71894605,41.29426939,29.01112375,35.50394027
1653,61.56938045,65.22835905,30.02709457,46.71233051,46.67782686,41.2884064,29.00543249,35.31729573
1654,61.56599069,65.227809,29.93797012,46.70799546,46.61428681,41.23351713,28.99753864,35.19286603
1655,61.56271994,65.22738232,29.8606943,46.70328204,46.55162268,41.21223998,28.98919028,35.1099129
1656,61.55995077,65.22696327,29.71401521,46.69827916,46.49499144,41.16053371,28.97959052,35.06843633
1657,61.55514837,65.22626787,29.68441893,46.69385852,46.57377292,41.15739808,28.97023364,35.44172543
1658,61.55342181,65.22590305,29.82386767,46.68980262,46.56639962,41.19150161,28.97057033,35.08917462
1659,61.54851725,65.22505157,29.6798077,46.68509665,46.54589479,41.18415895,28.96143389,35.35877229
1660,61.54512251,65.22478714,29.76038566,46.68137665,46.62456358,41.18274116,28.96489743,35.13065118
1661,61.53897627,65.22382293,29.65030832,46.67647875,46.5197307,41.16115202,28.95670538,35.08917462
1662,61.5369722,65.2236597,29.5670441,46.67129097,46.43259834,41.11422452,28.9492718,35.1099129
1663,61.53543632,65.22335955,29.55794773,46.66720087,46.56706131,41.10672934,28.94255693,35.13065118
1664,61.53404195,65.22318764,29.59266493,46.66275665,46.55708604,41.12612234,28.93329198,35.27581916
1665,61.52965482,65.22221733,29.69253485,46.65775084,46.41570866,41.09016568,28.9298245,34.71588552
1666,61.52185036,65.22128663,29.53162803,46.65205491,46.38419816,41.03102933,28.91167194,35.21360431
1667,61.52023177,65.22113318,29.69555747,46.648116,46.52570314,41.11291085,28.91005277,35.52467856
1668,61.51914566,65.22091398,29.89067434,46.64435028,46.53262595,41.18994843,28.91796006,35.2343426
1669,61.51584743,65.22036308,29.82134537,46.64046934,46.58909062,41.18810699,28.91494892,35.15138946
1670,61.51111425,65.21968508,29.76056671,46.63561088,46.46963057,41.13921517,28.91316493,35.13065118
1671,61.50700713,65.21927889,29.68735949,46.63096835,46.45587724,41.11303422,28.91019503,35.06843633
1672,61.50056848,65.21844368,29.68303111,46.62672838,46.52906861,41.12364841,28.90101399,35.31729573
1673,61.49823649,65.21810072,29.73147509,46.62297544,46.57022007,41.15637416,28.90142985,35.31729573
1674,61.49743551,65.21800966,29.81340154,46.61855856,46.47272159,41.17750747,28.899975,35.04769805
1675,61.49182033,65.21722542,29.72360482,46.6136112,46.41012816,41.12540354,28.89121988,35.08917462
1676,61.48983621,65.21690052,29.68073922,46.60872484,46.37850157,41.11120587,28.88193242,34.77810037
1677,61.48233982,65.21598559,29.5241026,46.6034992,46.38760729,41.05886479,28.86162672,35.42098714
1678,61.47988894,65.21557896,29.65444153,46.59986831,46.48381861,41.10047246,28.86811461,35.19286603
1679,61.47674005,65.21509278,29.67335554,46.59567809,46.4890824,41.09207935,28.8669287,35.02695977
1680,61.47214709,65.21449471,29.63396611,46.59123722,46.4897842,41.09175168,28.86085509,35.50394027
1681,61.47219818,65.21436181,29.79145738,46.58845579,46.63538133,41.16471094,28.86859735,35.15138946
1682,61.46852581,65.21397047,29.6603467,46.58438733,46.57649168,41.12080984,28.86428964,35.35877229
1683,61.46666939,65.21379788,29.7487195,46.58071451,46.55570595,41.13566859,28.86887786,35.15138946
1684,61.46370396,65.21372404,29.75467712,46.57664125,46.5316058,41.14371377,28.86501492,35.19286603
1685,61.46115943,65.21350824,29.70860218,46.57249175,46.49469582,41.11048759,28.8605189,35.2343426
1686,61.45931405,65.21304823,29.63711251,46.56843199,46.47815589,41.09280184,28.85877218,35.31729573
1687,61.45906337,65.21285069,29.71780421,46.56504293,46.55601672,41.1157016,28.86294771,35.27581916
1688,61.45857973,65.21276494,29.71527914,46.56111152,46.50820111,41.14809106,28.86222743,35.04769805
1689,61.45283056,65.21199293,29.67229632,46.55687544,46.49254102,41.10610254,28.85059572,35.06843633
1690,61.44923591,65.21138809,29.6283007,46.55226137,46.41513934,41.08476888,28.8438259,35.25508088
1691,61.4479682,65.21111065,29.67436877,46.54869194,46.50146042,41.10984909,28.842409,35.48320199
1692,61.44396942,65.21027497,29.80520258,46.54605868,46.63382352,41.16066543,28.84585342,35.25508088
1693,61.43939592,65.20960938,29.85343582,46.54239779,46.57831389,41.17139365,28.8461489,35.31729573
1694,61.43664177,65.20919035,29.86635168,46.53901267,46.58051128,41.14387452,28.84543447,35.21360431
1695,61.43255867,65.20833058,29.85719026,46.53520424,46.53496827,41.14514935,28.84790983,35.19286603
1696,61.43170927,65.20822698,29.86065331,46.53170753,46.57042874,41.14315869,28.84372729,35.17212775
1697,61.4305301,65.20801206,29.79150356,46.52717485,46.41591021,41.09131241,28.84091594,34.61219411
1698,61.42309708,65.20703627,29.49351453,46.52183966,46.35960657,40.99110787,28.824575,35.29655745
1699,61.42097206,65.20703234,29.65270981,46.51840111,46.46421091,41.05733836,28.82562018,35.42098714
1700,61.41921403,65.20672287,29.81631305,46.51618251,46.67629221,41.1319504,28.83118655,35.62836997
1701,61.42103931,65.20709311,29.91872917,46.51319207,46.58359636,41.15714775,28.84165195,34.71588552
1702,61.41560976,65.20614943,29.57479173,46.50759094,46.3489147,40.99984291,28.82711972,35.00622148
1703,61.41506961,65.20630836,29.58648013,46.50289926,46.31368031,41.01447668,28.81730595,34.81957694
1704,61.41205489,65.20570708,29.39565273,46.49799803,46.30940608,40.94352942,28.80371198,35.04769805
1705,61.40808072,65.20506615,29.47565531,46.49364908,46.33528211,40.97416747,28.80276198,34.9854832
1706,61.40711318,65.20502353,29.49323209,46.48953029,46.39784372,40.99867132,28.79947753,35.15138946
1707,61.40637993,65.20523548,29.57032545,46.48557949,46.40592391,41.03189847,28.79788101,35.25508088
1708,61.4035373,65.20503432,29.56623536,46.48169764,46.38753104,41.04252852,28.79883527,34.79883866
1709,61.39828128,65.20411889,29.39801983,46.47661497,46.29643568,40.94820135,28.789947,34.94400664
1710,61.39499184,65.20376773,29.47019924,46.4725524,46.38421647,40.98255665,28.78329459,35.21360431
1711,61.39411943,65.20348011,29.59835582,46.46929835,46.48209265,41.04282189,28.78259604,35.25508088
1712,61.39680762,65.20397633,29.66410114,46.46594353,46.49466416,41.045015,28.78627824,35.33803401
1713,61.39605865,65.20353101,29.79039855,46.46293649,46.53337109,41.09572122,28.79238059,35.06843633
1714,61.3939958,65.20310812,29.74124135,46.45856892,46.39262019,41.05468612,28.79225821,34.71588552
1715,61.38889852,65.20232379,29.55074784,46.45311546,46.23841558,40.98360593,28.77914212,34.96474492
1716,61.38526584,65.20183087,29.5869973,46.44953654,46.41350634,40.98401439,28.77731857,34.94400664
1717,61.38492878,65.20153832,29.48361046,46.44518599,46.36584859,40.95532736,28.77154884,34.79883866
1718,61.37986575,65.20078368,29.36024954,46.44026348,46.28463272,40.92152743,28.76560021,35.08917462
1719,61.37721311,65.2003241,29.47772279,46.43653923,46.3669752,40.99526688,28.76191761,34.92326835
1720,61.37396096,65.19994722,29.5194853,46.43126782,46.18515654,40.95453802,28.75478907,34.75736209
1721,61.37140972,65.19961253,29.46783009,46.42685085,46.28727181,40.94792914,28.74222406,35.2343426
1722,61.37190029,65.19965746,29.64409415,46.42356289,46.39167585,41.01908438,28.74610512,35.15138946
1723,61.37097656,65.19960145,29.66349847,46.42032168,46.4649714,41.06584262,28.74823839,35.21360431
1724,61.37194567,65.19963108,29.70803518,46.41662463,46.39891885,41.0687344,28.75270175,34.94400664
1725,61.36937328,65.19920805,29.63555367,46.41218523,46.31499206,41.00895233,28.7459201,34.9854832
1726,61.36727614,65.19890302,29.64732727,46.40830655,46.35502044,41.00712737,28.74376538,34.8610535
1727,61.36454383,65.19871718,29.58691051,46.40329652,46.21557335,40.94614161,28.74006265,34.54997926
1728,61.35861386,65.19783804,29.35106336,46.39779913,46.15183104,40.88605593,28.72028979,34.67440896
1729,61.35644468,65.19749454,29.27047663,46.39262504,46.14106844,40.87205475,28.71430834,34.96474492
1730,61.35470079,65.19739019,29.33815936,46.38859279,46.24427957,40.9098802,28.70974346,34.96474492
1731,61.35497658,65.19740846,29.41134018,46.38425787,46.23477303,40.91597377,28.70837511,34.63293239
1732,61.35087623,65.19678641,29.26872656,46.37893948,46.15240156,40.81337075,28.69810312,34.75736209
1733,61.34989757,65.19644628,29.25882664,46.37414561,46.16565706,40.82715881,28.6889042,34.71588552
1734,61.34709815,65.19597576,29.32983242,46.3693655,46.17994138,40.83968648,28.67969188,34.88179179
1735,61.34291522,65.19534367,29.46636788,46.36569584,46.32340641,40.89198731,28.67525324,35.25508088
1736,61.34378739,65.19541143,29.667463,46.36303239,46.4517954,41.00223734,28.67973906,35.29655745
1737,61.34529527,65.19563893,29.79253884,46.36063641,46.53892916,41.02657823,28.68248773,35.19286603
1738,61.34645736,65.19570473,29.77678548,46.357466,46.47029187,41.02471421,28.68734899,35.15138946
1739,61.34575605,65.19562555,29.78984841,46.35394397,46.39037468,41.00823222,28.69391599,34.92326835
1740,61.34227684,65.19511967,29.67967811,46.34982238,46.31558586,40.97795917,28.69394794,35.19286603
1741,61.34200325,65.19510902,29.72509712,46.34661508,46.36240892,41.0320924,28.7002073,34.8610535
1742,61.34149455,65.1953559,29.62176117,46.34264609,46.33884385,40.94582422,28.69620803,35.06843633
1743,61.33966529,65.19477666,29.58201924,46.33872624,46.27710709,40.9297554,28.70010004,34.63293239
1744,61.33484826,65.19392271,29.48588854,46.33454735,46.31924773,40.89721673,28.69097015,34.9854832
1745,61.33239471,65.19340509,29.5201093,46.33013089,46.20119411,40.91116547,28.69016766,34.81957694
1746,61.33075318,65.1932206,29.53160583,46.325534,46.15923356,40.9471081,28.68462623,34.65367068
1747,61.32659935,65.19269284,29.37610108,46.32118518,46.22417345,40.88673762,28.67429781,35.00622148
1748,61.32600838,65.19272224,29.46880117,46.31804354,46.35536452,40.95556542,28.67095418,35.21360431
1749,61.32694753,65.19274821,29.56469573,46.31485658,46.34577923,40.95001541,28.68185598,34.92326835
1750,61.32550304,65.19279138,29.51430454,46.31057035,46.23420061,40.92183403,28.67701504,35.06843633
1751,61.32740008,65.19284423,29.50174115,46.30668426,46.20809887,40.88627793,28.67670884,34.46702613
1752,61.32361252,65.19235459,29.26980487,46.30139471,46.12182412,40.79531803,28.66079215,34.21816674
1753,61.31534955,65.19110286,28.99140212,46.29557385,46.05908144,40.7114404,28.63889664,34.92326835
1754,61.31576948,65.19119508,29.21890304,46.29166526,46.15622439,40.82219617,28.63495045,34.88179179
1755,61.31406939,65.19107838,29.36702166,46.28772663,46.20017858,40.84902164,28.6341671,34.92326835
1756,61.31240245,65.19069022,29.53487128,46.28375752,46.19919741,40.88695062,28.63133854,34.79883866
1757,61.31302247,65.19062222,29.53237581,46.27952806,46.18562069,40.89925091,28.62325458,35.08917462
1758,61.31379614,65.19086181,29.55085235,46.27581492,46.18220497,40.91068329,28.62341099,34.69514724
1759,61.31247612,65.19082434,29.40740124,46.27138951,46.16527792,40.90673342,28.6153178,34.94400664
1760,61.31249303,65.19091133,29.41271505,46.26764518,46.20392004,40.88076771,28.61343603,34.96474492
1761,61.30978947,65.19061825,29.5110192,46.26420981,46.26265763,40.92277511,28.61434228,34.81957694
1762,61.30757942,65.19035053,29.51297379,46.25981733,46.16528311,40.9354529,28.60985519,34.75736209
1763,61.30508384,65.1903728,29.39975607,46.25613903,46.25234873,40.87383893,28.60284528,35.27581916
1764,61.30781397,65.1910536,29.65901204,46.25339625,46.30534066,40.96856135,28.61353318,34.63293239
1765,61.30496636,65.19071424,29.43479028,46.24916251,46.24973884,40.87580483,28.60309074,35.21360431
1766,61.30686075,65.1907981,29.63469775,46.24618367,46.27623035,40.93884272,28.61306541,34.73662381
1767,61.30355521,65.19056197,29.54163956,46.2423405,46.26705888,40.89648123,28.60888452,35.08917462
1768,61.30293261,65.19031017,29.68608014,46.23955597,46.3418697,40.95504703,28.6131084,35.08917462
1769,61.3051772,65.19029578,29.73168757,46.23703928,46.41621015,40.96623192,28.61591232,35.17212775
1770,61.30513857,65.19017617,29.79995016,46.23415488,46.36324234,40.99183557,28.62074258,34.96474492
1771,61.30354672,65.19015193,29.7599117,46.23119381,46.3801232,40.9693805,28.61912923,35.00622148
1772,61.30309723,65.19017605,29.73917019,46.22772649,46.28786113,40.95171583,28.62106802,34.96474492
1773,61.30216072,65.19013577,29.68557426,46.22403381,46.21972501,40.93051305,28.62406652,34.63293239
1774,61.29725153,65.1894581,29.52066617,46.21939421,46.11821588,40.88176885,28.613163,34.73662381
1775,61.2933632,65.18907583,29.4026401,46.21553835,46.17287524,40.86426122,28.60825524,34.63293239
1776,61.29177594,65.1889461,29.38577989,46.21159158,46.20780684,40.84187258,28.60155084,35.08917462
1777,61.29165444,65.18893733,29.55774718,46.20858062,46.25189377,40.89268967,28.60921236,34.79883866
1778,61.29005949,65.18851114,29.55623817,46.20490669,46.23691501,40.8746216,28.60891047,35.02695977
1779,61.28822762,65.18814107,29.55482819,46.20145321,46.20398928,40.8905508,28.61101729,34.46702613
1780,61.2857533,65.1874817,29.28801001,46.19631881,46.0528349,40.76926807,28.60124728,34.40481128
1781,61.27887565,65.18668118,29.1822333,46.1914666,46.04561858,40.77152381,28.58480982,34.69514724
1782,61.27385856,65.18602398,29.24356323,46.18698139,46.02293873,40.75631211,28.57738221,34.59145583
1783,61.27084584,65.18578927,29.31211258,46.18254286,46.04394158,40.77222585,28.56858791,34.61219411
1784,61.26559814,65.18487903,29.20627231,46.17839139,46.09133462,40.74174222,28.55894069,34.81957694
1785,61.26371102,65.1847843,29.38328509,46.17489297,46.16177022,40.79631241,28.5565545,34.96474492
1786,61.26083862,65.18443513,29.50851573,46.17157473,46.18144211,40.8480785,28.55909171,34.90253007
1787,61.25912754,65.18417238,29.48546897,46.16821231,46.19467064,40.84654963,28.56009676,34.8610535
1788,61.25510231,65.18352092,29.52233098,46.16460493,46.16803538,40.87576762,28.5614371,34.77810037
1789,61.25591868,65.18365961,29.5603876,46.16129897,46.22505393,40.86442404,28.55799708,35.00622148
1790,61.25494023,65.183328,29.57110751,46.15788656,46.1704903,40.85836381,28.56327297,34.52924098
1791,61.24905634,65.18258395,29.32984176,46.15355895,46.11734675,40.76078225,28.54995528,34.77810037
1792,61.24542511,65.18201662,29.35779847,46.14994761,46.14314548,40.79610799,28.55007898,34.90253007
1793,61.24644422,65.18221469,29.48871365,46.1467971,46.19504937,40.81414519,28.5530314,35.00622148
1794,61.24497561,65.18223866,29.57793837,46.14374717,46.2046686,40.86251698,28.55490516,34.52924098
1795,61.24332994,65.18201072,29.43115547,46.13927892,46.09744506,40.76943584,28.54415481,34.71588552
1796,61.23947644,65.18131805,29.41654978,46.13516728,46.05764827,40.76717696,28.53972923,34.65367068
1797,61.23457144,65.18063615,29.42659655,46.13148432,46.12351227,40.78770248,28.53109726,35.04769805
1798,61.23611885,65.18090745,29.52129746,46.12833396,46.13179038,40.80894618,28.53681243,34.42554956
1799,61.23105204,65.18034054,29.25999944,46.12310343,45.95389595,40.73224363,28.52459411,34.384073
1800,61.22641273,65.17954523,29.18300731,46.11878115,46.03393985,40.71174898,28.51339845,34.81957694
