cycle,avg_know,avg_att,avg_pbc,avg_moral,avg_sn,avg_int,avg_habit,participation
0,44.38813473,62.07218575,44.44571317,81.04591466,63.82585976,0,0,0
1,44.38813473,62.18051714,8.776508301,80.75791445,45.54527267,31.81703788,0,4.209871423
2,45.34323553,70.78249938,9.330267083,80.48474484,39.05393224,33.12315456,0.123107836,6.345914558
3,46.2423591,72.7080427,11.18125992,80.22039321,37.02677837,34.08998827,0.301366746,8.004977188
4,47.11072886,73.89660589,12.82070575,79.9641153,36.86327299,35.14930923,0.524222028,10.03732891
5,47.97516243,74.86006144,14.67728354,79.71543833,37.30850938,36.27965802,0.795591521,10.94981336
6,48.73678573,75.0041123,15.63108493,79.47023402,37.62404616,36.863861,1.085850039,11.0120282
7,49.44686955,75.46706041,16.09299557,79.22826371,38.0670476,37.35517867,1.370826993,12.50518457
8,50.15567944,75.71658668,17.40710791,78.99360406,38.86730012,38.16117301,1.685555145,14.35089175
9,50.87265977,75.83097743,18.98091619,78.76503097,39.5292555,38.96478141,2.039800883,14.47532144
10,51.54696039,76.14475273,19.46473101,78.5384554,39.91628513,39.344735,2.383072881,15.42928246
11,52.19783678,76.22317571,20.36634931,78.31679505,40.44848725,39.89868065,2.742151625,16.61136458
12,52.84361232,76.40193091,21.44357885,78.10056027,41.07554182,40.47965141,3.129249523,17.54458731
13,53.48590716,76.42883491,22.31615478,77.88714196,41.37689777,40.94330234,3.530235086,17.04686852
14,54.06035508,76.4869813,22.31690606,77.67484186,41.63987624,41.13153052,3.899965392,18.41559519
15,54.59875264,76.39774826,23.39454137,77.46777112,42.07257511,41.54758886,4.294506032,18.58150145
16,55.13208872,76.54927609,23.72646445,77.26250657,42.33791016,41.85591185,4.679064094,19.22438822
17,55.61976176,76.50650286,24.30901012,77.06052935,42.6472734,42.21571725,5.065288401,19.9709664
18,56.12384923,76.49837693,24.97075706,76.86153392,42.90016298,42.50870022,5.456484669,20.05391954
19,56.5862392,76.55912272,25.2280182,76.66477274,43.18816961,42.69936089,5.833588586,20.67606802
20,57.01887977,76.51749108,25.80042155,76.47118948,43.50591864,42.9712292,6.218945633,21.7959353
21,57.49479002,76.55776601,26.86783812,76.28359849,44.1782562,43.54329378,6.624845068,22.79137287
22,57.99901057,76.66589656,27.72944273,76.09913421,44.56206893,43.99738973,7.052071838,23.10244712
23,58.42058089,76.65760331,28.12703795,75.91634391,44.76252833,44.20818414,7.468485071,22.91580257
24,58.8066628,76.66502495,28.23996389,75.73484937,44.95351182,44.27009534,7.865532293,23.2476151
25,59.18963314,76.67150283,28.57388817,75.55540779,45.13009881,44.48422729,8.260201436,23.7245956
26,59.53527786,76.69639537,28.99857734,75.3781852,45.29120281,44.72325183,8.645515868,24.49191207
27,59.90600774,76.69695687,29.66806929,75.20450427,45.59094896,45.08688193,9.039687265,24.65781833
28,60.24906089,76.73299721,30.05278797,75.03345065,45.9626017,45.26767613,9.428748472,25.63251763
29,60.58479752,76.70348646,30.73715564,74.86530086,46.19751864,45.64005482,9.830471066,25.94359187
30,60.92948041,76.80066045,31.13265067,74.69905503,46.38725916,45.81169652,10.22154368,25.77768561
31,61.25278386,76.86785215,31.19907022,74.53355588,46.4916123,45.85816876,10.59107074,26.23392783
32,61.54460525,76.45022197,31.57149768,74.37102858,46.76582187,46.05145195,10.96314635,27.04272086
33,61.85238088,76.34600688,32.22585648,74.2117514,47.07127885,46.26027171,11.34841,27.0012443
34,62.13196408,76.22242512,32.35654109,74.05305975,47.1738466,46.27117199,11.71519558,27.64413107
35,62.40682305,76.14128572,32.88854656,73.89704244,47.35418441,46.51659743,12.08635695,27.7270842
36,62.67114911,76.12460924,33.12578554,73.74282607,47.57242363,46.61762811,12.44330044,28.14184985
37,62.94552704,76.17448794,33.5139344,73.59054775,47.74380576,46.86273757,12.79998444,28.47366238
38,63.19167436,75.99459756,33.81760006,73.44022601,47.92493809,47.00667848,13.15460846,28.9299046
39,63.42873961,75.96056114,34.28134294,73.29288405,48.24653527,47.19138537,13.51544174,29.57279137
40,63.67184202,75.9741433,34.80533569,73.14735174,48.38700865,47.43580416,13.87809862,29.42762339
41,63.90114597,75.99852364,34.81119489,73.00282342,48.52399567,47.51763979,14.22567157,29.82165077
42,64.14661024,76.09663662,35.18266989,72.86071478,48.75497524,47.74369964,14.57373516,30.19493986
43,64.34735469,75.95970127,35.60678485,72.72044427,48.93836942,47.86729998,14.9175353,30.69265865
44,64.58216793,76.02579907,36.03696679,72.58185199,49.04246513,48.08406891,15.26155267,31.02447117
45,64.80759343,76.04804034,36.32882272,72.44525296,49.21086015,48.23591566,15.60474776,30.81708835
46,64.9934731,76.04857175,36.38650772,72.30859866,49.21155054,48.25696051,15.92679624,31.27333057
47,65.1915627,76.06006839,36.68820507,72.17480701,49.44558296,48.45075169,16.24933604,31.4807134
48,65.37618197,76.08748642,36.94100484,72.04240488,49.60611384,48.53557789,16.56644685,32.06138532
49,65.56499499,76.16897989,37.37972056,71.91213413,49.76163874,48.75738217,16.88918514,32.12360017
50,65.7458793,76.14782389,37.52983726,71.78283746,49.85936484,48.81789714,17.19934231,31.60514309
51,65.90015163,76.17670843,37.24998406,71.65263094,49.77532367,48.77344838,17.48241102,32.24802986
52,66.07240122,76.10225019,37.64120776,71.52488887,49.86377688,48.82118705,17.77903342,32.18581501
53,66.22578222,76.18316845,37.66892197,71.39828792,50.00016939,48.92600831,18.05672358,32.74574865
54,66.37376897,76.16050121,38.18089763,71.2742006,50.21814813,49.13397892,18.33765874,33.09829946
55,66.52556274,76.20883655,38.54793578,71.15192636,50.41215607,49.31620604,18.62395733,33.47158855
56,66.68589824,76.2332512,38.89372235,71.03147717,50.59503686,49.43095695,18.90539777,33.69970966
57,66.83689501,76.28899096,39.10591896,70.91185112,50.64520754,49.51815848,19.18327052,33.6582331
58,66.9762607,76.28872644,39.20593786,70.79379155,50.83284748,49.61525544,19.45660122,34.30111987
59,67.12279129,76.28016614,39.73389234,70.67753649,50.94049828,49.80048166,19.73668545,34.28038158
60,67.24056295,76.25549156,39.8806207,70.56295063,51.17167218,49.8783252,20.00832587,34.81957694
61,67.37468915,76.25141349,40.31370874,70.45042456,51.37298797,50.09459676,20.28373048,35.04769805
62,67.52234974,76.29150124,40.56191574,70.33904898,51.4937049,50.16453825,20.55143274,35.04769805
63,67.67655863,76.39276959,40.55741026,70.22845843,51.57796469,50.23986411,20.80785171,35.44172543
64,67.81424938,76.34485652,40.84339567,70.11912927,51.62319993,50.36357883,21.06995854,35.48320199
65,67.95444252,76.4137085,40.98617036,70.01081904,51.70718793,50.47726858,21.32684632,35.35877229
66,68.05560626,76.36344697,40.9443591,69.90261642,51.70175233,50.4519135,21.57079927,35.52467856
67,68.16241057,76.32669321,41.12948394,69.79650775,51.90813126,50.53717377,21.80655542,36.37494815
68,68.29892425,76.4665063,41.73948546,69.69288138,52.09204246,50.82506598,22.0580821,36.00165906
69,68.40802367,76.40429016,41.57951151,69.58819494,52.00511788,50.74993023,22.29188111,36.08461219
70,68.52454283,76.44894554,41.67788162,69.48544144,52.17402347,50.86726836,22.51669441,36.58233098
71,68.64561431,76.40186211,42.02666092,69.38407639,52.25855397,50.96622434,22.74710398,36.60306927
72,68.76475929,76.46417726,42.16996464,69.28362893,52.35536847,51.03951088,22.97005323,36.85192866
73,68.87556768,76.46711542,42.33866632,69.18367839,52.32784887,51.09679213,23.19606885,36.72749896
74,68.9798812,76.45613686,42.36791883,69.0846709,52.41761235,51.13859519,23.41025112,37.1630029
75,69.07407127,76.47902492,42.67696203,68.98783098,52.61589406,51.26006736,23.6299336,37.45333886
76,69.15755866,76.3696399,42.88812756,68.89181023,52.67909233,51.35484389,23.84489219,37.47407715
77,69.26452399,76.47677891,42.95206599,68.79632999,52.70666276,51.34825714,24.05591331,37.39112401
78,69.34182588,76.41960269,42.9315698,68.70076842,52.64346821,51.32927832,24.25778647,37.24595603
79,69.43438277,76.48477644,42.90930109,68.60561887,52.63884655,51.38178994,24.45083132,37.47407715
80,69.50869731,76.42050576,43.06414151,68.51181428,52.71651087,51.36699265,24.6387027,37.82662796
81,69.61516715,76.52208599,43.39078451,68.42028455,52.95393592,51.58338544,24.83349128,38.51099129
82,69.72701312,76.51762482,43.92324179,68.33058935,53.10204838,51.76734138,25.03901957,37.90958109
83,69.80355388,76.50280031,43.54130243,68.23974286,53.05548885,51.66962193,25.21634674,38.34508503
84,69.87927576,76.48060396,43.86580818,68.15079375,53.1566243,51.80382689,25.40186732,38.53172957
85,69.9757663,76.50892127,43.98568899,68.06224188,53.14130267,51.85349328,25.58641603,38.05474907
86,70.03628932,76.52995958,43.70016259,67.97308945,53.0836683,51.73622371,25.74809363,38.32434674
87,70.11027327,76.51496197,43.8762146,67.88552087,53.17290878,51.83611492,25.91863835,38.51099129
88,70.18572461,76.52763524,44.06257672,67.79852627,53.18321702,51.86949338,26.08839579,38.65615927
89,70.24079865,76.50704927,44.21056883,67.71260914,53.2532767,51.90639966,26.25474413,38.6146827
90,70.322842,76.54657325,44.26960268,67.62739843,53.33996054,51.94803147,26.4108889,39.00871008
91,70.39616329,76.54289395,44.51742335,67.5436672,53.44598073,52.08846936,26.57241348,39.07092493
92,70.45501648,76.47859892,44.58399136,67.460193,53.44543109,52.02828782,26.73050424,38.69763584
93,70.54032386,76.53974088,44.3886082,67.37651181,53.43668261,52.07474911,26.87065055,39.21609291
94,70.59764123,76.50467196,44.74959853,67.29426795,53.45970042,52.15338637,27.02654259,38.8635421
95,70.649992,76.54571436,44.52644089,67.21197453,53.48551328,52.15424651,27.16630448,39.27830776
96,70.72804029,76.5739136,44.78290454,67.13097896,53.52948038,52.26207212,27.31081684,39.00871008
97,70.77742422,76.59320013,44.69616447,67.05029591,53.60353538,52.2407365,27.44232519,39.92119453
98,70.86004172,76.65890259,45.33593877,66.97242568,53.79130367,52.44793656,27.59572591,40.04562422
99,70.94762968,76.64992021,45.52868453,66.89562204,53.94973773,52.53677056,27.75166282,39.98340937
100,71.02173058,76.65143909,45.56102774,66.81918029,54.02799466,52.53387689,27.89559385,40.1907922
101,71.10520028,76.68929123,45.75245135,66.74363477,54.09005105,52.60690531,28.04092074,40.46038988
102,71.18035884,76.60757014,45.94601296,66.66890997,54.11650913,52.62920522,28.18836276,39.96267109
103,71.22444968,76.62086859,45.61372331,66.59263726,53.93908291,52.56955074,28.31536934,40.02488594
104,71.2836245,76.59310491,45.69185748,66.51786379,54.03014779,52.58727116,28.44049956,40.52260473
105,71.35578929,76.65470693,46.07713525,66.44512765,54.21303149,52.80614293,28.57388766,40.72998756
106,71.4163176,76.64041451,46.27813679,66.37356041,54.37038418,52.87063778,28.71061152,40.89589382
107,71.49387614,76.61424931,46.43037091,66.30279618,54.46512952,52.92060937,28.84438747,40.95810867
108,71.58277857,76.64575434,46.50282673,66.23221234,54.45692058,53.00072459,28.97822073,41.1654915
109,71.64542399,76.69176626,46.68431962,66.16283486,54.53603608,53.06050659,29.11188347,41.06180008
110,71.70269564,76.67730279,46.62251887,66.09310311,54.48004407,53.06044688,29.23646194,41.28992119
111,71.74531899,76.66973728,46.81662783,66.02519617,54.64014738,53.18066278,29.36461649,41.43508917
112,71.81400837,76.73470316,46.98236139,65.9580551,54.74029262,53.25986008,29.4941537,41.43508917
113,71.8779851,76.77905558,47.05661845,65.89138683,54.80351639,53.33202821,29.62131344,41.58025715
114,71.92211698,76.64931666,47.16625273,65.82542149,54.85102401,53.31329799,29.74445925,42.16092908
115,71.97740561,76.65084441,47.61282306,65.76161275,55.01832005,53.39959301,29.88417927,42.16092908
116,72.04234568,76.67583664,47.7128888,65.69790412,55.05245136,53.47903681,30.01862806,41.82911655
117,72.11464814,76.74768932,47.48254963,65.6334734,54.98083033,53.47256168,30.136484,41.74616342
118,72.15337751,76.6413048,47.3531012,65.56902677,54.91387028,53.3422354,30.24569166,41.74616342
119,72.20350221,76.69212296,47.35138841,65.50522439,54.93697386,53.37702924,30.35203096,42.05723766
120,72.24843958,76.66206228,47.614387,65.44232661,54.9602242,53.41394487,30.46603448,42.14019079
121,72.31079478,76.68887198,47.67671967,65.37949729,54.90580797,53.43385668,30.5733058,41.72542513
122,72.33946231,76.66698495,47.50799407,65.31647057,54.90300672,53.36532701,30.67053172,42.01576109
123,72.40353527,76.71673279,47.64716309,65.25448113,54.94546909,53.45366602,30.77231958,42.14019079
124,72.44151784,76.69102519,47.67928528,65.19282166,54.9313319,53.53235639,30.87120151,42.16092908
125,72.5052226,76.75584269,47.75430989,65.13173621,54.9608961,53.53476892,30.97244907,42.55495645
126,72.55271175,76.71687609,48.1071946,65.07303132,55.21408496,53.64863191,31.08265992,42.67938615
127,72.60292485,76.75402045,48.26282432,65.01492121,55.34047305,53.7631662,31.18870697,42.94898382
128,72.64323094,76.65765845,48.48171187,64.95756077,55.39699361,53.81563193,31.29818974,42.55495645
129,72.67737714,76.64257476,48.23276742,64.89932814,55.33177631,53.71861865,31.38943825,42.96972211
130,72.75017762,76.75661626,48.46252511,64.8426757,55.40595619,53.77841039,31.48711942,43.0941518
131,72.79852216,76.75880111,48.65046872,64.78687121,55.4982406,53.8990063,31.58560692,42.92824554
132,72.83200048,76.73049339,48.58773109,64.73116438,55.55087539,53.91124018,31.67622413,43.40522605
133,72.87833837,76.68807564,48.88094885,64.67670889,55.60817653,54.03866338,31.78287141,43.15636665
134,72.92713702,76.77728462,48.78531727,64.62189546,55.59370893,53.97761634,31.87606776,43.17710494
135,72.98169272,76.78873063,48.75922107,64.56710897,55.53762514,53.92023451,31.96977501,43.11489009
136,73.00899453,76.71162465,48.7341669,64.51260797,55.5291957,53.98382721,32.05604666,43.40522605
137,73.07922062,76.79794005,48.9569094,64.45916802,55.58084467,54.0264858,32.14749455,43.19784322
138,73.12428857,76.73825495,48.84460627,64.40546763,55.56754288,53.98108821,32.2301368,43.19784322
139,73.16479631,76.76302539,48.8686145,64.35221013,55.58855479,54.02527342,32.31077894,43.38448776
140,73.21500938,76.81502219,48.97667994,64.2995253,55.59705929,54.04436425,32.39352322,43.52965574
141,73.25377186,76.80412894,49.0766483,64.24741491,55.61159094,54.06543141,32.4753461,43.17710494
142,73.28165952,76.7848083,48.90931035,64.19556654,55.71272095,54.00238903,32.54121637,43.90294484
143,73.32477069,76.8168612,49.35997046,64.14562804,55.83832028,54.16093875,32.63013501,43.86146827
144,73.35178523,76.7574595,49.39380112,64.09538133,55.80958253,54.18576229,32.71058929,43.86146827
145,73.39238408,76.76388893,49.44649728,64.04598744,55.8944544,54.25850238,32.79131347,43.92368312
146,73.41747327,76.76498259,49.46762457,63.99729385,55.98730398,54.26258972,32.86815276,44.25549564
147,73.47112229,76.8622746,49.76451916,63.95011379,56.14925138,54.41668955,32.9543987,44.6702613
148,73.52340635,76.83616534,50.11992201,63.90415638,56.27238654,54.59257623,33.05263541,44.73247615
149,73.57557846,76.78820347,50.20922278,63.85792977,56.22502002,54.64579694,33.14374309,44.37992534
150,73.59490866,76.80035183,49.98719572,63.81122514,56.1794469,54.56818069,33.22491243,44.13106595
151,73.6163394,76.71868102,49.81321569,63.76479945,56.23239647,54.4800955,33.29247093,44.9191207
152,73.68533785,76.8361484,50.28659016,63.71998514,56.275086,54.66390024,33.38015066,44.52509332
153,73.72204166,76.85137292,50.1188491,63.67437924,56.2299117,54.56487143,33.46189781,44.71173787
154,73.74873945,76.82789585,50.24767395,63.62994279,56.3150554,54.64547778,33.54494063,44.6702613
155,73.7910438,76.86855811,50.23778127,63.58551259,56.32600432,54.66632648,33.62103075,44.93985898
156,73.82896154,76.85354108,50.44966753,63.54201849,56.37687457,54.72486508,33.70194415,45.02281211
157,73.87169296,76.80622072,50.50603628,63.49868326,56.36621581,54.78385382,33.78358933,44.48361676
158,73.90471685,76.8132441,50.15218703,63.4545716,56.33905495,54.61316,33.84681964,44.9191207
159,73.93698571,76.8800433,50.40976071,63.41162472,56.36650739,54.7133089,33.91945159,45.02281211
160,73.96561792,76.7800917,50.56447953,63.36931832,56.42272606,54.73891438,33.99343154,45.00207383
161,74.01787704,76.88189272,50.5872427,63.32741836,56.48250745,54.82164097,34.0630113,45.00207383
162,74.05059685,76.91669487,50.60595477,63.28626144,56.59446722,54.80276524,34.13091867,45.87308171
163,74.08910566,76.85849428,51.22907462,63.24747931,56.77100929,55.10063587,34.22140025,45.54126918
164,74.14271689,76.88535365,51.12646595,63.20829128,56.83649454,55.05539198,34.29732184,45.81086686
165,74.1898041,76.92127339,51.2338138,63.17003387,56.91649082,55.10855618,34.37494552,45.83160514
166,74.2131055,76.83098905,51.33422728,63.13158704,56.88154069,55.11849564,34.45411099,45.27167151
167,74.22772389,76.85465859,50.94206111,63.09130116,56.67763989,54.94931465,34.5132961,45.27167151
168,74.23734607,76.78532137,50.87515111,63.05153042,56.64018607,54.95207532,34.57566865,45.41683949
169,74.26644217,76.84659772,50.96884328,63.01235629,56.64950975,55.00028041,34.64051307,45.35462464
170,74.28708366,76.8087479,50.89781982,62.97329659,56.65675675,54.97856287,34.6950371,45.6449606
171,74.31833623,76.80561353,51.17830374,62.93551034,56.76137003,55.03376758,34.75830527,45.6449606
172,74.34934701,76.8704461,51.20014406,62.89812311,56.84071563,55.05106822,34.82197662,45.72791373
173,74.38275819,76.89548229,51.34453168,62.86111249,56.88315078,55.13160578,34.88556077,45.89381999
174,74.41119152,76.87432498,51.44629048,62.82452203,56.89692523,55.13133865,34.94830476,45.70717545
175,74.44214979,76.83977694,51.277242,62.78752186,56.85185995,55.13960776,35.00553136,45.81086686
176,74.48665807,76.96517733,51.31547229,62.75101587,56.85321802,55.16023007,35.06474867,45.70717545
177,74.51964458,76.91433468,51.27707022,62.71511286,56.95139266,55.17856303,35.11756822,46.47449191
178,74.55758831,76.87390881,51.79258535,62.68102493,57.06162913,55.35104009,35.19114234,46.28784737
179,74.59671356,76.84526865,51.80189302,62.64727496,57.18583678,55.40653063,35.25900803,46.28784737
180,74.62821115,76.89326224,51.82123092,62.61344834,57.19869718,55.43567468,35.32291657,46.2463708
181,74.65564169,76.91666797,51.78554864,62.57957719,57.17967107,55.38290067,35.3801439,46.28784737
182,74.69382579,76.90432152,51.69570996,62.54535429,57.07089174,55.41516308,35.43735653,46.18415595
183,74.72696591,76.82596095,51.67034957,62.51201859,57.1712873,55.38702635,35.48874943,46.59892161
184,74.75351875,76.83535768,52.01909046,62.47964633,57.2383457,55.45252715,35.5480598,46.41227706
185,74.78684857,76.84774454,51.9607558,62.44703521,57.2509279,55.49647266,35.60429039,46.61965989
186,74.83908289,76.8986498,52.11113801,62.41567318,57.37966262,55.57630926,35.664213,47.05516383
187,74.85114444,76.83179872,52.45578961,62.38541282,57.47675801,55.7793267,35.7355233,46.88925757
188,74.8850174,76.87563157,52.39407418,62.35490065,57.49568993,55.72255329,35.79371659,46.90999585
189,74.91931626,76.92662933,52.34913925,62.32340232,57.30832037,55.65113663,35.85634204,46.43301535
190,74.94459931,76.95066364,52.14688146,62.29216594,57.37028745,55.6122007,35.90479519,47.03442555
191,74.98784067,76.89083592,52.4754491,62.26245995,57.46604569,55.73422482,35.96702268,47.03442555
192,75.01730703,76.92366773,52.53944892,62.23262473,57.46166411,55.71063785,36.02868069,47.26254666
193,75.05723997,76.95572322,52.73631521,62.20433387,57.63098688,55.79995793,36.09270972,47.30402323
194,75.11096137,76.99125941,52.83348704,62.17591222,57.64889743,55.86254,36.15580325,47.38697636
195,75.145159,77.005504,52.91861821,62.14765641,57.63730678,55.8773506,36.21769331,47.26254666
196,75.17154097,76.92476523,52.80947733,62.11984728,57.71549754,55.88008798,36.27661914,47.36623808
197,75.20024035,76.9702752,52.82067351,62.09181855,57.66294677,55.92277916,36.33811637,47.20033181
198,75.22667187,76.96873368,52.76485087,62.06404945,57.70394382,55.93621293,36.39236401,47.65657404
199,75.26990519,76.96759957,52.96798006,62.03678848,57.65805153,55.9836251,36.45446581,46.90999585
200,75.28544496,77.00434587,52.54551596,62.00811531,57.57880869,55.83214589,36.49702241,47.07590212
201,75.30417153,76.9555068,52.61230505,61.9807696,57.6952293,55.88059017,36.54217499,47.92617171
202,75.36291517,77.04820862,53.24568133,61.95555966,57.85439731,56.1382534,36.60518164,47.76026545
203,75.38726348,76.98861031,53.21923235,61.92960443,57.8233332,56.09134808,36.66377594,47.44919121
204,75.39546835,76.97312347,53.00014753,61.90334647,57.81964807,56.03286075,36.71338594,47.8224803
205,75.43365175,77.00161198,53.28659626,61.8780357,57.85356062,56.10471265,36.76576994,47.59435919
206,75.45175322,76.97304868,53.1757089,61.85242711,57.85883014,56.07489361,36.81544623,48.00912484
207,75.4679944,76.91578177,53.36524025,61.82804066,57.93466172,56.12608078,36.86985789,48.11281626
208,75.48773085,76.89128716,53.53081056,61.80436924,58.0406619,56.22049767,36.93099968,48.32019909
209,75.51900457,76.89579286,53.67745364,61.78128792,58.11165663,56.28034516,36.99200522,47.84321858
210,75.55533837,76.95563913,53.41919244,61.7571559,58.07596402,56.20708308,37.03955742,48.00912484
211,75.57627818,76.97840675,53.49573373,61.73310664,58.00795339,56.21922619,37.08961986,47.84321858
212,75.5952282,76.962139,53.40048765,61.70959725,58.08973703,56.23535584,37.13270609,48.23724596
213,75.63289397,77.00418165,53.56328606,61.68651609,58.07169639,56.2916373,37.18898027,48.11281626
214,75.64813815,76.98772146,53.6301438,61.66388924,58.15337079,56.2929787,37.23644211,48.48610535
215,75.67738848,76.96070097,53.90144533,61.64252352,58.28200972,56.44019986,37.29334757,48.69348818
216,75.72303862,77.13052339,54.04822113,61.62126771,58.28404543,56.48130324,37.35346934,47.96764828
217,75.75354014,77.01459783,53.57508647,61.59816844,58.1531167,56.32888982,37.39223596,48.23724596
218,75.79068095,77.05399954,53.75432375,61.57702377,58.32936382,56.38032771,37.44176686,48.90087101
219,75.84339523,77.13040464,54.17385742,61.55648456,58.31451737,56.53135966,37.50579476,48.09207798
220,75.84240074,77.01313064,53.74588286,61.53449399,58.26314939,56.3807804,37.54724189,48.40315222
221,75.85939722,76.98479949,53.86555515,61.51255621,58.14701182,56.41022737,37.59357701,48.15429282
222,75.89168726,77.06595733,53.74200165,61.49083449,58.17912079,56.36885483,37.62805944,48.13355454
223,75.90745002,77.01845267,53.73133114,61.46917365,58.1907221,56.36596352,37.66337206,48.71422646
224,75.93537631,76.9702398,54.07291795,61.44944256,58.34683067,56.52926477,37.70945849,48.63127333
225,75.95195897,77.02161015,54.06024827,61.42907769,58.31415202,56.51424451,37.75657715,48.13355454
226,75.98095184,77.06588785,53.76967552,61.40776306,58.25653309,56.44075156,37.79009442,48.77644131
227,76.00035355,76.98919918,54.16564058,61.38862223,58.40403465,56.56933545,37.83777202,48.77644131
228,76.02758561,77.05592252,54.21514601,61.36870135,58.32396589,56.59515459,37.88172923,48.11281626
229,76.01912345,76.9673382,53.80764342,61.3481941,58.35163491,56.43225598,37.90872249,49.08751555
230,76.05314706,77.00527026,54.38225648,61.33008445,58.48413419,56.65229457,37.96290744,48.92160929
231,76.09212003,77.017857,54.33893098,61.31141393,58.47711839,56.69848527,38.00913099,48.56905848
232,76.09833394,77.02023407,54.14846923,61.29195932,58.42209007,56.64601472,38.04481528,48.71422646
233,76.12706208,77.06401717,54.21258617,61.2727203,58.37796079,56.65267733,38.08019741,48.56905848
234,76.14146091,77.10415973,54.11892762,61.25352739,58.39008452,56.54940909,38.10986988,48.73496474
235,76.14410208,76.99435773,54.19632156,61.23449578,58.36401302,56.59370252,38.14572897,48.77644131
236,76.16604429,77.03959788,54.23962948,61.2161523,58.43815868,56.61541658,38.18225914,48.79717959
237,76.17166037,77.04464168,54.28271549,61.19786012,58.45839347,56.63947962,38.21504264,48.85939444
238,76.18733784,77.04489347,54.34137207,61.17989374,58.48939511,56.66701128,38.25120484,48.92160929
239,76.20533446,77.02783382,54.39818086,61.16198271,58.48126307,56.67299845,38.288831,48.73496474
240,76.21150602,77.02922896,54.27380312,61.14338864,58.39847968,56.54672972,38.31930216,48.61053505
241,76.20272392,77.0421567,54.21347049,61.12488366,58.39469101,56.54840231,38.34760419,48.71422646
242,76.21244648,77.09841214,54.25833811,61.10681878,58.42454448,56.5789797,38.37160354,49.02530071
243,76.23431262,77.04496132,54.44678986,61.08985225,58.52208479,56.67426313,38.40538921,49.17046869
244,76.25878507,77.0119615,54.59088315,61.07293083,58.51986466,56.73584196,38.43823463,48.88013273
245,76.28169672,77.08396891,54.40548627,61.055207,58.44792171,56.65322728,38.46761058,48.56905848
246,76.28386115,77.02905014,54.17161684,61.03733393,58.46059489,56.57543479,38.48563123,49.12899212
247,76.30287433,77.02119934,54.49984695,61.02071449,58.50944432,56.6865946,38.52058063,48.90087101
248,76.32049854,77.0910403,54.36638405,61.00284918,58.37052707,56.63368126,38.54601625,48.40315222
249,76.31144613,77.04292145,54.07458393,60.98421545,58.2998069,56.5462894,38.55672302,49.10825384
250,76.33464545,77.01426795,54.54973385,60.96834153,58.52517781,56.71147771,38.5854799,49.35711323
251,76.3494946,77.07585478,54.7783006,60.95323896,58.67278046,56.85104823,38.62249792,49.29489838
252,76.36568505,76.99129684,54.81495294,60.9381042,58.73664781,56.85639328,38.65409334,49.70966404
253,76.39962298,77.07217604,55.08676852,60.92399195,58.81075255,56.94995938,38.69712671,49.25342182
254,76.41030698,77.06903741,54.83991488,60.90915689,58.83384827,56.86816175,38.72394368,49.54375778
255,76.41634837,77.01297521,54.93433681,60.89481665,58.83679132,56.88219299,38.76282052,49.77187889
256,76.43941998,77.07551647,55.14953745,60.88108704,58.86674104,56.96885382,38.80574913,49.37785151
257,76.45313071,77.01562826,54.90226172,60.86664479,58.85536783,56.91515486,38.83599186,49.75114061
258,76.48195251,77.1540034,55.15657855,60.85323127,58.91093602,57.0265532,38.87180008,49.62671091
259,76.48363363,77.02245952,55.15058084,60.83992776,58.97544897,57.02289264,38.90673002,50.16590626
260,76.52115296,77.00827226,55.50238325,60.82876073,59.2051766,57.20641532,38.95501184,50.37328909
261,76.56021112,77.12796282,55.65949042,60.81713961,59.16533912,57.23547611,39.00889672,49.64744919
262,76.57304477,77.1475007,55.21883815,60.80371976,59.03094583,57.06578285,39.03704136,49.81335545
263,76.5905834,77.07728607,55.28508548,60.79111812,59.05345912,57.06676971,39.06866009,49.97926172
264,76.6140998,77.04328431,55.35675654,60.77882969,59.0636706,57.16737643,39.10366028,50
265,76.6361553,77.07424528,55.3918004,60.76653108,59.04856262,57.16992937,39.13927983,50.02073828
266,76.65624724,77.05339059,55.41076335,60.75483422,59.12678584,57.17521252,39.17478069,50.20738283
267,76.68152983,77.08245693,55.57798777,60.7436679,59.19021952,57.25071351,39.21341088,50.20738283
268,76.70203617,77.06938015,55.61864323,60.7325722,59.21913942,57.27740143,39.24822827,49.97926172
269,76.73335998,77.16674856,55.46372474,60.72075192,59.16304432,57.26641633,39.27783545,50.14516798
270,76.73931884,77.07426375,55.54414518,60.7092,59.12907295,57.25543688,39.31500018,50
271,76.74464267,77.09297218,55.42894818,60.69684517,59.01073671,57.19138019,39.34321897,49.89630859
272,76.76102614,77.09452895,55.37422293,60.68474192,59.01849327,57.14264793,39.36760109,49.68892576
273,76.75707986,77.08449506,55.1408792,60.67137845,58.85578381,57.04616365,39.38458692,49.17046869
274,76.76232814,77.17861439,54.80972565,60.65743416,58.81621089,56.9479162,39.38594741,49.89630859
275,76.77604619,77.1351744,55.26774317,60.64571013,58.96506945,57.0879029,39.40807708,50.10369141
276,76.79354724,77.03771096,55.50323332,60.63441201,59.03740804,57.18568681,39.43699551,50.06221485
277,76.80379136,77.09889902,55.51670237,60.62317882,59.08089002,57.18201303,39.46129007,50.16590626
278,76.82052958,77.00434967,55.57993875,60.61214517,59.09557324,57.22276549,39.486862,49.97926172
279,76.82291589,77.06095078,55.50957265,60.60105482,59.13308912,57.22385075,39.50826372,50.37328909
280,76.84551049,77.03186625,55.72400728,60.59065257,59.150877,57.27848847,39.53953427,49.95852343
281,76.85585951,77.02114003,55.52019329,60.57920815,59.08613069,57.16482398,39.55759318,49.91704687
282,76.86216478,77.06970525,55.45704388,60.56849633,59.18110574,57.18525331,39.57823304,50.78805475
283,76.90738608,77.0602221,56.10971782,60.56077007,59.48013412,57.49873657,39.62070754,51.11986727
284,76.95186736,77.06597378,56.38760679,60.5535679,59.60505268,57.60435192,39.67117519,50.76731647
285,76.97171099,77.1406226,56.20006227,60.54542834,59.59105405,57.51490999,39.70625876,50.6014102
286,76.983382,77.16222642,56.08111521,60.5363904,59.47279911,57.43373283,39.73628582,50.55993364
287,77.02093936,77.15462266,56.0165214,60.52777604,59.49590778,57.50926758,39.76350114,50.78805475
288,77.03735703,77.1183979,56.15800174,60.51933823,59.4664843,57.53620871,39.7966568,50.53919535
289,77.04869435,77.1186496,56.03341658,60.51077981,59.49280696,57.47184865,39.82324895,50.99543758
290,77.07491226,77.11138852,56.32410077,60.50293967,59.49794656,57.54271051,39.86314617,50.37328909
291,77.09026267,77.10040103,55.93829535,60.49363553,59.41428312,57.39537725,39.88481576,50.45624222
292,77.10936039,77.0801144,55.9227889,60.48442552,59.36351539,57.44670998,39.90762521,50.49771879
293,77.10732574,77.09743636,55.92931475,60.47617988,59.48324345,57.41052683,39.92660131,50.74657818
294,77.13800821,77.15097755,56.1017758,60.46790553,59.45939926,57.4753435,39.95416185,50.64288677
295,77.14905156,77.13212375,56.09915528,60.45977781,59.4944191,57.47704696,39.97589692,50.70510162
296,77.1570476,76.99868728,56.10446215,60.45157343,59.47102448,57.47666433,39.9983968,50.76731647
297,77.18241035,77.11336752,56.1178188,60.44274419,59.33385639,57.46788065,40.02430044,50.1244297
298,77.17380014,77.09990712,55.71497163,60.43297677,59.28227033,57.35328671,40.03425733,50.31107424
299,77.18884059,77.05691548,55.77132489,60.42380361,59.30051188,57.38676322,40.04702502,50.39402737
300,77.1879023,77.02532612,55.85914566,60.41492808,59.32880589,57.4197084,40.06164612,50.47698051
301,77.18496473,77.0932065,55.98139611,60.4069771,59.46680423,57.42833053,40.07934434,51.20282041
302,77.21442003,77.15768011,56.44462907,60.40080701,59.62449303,57.65370568,40.11339983,51.11986727
303,77.24174526,77.14619006,56.53186202,60.39474522,59.72898279,57.67616658,40.14645226,51.30651182
304,77.25469507,77.0888311,56.64143079,60.38862376,59.70966193,57.70562668,40.18039145,50.76731647
305,77.26574428,77.1575424,56.27080974,60.38121521,59.62622616,57.58304822,40.20090082,50.74657818
306,77.27277661,77.09134143,56.19106254,60.37360238,59.55476447,57.52300324,40.21966062,50.8502696
307,77.28227245,77.08215078,56.28957346,60.36661922,59.59551545,57.59673693,40.24294868,50.95396101
308,77.29671619,77.1442028,56.32722415,60.35990876,59.62728621,57.59532602,40.2634089,51.01617586
309,77.30694772,77.12521149,56.40109729,60.35324332,59.62510897,57.60158465,40.28573658,50.93322273
310,77.3150117,77.07605711,56.34611094,60.34661031,59.64666048,57.5900469,40.30390102,50.99543758
311,77.32864423,77.05417816,56.41446878,60.34040917,59.7056597,57.60793934,40.32532573,51.28577354
312,77.36299608,77.21591027,56.5740595,60.33428679,59.66274083,57.6856657,40.35369256,50.62214849
313,77.35882101,77.22160129,56.19268621,60.32691221,59.60837986,57.61416995,40.36254076,50.76731647
314,77.37807507,77.16712231,56.13096503,60.31939382,59.5152039,57.60524332,40.37531919,50.68436333
315,77.37223406,77.18514581,56.1020026,60.31160544,59.447377,57.55992794,40.38131115,50.78805475
316,77.38720981,77.16900571,56.18743645,60.30505899,59.58906217,57.54401459,40.39548076,51.11986727
317,77.39395343,77.11419473,56.49102313,60.29957696,59.73501603,57.65289866,40.41584388,51.67980091
318,77.41491148,77.1823028,56.91932752,60.2956247,59.90168671,57.88330462,40.45279089,51.53463293
319,77.43921107,77.16408672,56.85986276,60.29108005,59.91060194,57.80359991,40.48331795,51.09912899
320,77.43768453,77.08048733,56.51424503,60.2847662,59.73256941,57.66885035,40.49885325,51.14060556
321,77.43580297,77.09311937,56.53454427,60.27956047,59.82188342,57.71431015,40.51911019,51.49315637
322,77.46604723,77.16552455,56.7675114,60.27501467,59.87515699,57.82362056,40.55132539,51.30651182
323,77.4645361,77.13981975,56.61932559,60.26910584,59.71793705,57.72539318,40.5733287,50.70510162
324,77.45458139,77.12831409,56.28207342,60.26195971,59.59712376,57.6353598,40.57819677,50.78805475
325,77.47350244,77.2001037,56.27995905,60.25512142,59.56508188,57.63471981,40.58654551,50.97469929
326,77.48252799,77.11947546,56.38940926,60.24925673,59.65876832,57.65944319,40.59809012,51.59684778
327,77.50810127,77.11763065,56.81858073,60.24480986,59.76751715,57.78563121,40.62577396,51.26503526
328,77.52026388,77.1329802,56.70681804,60.24000968,59.84246026,57.78432381,40.64595066,51.43094152
329,77.54694221,77.184731,56.81057846,60.23546033,59.86888185,57.83047384,40.66660042,51.36872667
330,77.57183472,77.18611776,56.75505541,60.23057868,59.8381724,57.81947233,40.6874093,51.28577354
331,77.57895304,77.17965418,56.69017972,60.22556433,59.82152648,57.82282512,40.70408818,51.28577354
332,77.57844698,77.11913938,56.71380887,60.22108431,59.89856246,57.78400526,40.72101823,51.63832435
333,77.60779638,77.13594917,56.96149871,60.21733111,59.95560299,57.82980858,40.74400883,51.49315637
334,77.6165003,77.14054544,56.93318446,60.21340458,59.98719877,57.85473926,40.76164872,51.5761095
335,77.63328638,77.1939905,56.97073582,60.20983344,60.03566462,57.87267895,40.78364221,51.78349233
336,77.65146651,77.19460608,57.14968069,60.20646469,60.03259575,57.93506406,40.8123734,51.51389465
337,77.66096489,77.19832159,56.97246872,60.20251967,60.00465325,57.93886433,40.82895669,51.43094152
338,77.6591009,77.17663204,56.84399681,60.19771772,59.86815549,57.85099442,40.84587671,51.34798839
339,77.66936106,77.11018967,56.78068686,60.19314822,59.86628066,57.83718012,40.85981439,51.18208212
340,77.67934532,77.16451121,56.62358393,60.18824784,59.85157321,57.81492576,40.86691909,51.36872667
341,77.69017373,77.15752715,56.73727517,60.18391715,59.8876353,57.83917599,40.88168223,51.49315637
342,77.68986908,77.14362888,56.90045353,60.18016568,59.96633962,57.88557166,40.89445746,51.76275404
343,77.71624506,77.23434648,57.06887747,60.17731918,60.07648464,58.01059376,40.91680357,51.84570718
344,77.71426725,77.17731821,57.21539227,60.1750521,60.19520846,58.01616646,40.94078092,51.65906263
345,77.71905152,77.13059453,57.06578472,60.17149978,60.08104923,57.93158785,40.95919875,51.61758606
346,77.71579979,77.16264089,57.03429834,60.16822807,60.08501685,57.93110369,40.97339004,51.63832435
347,77.72496733,77.15690845,57.04789567,60.16522302,60.122747,57.93720296,40.98484443,51.84570718
348,77.74131774,77.26322662,57.20266175,60.16251601,60.13094269,58.00385582,41.00513577,51.86644546
349,77.73927733,77.22593818,57.24173007,60.15991508,60.14452612,58.00640241,41.02599095,51.59684778
350,77.73833801,77.19597467,57.08248894,60.15635157,60.0615842,57.96117246,41.03992044,51.86644546
351,77.74307446,77.15493116,57.26954258,60.15382496,60.12354197,58.0275496,41.05998581,51.59684778
352,77.74187234,77.1352484,57.11224812,60.15053277,60.09288384,58.00132689,41.07373621,51.78349233
353,77.75115217,77.1298257,57.19887787,60.14816558,60.17951791,57.99805827,41.09233658,52.32268768
354,77.76840353,77.12756877,57.53677891,60.14635851,60.16695301,58.11814401,41.12451047,51.5761095
355,77.78226269,77.13411115,57.09337716,60.14268377,60.04641796,57.96168583,41.13675614,51.36872667
356,77.77479522,77.220264,56.85894889,60.13850674,59.96330094,57.90530235,41.13974575,51.26503526
357,77.76792186,77.20894605,56.74071323,60.13430417,59.94780457,57.8357893,41.13926802,51.86644546
358,77.78483959,77.25435733,57.17650126,60.13128435,59.97611999,57.95410291,41.15538201,51.26503526
359,77.76998534,77.17379729,56.85243074,60.12731621,59.98801726,57.86102025,41.1545326,51.80423061
360,77.79358964,77.18606708,57.15074686,60.12478279,60.08640509,57.97563715,41.17010416,51.92866031
361,77.80916741,77.14613018,57.26347685,60.12227728,60.10100882,58.03814274,41.18512806,51.82496889
362,77.80252661,77.16652039,57.25602205,60.1205391,60.26124,58.02410207,41.19683731,52.28121112
363,77.82218338,77.14740829,57.5593351,60.11966741,60.35149327,58.18925061,41.22774956,52.21899627
364,77.82981035,77.1572018,57.59435183,60.11863101,60.37948225,58.19479373,41.24877569,52.1775197
365,77.84415259,77.25572571,57.55108326,60.11719416,60.33621918,58.20630847,41.27112857,52.15678142
366,77.83464003,77.1833086,57.46122058,60.11483579,60.16737203,58.13127269,41.29169606,50.87100788
367,77.81309832,77.24901598,56.54771621,60.10810206,59.70607061,57.80164972,41.2707159,50.6014102
368,77.80075588,77.22322546,56.17670563,60.10045401,59.41744113,57.65610473,41.247141,50.10369141
369,77.78230188,77.20833162,55.76803219,60.09194234,59.273559,57.54676882,41.21287434,50.43550394
370,77.77275889,77.16838794,55.89493823,60.08419775,59.24396438,57.56160922,41.18336549,50.29033596
371,77.76146872,77.22187934,55.88035476,60.07650769,59.27350471,57.56135984,41.15450036,50.78805475
372,77.7547662,77.17786308,56.21851732,60.0698726,59.32339329,57.63504388,41.13885051,50.64288677
373,77.74724929,77.13103682,56.18064604,60.0630609,59.34928487,57.61379285,41.11807333,50.66362505
374,77.75167596,77.20993791,56.13834238,60.05616586,59.33584976,57.63848493,41.10162438,50.7258399
375,77.75438201,77.17810137,56.19624266,60.04970848,59.38025318,57.66207789,41.09038238,50.43550394
376,77.74229009,77.15200011,55.9931608,60.04238366,59.32673711,57.57601937,41.07166596,50.64288677
377,77.74869098,77.16929698,56.07339296,60.035537,59.32323881,57.64803564,41.05824076,50.24885939
378,77.74054745,77.18888275,55.82366777,60.0272399,59.17783897,57.49748823,41.03537295,50.6014102
379,77.7449331,77.23541957,56.05198423,60.0200439,59.19701728,57.60873624,41.02286746,50.43550394
380,77.74370397,77.1893757,55.95176613,60.01200698,59.10324323,57.56687122,41.0034135,50
381,77.75763802,77.19866006,55.70796104,60.00422188,59.2140496,57.50145777,40.97371856,50.87100788
382,77.770974,77.2009314,56.19964719,59.99819079,59.31621036,57.67803047,40.96871311,50.53919535
383,77.79085255,77.20619612,56.06834833,59.9910777,59.26330713,57.64784664,40.95302079,50.51845707
384,77.78591624,77.20518082,56.02601538,59.98421316,59.2819833,57.60798137,40.9419829,50.49771879
385,77.78518809,77.23799777,55.99993004,59.97746593,59.31024266,57.61532161,40.92964594,50.6014102
386,77.78390633,77.2411651,56.10808708,59.97085006,59.30827996,57.67705062,40.92006098,50.45624222
387,77.76784777,77.15723866,56.02825181,59.96379454,59.26904191,57.56169452,40.90816756,50.62214849
388,77.77281835,77.15477463,56.18079413,59.95742313,59.31718387,57.60430155,40.89954729,50.49771879
389,77.78004296,77.19222246,56.0588751,59.95021839,59.22885064,57.53659814,40.88911567,50.33181253
390,77.76221942,77.15284878,55.93545354,59.94293801,59.21618908,57.51383421,40.86987296,50.55993364
391,77.75247061,77.10851204,56.06142788,59.93614288,59.22395202,57.52690114,40.86071814,50.37328909
392,77.75419527,77.16068036,55.93887511,59.92876947,59.17613785,57.48936156,40.84465675,50.43550394
393,77.74031468,77.18024596,55.99447129,59.92178465,59.19619875,57.51927766,40.83138041,50.47698051
394,77.7354033,77.13151828,56.00229505,59.91495351,59.21373899,57.5449396,40.82129091,50.37328909
395,77.75185495,77.22341361,55.92241035,59.90765802,59.16625526,57.53439811,40.80906402,50.29033596
396,77.75480944,77.23200251,55.86406733,59.90059464,59.20069725,57.51391003,40.79269101,50.62214849
397,77.76216906,77.19098519,56.10131625,59.89489708,59.34826151,57.63882799,40.78850752,50.68436333
398,77.77924344,77.17575646,56.19065453,59.88857527,59.28770947,57.64397537,40.78660215,50.37328909
399,77.77654846,77.24112726,56.0405342,59.8817607,59.25551354,57.52560938,40.773853,50.41476566
400,77.79523157,77.25628491,56.02548988,59.87519174,59.26698804,57.52622968,40.7649808,50.68436333
401,77.7937374,77.16323665,56.20172628,59.86927561,59.30311832,57.58440879,40.76243993,50.7258399
402,77.80265442,77.18114762,56.24798473,59.86354856,59.33374478,57.60515318,40.75934379,50.76731647
403,77.80613087,77.22070782,56.29767598,59.85782672,59.33365782,57.6526049,40.76215461,50.53919535
404,77.80993397,77.16293691,56.16799034,59.85181013,59.33953129,57.59992746,40.75585033,50.53919535
405,77.80729577,77.11872653,56.13775559,59.84579374,59.33826076,57.55292328,40.75047427,50.82953131
406,77.81607283,77.21356127,56.33819532,59.84081574,59.42778574,57.66809705,40.75434733,50.78805475
407,77.82366279,77.22917385,56.32776106,59.83487893,59.31254825,57.65511145,40.75675612,50.35255081
408,77.82316341,77.19749441,56.01115574,59.82774416,59.17445267,57.56193791,40.75027347,50.35255081
409,77.81121286,77.10620752,55.9804849,59.82138126,59.23600116,57.50793045,40.74163922,50.49771879
410,77.81020342,77.12580443,56.0103304,59.81464258,59.15749858,57.52127401,40.73682306,50.35255081
411,77.8058273,77.10578548,55.89469054,59.80782804,59.14405324,57.4875217,40.72288737,50.6014102
412,77.80370605,77.17435718,56.08650254,59.8016996,59.17960582,57.55183918,40.71786245,50.08295313
413,77.80584786,77.10698032,55.73486995,59.79426861,59.11268255,57.41380163,40.70082386,50.31107424
414,77.80514015,77.14397226,55.84851462,59.78776197,59.17119713,57.45997349,40.69075995,50.43550394
415,77.80670499,77.13661181,55.93322699,59.78139743,59.18106147,57.51680705,40.68420798,50.7258399
416,77.80832159,77.15484378,56.18905754,59.77576991,59.22623969,57.57716702,40.68693106,50.45624222
417,77.80847089,77.18848937,56.00151689,59.76895642,59.11380657,57.52191961,40.68429886,50.08295313
418,77.81047752,77.20504436,55.76520355,59.76200772,59.13527222,57.42050117,40.6675174,50.70510162
419,77.82501458,77.20276156,56.11888107,59.75670975,59.24942974,57.57924354,40.67040158,50.68436333
420,77.84067407,77.26287041,56.15484773,59.75094319,59.22187878,57.56676897,40.66898607,50.20738283
421,77.8184927,77.19250368,55.85411635,59.74441342,59.20502314,57.47191697,40.65449705,50.66362505
422,77.8304108,77.21772035,56.07493479,59.73846265,59.16574917,57.54038408,40.65437374,50.1244297
423,77.83887338,77.19333471,55.78055297,59.73151326,59.12011114,57.47115969,40.64190007,50.51845707
424,77.84699947,77.24291709,56.01432381,59.72560932,59.16504673,57.5283587,40.63940088,50.47698051
425,77.85827385,77.21291583,56.03212492,59.7196675,59.18571698,57.51711343,40.63743861,50.24885939
426,77.84067198,77.16272073,55.85273657,59.71264461,59.06991956,57.45587739,40.62841007,50.29033596
427,77.84201453,77.27028764,55.85543667,59.70634091,59.12026619,57.4513363,40.62168689,50.74657818
428,77.85000388,77.29358981,56.1921533,59.70141392,59.24570274,57.56122983,40.628668,50.64288677
429,77.84629243,77.22728803,56.22990286,59.69646963,59.32066336,57.55408126,40.63219187,50.7258399
430,77.85449851,77.22797783,56.27771947,59.69137375,59.30163417,57.59644233,40.63594047,50.70510162
431,77.85143687,77.21588932,56.23854535,59.68584548,59.22356268,57.53969149,40.64104968,50.14516798
432,77.85070869,77.19174878,55.82155228,59.67869762,59.06369528,57.40234254,40.62576058,50.18664455
433,77.84985673,77.13649448,55.80357745,59.67206538,59.06289243,57.38231766,40.61172534,50.16590626
434,77.84672047,77.18163319,55.748989,59.66506019,59.00177036,57.39969359,40.60330611,50.10369141
435,77.84657277,77.16188486,55.66109781,59.65779265,58.94237055,57.34738645,40.59068531,50.18664455
436,77.83709574,77.17845829,55.73516566,59.6509805,58.96347445,57.35385905,40.58266826,50.31107424
437,77.8433701,77.22604046,55.81772571,59.64470198,59.02416969,57.4056255,40.57928453,50.26959768
438,77.85585263,77.22976434,55.80238568,59.63808601,58.99928892,57.43393657,40.57431614,50.26959768
439,77.86810304,77.1725521,55.82960848,59.63153466,58.99308369,57.41435203,40.5692852,50.1244297
440,77.86856441,77.19890408,55.74433714,59.62481032,58.995322,57.36818329,40.55915998,50.29033596
441,77.84588674,77.12264173,55.86321096,59.61858292,59.03028898,57.40370878,40.55839744,50.20738283
442,77.85548011,77.19623718,55.7993699,59.61212504,59.02421016,57.38105068,40.55355307,50.33181253
443,77.86184077,77.19210551,55.90666251,59.60611611,59.05843282,57.43604278,40.55264406,50.22812111
444,77.86311684,77.11040237,55.89176804,59.59980597,59.04359528,57.40459836,40.54619822,50.39402737
445,77.8580622,77.10342498,55.96273407,59.59379825,59.03871701,57.39594501,40.54895478,50.26959768
446,77.8664177,77.16655791,55.87108496,59.58790014,59.08300803,57.40030251,40.54608627,50.55993364
447,77.87585625,77.23179777,56.08004871,59.58279962,59.15341878,57.47978695,40.55070366,50.49771879
448,77.87100729,77.16357582,56.06363266,59.5772988,59.12971524,57.42482397,40.55119433,50.18664455
449,77.87413617,77.16892246,55.87429632,59.5706635,59.00700784,57.39022952,40.54257441,50.26959768
450,77.88111471,77.15200614,55.84518219,59.56420122,58.9550335,57.39795377,40.54051691,50.16590626
451,77.88582528,77.27089384,55.81797615,59.5583724,59.06214223,57.42444871,40.53534339,50.70510162
452,77.87751267,77.1219012,56.17309111,59.55385767,59.18036187,57.48536374,40.54665287,50.26959768
453,77.87203411,77.17559266,55.93105736,59.54759226,59.05120281,57.44060728,40.54246398,50.51845707
454,77.8791415,77.18584066,56.04621246,59.54239985,59.10084397,57.44648068,40.54641119,50.22812111
455,77.87448571,77.16256838,55.84747423,59.53644027,59.067727,57.3984784,40.54023187,50.47698051
456,77.88669856,77.19349111,55.96144146,59.53128802,59.11698445,57.45227626,40.540405,50.55993364
457,77.89758855,77.22793917,56.10391047,59.52629744,59.13887218,57.45355548,40.5432388,50.43550394
458,77.89923777,77.22376887,56.04704108,59.52119141,59.15823439,57.41470603,40.54372119,50.55993364
459,77.89635022,77.15481665,56.126815,59.51638669,59.17895414,57.45288088,40.55087292,50.37328909
460,77.90597718,77.14013606,55.96016865,59.51079089,59.10136281,57.42985399,40.5468143,50.37328909
461,77.89842028,77.16709079,55.9699058,59.50528469,59.07757558,57.42786794,40.54619552,50.33181253
462,77.89861186,77.18525074,55.9401925,59.49958776,59.04191596,57.4057525,40.5412264,50.55993364
463,77.89668688,77.20124532,56.09618988,59.49489516,59.12830196,57.48958943,40.54464359,50.55993364
464,77.9187045,77.20366658,56.10256361,59.49006318,59.13930084,57.46728485,40.54792336,50.37328909
465,77.91453182,77.1734296,56.05026947,59.48462898,59.09112925,57.42345512,40.54207452,50.53919535
466,77.91538284,77.26604671,56.10660061,59.4794836,59.06916763,57.43962392,40.54413292,50.1244297
467,77.9092156,77.19740264,55.80849271,59.47345038,59.01709143,57.34880379,40.53572928,50.31107424
468,77.91228123,77.21218304,55.83154972,59.46756531,58.96257543,57.3627905,40.53121517,50.29033596
469,77.92192623,77.28095032,55.81878757,59.46243033,59.06454576,57.40653207,40.52814664,50.47698051
470,77.9231433,77.26032242,56.05638721,59.45804708,59.18112214,57.42119181,40.53068761,50.64288677
471,77.91776096,77.18426124,56.16476282,59.45316703,59.10219062,57.45000117,40.54025727,50.08295313
472,77.91802741,77.15464529,55.78460211,59.44699129,58.99569994,57.37852368,40.52877417,50.35255081
473,77.9285248,77.21385887,55.8852455,59.44201755,59.07383038,57.40044513,40.5291713,50.35255081
474,77.92140885,77.20203953,55.97871609,59.4368531,59.07231454,57.37328522,40.52940213,50.51845707
475,77.93282276,77.27315837,56.12257176,59.43226038,59.11883025,57.47379516,40.53256261,50.6014102
476,77.9364417,77.29426951,56.16492259,59.42796161,59.16205848,57.49588973,40.53969792,50.33181253
477,77.92945083,77.21596745,55.99063369,59.42326017,59.18163482,57.42139328,40.53746942,50.70510162
478,77.93102147,77.24298722,56.2114754,59.41900557,59.16144641,57.481887,40.54534122,50.66362505
479,77.92559506,77.22710325,56.28235756,59.41519406,59.23443262,57.48856173,40.5519031,50.58067192
480,77.92730705,77.20818355,56.19301142,59.4104,59.12266788,57.45772015,40.55595466,50.1244297
481,77.92721599,77.24757236,55.84191702,59.40467523,59.03623008,57.35565292,40.54428299,50.37328909
482,77.92734133,77.21005973,55.98394886,59.39979692,59.06768649,57.41058485,40.54274365,50.41476566
483,77.93521093,77.19694439,56.0007225,59.39490339,59.06315236,57.37778267,40.5415002,50.33181253
484,77.93423215,77.12557758,55.96225113,59.38992278,59.06363882,57.34591276,40.53724436,50.43550394
485,77.93425562,77.16771681,56.0141224,59.38509447,59.05720381,57.39516318,40.53896399,50.33181253
486,77.92331326,77.10565761,55.95075886,59.38003925,59.04010714,57.36627631,40.5368077,50.26959768
487,77.91990092,77.14124194,55.89530177,59.37471313,59.00106759,57.33196437,40.53111536,50.35255081
488,77.92331894,77.14514225,55.96073271,59.37008043,59.07392618,57.38639261,40.52918079,50.64288677
489,77.92652259,77.17171064,56.14149146,59.3660529,59.12526239,57.41146444,40.53520677,50.41476566
490,77.92568491,77.15488825,56.05988472,59.361846,59.17392571,57.43794319,40.53695045,50.51845707
491,77.92711812,77.17012317,56.10498335,59.35722885,59.09602462,57.43937957,40.53870617,50.35255081
492,77.92706513,77.19754396,55.99635827,59.35266852,59.11381874,57.43024217,40.53803559,50.53919535
493,77.93323687,77.19742357,56.11809531,59.34897387,59.21124699,57.46227094,40.54289699,50.78805475
494,77.9365889,77.23707684,56.28267414,59.34531192,59.19033694,57.48712216,40.55232301,50.64288677
495,77.93017858,77.16066091,56.23129011,59.34114725,59.13359206,57.46266062,40.55886393,50.45624222
496,77.92443362,77.16114196,56.08167574,59.33668378,59.10373211,57.41123157,40.56003499,50.37328909
497,77.92929343,77.2053688,55.96559744,59.33177656,59.03516484,57.38301406,40.55756489,50.22812111
498,77.93086444,77.2107537,55.82950696,59.32653459,58.98281582,57.29265626,40.54873385,50.39402737
499,77.91582982,77.16075791,55.9545274,59.32195231,59.02191983,57.35563725,40.54374732,50.18664455
500,77.92201709,77.25435479,55.8107546,59.31678697,58.99520287,57.31489692,40.53592463,50.55993364
501,77.90707136,77.15723799,56.0792624,59.31297432,59.10425127,57.40805089,40.53675367,50.70510162
502,77.91604231,77.24844404,56.25221975,59.30961701,59.185519,57.42126053,40.54576752,50.6014102
503,77.9191203,77.27905811,56.16538951,59.3055799,59.13416748,57.41461571,40.54807837,50.55993364
504,77.92272483,77.21368524,56.11999063,59.30098368,59.02543753,57.40457286,40.55040829,50.18664455
505,77.91148552,77.1951438,55.84748727,59.2960974,59.02367546,57.33984261,40.54256803,50.6014102
506,77.92502964,77.20378018,56.06847026,59.29243655,59.11218272,57.37317163,40.55049436,50.43550394
507,77.9372669,77.23945475,56.04986246,59.28839036,59.12896189,57.36823804,40.55148504,50.58067192
508,77.94218159,77.23563159,56.12970565,59.2846268,59.14181708,57.38846982,40.55542835,50.70510162
509,77.9437755,77.21293426,56.21352179,59.28060635,59.06756521,57.41109885,40.56011408,50.10369141
510,77.93534409,77.17506834,55.85364044,59.27568022,59.04116894,57.29165133,40.55058721,50.6014102
511,77.93192483,77.15265747,56.15277966,59.27187738,59.07907059,57.41161962,40.55562888,50.41476566
512,77.92914234,77.19744303,56.04825542,59.26719175,58.99583564,57.34490484,40.55566957,50.22812111
513,77.92430372,77.1616291,55.87699176,59.26253612,59.01215938,57.31041901,40.54787291,50.45624222
514,77.93329316,77.17555202,55.9477763,59.25805454,58.98257536,57.30678051,40.54608095,50.02073828
515,77.94431715,77.24339422,55.68730451,59.25284098,58.95971675,57.27698463,40.53568378,50.51845707
516,77.95162083,77.27755781,55.96279509,59.2486573,58.98467033,57.35393976,40.54117922,50.31107424
517,77.94037582,77.17943699,55.8563252,59.24400567,58.96868186,57.30521581,40.53933572,50.33181253
518,77.93318134,77.12791411,55.90904578,59.23962276,58.99798731,57.29400164,40.5382478,50.43550394
519,77.93453455,77.19697515,55.99712897,59.23554523,59.03081724,57.33069649,40.54038751,50.47698051
520,77.92215907,77.15021158,56.06408899,59.23205256,59.12758495,57.36445386,40.5434394,51.05765243
521,77.93581645,77.19827606,56.51860156,59.23049931,59.33595968,57.50177785,40.55974069,50.93322273
522,77.94542265,77.17679976,56.52024623,59.22796341,59.29447115,57.50943108,40.57510456,50.58067192
523,77.9387105,77.15132556,56.26989246,59.22485997,59.27327355,57.41678985,40.57448792,50.7258399
524,77.93586192,77.06998009,56.30441761,59.22190237,59.2462584,57.43514101,40.58237054,50.78805475
525,77.94032222,77.18843128,56.34879785,59.21905341,59.23529583,57.44532066,40.59120701,50.53919535
526,77.93233697,77.16679159,56.15876068,59.21515976,59.12178229,57.40013931,40.59211329,50.35255081
527,77.92342748,77.17021466,55.97943902,59.21104301,59.08237542,57.35348892,40.58922,50.55993364
528,77.92294637,77.16701636,56.04904177,59.20714287,59.04196154,57.37239229,40.59266948,50.02073828
529,77.92974221,77.21738022,55.73064012,59.20242274,59.028258,57.30111145,40.57562507,50.66362505
530,77.93083139,77.25803643,56.07333804,59.19924631,59.10422755,57.40218588,40.57977361,50.47698051
531,77.9334419,77.25438577,56.01108696,59.19538701,59.07027842,57.36017359,40.57857145,50.49771879
532,77.92219863,77.19775615,56.02640663,59.19167807,59.07077371,57.32676338,40.57962954,50.29033596
533,77.93173636,77.17487697,55.9258809,59.1870224,58.96520277,57.31884995,40.57715886,50.33181253
534,77.92617017,77.17177483,55.97875219,59.18313563,59.03067646,57.334626,40.57397864,50.53919535
535,77.92239869,77.12457309,56.10695779,59.17941729,59.03039782,57.33960649,40.57476444,50.26959768
536,77.93092415,77.15636109,55.89676331,59.17501968,58.9860907,57.30160646,40.56882496,50.45624222
537,77.93106266,77.18057029,55.99797553,59.17125129,59.017386,57.34805834,40.5683379,50.37328909
538,77.94794139,77.24150243,55.96372932,59.16722443,59.00787328,57.32641874,40.56334866,50.26959768
539,77.95176933,77.26999829,55.89874823,59.16325795,59.03876708,57.30455661,40.55529243,50.43550394
540,77.95228153,77.21670172,55.97270298,59.15901698,58.95901228,57.33735842,40.55413637,50.31107424
541,77.94840883,77.15588964,55.9386722,59.15485992,58.96826673,57.28379614,40.54796459,50.22812111
542,77.93695039,77.12236298,55.83337428,59.1504707,58.95080817,57.26470975,40.5413445,50.43550394
543,77.95182327,77.19200067,55.98559271,59.14689654,59.01924517,57.32764019,40.54167836,50.45624222
544,77.94510462,77.17929903,56.03671857,59.14344075,59.06205685,57.38755383,40.54625296,50.58067192
545,77.96023105,77.22633536,56.15538475,59.1403784,59.10969202,57.39804855,40.55338301,50.70510162
546,77.95241499,77.20096668,56.23493789,59.13716435,59.06948243,57.3669395,40.56166775,50.43550394
547,77.94383739,77.1598323,56.0828529,59.13348927,59.0432053,57.31874162,40.55908176,50.43550394
548,77.95179181,77.18020198,56.06998271,59.129753,59.01806449,57.35118526,40.55858068,50.31107424
549,77.93477098,77.17378288,55.94898932,59.12588015,59.01478441,57.2883978,40.55763454,50.49771879
550,77.95587438,77.29846982,56.08888703,59.12266619,59.07056938,57.32910406,40.55723818,50.39402737
551,77.92690156,77.11893059,56.00223826,59.11897901,59.04102988,57.31366132,40.55545738,50.49771879
552,77.94676719,77.24151436,56.0820997,59.11588816,59.09724348,57.31825425,40.55869665,50.6014102
553,77.93346429,77.11368804,56.15154836,59.11269758,59.07628732,57.34012223,40.5621849,50.31107424
554,77.92897488,77.17949399,55.9335658,59.10894972,59.04858227,57.30061959,40.55734079,50.55993364
555,77.94103277,77.16222652,56.07942012,59.10611836,59.11799527,57.33478223,40.56221432,50.70510162
556,77.93323441,77.22447358,56.24727463,59.10324833,59.10200423,57.3640184,40.56709924,50.35255081
557,77.93624935,77.21087134,56.03266409,59.09977441,59.08643105,57.32031852,40.5646872,50.58067192
558,77.93215705,77.12649513,56.15800705,59.09701857,59.13591048,57.35011347,40.56783235,50.7258399
559,77.92972288,77.14781856,56.27452082,59.09438696,59.13612023,57.36778381,40.57457341,50.41476566
560,77.92450209,77.13153867,56.09247395,59.09073368,59.0463794,57.31750033,40.57263357,50.29033596
561,77.92328011,77.12891339,55.93891279,59.08654494,58.94888812,57.2971061,40.56613617,50.18664455
562,77.90777074,77.09612584,55.80308714,59.08221821,58.90635186,57.23800845,40.56008431,50.18664455
563,77.91876533,77.20563153,55.81915617,59.07844792,58.97553092,57.24022692,40.55619759,50.64288677
564,77.9248789,77.25118475,56.14419849,59.0755415,59.0271917,57.35675692,40.55875936,50.47698051
565,77.9209164,77.19659925,56.08455807,59.07251637,59.07233145,57.34771517,40.55721962,50.64288677
566,77.92101075,77.20531339,56.18881884,59.06954074,59.05351755,57.39233747,40.56232746,50.35255081
567,77.9143317,77.19686143,55.99047587,59.06633401,59.08220124,57.37396469,40.5600971,50.64288677
568,77.91587945,77.18805203,56.17548676,59.06390735,59.14482663,57.38370786,40.56405238,50.55993364
569,77.91649943,77.28290969,56.15759077,59.06082357,59.08264462,57.35439467,40.56411008,50.41476566
570,77.92211944,77.23231505,56.04950434,59.05762175,59.07206849,57.29766277,40.56260418,50.41476566
571,77.92591206,77.30454393,56.05531695,59.05444735,59.0689599,57.29072026,40.56027781,50.47698051
572,77.93357606,77.26635673,56.08775394,59.05158623,59.10138352,57.2985118,40.55907917,50.53919535
573,77.94274007,77.22052606,56.15532357,59.0491556,59.16855815,57.35672247,40.55923381,50.80879303
574,77.93469729,77.19279451,56.3008845,59.04669924,59.11852151,57.39604369,40.5707702,50.58067192
575,77.94157395,77.18922582,56.16483815,59.04388618,59.09602518,57.36940714,40.57434319,50.35255081
576,77.94215738,77.20490887,56.00327815,59.04044292,59.03929953,57.30148572,40.57065272,50.45624222
577,77.94793347,77.25261035,56.06619719,59.0370699,58.99595524,57.32401458,40.56698839,50.35255081
578,77.93618365,77.16529631,56.00233201,59.03375606,59.01210549,57.29700672,40.56513804,50.47698051
579,77.93897645,77.18319693,56.0522339,59.03031097,58.96156976,57.29722367,40.56254509,50.14516798
580,77.94505855,77.26151001,55.82793633,59.02636762,58.94168481,57.26773646,40.55271731,50.37328909
581,77.94828245,77.252327,55.91425785,59.02345267,59.04076289,57.29799823,40.54948846,50.74657818
582,77.94662309,77.24117101,56.25077928,59.02132585,59.11338017,57.37593823,40.5582343,50.62214849
583,77.95365928,77.2137872,56.2097927,59.01845875,59.05352542,57.34788636,40.56198917,50.43550394
584,77.95287729,77.21341014,56.07227822,59.0151247,58.99517387,57.28705672,40.56257362,50.14516798
585,77.94741269,77.22280768,55.85611586,59.01122577,58.94907003,57.24226083,40.55389868,50.47698051
586,77.95009427,77.22509618,55.99430968,59.00777134,58.91333007,57.28767114,40.55726735,50
587,77.94956808,77.18584266,55.7026017,59.00348128,58.88216627,57.18066757,40.54622444,50.45624222
588,77.94709214,77.17768424,55.98526357,59.00053471,58.96732487,57.24953308,40.54654081,50.62214849
589,77.95463907,77.22685373,56.17060513,58.99800488,59.02631954,57.33818388,40.55528501,50.31107424
590,77.95471928,77.16741888,55.96315723,58.99451795,58.97454394,57.27764566,40.55160521,50.31107424
591,77.96438235,77.22252602,55.91639536,58.99089784,58.9270928,57.27107088,40.54871829,50.62214849
592,77.95605686,77.17009989,56.15759487,58.9886567,59.04953731,57.32866775,40.55278118,50.7258399
593,77.97623696,77.24822505,56.26220572,58.98647522,59.08536189,57.34146635,40.55975565,50.6014102
594,77.97882418,77.15738027,56.22088314,58.98409514,59.09914732,57.32052821,40.56467833,50.51845707
595,77.97133005,77.17343444,56.13510392,58.98123847,59.04511551,57.29878983,40.56724207,50.37328909
596,77.9594743,77.17509204,55.99851723,58.97820921,59.02720822,57.25607432,40.56504997,50.47698051
597,77.96145298,77.1685206,56.08985534,58.97548254,59.04014482,57.24539505,40.56374403,50.51845707
598,77.96788671,77.17714321,56.1372656,58.97271567,59.02689176,57.2323369,40.56967661,50.6014102
599,77.96045355,77.13091013,56.18305989,58.96994313,58.99541519,57.27723554,40.57446999,50.20738283
600,77.96642669,77.21396935,55.88731791,58.96624618,58.93073366,57.1776692,40.56804164,50.41476566
601,77.96758848,77.17853253,56.00378853,58.96356159,59.012147,57.23770065,40.56763471,50.6014102
602,77.97618708,77.28110902,56.15163546,58.96101674,59.0186677,57.27344936,40.57161193,50.22812111
603,77.99252043,77.31778036,55.92701741,58.95779446,59.00589846,57.23963891,40.56822478,50.62214849
604,77.99858458,77.29414796,56.16396616,58.95557129,59.05988431,57.31294972,40.57286111,50.49771879
605,77.99874155,77.1863896,56.12351432,58.95279163,59.02287619,57.26526518,40.56964085,50.20738283
606,78.00607382,77.23964499,55.88516146,58.94931954,58.96727126,57.22771936,40.56208617,50.45624222
607,78.00342191,77.18244316,56.04870476,58.94661811,59.00158261,57.28751332,40.56089335,50.64288677
608,78.01611177,77.23008303,56.21362118,58.94482907,59.11664694,57.34161869,40.56494074,50.68436333
609,78.00955579,77.22382996,56.24307672,58.94232723,59.03578187,57.33833615,40.56894035,50.18664455
610,78.00842222,77.2423913,55.93474125,58.93896249,58.9868123,57.24802438,40.56201662,50.39402737
611,78.00644806,77.17527948,56.00042518,58.93551643,58.89431338,57.26374907,40.56338914,50.16590626
612,78.00656283,77.17329325,55.83416036,58.93165937,58.84237768,57.2106866,40.55626288,50.14516798
613,78.00111346,77.1766269,55.82374673,58.92831219,58.90518635,57.25959881,40.54449049,50.49771879
614,78.00482811,77.2136814,56.06402801,58.92616429,59.03737573,57.31870701,40.54691264,50.78805475
615,78.00512587,77.23168616,56.30363113,58.92486667,59.15742061,57.37235941,40.55832323,50.89174616
616,78.01121134,77.17831073,56.41226946,58.92364418,59.19584157,57.38327634,40.57006149,50.68436333
617,78.00628254,77.17486537,56.28830947,58.9215983,59.12971123,57.36751548,40.57745849,50.18664455
618,78.00503141,77.20872777,55.91220388,58.91790399,58.95633252,57.28404492,40.5719744,50.26959768
619,77.99460616,77.18228583,55.85945583,58.91456562,58.91378102,57.22801757,40.56370237,50.39402737
620,78.0061203,77.24134088,55.94733511,58.91131745,58.87299203,57.24210362,40.56221778,50.22812111
621,78.0087336,77.2422256,55.91757294,58.90843241,58.95724376,57.23116408,40.55781601,50.66362505
622,78.01793877,77.25092522,56.1864844,58.90660235,59.0510028,57.29940075,40.56189671,50.7258399
623,78.01795822,77.22970922,56.285106,58.90506771,59.12321982,57.32783722,40.56816524,50.82953131
624,78.01456861,77.21157646,56.37621579,58.90385675,59.18063154,57.41440109,40.57949149,50.74657818
625,78.01653493,77.2139014,56.34551111,58.90215728,59.14651575,57.38496602,40.58762604,50.58067192
626,78.00666022,77.21310344,56.24973817,58.90029957,59.14661075,57.32212443,40.58946923,50.68436333
627,78.00917141,77.19445531,56.31849151,58.89857233,59.14037167,57.32198112,40.59558314,50.55993364
628,78.01266755,77.24517013,56.19265909,58.89599599,59.02749034,57.31828269,40.60117399,50.22812111
629,77.99975177,77.16139675,55.92625504,58.89239952,58.8927783,57.2189462,40.59489042,49.91704687
630,77.99204288,77.22473718,55.66883699,58.88836815,58.84133681,57.15124602,40.57784551,50.68436333
631,77.99508977,77.22756061,56.16220647,58.88672324,59.01100735,57.2902044,40.58323914,50.76731647
632,78.00522084,77.225226,56.33567536,58.88542289,59.11946186,57.3218546,40.59063198,50.6014102
633,78.00103466,77.23043777,56.18753755,58.8827457,58.98038444,57.29178564,40.59055392,50.26959768
634,78.00185028,77.27465054,55.99820613,58.87981614,58.96271722,57.26264734,40.58595928,50.7258399
635,78.00073028,77.25646554,56.26674345,58.87788145,58.99689883,57.33490208,40.59398298,50.41476566
636,78.00896302,77.21489993,56.07265298,58.87539844,59.00132358,57.3014598,40.58981525,50.37328909
637,78.01012619,77.25634433,55.99831847,58.8729957,59.02560269,57.25606995,40.58637962,50.64288677
638,78.02296611,77.18620677,56.20032822,58.87082204,59.00065056,57.32163677,40.59119936,50.18664455
639,78.01547395,77.17531093,55.89843545,58.86745985,58.912798,57.17801141,40.5856194,50.18664455
640,78.02648629,77.16197212,55.85005596,58.86422626,58.8907604,57.16847241,40.5779032,50.47698051
641,78.03247732,77.1923935,56.0027014,58.86154115,58.89144427,57.20243441,40.58102605,50.35255081
642,78.03890115,77.2039975,55.93686171,58.8585611,58.87453573,57.2098717,40.57668123,50.22812111
643,78.03542462,77.20643892,55.88823745,58.85562142,58.90474214,57.23318353,40.57277534,50.49771879
644,78.02993817,77.1336604,56.06096099,58.85390281,59.04706219,57.26765484,40.57480177,50.95396101
645,78.03149713,77.19763995,56.36607243,58.8528472,59.09976012,57.36046002,40.5878436,50.35255081
646,78.02469856,77.18202412,56.03216018,58.85016245,59.00930326,57.23806006,40.58426939,50.51845707
647,78.03143059,77.17265284,56.12435431,58.84822526,59.04653281,57.25431989,40.58582279,50.62214849
648,78.02537269,77.18346121,56.16709127,58.84614465,59.010904,57.26714875,40.59311876,50.39402737
649,78.02766626,77.16968575,56.03107979,58.84379891,59.00906362,57.24805178,40.58853274,50.64288677
650,78.03519976,77.2237149,56.18697729,58.84183594,59.00418699,57.2914062,40.59256579,50.22812111
651,78.01998951,77.15244773,55.9739655,58.83920688,59.00100772,57.23806306,40.58453725,50.97469929
652,78.02718618,77.20777831,56.41922733,58.83839446,59.10023015,57.35924581,40.5978713,50.6014102
653,78.03062727,77.16700768,56.26488274,58.83672959,59.10032616,57.30308799,40.60014989,50.8502696
654,78.02087026,77.19043296,56.37917359,58.83575762,59.14763484,57.35022014,40.60856569,50.64288677
655,78.01065228,77.13568147,56.25867496,58.83421074,59.12645881,57.28805106,40.60943236,50.6014102
656,78.00831548,77.12302565,56.18411608,58.83190858,59.00230883,57.25916027,40.61097343,50.20738283
657,78.00602901,77.21486288,55.91497488,58.82878317,58.91455978,57.17250234,40.59765495,50.37328909
658,77.98489666,77.19470736,55.95708185,58.82621157,58.92246894,57.18402915,40.59243583,50.43550394
659,77.98997859,77.22417163,56.03372832,58.82395592,58.96009621,57.22926061,40.59081707,50.49771879
660,77.99425621,77.24855076,56.04281166,58.82153294,58.93123862,57.23485264,40.58942807,50.35255081
661,77.98645944,77.14492893,55.96715584,58.81875848,58.89458302,57.22625592,40.58424927,50.37328909
662,77.98879845,77.19405035,55.97172477,58.81611163,58.8924923,57.22166328,40.57839889,50.26959768
663,77.99415353,77.26091867,55.89714823,58.81284251,58.81282403,57.20706237,40.57762982,50.1244297
664,77.98564581,77.14061742,55.77772091,58.80916826,58.74845495,57.13020046,40.57117236,49.93778515
665,77.98630838,77.22848892,55.56649977,58.80533835,58.7409707,57.11184902,40.55761766,50.22812111
666,77.99357732,77.29415122,55.75089489,58.80209249,58.75250123,57.14010834,40.5499844,50.1244297
667,77.99368805,77.22963876,55.78477934,58.79913483,58.83111434,57.14816038,40.54580408,50.47698051
668,78.00442415,77.26670052,55.98553702,58.79695706,58.89917209,57.21070021,40.54709999,50.24885939
669,78.00325212,77.25622487,55.87165161,58.79435506,58.91741245,57.1872908,40.54077237,50.43550394
670,78.00748391,77.25214489,55.94136433,58.7917772,58.87750275,57.17748102,40.5411626,50.24885939
671,78.00336861,77.17796155,55.83066701,58.78875757,58.83307063,57.15582971,40.53495403,50.20738283
672,77.9927512,77.19914551,55.80848868,58.78591219,58.85158897,57.13963959,40.5337542,50.31107424
673,77.99263971,77.20194532,55.87836494,58.78325224,58.85875889,57.20066898,40.53091794,50.24885939
674,77.99522427,77.27089114,55.89529213,58.78072208,58.89980997,57.20736549,40.52426125,50.58067192
675,77.99821568,77.22067982,56.12726522,58.77857287,58.89180795,57.25598269,40.53048074,50.24885939
676,77.99939724,77.15912098,55.91849519,58.77570913,58.85445518,57.14184507,40.52696946,50.26959768
677,77.99355998,77.11781661,55.87437667,58.77286919,58.83245467,57.14560347,40.52168007,50.41476566
678,77.99276962,77.12725404,55.98719845,58.77075675,58.90280016,57.17841693,40.52097493,50.35255081
679,78.00793284,77.25497146,55.99265728,58.76832975,58.89548072,57.16570201,40.51994209,50.29033596
680,78.01524128,77.24958773,55.92452576,58.76566622,58.86923658,57.13825546,40.51804153,50.24885939
681,78.01442431,77.24209221,55.87786816,58.76287347,58.84559052,57.17918471,40.51289028,50.37328909
682,78.01112508,77.20757591,55.96168532,58.76044257,58.85962052,57.21588844,40.51320667,50.55993364
683,78.01822355,77.18965887,56.11899901,58.75872165,58.93249979,57.21992667,40.51859144,50.33181253
684,78.00674476,77.18843754,55.97617183,58.75611918,58.87669847,57.1857765,40.51675971,50.45624222
685,78.02498882,77.22653055,56.01581981,58.75414242,58.92077575,57.19713309,40.51968101,50.58067192
686,78.0295715,77.22310296,56.14741927,58.75234942,58.93445496,57.2414275,40.52389501,50.49771879
687,78.04219341,77.29552288,56.08061793,58.7502549,58.91159974,57.23414223,40.52607567,50.31107424
688,78.04337276,77.21505245,55.97812376,58.74812357,58.94432677,57.17458634,40.52208037,50.6014102
689,78.048571,77.26446174,56.1012067,58.74619463,58.91111097,57.2423738,40.52656352,50.26959768
690,78.04522224,77.31206967,55.91210638,58.74340494,58.83964857,57.17366698,40.52502392,50.26959768
691,78.04834848,77.26460478,55.86887937,58.74071812,58.82500955,57.15729436,40.51790837,50.16590626
692,78.02365182,77.13826358,55.77249083,58.73772485,58.79340743,57.1379279,40.51219305,50.29033596
693,78.01515369,77.03888656,55.88703276,58.73531226,58.84080773,57.16380286,40.51081869,50.24885939
694,78.00692965,77.07180232,55.85771696,58.73299472,58.88734169,57.15642475,40.50526334,50.55993364
695,78.00939336,77.13704054,56.10690686,58.73158929,58.97498578,57.21476936,40.51060162,50.58067192
696,78.00734644,77.18068796,56.17025747,58.7298473,58.95049615,57.24530205,40.51639229,50.43550394
697,78.00965813,77.23679842,56.06425623,58.72762211,58.89417409,57.20771755,40.51693887,50.37328909
698,77.99003505,77.15981089,55.97706263,58.72538108,58.88186002,57.16539114,40.51811709,50.33181253
699,77.99722863,77.22191046,55.96130221,58.72312483,58.88582988,57.17140275,40.51682277,50.43550394
700,77.99201328,77.18934653,56.04100422,58.72122076,58.91683343,57.17057756,40.51963456,50.29033596
701,77.99219433,77.13783615,55.91907615,58.71869012,58.86183719,57.16058074,40.5179424,50.20738283
702,78.01402065,77.23713202,55.83009259,58.71601267,58.83390978,57.17650694,40.51165803,50.37328909
703,78.0167075,77.26036717,55.97226468,58.71418366,58.91640905,57.20928257,40.50766588,50.78805475
704,78.01918275,77.29571861,56.27576482,58.71401924,59.11891236,57.30767757,40.51702109,50.91248445
705,78.03162672,77.16191472,56.45515162,58.7138377,59.17012416,57.30967673,40.53202217,50.80879303
706,78.02967086,77.20677626,56.41736264,58.71301504,59.11336975,57.33297409,40.5434719,50.58067192
707,78.03914493,77.24112322,56.24657148,58.71157314,59.04571539,57.28313344,40.5481636,50.74657818
708,78.03695891,77.21719163,56.32516171,58.71045263,59.02394135,57.31449239,40.5570228,50.41476566
709,78.03496638,77.18330981,56.08032047,58.70821168,58.91422241,57.24971051,40.55416587,50.26959768
710,78.02833175,77.17748932,55.93124645,58.70597807,58.90404288,57.19750269,40.54893629,50.55993364
711,78.0378525,77.20791838,56.0574521,58.70412867,58.88487381,57.22804203,40.55060193,50.20738283
712,78.02977166,77.13251382,55.87111586,58.70150073,58.8393107,57.12154226,40.54204282,50.39402737
713,78.04440255,77.19348972,55.96312475,58.7000892,58.97031738,57.19320255,40.54319813,50.62214849
714,78.03680561,77.14830271,56.11870152,58.6986822,58.96685908,57.223566,40.54730354,50.51845707
715,78.04043779,77.16065818,56.08845547,58.69681952,58.91615377,57.21503037,40.55093422,50.31107424
716,78.04886709,77.21074029,55.90747092,58.69390911,58.77153873,57.16113748,40.54733642,50
717,78.05045456,77.26181588,55.67149234,58.69027831,58.66926472,57.09026828,40.53453304,50.02073828
718,78.04529873,77.23888605,55.65894202,58.68715579,58.70107671,57.08513815,40.52344235,50.10369141
719,78.03841323,77.24650232,55.71374568,58.68420946,58.71919997,57.11891899,40.51256845,50.31107424
720,78.03836881,77.15545865,55.89679545,58.68230035,58.84398747,57.16030006,40.51284927,50.6014102
721,78.03045341,77.19640695,56.1395765,58.68127686,58.96766003,57.23045849,40.52080884,50.64288677
722,78.03421982,77.17863855,56.23461275,58.68041738,59.03734124,57.27982372,40.52878173,50.76731647
723,78.03609986,77.20914423,56.36058096,58.68031364,59.1593247,57.31680053,40.53975605,50.82953131
724,78.02871788,77.1294742,56.38976509,58.67963202,59.09923542,57.29577162,40.55465436,50.6014102
725,78.01816085,77.19444724,56.18451676,58.67796297,58.96692143,57.21722593,40.5575085,50.24885939
726,78.0200735,77.22133516,55.92965992,58.67575598,58.91122328,57.14205699,40.55621928,50.43550394
727,78.01181119,77.15783757,56.00864102,58.67430518,58.96054029,57.17775097,40.55723643,50.6014102
728,78.00923888,77.17025656,56.10996004,58.67290735,58.94722672,57.22096171,40.56214301,50.16590626
729,78.0101156,77.07733051,55.85465738,58.67039353,58.87046929,57.12037713,40.55475605,50.53919535
730,78.01436446,77.17340346,56.06582725,58.66926595,58.96546108,57.22708688,40.55660913,50.53919535
731,78.00693783,77.20563226,56.11463051,58.66801642,58.98728534,57.21603098,40.55735452,50.53919535
732,78.00749776,77.16776241,48.35499241,58.66578474,58.83293636,55.73763596,40.55698561,49.64744919
733,77.99261795,77.16137026,46.26735713,58.66100755,58.57682135,55.26251158,40.53161564,49.58523434
734,77.99918343,77.25233375,45.04651135,58.65617757,58.46998728,55.05275977,40.50819426,49.91704687
735,78.00107519,77.28729176,44.5117633,58.65218073,58.46907124,54.94551766,40.49911589,49.58523434
736,77.99851379,77.22848969,43.98672736,58.64715555,58.38291056,54.85960904,40.47922713,49.54375778
737,78.00070628,77.28322498,43.75289166,58.64254906,58.42129787,54.8216875,40.45605751,49.73040232
738,77.99623322,77.2230685,43.7061518,58.63798831,58.39055093,54.79738521,40.44125524,49.70966404
739,77.98660803,77.1948664,43.51354636,58.63334925,58.36610966,54.76497141,40.4231306,49.33637495
740,77.97748558,77.14110784,43.29080352,58.6273265,58.21956035,54.64966631,40.39717,49.02530071
741,77.98849911,77.26811499,43.06655188,58.62067563,58.1300973,54.58285344,40.36382262,49.41932808
742,77.97523644,77.22548134,43.1534437,58.61538196,58.20566432,54.6225644,40.34157637,49.2741601
743,77.96762264,77.24336959,43.05632873,58.60917331,58.12124084,54.58999547,40.32110175,48.92160929
744,77.96485623,77.2220807,42.79093644,58.60212469,58.03208667,54.5232297,40.28820004,49.02530071
745,77.97055846,77.25280148,42.7526685,58.59594565,58.10329884,54.47691946,40.25842335,49.31563667
746,77.98179066,77.25999705,42.87366037,58.59013096,58.11260881,54.51807882,40.24062894,49.35711323
747,77.97679215,77.15786658,42.91466519,58.5847948,58.18017734,54.51376377,40.2230219,49.35711323
748,77.98023979,77.22002922,43.00596015,58.57941899,58.19824533,54.54296267,40.20433505,49.35711323
749,77.98820613,77.22855247,43.0743228,58.57396397,58.18908439,54.55952353,40.18634595,49.33637495
750,77.98330345,77.27922278,43.095248,58.5684707,58.17800968,54.5866355,40.16914649,49.50228121
751,77.96523459,77.18077146,43.22296027,58.56387991,58.27521237,54.60887514,40.15584518,49.48154293
752,77.97632613,77.23872045,43.22517776,58.5586214,58.20870959,54.60384709,40.14656193,49.31563667
753,77.9822357,77.2435701,43.07364465,58.5525757,58.08671046,54.58076808,40.13059351,49.12899212
754,77.98552479,77.20124118,43.00306307,58.54667913,58.1028346,54.54857928,40.10815659,49.19120697
755,77.9717016,77.22714573,42.84796256,58.54117661,58.15509817,54.5128064,40.08876457,49.48154293
756,77.98174037,77.25728269,42.99365846,58.53625236,58.19293562,54.61445526,40.076576,49.33637495
757,77.98138658,77.24212784,43.09519784,58.5308134,58.15819035,54.60142804,40.0591999,49.29489838
758,77.98622874,77.23935966,43.10741074,58.52565084,58.19331215,54.56882299,40.04505441,49.25342182
759,78.00423072,77.33059466,43.03387094,58.51993121,58.12354418,54.54162009,40.03089692,49.21194525
760,77.99484156,77.25057568,42.96173121,58.51402305,58.06725419,54.49952311,40.0170077,49.29489838
761,77.99568601,77.22139299,42.91760605,58.5083044,58.0456576,54.5103311,40.00666708,48.77644131
762,77.99161055,77.27231463,42.69522845,58.50127488,57.95332002,54.41769755,39.98124012,49.19120697
763,77.99460727,77.20900754,42.73559578,58.49547215,58.00234384,54.44892304,39.96834525,49.19120697
764,77.9983404,77.21948777,42.8041815,58.48906711,57.91619368,54.47884942,39.95596216,48.52758192
765,77.97749151,77.12562374,42.46143413,58.4812437,57.81362156,54.36986888,39.92613225,48.94234757
766,77.97245385,77.11488748,42.52214985,58.47452736,57.83573357,54.37146853,39.90674071,49.00456242
767,77.96568524,77.12225253,42.60135938,58.46811486,57.87260081,54.39849093,39.89217712,48.92160929
768,77.97012611,77.16239822,42.55206948,58.46112446,57.81166075,54.36971618,39.87541277,48.32019909
769,77.97661446,77.26739775,42.21743242,58.45263489,57.68857432,54.27188755,39.84126608,48.6727499
770,77.96122671,77.14587862,42.16197115,58.44507569,57.68836901,54.25527022,39.81804911,48.79717959
771,77.94263188,77.10359014,42.28428247,58.43843589,57.80067688,54.28337561,39.79795259,48.98382414
772,77.95326774,77.19518576,42.40598167,58.43230469,57.88032972,54.30040444,39.78676653,48.83865616
773,77.95988,77.25418909,42.44688039,58.42536031,57.81322507,54.28742141,39.768118,48.50684363
774,77.95391738,77.17068187,42.28026285,58.41809458,57.81077953,54.21041051,39.74455444,49.3985898
775,77.96081651,77.21514378,42.63447527,58.41325021,57.96961014,54.37427529,39.74651588,49.04603899
776,77.96608838,77.22008826,42.71665729,58.40745494,57.96763592,54.37741476,39.73635168,49.00456242
777,77.96480648,77.2434922,42.68037718,58.40111572,57.88300954,54.38467908,39.72588488,48.81791788
778,77.95966116,77.15044694,42.57774239,58.39491089,57.91334603,54.34420405,39.71384326,49.04603899
779,77.96214186,77.13604393,42.6293842,58.38937808,57.97160469,54.37386999,39.705653,49.50228121
780,77.96374567,77.20073529,42.93592927,58.38446942,57.97367129,54.44468588,39.71263769,48.58979676
781,77.95694431,77.22136542,42.57378717,58.37718938,57.81854518,54.30893631,39.69274883,48.4238905
782,77.96570768,77.28384758,42.24875096,58.36889861,57.6221015,54.24997291,39.66542831,48.48610535
783,77.95619716,77.18815753,42.12232034,58.36118801,57.60904602,54.16976234,39.64267384,48.69348818
784,77.94485885,77.13874935,42.21217712,58.35451007,57.7126916,54.19954995,39.62868529,48.75570303
785,77.94575787,77.13418788,42.25023895,58.34778716,57.7277002,54.21135044,39.61607849,48.83865616
786,77.94556363,77.22285079,42.33742242,58.34174469,57.82335442,54.24553134,39.6074021,48.98382414
787,77.94091667,77.16956398,42.51335654,58.33570141,57.82097595,54.29424716,39.60063505,48.48610535
788,77.92494409,77.08898342,42.32626187,58.32816701,57.69725745,54.22982909,39.58215501,48.79717959
789,77.92429042,77.18497834,42.38369812,58.32153767,57.70278228,54.25063012,39.57654993,48.6727499
790,77.92707677,77.20139222,42.35788491,58.31483409,57.72090632,54.22488232,39.56678657,48.50684363
791,77.91479857,77.18501804,42.19496524,58.30686956,57.55915264,54.16867145,39.55428119,48.40315222
792,77.90916731,77.20982861,42.12635734,58.29936273,57.58386795,54.13804352,39.53133589,48.73496474
793,77.91465303,77.2347016,42.30210678,58.2925503,57.61565888,54.16847952,39.52158464,48.4238905
794,77.91588858,77.21082888,42.19525944,58.28460395,57.51696464,54.13556219,39.50587012,48.19576939
795,77.90364898,77.19534014,42.03250909,58.27640929,57.48713525,54.06594986,39.48092429,48.85939444
796,77.9014195,77.20343583,42.24271829,58.26987922,57.56677374,54.14646098,39.48049334,48.52758192
797,77.89766451,77.21089158,42.24969402,58.26364912,57.73496832,54.14652618,39.47127408,49.12899212
798,77.89442388,77.21389207,42.50042007,58.25817791,57.76931048,54.26799863,39.47982125,48.73496474
799,77.88894581,77.18268065,42.51870946,58.2519122,57.75198185,54.26591692,39.47789718,48.46536707
800,77.89205623,77.16879304,42.32640244,58.24500864,57.70329864,54.1846532,39.46361806,48.75570303
801,77.87948178,77.08907923,42.4266857,58.238799,57.71497406,54.21744092,39.45961799,48.79717959
802,77.87611624,77.19884778,42.49000992,58.23290215,57.75637066,54.24295062,39.45935276,48.77644131
803,77.87427593,77.16721621,42.49772738,58.22690941,57.75940521,54.2248994,39.46049729,48.69348818
804,77.87174768,77.25866351,42.45939822,58.22062288,57.72778242,54.23769967,39.45687593,48.83865616
805,77.86843728,77.20148516,42.45435741,58.21452932,57.70250275,54.21950571,39.45461722,48.77644131
806,77.86263761,77.20462719,42.43255318,58.2080365,57.63557059,54.20985613,39.45017539,48.52758192
807,77.86368917,77.16779855,42.34081799,58.20122631,57.61322234,54.14865233,39.44114762,48.48610535
808,77.84598053,77.1371311,42.2888296,58.19416409,57.56646964,54.1301617,39.43014818,48.2994608
809,77.84574454,77.23919559,42.12389998,58.18611959,57.42412992,54.09659438,39.41234991,48.13355454
810,77.84484931,77.14020292,41.89774425,58.17769338,57.33514818,53.99182466,39.39106726,47.71878888
811,77.84486527,77.1933043,41.65405541,58.16887663,57.33599239,53.91212796,39.35724903,48.79717959
812,77.85437657,77.25417512,42.02952868,58.16251732,57.45068517,54.04700694,39.35772322,48.52758192
813,77.84870647,77.25284168,42.1367191,58.15508561,57.38795667,54.07648763,39.35159229,47.96764828
814,77.84836608,77.15535462,41.95884203,58.14685411,57.36985599,54.02095038,39.32505575,48.44462878
815,77.85864519,77.22253907,42.06692758,58.1393184,57.34547867,54.04494499,39.31667145,47.98838656
816,77.84808366,77.14200573,41.88141033,58.1315114,57.40614004,53.99193832,39.29544914,48.44462878
817,77.85038757,77.25798699,41.93849098,58.12489488,57.50133065,54.01357212,39.28785068,48.61053505
818,77.85273376,77.19894308,41.99144837,58.11744714,57.35545792,54.02310212,39.2815876,47.76026545
819,77.84432111,77.21126299,41.703984,58.10868157,57.29076142,53.91476989,39.25332252,48.13355454
820,77.83676187,77.12849656,41.752791,58.10065126,57.27766047,53.88895634,39.23894667,48.07133969
821,77.82007764,77.09674844,41.70684984,58.0930892,57.36151073,53.90852678,39.22455737,48.52758192
822,77.82310846,77.12820056,41.92613848,58.08664421,57.45632286,53.95911364,39.21853992,48.52758192
823,77.81754711,77.11748345,42.01224212,58.08005529,57.46840111,53.99229371,39.21368447,48.32019909
824,77.8173275,77.16915895,41.96777911,58.07280889,57.41248945,53.9927578,39.20378848,48.5483202
825,77.83022383,77.19399386,42.09820457,58.06673944,57.51566417,54.02087558,39.20069901,48.25798424
826,77.8202379,77.19118046,42.06896081,58.06019287,57.55417379,54.01654948,39.19144318,48.65201161
827,77.82047377,77.13596877,42.1480797,58.05434274,57.57506732,54.0638396,39.19650787,48.61053505
828,77.83392307,77.18197353,42.14415697,58.0476837,57.45714505,54.04417698,39.2008128,48.44462878
829,77.82921679,77.2434809,42.05695193,58.04100862,57.44021484,54.04713794,39.19626948,47.94691
830,77.81992457,77.16254166,41.73917538,58.03278562,57.30205861,53.92427312,39.17745313,48.21650767
831,77.81361049,77.21089314,41.71406935,58.02566918,57.34838694,53.91906061,39.16824289,48.32019909
832,77.81201696,77.20831599,41.90738627,58.0186468,57.3484766,53.95790866,39.16535337,48.34093737
833,77.81215399,77.21035282,41.88872614,58.01141011,57.30206689,53.97498662,39.15688851,48.05060141
834,77.79594495,77.16169777,41.79568094,58.00405414,57.33348122,53.91379617,39.14136969,48.23724596
835,77.79084061,77.16501035,41.87205145,57.99700763,57.34324189,53.91060176,39.13446424,48.4238905
836,77.78771204,77.21261015,41.97264723,57.99052939,57.38576592,53.95343143,39.12838163,48.61053505
837,77.78635269,77.18402439,42.17559392,57.98464143,57.44654017,54.02491004,39.13370781,48.38241394
838,77.77854078,77.19443227,42.18968096,57.97847369,57.48055534,53.99337341,39.12974034,48.65201161
839,77.77376115,77.13562597,42.29170215,57.97294727,57.52595985,54.04961623,39.13291973,48.25798424
840,77.76537504,77.17870997,42.13434227,57.96569868,57.35801146,53.97036816,39.12798858,48.32019909
841,77.75495903,77.20656227,42.15256894,57.95928039,57.40022666,53.95643386,39.12202817,48.38241394
842,77.74171665,77.20486393,42.20945329,57.95323307,57.45810449,54.00927047,39.11513331,48.4238905
843,77.73381037,77.17992374,42.31168219,57.94678316,57.39788379,54.02470484,39.1119336,48.2994608
844,77.73397215,77.19622625,42.29635116,57.94056634,57.43757306,54.01119178,39.10578356,48.32019909
845,77.73142889,77.23419342,42.27636097,57.93381851,57.3568516,53.99027982,39.10280469,48.13355454
846,77.73158594,77.23430769,42.20353188,57.92709245,57.37007466,53.96920514,39.09203175,48.56905848
847,77.73674926,77.23861869,42.28761521,57.92211323,57.54628573,54.02064343,39.09534446,48.40315222
848,77.72871742,77.12943936,42.22892396,57.91601644,57.47599127,53.99094771,39.09396288,48.58979676
849,77.7243476,77.13893182,42.28202501,57.91013017,57.42322099,54.01627083,39.0986861,48.09207798
850,77.72824278,77.14446438,42.08043657,57.90321969,57.35737475,53.93433999,39.09111102,48.02986313
851,77.71312007,77.11880033,41.88566745,57.89608013,57.30234234,53.85226992,39.08193669,48.23724596
852,77.70540912,77.12127867,41.86045279,57.8896874,57.34038168,53.87174811,39.07749103,48.46536707
853,77.700763,77.14153404,42.0540541,57.88398845,57.40561863,53.92769181,39.08002987,48.38241394
854,77.69902158,77.10403672,41.99150226,57.87729688,57.28588804,53.87715672,39.07848317,48.00912484
855,77.69501662,77.18043798,41.84212761,57.87048976,57.3068008,53.85257303,39.06773869,48.58979676
856,77.69051598,77.12939505,42.08542883,57.86493293,57.36412831,53.92495233,39.07497834,47.86395686
857,77.69289576,77.14223761,41.78858075,57.85776549,57.31124644,53.80191022,39.05826636,48.40315222
858,77.68770073,77.16516686,42.03554211,57.8520011,57.37154939,53.91537029,39.05824346,48.17503111
859,77.68847122,77.11233565,42.06043538,57.8451555,57.27255765,53.8670123,39.05284901,47.90543343
860,77.68147996,77.14626725,41.86451077,57.83781553,57.21205507,53.82002875,39.03733041,47.86395686
861,77.68355064,77.2062787,41.72981833,57.83080267,57.24472254,53.7942196,39.02289116,48.5483202
862,77.68142007,77.15839646,42.00777831,57.82546822,57.3531429,53.86732086,39.03022319,48.27872252
863,77.67779108,77.1674521,42.02429666,57.81950513,57.36369774,53.86898952,39.02904702,48.34093737
864,77.69079601,77.22966103,42.01658892,57.81376669,57.38254043,53.91331889,39.02902046,48.36167565
865,77.67696196,77.18283184,42.11125756,57.80784292,57.34895206,53.92323068,39.02924062,48.07133969
866,77.65541287,77.14030317,41.96515964,57.80134325,57.31013773,53.83711317,39.01930745,48.19576939
867,77.65836153,77.15302177,41.99546459,57.79513191,57.30377187,53.82910303,39.01202468,48.34093737
868,77.66229548,77.21804315,41.99213105,57.78895619,57.26089673,53.83523447,39.01127732,47.84321858
869,77.65759703,77.18344884,41.77811098,57.781426,57.1430801,53.74895667,39.00043403,47.65657404
870,77.64569341,77.17486295,41.50737276,57.77271218,56.9387426,53.6514775,38.9840043,47.46992949
871,77.64879081,77.21088647,41.30502929,57.76452523,56.98004532,53.62246691,38.95659539,47.96764828
872,77.637133,77.11797711,41.41526228,57.75751376,57.05430433,53.66017367,38.94556934,48.07133969
873,77.65352101,77.20632061,41.51062013,57.75140971,57.20244987,53.69716468,38.9387959,48.46536707
874,77.65225015,77.21177396,41.84333059,57.74626448,57.31640205,53.81137455,38.94560047,48.36167565
875,77.65454849,77.21494265,41.88668724,57.740384,57.26899386,53.84465662,38.95043258,48.2994608
876,77.65088267,77.21205311,41.88978859,57.7345956,57.27601402,53.83326585,38.95291493,48.15429282
877,77.66151639,77.26100747,41.86411317,57.7284375,57.2495014,53.8181048,38.94756028,48.13355454
878,77.64413512,77.15934322,41.8344278,57.72155473,57.11754862,53.73966405,38.94354758,47.90543343
879,77.63961702,77.15401508,41.77277699,57.71460185,57.10301203,53.68475727,38.93770603,48.15429282
880,77.62733363,77.08904344,41.84648044,57.70862516,57.18579961,53.74024175,38.93640948,48.07133969
881,77.62262217,77.11302532,41.86799012,57.70301931,57.30010881,53.74774092,38.93101391,48.48610535
882,77.61611935,77.19495518,42.06594031,57.69750249,57.2505286,53.7971185,38.93533234,47.94691
883,77.60984143,77.17323513,41.90365552,57.69138204,57.26575979,53.720872,38.9278994,48.52758192
884,77.60156455,77.12343741,42.0899362,57.68633877,57.29178263,53.7996796,38.93839115,47.94691
885,77.59975167,77.15110898,41.8656541,57.67929989,57.12227031,53.71992863,38.92886139,47.65657404
886,77.58843134,77.17967491,41.63844131,57.67192896,57.06368399,53.63836494,38.90887287,48.15429282
887,77.58812164,77.132219,41.79098799,57.66604284,57.14780225,53.71151647,38.90766,48.36167565
888,77.60145619,77.19298298,41.98257194,57.66040208,57.16602346,53.79500595,38.91362294,47.67731232
889,77.59949165,77.18668925,41.8075764,57.65357913,57.15247788,53.74330396,38.90099185,48.44462878
890,77.59493558,77.18598946,41.94757007,57.6487368,57.26682362,53.778624,38.9095656,48.44462878
891,77.61015254,77.23670273,42.05062403,57.64381706,57.29939404,53.81560803,38.9133597,48.19576939
892,77.6177634,77.24152206,42.00074735,57.63797035,57.22025444,53.79605775,38.91588051,48.02986313
893,77.61936437,77.16765882,42.01852139,57.63242746,57.27556703,53.81031527,38.91142392,48.40315222
894,77.62174484,77.19886044,42.11745647,57.62721993,57.25038002,53.82046118,38.92040154,48.05060141
895,77.61805875,77.14330449,41.97047414,57.62157718,57.25821976,53.76232396,38.92047786,48.19576939
896,77.62808255,77.19766768,42.01140359,57.61587872,57.20828991,53.77512624,38.91868673,48.05060141
897,77.6256936,77.11876965,42.0072709,57.61029741,57.23996022,53.77897942,38.91458393,48.21650767
898,77.6343248,77.1719309,41.97517189,57.60508024,57.26437211,53.7748862,38.91374988,48.19576939
899,77.6378276,77.17498004,42.01807236,57.59904024,57.13799879,53.76994843,38.91380709,47.92617171
900,77.63071859,77.1230615,41.86588815,57.5927145,57.10325311,53.71657478,38.90769604,47.96764828
901,77.62372977,77.12712596,41.90265017,57.58698517,57.1705488,53.73664217,38.90277969,48.15429282
902,77.63206172,77.23074866,41.99930955,57.58116549,57.12967819,53.76152285,38.90564864,47.94691
903,77.6311053,77.15324376,41.7964888,57.57466711,57.05010294,53.69485351,38.89948994,47.46992949
904,77.63902308,77.20965307,41.50763287,57.56686465,56.91789621,53.59987314,38.88050211,47.86395686
905,77.64121004,77.17825246,41.57049695,57.56096101,57.0669543,53.62907699,38.87648216,48.15429282
906,77.64848761,77.22136696,41.71122743,57.55489919,57.02296594,53.67117592,38.87672777,47.76026545
907,77.64763576,77.20372326,41.70935993,57.5483776,57.02595883,53.64446694,38.86695349,48.13355454
908,77.64369527,77.1339875,41.8022461,57.54268715,57.06034088,53.67358599,38.86799134,47.71878888
909,77.63800338,77.11097759,41.66147985,57.535749,56.97145274,53.60997941,38.85659358,47.73952717
910,77.63417957,77.14227233,41.61872206,57.52953026,57.03881942,53.58664251,38.84449308,48.07133969
911,77.63075135,77.21742227,41.7228381,57.5238535,57.06408893,53.65699733,38.84363489,48.02986313
912,77.62894358,77.09602961,41.76116974,57.51715979,56.91304748,53.6434486,38.84062189,47.26254666
913,77.62224381,77.15711456,41.38437654,57.50873303,56.75960713,53.51525492,38.81911536,47.30402323
914,77.6173756,77.17692989,41.25467702,57.5008023,56.75569766,53.48902548,38.79118038,47.6980506
915,77.62665165,77.25859421,41.31504046,57.49424781,56.87027196,53.51040612,38.78135909,48.05060141
916,77.61909699,77.16272272,41.49364893,57.4888271,57.00989791,53.5794994,38.78202228,48.11281626
917,77.61528066,77.16761418,41.68917791,57.48324249,57.02324345,53.62149827,38.78602637,47.78100373
918,77.61286567,77.16207669,41.68088352,57.47682159,56.97337023,53.58687338,38.77975312,47.71878888
919,77.61170933,77.16334795,41.56290284,57.46988851,56.877441,53.54992199,38.7678755,47.49066777
920,77.60550485,77.1408477,41.54744537,57.46310312,56.91434803,53.51761722,38.75185552,47.8224803
921,77.60354181,77.11797082,41.66485887,57.4566912,56.89812549,53.5469918,38.74345502,47.65657404
922,77.59452209,77.12643406,41.55600027,57.44989245,56.86552056,53.55203095,38.73692662,47.90543343
923,77.59271564,77.15011246,41.64797836,57.44476343,57.05689609,53.55902245,38.73846423,47.92617171
924,77.59089677,77.14977024,41.66419943,57.43923177,57.06332983,53.56538649,38.73596402,48.11281626
925,77.59097783,77.19224148,41.74344496,57.43381568,57.02996931,53.62792921,38.74239776,47.40771464
926,77.58932022,77.18631971,41.47898197,57.42595119,56.79182951,53.50150134,38.72287427,47.65657404
927,77.59035682,77.16049811,41.57294619,57.41945875,56.8437549,53.51197161,38.71739093,47.76026545
928,77.59766895,77.18177834,41.6053551,57.41349982,56.92237233,53.55074624,38.71144083,47.88469515
929,77.59062333,77.14220126,41.66814406,57.40763771,56.93400434,53.56806528,38.71122336,47.78100373
930,77.58664146,77.12182451,41.62704836,57.40132724,56.88614478,53.53844317,38.70724382,47.65657404
931,77.59002439,77.1574764,41.55787906,57.39540926,56.95637013,53.52817748,38.7003217,48.27872252
932,77.60647671,77.20532268,41.8563595,57.39014601,56.92602208,53.61022211,38.71115877,47.5736209
933,77.5996424,77.15703815,41.68259234,57.38373088,56.90419349,53.54661272,38.70264484,47.36623808
934,77.59434617,77.13187837,41.4222908,57.37634677,56.78062665,53.46685894,38.68468347,47.55288262
935,77.59800863,77.15170258,41.33895519,57.36940738,56.74439811,53.42393852,38.67663523,47.30402323
936,77.58828253,77.07950612,41.30297649,57.36206444,56.72254192,53.39421002,38.65900466,47.71878888
937,77.59816185,77.10015545,41.32958296,57.35527743,56.69042289,53.42713228,38.65493779,47.24180838
938,77.58084212,77.07347173,41.1637735,57.34752257,56.63680055,53.34462815,38.63917417,47.51140606
939,77.57931198,77.1016368,41.19108531,57.34054256,56.66227392,53.3676886,38.63181859,47.34549979
940,77.5908925,77.18149853,41.16124507,57.33349254,56.69988177,53.34453162,38.62088173,47.44919121
941,77.57463061,77.15410418,41.1846891,57.32650498,56.69402985,53.33140153,38.6095684,47.71878888
942,77.57680489,77.09958,41.38407656,57.32104317,56.86708395,53.42087424,38.60648824,48.02986313
943,77.58011099,77.14890855,41.59938365,57.31577859,56.88976509,53.48570748,38.60963754,47.40771464
944,77.5777545,77.17072762,41.40788542,57.30875398,56.76746272,53.41656203,38.59697166,47.46992949
945,77.58353664,77.15630594,41.30882191,57.30210248,56.75250691,53.38799877,38.58584004,47.8224803
946,77.57578287,77.14066703,41.43774419,57.29648542,56.82066546,53.43622161,38.58335455,47.42845292
947,77.57363017,77.13216136,41.27982546,57.28997206,56.80090784,53.39918758,38.57366569,47.63583575
948,77.5827239,77.1662666,41.5055616,57.28380761,56.78845843,53.45878643,38.56732296,47.73952717
949,77.58649453,77.20432598,41.44502603,57.27755497,56.73414208,53.45280435,38.56689805,47.40771464
950,77.58968123,77.22560619,41.32202919,57.27121786,56.78031403,53.40756697,38.55755923,47.88469515
951,77.58168984,77.26837879,41.55847738,57.26572725,56.80732774,53.49523,38.56094733,47.40771464
952,77.58940256,77.27272384,41.37648738,57.25928025,56.78192437,53.44788517,38.55408047,47.63583575
953,77.58960604,77.18827826,41.38483053,57.25366554,56.8445434,53.42058258,38.55226522,47.88469515
954,77.58820183,77.20800025,41.58654322,57.24851606,56.87793819,53.48656611,38.55914519,47.80174202
955,77.58477919,77.19381526,41.5166086,57.2428804,56.82853202,53.47645976,38.56015137,47.55288262
956,77.58891655,77.14259735,41.44000628,57.23636528,56.72118986,53.41706656,38.55139882,47.2210701
957,77.58218207,77.14806196,41.29253921,57.22899927,56.61490506,53.3751475,38.53701489,47.80174202
958,77.58852209,77.19186384,41.39235023,57.22368154,56.74650878,53.39942002,38.53615462,47.61509747
959,77.5987325,77.2467548,41.42767671,57.21790132,56.77221168,53.40645871,38.53435455,47.65657404
960,77.58820924,77.16766241,41.53864523,57.21224022,56.78704665,53.4271321,38.53633134,47.96764828
961,77.58493197,77.19658934,41.68336458,57.20794857,56.93371341,53.52546268,38.54504661,47.92617171
962,77.57601333,77.17631103,41.74113798,57.20308199,56.91033782,53.51307876,38.55080445,47.65657404
963,77.57115176,77.15077063,41.75224765,57.19789616,56.91451151,53.46030427,38.54973491,47.98838656
964,77.58237572,77.2002145,41.88152636,57.19301625,56.8759045,53.51526926,38.55612013,47.5736209
965,77.57400613,77.18321768,41.77491619,57.18709542,56.7939535,53.47338804,38.55381131,47.40771464
966,77.57239019,77.16899802,41.60157488,57.18083547,56.73902876,53.38961736,38.54469491,47.73952717
967,77.57514994,77.20765375,41.63986736,57.17559974,56.79113798,53.45325071,38.54557518,47.65657404
968,77.57033626,77.14047259,41.61883604,57.16956219,56.69904689,53.42489433,38.54128491,47.49066777
969,77.56768323,77.13824909,41.56629932,57.16353794,56.6989624,53.40554607,38.53502909,47.40771464
970,77.57235721,77.11398718,41.4516879,57.15710984,56.6474894,53.36580113,38.52804617,47.61509747
971,77.57103413,77.11122322,41.50593458,57.15171641,56.73573846,53.38313429,38.52590711,47.63583575
972,77.57293727,77.15429844,41.51063369,57.14673342,56.83377831,53.4097892,38.52358971,47.94691
973,77.58635532,77.22087915,41.69862836,57.14176437,56.79037268,53.49891271,38.53209663,47.30402323
974,77.57735962,77.23866792,41.46561201,57.13567951,56.75149123,53.41223654,38.52150364,47.73952717
975,77.58389032,77.2075675,41.57388121,57.13047589,56.76092271,53.39913991,38.52319694,47.86395686
976,77.59472136,77.23980929,41.73259921,57.12621119,56.88583734,53.46248781,38.53030414,47.8224803
977,77.60236088,77.2125627,41.80572455,57.12144544,56.8625278,53.51992912,38.53552462,47.94691
978,77.61431645,77.20603434,41.85694849,57.11711874,56.89012424,53.53511595,38.54233085,47.49066777
979,77.60393455,77.10372221,41.62453195,57.11077243,56.68256623,53.42002006,38.5379565,47.36623808
980,77.59400202,77.1614678,41.4803228,57.10433304,56.60443233,53.35474713,38.52879176,47.38697636
981,77.59273085,77.13670582,41.48993514,57.09853565,56.66688844,53.35573586,38.52216269,47.90543343
982,77.58918479,77.10236937,41.70999237,57.09451228,56.84747715,53.41834682,38.52715944,47.92617171
983,77.59185799,77.12796294,41.78855822,57.08999264,56.83361553,53.48531091,38.534019,47.6980506
984,77.58841966,77.12738428,41.68986001,57.08546604,56.88283209,53.4763751,38.53346106,47.90543343
985,77.58999237,77.16647133,41.77670181,57.08111584,56.87196707,53.48764965,38.53880779,47.8224803
986,77.58087524,77.10920948,41.70028161,57.0755933,56.68992561,53.44284361,38.53833985,46.76482787
987,77.55977085,77.05138461,41.21549082,57.06724233,56.41688647,53.24389043,38.51108861,47.32476151
988,77.56065933,77.13449212,41.20573425,57.06091981,56.47932925,53.27282911,38.49712611,47.24180838
989,77.55663356,77.23165204,41.17711104,57.05465745,56.5336804,53.29627144,38.48702736,47.46992949
990,77.56537046,77.18383173,41.28890643,57.04896212,56.58808012,53.33669665,38.48013856,47.51140606
991,77.56627569,77.16695189,41.32213495,57.04360409,56.65074322,53.3492738,38.47409696,47.40771464
992,77.55574708,77.19852621,41.27237663,57.03750306,56.57716388,53.33945403,38.47045817,47.36623808
993,77.55328436,77.17392278,41.17455053,57.03181423,56.61818118,53.26515114,38.46090474,47.53214434
994,77.54631018,77.11553443,41.29066997,57.02574432,56.52337296,53.28601558,38.45605572,47.07590212
995,77.52897338,77.14298345,41.01922339,57.01857285,56.41503353,53.20603537,38.44368257,47.24180838
996,77.53820677,77.26007729,41.07843765,57.01230519,56.46893089,53.23669609,38.43205066,47.26254666
997,77.5262907,77.14423978,41.07216275,57.00671603,56.59356168,53.25351945,38.42414941,47.65657404
998,77.51605649,77.15574115,41.27907408,57.00214158,56.70616379,53.31127358,38.42588499,47.98838656
999,77.5176796,77.14164628,41.57263956,56.99795454,56.72931583,53.40244921,38.43927211,47.38697636
1000,77.49880717,77.10957777,41.43388407,56.99192331,56.58803083,53.32690953,38.43241619,47.05516383
1001,77.49754582,77.13456031,41.25541412,56.98579486,56.59259901,53.26340514,38.41952756,47.65657404
1002,77.4931471,77.14664879,41.45090424,56.9811643,56.67936821,53.31158461,38.42284664,47.46992949
1003,77.48091492,77.12705531,41.41513727,56.97583095,56.6466369,53.32145318,38.42305377,47.46992949
1004,77.46694749,77.09906362,41.42470183,56.97025062,56.58601308,53.27202448,38.42276783,47.34549979
1005,77.4679244,77.19986953,41.3214856,56.96433231,56.5298091,53.27216419,38.41730658,47.2210701
1006,77.4714332,77.22822691,41.1968378,56.95846522,56.54195561,53.24462467,38.4099075,47.42845292
1007,77.46978517,77.15633384,41.24612104,56.95365944,56.66460311,53.26803593,38.40321253,48.02986313
1008,77.47626589,77.16774146,41.5698262,56.95007246,56.75662033,53.37755136,38.41716577,47.49066777
1009,77.47354115,77.08775102,41.43191499,56.94471798,56.64296834,53.33432174,38.41720796,47.13811696
1010,77.4801324,77.14633885,41.2055633,56.93849672,56.53694527,53.26399198,38.40465104,47.26254666
1011,77.47443543,77.14774181,41.14753705,56.93285949,56.55020023,53.25253082,38.3965329,47.49066777
1012,77.48523847,77.20104015,41.23384059,56.92793597,56.61042401,53.28378516,38.39611591,47.49066777
1013,77.47448693,77.18431075,41.20639883,56.92238411,56.52639035,53.26487144,38.39370005,47.11737868
1014,77.46151705,77.16268642,41.09448464,56.9165031,56.52953811,53.22804149,38.38506319,47.34549979
1015,77.46451769,77.1731389,41.14147361,56.91095642,56.52193675,53.20990851,38.37963557,47.53214434
1016,77.46824666,77.20078521,41.26283095,56.90595682,56.55441931,53.25349378,38.37644072,47.44919121
1017,77.46805196,77.22118045,41.38075883,56.90038498,56.49132962,53.25891603,38.37174936,47.0966404
1018,77.46558371,77.16717181,41.16230755,56.8940465,56.42368347,53.16994804,38.36154164,47.03442555
1019,77.45841253,77.20408014,41.04027106,56.88778193,56.41563408,53.1700373,38.34835671,47.59435919
1020,77.45822231,77.13108778,41.29400277,56.88259204,56.43646037,53.24310061,38.35631667,47.01368727
1021,77.45728987,77.19769709,41.03161192,56.87600189,56.36334205,53.14190105,38.34551321,47.13811696
1022,77.44985535,77.16283766,41.14616396,56.87030189,56.44001491,53.16723752,38.33823648,47.17959353
1023,77.45817276,77.2026252,41.18961927,56.86473559,56.47993936,53.21362882,38.32842342,47.88469515
1024,77.45719287,77.10078466,41.43411081,56.86117688,56.63886828,53.26015954,38.345188,47.42845292
1025,77.46369939,77.1578064,41.40048338,56.8555277,56.48024553,53.24452984,38.34467063,47.11737868
1026,77.45419747,77.17026811,41.2461671,56.84979462,56.47449253,53.20315791,38.33705167,47.32476151
1027,77.45743552,77.19590954,41.32612481,56.84442143,56.47298493,53.22147853,38.33338146,47.0966404
1028,77.45824617,77.23210185,41.19059273,56.83890087,56.50366726,53.18407542,38.32277605,47.36623808
1029,77.45849635,77.18183933,41.338313,56.83387395,56.52322942,53.21977141,38.32224679,47.42845292
1030,77.44715395,77.11672445,41.38588969,56.82958183,56.63424635,53.22810769,38.3230659,47.88469515
1031,77.45813992,77.14714242,41.72655906,56.82595782,56.66939922,53.32493656,38.33833092,47.34549979
1032,77.45697955,77.22228948,41.58052424,56.82119983,56.63549563,53.29380086,38.33595069,47.65657404
1033,77.46550838,77.27367763,41.63631251,56.81661107,56.56132931,53.31081235,38.34111672,47.32476151
1034,77.4628018,77.17357739,41.59380829,56.81162526,56.54640031,53.27607223,38.33644871,47.26254666
1035,77.45799319,77.17015983,41.43843177,56.80603406,56.4522464,53.19350773,38.33002388,47.20033181
1036,77.46486761,77.14604288,41.24925818,56.80019922,56.38280688,53.1284122,38.32268239,47.46992949
1037,77.47269002,77.16572856,41.3651418,56.79536652,56.4415007,53.21379902,38.32118543,47.13811696
1038,77.46054038,77.10263026,41.20472955,56.79025074,56.50341654,53.15657728,38.31381473,47.42845292
1039,77.45158916,77.05226552,41.3440525,56.78524436,56.46701271,53.17768886,38.31778517,47.03442555
1040,77.46118001,77.12497556,41.10740922,56.77889825,56.32867604,53.13909487,38.30468997,46.88925757
1041,77.46732347,77.16995896,40.97048048,56.77265533,56.31888943,53.09635511,38.28816047,47.26254666
1042,77.47167641,77.18431996,41.0702446,56.76706837,56.31884313,53.14623889,38.28291886,47.20033181
1043,77.46778818,77.18742082,41.0556636,56.76112667,56.27232204,53.09004807,38.27828394,46.847781
1044,77.46163743,77.12057657,40.93915541,56.75445013,56.21852051,53.05715587,38.26122324,46.86851929
1045,77.47176073,77.14056929,40.85784074,56.74803914,56.22694158,53.03486982,38.24630631,47.11737868
1046,77.46148402,77.1009812,40.97746938,56.74189019,56.20246654,53.03482971,38.23849126,47.03442555
1047,77.46045598,77.09480111,41.01604104,56.73634694,56.3072893,53.08693436,38.22964296,47.13811696
1048,77.45855442,77.12649499,41.00391039,56.73080449,56.32085102,53.0719148,38.22280139,47.15885525
1049,77.46742898,77.1650884,41.00811003,56.72538343,56.33602829,53.07235384,38.21667886,47.30402323
1050,77.47173394,77.23099633,41.10504491,56.72004787,56.31363139,53.14150006,38.2202429,47.0966404
1051,77.45061534,77.07508561,41.10788651,56.71448504,56.31871513,53.11395482,38.21425247,47.0966404
1052,77.44976922,77.19156409,41.10326924,56.70912512,56.35182726,53.14004455,38.20957259,46.99294898
1053,77.45144808,77.16963221,41.03874765,56.7035137,56.34832537,53.08515544,38.20208391,47.40771464
1054,77.44504322,77.14772568,41.2669093,56.69901671,56.41567166,53.1213351,38.20979148,47.40771464
1055,77.43949899,77.07922529,41.40710951,56.69446684,56.43121894,53.16890307,38.21261689,47.28328494
1056,77.43465458,77.12822404,41.37616637,56.68928881,56.35994227,53.18242065,38.2123252,46.86851929
1057,77.42804596,77.03204982,41.1465614,56.68371041,56.36789508,53.08901121,38.20444076,47.73952717
1058,77.41828947,77.09209779,41.42101994,56.6799988,56.44615107,53.21673861,38.21878481,47.01368727
1059,77.41948289,77.08265503,41.3286951,56.67493397,56.445011,53.15730134,38.21478234,47.51140606
1060,77.4183685,77.14630835,41.47515108,56.67067678,56.44209543,53.18815504,38.22143339,46.90999585
1061,77.40828103,77.14206588,41.21515243,56.66505012,56.36972591,53.10091585,38.2115399,47.24180838
1062,77.39726521,77.12146308,41.19527679,56.65965928,56.28197005,53.09908154,38.21207719,46.847781
1063,77.38972847,77.11187336,40.9245689,56.65356796,56.22798883,52.99018262,38.20255095,46.99294898
1064,77.39528216,77.12150488,40.89140064,56.6472419,56.12110227,53.0090452,38.19334167,46.61965989
1065,77.39172714,77.15373065,40.73144612,56.64056539,56.11109143,52.94673734,38.1764808,47.2210701
1066,77.39152215,77.21026421,40.92058885,56.63576664,56.25297002,53.05921284,38.17717938,47.07590212
1067,77.40319891,77.25710655,40.90993144,56.63036239,56.24921013,53.04658739,38.17160816,46.9722107
1068,77.40010462,77.25372185,40.87143913,56.62513667,56.30030382,53.04547312,38.16519651,47.34549979
1069,77.38892276,77.11998263,41.07066302,56.62038266,56.29842901,53.06276029,38.1687075,47.13811696
1070,77.39829405,77.18094092,41.01618988,56.61600444,56.41123127,53.06533868,38.16576851,47.15885525
1071,77.40179558,77.21460671,41.04619362,56.61062269,56.28442613,53.0654978,38.16449787,46.86851929
1072,77.40010142,77.14415498,40.98124925,56.60536707,56.32193383,53.01802964,38.15385251,47.49066777
1073,77.39859359,77.17047973,41.18795591,56.60130209,56.3656201,53.10841232,38.16170763,46.99294898
1074,77.40298536,77.13892628,41.11327787,56.59690774,56.46019242,53.08411047,38.15604934,47.71878888
1075,77.39967903,77.08904453,41.41403734,56.59361186,56.48615734,53.18498991,38.17074248,47.17959353
1076,77.40264472,77.12815488,41.24442096,56.58895064,56.40960486,53.15467829,38.170371,47.42845292
1077,77.40597443,77.18573725,41.32376117,56.58505411,56.43174164,53.19538774,38.17806116,47.30402323
1078,77.39102054,77.08942773,41.38004809,56.58047609,56.35772478,53.14165082,38.18440162,47.30402323
1079,77.38228843,77.09633458,41.38711146,56.57555997,56.26544088,53.10644027,38.18777029,46.78556616
1080,77.39087148,77.14513463,41.07882539,56.56927631,56.13143403,53.00978515,38.17425895,46.64039818
1081,77.39664153,77.23226136,40.90635216,56.56277168,56.07109815,52.96020984,38.15638511,46.99294898
1082,77.38888449,77.19344015,40.95962374,56.55715121,56.09226287,52.97886784,38.14722161,46.57818333
1083,77.3860174,77.1637112,40.75717228,56.55096584,56.11356964,52.89562056,38.13037845,47.07590212
1084,77.3864368,77.13226935,40.92949343,56.54556973,56.11495834,52.9444009,38.124031,46.82704272
1085,77.40130801,77.21359666,40.85544469,56.53939609,56.0456459,52.91215822,38.10801795,46.68187474
1086,77.38444314,77.15299768,40.8027293,56.53303631,56.01932791,52.86626387,38.09560939,46.88925757
1087,77.39172052,77.15584777,40.91754884,56.5277969,56.13458852,52.93073999,38.09042527,47.01368727
1088,77.38870342,77.17615895,40.86203818,56.52225529,56.09823288,52.92082895,38.08834131,46.847781
1089,77.39703377,77.21212306,40.9186375,56.51667588,56.11488478,52.94494764,38.07954378,46.82704272
1090,77.39037331,77.13742307,40.87472956,56.51103093,56.11159129,52.92144216,38.0730579,46.82704272
1091,77.38781321,77.20556976,40.81247915,56.50568269,56.15369757,52.92722285,38.06399877,47.38697636
1092,77.39233716,77.18212552,41.11559436,56.50209666,56.31253443,53.0161024,38.07590647,47.03442555
1093,77.39062537,77.18501992,41.17431207,56.49725379,56.26288414,53.01589282,38.0712135,46.88925757
1094,77.38934352,77.16968331,41.07749829,56.49193192,56.1960048,52.96440537,38.06714617,46.90999585
1095,77.38101877,77.06105586,41.00387929,56.48628341,56.1035851,52.91292455,38.06252995,46.59892161
1096,77.37094745,77.109102,40.80889282,56.48046541,56.11091528,52.83316497,38.0514936,47.20033181
1097,77.38041293,77.10116622,40.998766,56.47613564,56.19677876,52.91512897,38.05912201,46.86851929
1098,77.00307803,74.82045867,40.90980836,56.47046094,56.09504047,52.52272895,38.05449394,46.80630444
1099,76.76264762,73.63222836,40.8476848,56.46513533,56.1200526,52.30176125,38.04957322,46.90999585
1100,76.57118727,72.78931267,40.81301249,56.45982851,56.10167268,52.11747097,38.04804794,46.74408959
1101,76.40290316,72.12949896,40.75259133,56.45412325,56.06633775,52.01747819,38.04355889,46.78556616
1102,76.24524345,71.58747697,40.73217664,56.44854693,56.05568366,51.92919479,38.03694029,46.9722107
1103,76.09904941,71.12061475,40.7192376,56.44344574,56.07575418,51.81496683,38.03625192,46.74408959
1104,75.9550154,70.71222165,40.66777092,56.43841675,56.15486764,51.73104834,38.02881968,46.68187474
1105,75.81331545,70.34861091,40.48228505,56.43172151,55.92309114,51.57035542,38.0182267,46.2463708
1106,75.67016911,70.01531173,40.25812315,56.42468525,55.87449122,51.40697271,38.00083939,46.82704272
1107,75.53379677,69.70822147,40.46210412,56.41953983,56.0072598,51.45173366,37.99850581,46.80630444
1108,75.39675439,69.42978884,40.49138027,56.41449266,56.08349696,51.39455762,37.99172665,47.11737868
1109,75.25970644,69.16809856,40.66544563,56.40981333,56.09019355,51.38451158,37.99587139,46.47449191
1110,75.11826646,68.9198043,40.42966436,56.40349441,55.98758742,51.23312667,37.98369562,46.76482787
1111,74.98153042,68.68368307,40.48221387,56.39834575,56.05219683,51.20318095,37.97559158,46.80630444
1112,74.84591055,68.46396532,40.4346271,56.39267871,55.97854759,51.13946289,37.97091213,46.3708005
1113,74.70804711,68.25583201,40.20206066,56.3856294,55.82795178,50.98468505,37.95665145,46.28784737
1114,74.56930201,68.05852263,40.10329252,56.37827647,55.72687903,50.92626866,37.94100198,46.20489423
1115,74.43056817,67.86552727,39.85753117,56.37094679,55.7036715,50.81789579,37.9226119,46.41227706
1116,74.29358876,67.68515068,39.92901811,56.36427951,55.74365975,50.77776337,37.90801094,46.18415595
1117,74.15832365,67.5108802,39.71125612,56.35615618,55.57393169,50.64413908,37.88967907,45.6449606
1118,74.0139331,67.34095531,39.46246461,56.347126,55.48480442,50.51836072,37.85893537,46.01824969
1119,73.87627219,67.17653934,39.49825166,56.33897925,55.48622096,50.51170503,37.84044754,45.99751141
1120,73.74053499,67.02221107,39.43493311,56.33109636,55.52920381,50.43373203,37.81876728,46.18415595
1121,73.60432938,66.86813034,39.54609767,56.32362126,55.55877199,50.39753916,37.80375673,45.74865201
1122,73.46473989,66.72092396,39.36351146,56.31458872,55.42241884,50.29581851,37.7806424,45.83160514
1123,73.32624377,66.5773837,39.31096109,56.3066693,55.51687064,50.25684211,37.75353441,46.1219411
1124,73.19333553,66.43931608,39.31753197,56.29863124,55.45314679,50.2213882,37.73958077,45.91455827
1125,73.05760268,66.30959035,39.27977452,56.29055383,55.46604732,50.14054419,37.71837599,45.97677312
1126,72.92609971,66.17844966,39.19147885,56.28251288,55.45632908,50.08174349,37.70253245,45.93529656
1127,72.79366886,66.05160789,39.21003678,56.27448641,55.4596084,50.05911302,37.68046632,45.93529656
1128,72.66564178,66.03461793,39.26850761,56.26652893,55.46428835,50.08437554,37.66385589,45.60348403
1129,72.53869875,66.01781169,39.01705904,56.25745206,55.35966425,49.968848,37.63682055,45.81086686
1130,72.41920619,66.00191143,39.0640536,56.24941727,55.42337309,49.92604604,37.61789201,46.18415595
1131,72.30687622,65.98693908,39.15100107,56.24228572,55.49672716,49.96886917,37.60712085,45.97677312
1132,72.19957785,65.97251997,39.21907086,56.23429595,55.43496626,49.90429007,37.59307749,45.35462464
1133,72.09274004,65.95823126,38.8856598,56.22376692,55.14191658,49.78914505,37.56282649,45.12650353
1134,71.98571512,65.94437354,38.47330775,56.21294657,55.01831045,49.62425468,37.52932953,45.16798009
1135,71.88390937,65.93095459,38.44576436,56.20290967,55.07341489,49.60525283,37.49576562,45.6449606
1136,71.79117895,65.91852074,38.57798229,56.1941182,55.16884291,49.63322427,37.47908599,45.60348403
1137,71.6984065,65.9061104,38.62857404,56.18535719,55.21937386,49.62991769,37.46017734,45.60348403
1138,71.60977422,65.89434813,38.67327733,56.17623666,55.17400084,49.57232686,37.43960239,45.27167151
1139,71.52313382,65.88268173,38.56903269,56.16660594,55.15143962,49.54340026,37.40904253,45.74865201
1140,71.44488967,65.87235219,38.6663685,56.15773336,55.13349883,49.58435114,37.39394545,45.45831605
1141,71.36657058,65.86197739,38.58699651,56.14879001,55.18260402,49.50600157,37.37529701,45.54126918
1142,71.28967749,65.8517445,38.60370783,56.13960799,55.13360336,49.46271078,37.35505732,45.25093322
1143,71.21432502,65.84149821,38.52417911,56.12950043,55.02566071,49.43924668,37.33069361,45.25093322
1144,71.14366494,65.83207974,38.52223093,56.12019217,55.1038103,49.45425703,37.30230138,45.5205309
1145,71.07612221,65.82322665,38.54809824,56.11132645,55.13256863,49.44477953,37.286077,45.49979262
1146,71.0072612,65.81393002,38.646732,56.10215618,55.09151802,49.46811478,37.27098126,45.20945666
1147,70.93839501,65.8049683,38.54350917,56.09115375,54.83765226,49.3906967,37.24991412,44.69099959
1148,70.86943745,65.79578245,38.1666073,56.08065179,54.93822091,49.22409764,37.21462921,45.56200747
1149,70.80883281,65.78799781,38.44024141,56.071667,54.99542415,49.30726911,37.20455068,44.98133555
1150,70.74373539,65.77952046,38.26619086,56.06088682,54.87052322,49.20934843,37.17503537,45.00207383
1151,70.68338623,65.77148276,38.22467833,56.05059494,54.8804645,49.20150494,37.14591188,44.81542928
1152,70.62149606,65.76337229,38.05500549,56.03935378,54.76649618,49.10942753,37.1133347,45.02281211
1153,70.56383725,65.75553412,38.07665783,56.02905415,54.80783049,49.10907417,37.09149291,45.02281211
1154,70.50757151,65.74798223,38.10672471,56.01841214,54.76133404,49.07523445,37.06968171,44.69099959
1155,70.45057411,65.74044578,37.85829097,56.00676067,54.65066389,48.97874314,37.03803147,44.69099959
1156,70.39560402,65.73335823,37.8111194,55.99601042,54.74076972,48.96828125,37.01432362,45.35462464
1157,70.34657613,65.72671835,37.97987172,55.98630717,54.76976985,49.01963758,37.00337118,44.40066363
1158,70.28805671,65.7190958,37.68275617,55.97400106,54.59442943,48.90423692,36.96771948,44.69099959
1159,70.23597512,65.7122462,37.7493693,55.96357764,54.7414579,48.92920882,36.94602074,45.27167151
1160,70.19187209,65.70642708,37.96885245,55.95446362,54.8596628,49.00138531,36.94088706,45.16798009
1161,70.14659552,65.70070443,38.09999585,55.94477925,54.83447403,49.01122873,36.92704196,44.98133555
1162,70.09882197,65.69435557,38.01759974,55.93469538,54.79970829,49.01718569,36.9105599,44.81542928
1163,70.05221563,65.68819067,37.89890332,55.92413272,54.74079666,48.97796148,36.89202799,44.98133555
1164,70.00883765,65.68219349,37.88044402,55.91406586,54.74173528,48.96175457,36.87617894,45.08502696
1165,69.96726738,65.67660386,37.99745768,55.90450133,54.78934808,48.96929509,36.86883274,45.23019494
1166,69.92813171,65.67124691,38.12891298,55.89484484,54.74815845,48.97764202,36.86000008,44.25549564
1167,69.88099633,65.66495547,37.68051486,55.88242685,54.52119108,48.77796608,36.82529886,44.93985898
1168,69.84118976,65.65962593,37.70777076,55.8726025,54.66385038,48.81323943,36.8151556,44.81542928
1169,69.79996961,65.6542068,37.5599713,55.86262799,54.72630033,48.80747557,36.79686635,45.06428868
1170,69.76065736,65.6489722,37.81840855,55.85363109,54.84106507,48.85237099,36.78748643,45.37536292
1171,69.72640808,65.64449577,38.02352479,55.84498588,54.8583032,48.92129644,36.7841157,44.89838241
1172,69.68582712,65.63904414,37.96593971,55.83480108,54.7271875,48.86702148,36.76788413,44.56656989
1173,69.64293044,65.63353392,37.73316642,55.82377238,54.60844877,48.77170316,36.74916794,44.60804645
1174,69.60473696,65.6282819,37.67788912,55.8124177,54.48257145,48.71603709,36.72472611,44.40066363
1175,69.56569745,65.62290647,37.6202834,55.80123628,54.50078449,48.7154622,36.70219947,44.6702613
1176,69.52782327,65.61802279,37.5477355,55.79072789,54.53973292,48.68581111,36.68854621,44.98133555
1177,69.49258368,65.61357362,37.66435889,55.78112677,54.61495184,48.73777926,36.68036889,44.83616757
1178,69.45779695,65.60903003,37.75860865,55.77166554,54.70173978,48.75529215,36.66599622,44.93985898
1179,69.42200368,65.6044521,37.84390732,55.76176545,54.63145056,48.72970082,36.65981322,44.37992534
1180,69.38411124,65.59931835,37.72263573,55.75030341,54.48224217,48.66134974,36.63640321,44.794691
1181,69.35162637,65.59500454,37.72767713,55.74010913,54.50568463,48.6438523,36.62449225,44.40066363
1182,69.31636179,65.59023547,37.55169359,55.72916957,54.48768223,48.58255232,36.60284963,44.40066363
1183,69.28254213,65.5859282,37.37554013,55.71727481,54.31020501,48.48816763,36.57814304,44.15180423
1184,69.24896345,65.58148792,37.2239919,55.70548249,54.30606954,48.43856552,36.55132912,44.35918706
1185,69.21213297,65.57677494,37.18286481,55.69351498,54.21076491,48.38404933,36.53034615,43.90294484
1186,69.17311755,65.57155829,37.01108451,55.68081721,54.1615657,48.3101577,36.49680607,44.23475736
1187,69.14235467,65.56730913,36.99209552,55.66912834,54.20641426,48.32352129,36.47197169,43.9444214
1188,69.10740706,65.56271297,36.86308667,55.65678677,54.1826872,48.24297362,36.44406032,44.21401908
1189,69.07441258,65.55843777,36.98521617,55.64536512,54.24245835,48.28508654,36.42379523,44.56656989
1190,69.0421889,65.55431484,37.20358527,55.63451677,54.26050204,48.37442261,36.41253915,44.08958938
1191,69.00857557,65.54986483,37.13551215,55.62215777,54.13369338,48.3179887,36.38500896,44.1932808
1192,68.97891421,65.54570887,37.1146713,55.61060993,54.1750331,48.29646658,36.3677415,44.15180423
1193,68.9482904,65.54191893,37.03259864,55.59901409,54.1844692,48.28536029,36.34587889,44.25549564
1194,68.91649014,65.53761192,37.10084491,55.58779299,54.21336139,48.29598262,36.32964555,44.00663625
1195,68.88440871,65.53329764,37.02543334,55.57632512,54.23975964,48.24893683,36.30677102,44.40066363
1196,68.85342171,65.52938182,37.11681332,55.56541162,54.23058668,48.24964105,36.2940136,44.40066363
1197,68.82495304,65.52536576,37.1790132,55.55440872,54.20208348,48.26287928,36.28436499,43.61260888
1198,68.78959487,65.52053943,36.83606677,55.54105201,53.99853715,48.13733839,36.25453734,43.73703857
1199,68.75667673,65.51631732,36.74550903,55.52868786,54.02882759,48.08001121,36.22665438,44.17254251
1200,68.72591138,65.51242474,36.95088826,55.51714354,54.05119397,48.11879084,36.21497545,43.77851514
1201,68.69478673,65.50820485,36.88231358,55.5046536,53.99796182,48.08695171,36.1878968,43.9444214
1202,68.66674373,65.50455956,36.94564928,55.49283647,54.03091458,48.10016948,36.16986086,43.90294484
1203,68.63779092,65.50045917,36.81823499,55.48097355,54.04145888,48.09790087,36.15466933,44.0688511
1204,68.60995342,65.49659406,36.7956419,55.46870985,53.9230202,48.07228383,36.14045572,43.67482372
1205,68.58251126,65.49307521,36.69580355,55.4556489,53.83048798,47.9905054,36.11506591,43.65408544
1206,68.5554301,65.489265,36.60267544,55.44306884,53.86304659,47.96997851,36.09047259,43.90294484
1207,68.52873656,65.48561214,36.74300435,55.43097851,53.88191476,48.03507827,36.07530161,43.50891746
1208,68.50383859,65.48221135,36.62283175,55.41775147,53.79670069,47.94885101,36.04751788,43.57113231
1209,68.48021807,65.47906885,36.52687065,55.40498986,53.80746742,47.87854758,36.02233145,44.11032766
1210,68.45498754,65.47559958,36.82503842,55.39476758,54.08084692,48.02634881,36.01447311,44.71173787
1211,68.43590697,65.47279735,37.2146404,55.38488066,54.0884673,48.13660044,36.02183465,43.4674409
1212,68.40314182,65.46853565,36.8489169,55.37145117,53.82340868,47.97522067,35.99717709,43.44670261
1213,68.37684863,65.46528679,36.6506524,55.35841104,53.76550314,47.86672532,35.97219587,43.77851514
1214,68.35106178,65.4617509,36.67031523,55.34665741,53.85694517,47.90432722,35.95593724,43.77851514
1215,68.32731284,65.45833513,36.76507936,55.33491074,53.88693457,47.95074248,35.93440218,44.04811282
1216,68.30595586,65.45549516,36.8848796,55.32423054,53.99718337,47.94404575,35.92707247,43.92368312
1217,68.28440393,65.45262469,36.80249044,55.31211853,53.82836828,47.89460065,35.91632342,43.3430112
1218,68.26001377,65.4492859,36.48144194,55.29900537,53.73076515,47.77393183,35.89003644,43.69556201
1219,68.23968183,65.44680849,36.51328707,55.28656846,53.69454502,47.80810552,35.87811331,43.44670261
1220,68.21508168,65.44346736,36.3567185,55.27352135,53.63213554,47.77402643,35.85491291,43.48817918
1221,68.19495468,65.44096262,36.37703802,55.26076191,53.63079933,47.77686819,35.8366504,43.50891746
1222,68.17278285,65.43816614,36.2964753,55.24762132,53.54969602,47.73001435,35.81977703,43.05267524
1223,68.14697081,65.43450329,36.11609094,55.23372816,53.50016402,47.64680009,35.79403194,43.40522605
1224,68.1262818,65.43200991,36.15005441,55.22041156,53.46978908,47.67769802,35.77507887,42.88676898
1225,68.10046205,65.42871629,35.97187086,55.20621526,53.43494524,47.5812939,35.74100154,43.4674409
1226,68.08172378,65.42602142,36.08653597,55.19315604,53.4400348,47.64013314,35.72471461,43.19784322
1227,68.05637863,65.42255358,36.0742976,55.17984386,53.46183224,47.58042236,35.70467609,43.15636665
1228,68.03753208,65.41987459,36.02191767,55.16615663,53.41036969,47.56293733,35.67735142,43.52965574
1229,68.01599334,65.41670177,36.15814677,55.15364178,53.46938149,47.59456591,35.66713965,43.38448776
1230,67.99578582,65.41400238,36.16518159,55.14147389,53.57877035,47.60705666,35.65530164,43.42596433
1231,67.97320571,65.410661,36.19036284,55.12844108,53.46277997,47.61029336,35.64215184,43.05267524
1232,67.95251598,65.40779044,36.11138068,55.11512707,53.45293736,47.58835684,35.62202666,43.30153463
1233,67.93126761,65.40497872,36.07479045,55.10200278,53.40062011,47.55318026,35.60389581,43.17710494
1234,67.91023836,65.40211534,36.04830209,55.08864155,53.35938665,47.50937165,35.57748036,42.741601
1235,67.88653133,65.39896617,35.81505197,55.07508294,53.41108767,47.41376455,35.54505044,43.79925342
1236,67.87013976,65.39639491,36.2399186,55.06372613,53.51076409,47.57453939,35.54844825,43.03193696
1237,67.84788178,65.3931294,36.17799922,55.05020024,53.38604206,47.54277237,35.52927405,43.05267524
1238,67.82859803,65.39043907,36.10368593,55.03717939,53.39869839,47.4997477,35.5114341,43.65408544
1239,67.81199118,65.38807316,36.3595071,55.02641481,53.60763797,47.59848691,35.50421588,43.57113231
1240,67.79387399,65.38544617,36.461616,55.01455536,53.52862183,47.60217005,35.50071432,42.88676898
1241,67.771953,65.38253477,36.19378082,55.00146324,53.4608084,47.47388312,35.47686002,43.48817918
1242,67.75821842,65.38073927,36.27655366,54.98990628,53.51545834,47.51160243,35.47212706,43.52965574
1243,67.74499532,65.37866245,36.29900503,54.97835323,53.51962874,47.48367288,35.46898336,43.17710494
1244,67.72114765,65.37529579,36.25949454,54.96569471,53.4219885,47.45994677,35.45617571,43.17710494
1245,67.70542677,65.37296756,36.20242147,54.95381837,53.49761462,47.45197873,35.44197643,43.57113231
1246,67.68609101,65.37031513,36.32216977,54.94235268,53.48354664,47.49606969,35.43886251,43.03193696
1247,67.66407457,65.36737432,36.08420183,54.92964283,53.40348307,47.38560304,35.42596431,43.19784322
1248,67.64237055,65.36453997,36.17122506,54.91710289,53.34181197,47.3896816,35.41648943,43.03193696
1249,67.62267652,65.36196553,36.1823634,54.90500224,53.42223207,47.38904877,35.40074645,43.13562837
1250,67.60314634,65.3592507,36.13875703,54.89322028,53.47313601,47.37356925,35.38922925,43.57113231
1251,67.58696978,65.35695345,36.30006145,54.88237602,53.52566604,47.45406679,35.38923287,43.50891746
1252,67.57184902,65.35503036,36.38484303,54.87120263,53.49833624,47.45268077,35.38430119,42.84529241
1253,67.54763347,65.35198035,36.10862516,54.85830062,53.36728663,47.33811999,35.36245576,42.99046039
1254,67.52774373,65.3492285,36.0502749,54.84552506,53.2820313,47.3115378,35.34320255,42.70012443
1255,67.50689911,65.34637632,35.86888856,54.83241392,53.25515701,47.27193507,35.31857663,43.0941518
1256,67.48951271,65.3437669,35.9553563,54.81981061,53.21314313,47.28096663,35.30967654,42.70012443
1257,67.46834491,65.34094391,35.86512311,54.80668212,53.19697925,47.19880969,35.28788561,42.90750726
1258,67.44895954,65.33838309,35.88493153,54.79392428,53.18459243,47.21716954,35.27210893,42.99046039
1259,67.42691674,65.33516973,35.91531665,54.78147034,53.19687415,47.23761218,35.26355857,42.88676898
1260,67.40470391,65.33239839,35.87278164,54.76881195,53.18295419,47.20903112,35.24690714,42.80381584
1261,67.38689843,65.32993266,35.80410785,54.75539665,53.06162854,47.16664021,35.22967524,42.47200332
1262,67.36535677,65.3271262,35.68451302,54.74210883,53.10509895,47.12264676,35.20345245,43.0941518
1263,67.3502825,65.32492604,35.92008766,54.73037261,53.20450147,47.21397912,35.19585644,43.03193696
1264,67.3353399,65.32287584,36.01224012,54.71824635,53.18931798,47.22539071,35.18703701,42.84529241
1265,67.31798126,65.32025366,35.92888442,54.70608697,53.21635325,47.22488248,35.17415913,43.0941518
1266,67.30521023,65.31861788,35.97655439,54.69425496,53.20497172,47.21569478,35.1671644,42.67938615
1267,67.29176146,65.31659289,35.78987669,54.68138274,53.12635158,47.13565884,35.15079969,43.11489009
1268,67.27631473,65.31448158,35.82853766,54.66938877,53.11247913,47.13333978,35.1485307,42.59643302
1269,67.25744213,65.31206463,35.68420574,54.65624913,53.04404559,47.09089579,35.13295251,42.94898382
1270,67.24283846,65.31025787,35.80816036,54.64425649,53.09877724,47.12928434,35.12471078,42.59643302
1271,67.22217362,65.30741274,35.68365665,54.63087998,52.97543502,47.0632151,35.10856207,42.53421817
1272,67.20191843,65.30488185,35.55253885,54.617101,52.86027051,47.0201521,35.08944614,42.16092908
1273,67.18264471,65.30254166,35.36854689,54.60285244,52.81723176,46.9275787,35.06238786,42.741601
1274,67.17028643,65.30080087,35.57702391,54.59021773,52.90031029,47.02630339,35.04896361,42.72086271
1275,67.15626763,65.29894065,35.73635855,54.5782627,53.04687557,47.04025724,35.0410736,42.96972211
1276,67.14210258,65.29723056,35.84450743,54.56696178,53.14314425,47.08028175,35.03712874,43.19784322
1277,67.13248596,65.29574131,36.06520988,54.55567164,53.11538812,47.14514973,35.04022472,42.53421817
1278,67.11930803,65.29393445,35.9433287,54.54276286,52.9978896,47.05912029,35.02176085,42.741601
1279,67.10399383,65.29178167,35.91689941,54.53108122,53.08438587,47.06743725,35.0118264,42.96972211
1280,67.09083903,65.28984638,35.94814165,54.51893753,52.97403573,47.08447711,35.00633183,42.51347988
1281,67.07655754,65.28791079,35.69118838,54.50625932,52.94781729,46.97661804,34.98980578,42.51347988
1282,67.06174163,65.28541273,35.58207578,54.49355072,52.92001518,46.94423274,34.97377029,42.84529241
1283,67.04700012,65.28371772,35.68522033,54.48227777,53.0465548,46.95047324,34.96766057,42.88676898
1284,67.03249229,65.28181512,35.7135919,54.47081346,53.05014536,46.94081506,34.96203509,42.63790958
1285,67.01475893,65.27933949,35.70710607,54.45900211,53.04963091,46.92418921,34.94913578,42.92824554
1286,67.00061088,65.27733358,35.86429637,54.44751631,53.01693977,46.9967968,34.94921587,42.6171713
1287,66.98537705,65.27513296,35.83958547,54.43569931,53.01953819,46.9724053,34.93639528,42.59643302
1288,66.97193569,65.2734271,35.78963687,54.42324684,52.91055767,46.91262534,34.92696872,42.6171713
1289,66.95755724,65.27130117,35.76851241,54.41122936,52.91859017,46.88424143,34.91748697,42.70012443
1290,66.94617828,65.26973883,35.85711154,54.39882047,52.82524736,46.90308579,34.90915593,42.14019079
1291,66.92770065,65.2670734,35.51091436,54.38544272,52.76146995,46.74987023,34.88773054,42.34757362
1292,66.91595595,65.26553965,35.52673241,54.37250925,52.74011906,46.75562474,34.87240288,42.80381584
1293,66.9078662,65.26475103,35.66488383,54.36142485,52.90630701,46.83660248,34.87275533,42.76233928
1294,66.89802074,65.26311207,35.74808115,54.35017985,52.95294961,46.90490195,34.87178812,42.51347988
1295,66.88212302,65.26084025,35.73692199,54.33810502,52.89119248,46.8672439,34.85923386,42.67938615
1296,66.86945918,65.25889084,35.76405761,54.32702208,52.97521557,46.89315465,34.85482011,42.72086271
1297,66.85470679,65.25681367,35.71701835,54.31552434,52.92061601,46.88357789,34.8496188,42.51347988
1298,66.83761868,65.25451276,35.64133342,54.30351184,52.85520003,46.83182399,34.83890966,42.4927416
1299,66.82073688,65.25200499,35.60242367,54.2917292,52.85968918,46.81340491,34.83684482,42.43052675
1300,66.80538017,65.24981131,35.46207366,54.27932513,52.76357704,46.74101677,34.82464828,42.38905019
1301,66.78893751,65.24715655,35.49914318,54.26775547,52.86080484,46.75573062,34.8138405,42.86603069
1302,66.77910762,65.24601342,35.71895817,54.25731087,52.95313399,46.81987925,34.81584989,42.67938615
1303,66.76518142,65.24415019,35.74320732,54.24633632,52.94545628,46.83203039,34.80944275,42.88676898
1304,66.74952286,65.24188728,35.86816539,54.23536913,52.87776602,46.83217433,34.81216431,42.05723766
1305,66.73104995,65.23957944,35.54293503,54.22218189,52.69059152,46.74247824,34.78851034,42.24388221
1306,66.7159304,65.23772611,35.46691002,54.20990616,52.69799766,46.68863602,34.76997001,42.38905019
1307,66.70274187,65.23575383,35.54349034,54.19776126,52.673993,46.69629058,34.75887605,42.34757362
1308,66.68743499,65.23361036,35.55455669,54.18626812,52.77331532,46.68624727,34.74849306,42.76233928
1309,66.67882994,65.23235258,35.6905753,54.17497817,52.72954403,46.76286965,34.74565897,42.03649938
1310,66.66401379,65.23077481,35.52319795,54.16263014,52.71893258,46.6756912,34.72216124,42.6171713
1311,66.65032231,65.22898053,35.60722722,54.15130502,52.71906145,46.71280223,34.7149774,42.16092908
1312,66.63424628,65.22679305,35.42089572,54.13862629,52.60210605,46.63276639,34.70120605,41.99502281
1313,66.61716956,65.224484,35.22731626,54.12592523,52.58131147,46.53785332,34.67948762,42.22314392
1314,66.60399596,65.2225095,35.26255241,54.11405622,52.64028781,46.55660349,34.66708569,42.55495645
1315,66.59409658,65.22175706,35.46263856,54.10293329,52.69103714,46.62388605,34.66598304,42.28535877
1316,66.57958305,65.21970166,35.44536087,54.09174854,52.76655641,46.61766554,34.6518506,42.30609706
1317,66.56671314,65.21791254,35.30769082,54.08012542,52.71201775,46.58419674,34.64351962,42.59643302
1318,66.55926384,65.21684833,35.46359344,54.06932791,52.73694358,46.64940863,34.64586973,42.20240564
1319,66.54658235,65.21537957,35.43503011,54.05744759,52.6608703,46.6215183,34.63404336,42.11945251
1320,66.53299875,65.21379839,35.29233303,54.04557767,52.64076297,46.54047794,34.61810799,42.45126504
1321,66.52466592,65.21241195,35.32227804,54.03373173,52.53914014,46.555235,34.61430466,41.66321029
1322,66.50471142,65.20993209,35.01950168,54.02026861,52.42485655,46.40550899,34.58854865,42.07797594
1323,66.49175753,65.20845444,35.07073365,54.00791386,52.43711296,46.42010668,34.57614961,41.35213604
1324,66.47374086,65.20594726,34.77301215,53.99317204,52.2275236,46.30356517,34.54507936,41.78763998
1325,66.46190009,65.20481661,34.7893605,53.97982126,52.23554257,46.28625242,34.52350987,41.7669017
1326,66.44901253,65.20294901,34.86048358,53.96699305,52.32161148,46.31149609,34.5031745,42.07797594
1327,66.43688363,65.20116543,34.94252387,53.95439808,52.30513443,46.36951761,34.4952937,41.41435089
1328,66.42102097,65.19909945,34.74095846,53.94057202,52.25807983,46.28465472,34.46929774,41.97428453
1329,66.40859429,65.19707947,34.85465516,53.92862317,52.38876506,46.31453531,34.46057904,42.22314392
1330,66.39884115,65.1958948,35.04121461,53.91697639,52.41776605,46.3613053,34.4604895,41.82911655
1331,66.38574164,65.19421264,34.95917597,53.90434565,52.36114643,46.37229405,34.4473514,41.97428453
1332,66.37239164,65.19252398,34.99043947,53.8925638,52.42810295,46.36864474,34.43733647,42.16092908
1333,66.36256755,65.19132927,35.0945737,53.88071221,52.38635388,46.39134669,34.43606006,41.70468685
1334,66.35098936,65.18948702,34.91949612,53.86754872,52.26215186,46.29074056,34.4217299,41.53878059
1335,66.33913484,65.18784442,34.76593099,53.85476154,52.30150309,46.27642116,34.39747544,41.91206968
1336,66.32661371,65.18609883,34.94506787,53.84228013,52.2584136,46.29981657,34.38740336,41.49730402
1337,66.31176569,65.18409888,34.7709554,53.828541,52.12969239,46.20648251,34.36462909,41.58025715
1338,66.29953416,65.18231658,34.83935398,53.81564955,52.18274921,46.24414047,34.34393525,41.60099544
1339,66.28952557,65.18098814,34.811437,53.80272726,52.1822774,46.24278851,34.32755485,42.05723766
1340,66.28274393,65.17993887,34.94589488,53.79141428,52.31731669,46.28167368,34.3221105,41.99502281
1341,66.2733532,65.1787417,35.00667357,53.77960579,52.30149821,46.2894881,34.31765391,41.62173372
1342,66.26399758,65.17742411,34.8783521,53.76697017,52.24345325,46.20793342,34.30175672,41.8913314
1343,66.25281634,65.17572593,34.83166791,53.75480776,52.21343754,46.19949264,34.2956019,41.72542513
1344,66.24370953,65.17455218,34.78554984,53.74302247,52.29739039,46.17610769,34.28197822,41.53878059
1345,66.2330986,65.17290334,34.64675428,53.72985697,52.14236845,46.11571189,34.2638967,41.82911655
1346,66.2159906,65.17048707,34.87046228,53.7177786,52.16702566,46.20093839,34.25755771,41.8913314
1347,66.20436965,65.16901926,34.91590673,53.70629416,52.24969219,46.23451933,34.24926268,41.95354625
1348,66.18974914,65.16697605,34.99768889,53.69458311,52.2213688,46.23959247,34.24503015,41.51804231
1349,66.17674257,65.1651691,34.87486124,53.6812635,52.04602525,46.17826385,34.22662976,41.37287433
1350,66.16365915,65.16380531,34.65119906,53.66850875,52.09191479,46.10725227,34.20647156,41.93280796
1351,66.15441623,65.16252722,34.77616639,53.65737474,52.22095753,46.18649052,34.20193839,41.72542513
1352,66.14261954,65.16098407,34.72513345,53.64505306,52.12415707,46.13659632,34.1974812,41.68394857
1353,66.13312997,65.15992887,34.71948158,53.63304837,52.13349601,46.14312226,34.19184057,41.80837827
1354,66.12427422,65.15898393,34.80662385,53.62147934,52.1677179,46.18422378,34.18668739,41.87059311
1355,66.11355491,65.15759182,34.8991759,53.61017411,52.19901679,46.18680335,34.18287202,41.72542513
1356,66.10384319,65.15589354,34.86142451,53.59844664,52.17002391,46.17211381,34.18020941,41.45582746
1357,66.0920542,65.15421959,34.77667345,53.58566301,52.04318113,46.09692624,34.1631039,41.66321029
1358,66.08770051,65.15378381,34.78407409,53.57383745,52.08170514,46.11661033,34.15089966,41.55951887
1359,66.07618862,65.15211113,34.7685298,53.56179536,52.07936994,46.06992812,34.1406105,41.74616342
1360,66.06322365,65.150212,34.94990979,53.55020651,52.09143218,46.14375248,34.1356928,41.72542513
1361,66.0518132,65.14869877,34.97972034,53.53844764,52.0620509,46.1209022,34.132933,41.37287433
1362,66.04105445,65.14747831,34.78940741,53.52587684,51.99670994,46.04398448,34.11601409,41.55951887
1363,66.03285911,65.14605929,34.69913351,53.51378491,51.98884689,46.05435101,34.10789366,41.82911655
1364,66.02607634,65.14482976,34.86231006,53.50326781,52.16583648,46.11951999,34.1028103,41.8913314
1365,66.01879125,65.14399676,34.90774775,53.49171515,52.04566617,46.08314807,34.10084795,41.22770635
1366,66.00671157,65.14253081,34.79345801,53.47977734,52.09464873,46.04437635,34.08062257,41.74616342
1367,65.99952541,65.14140761,34.94492711,53.46845939,52.07117793,46.08830088,34.07548148,41.642472
1368,65.99177317,65.14073385,34.99054009,53.45721039,52.09120301,46.06445409,34.06856942,41.642472
1369,65.9816774,65.13950102,34.91069083,53.44565655,52.04112146,46.06278682,34.06400809,41.43508917
1370,65.97127887,65.13796397,34.75087071,53.43372818,52.00220323,45.97800243,34.0560519,41.60099544
1371,65.95869093,65.13619841,34.82420677,53.42234284,52.02015093,45.99906639,34.05300077,41.62173372
1372,65.94918364,65.13491553,34.81516944,53.4106922,51.96668636,45.97390927,34.04895716,41.37287433
1373,65.93982529,65.13349413,34.69696167,53.39889855,51.97685476,45.94007957,34.03672814,41.74616342
1374,65.93164809,65.13258073,34.83614466,53.38825852,52.06193638,46.02129716,34.03512452,41.43508917
1375,65.92183069,65.13114514,34.70653263,53.37608455,51.91897313,45.95029969,34.02680067,41.22770635
1376,65.90776865,65.12930984,34.63152804,53.36493686,52.07091818,45.94001024,34.01074549,42.14019079
1377,65.9036937,65.12900211,34.94570688,53.35552208,52.17384866,46.05952589,34.02192946,41.72542513
1378,65.89550681,65.12803472,34.95792835,53.34417833,51.99808355,46.01418858,34.02524385,41.20696806
1379,65.87982873,65.12562223,34.68973642,53.33200274,51.90965511,45.90456029,34.00746367,41.33139776
1380,65.8690064,65.12405237,34.63332723,53.3198464,51.83086637,45.87942221,33.99917199,40.95810867
1381,65.8532533,65.12197885,34.38841119,53.30709202,51.78559835,45.78001399,33.97459763,41.41435089
1382,65.8434622,65.12076118,34.50997143,53.29576375,51.86873145,45.8181173,33.96694491,41.39361261
1383,65.83572131,65.1198082,34.53969107,53.28348855,51.74470488,45.83070236,33.95708579,40.81294069
1384,65.81993774,65.11773033,34.28328176,53.27107737,51.81331243,45.74232361,33.93172804,41.91206968
1385,65.8138718,65.11687489,34.67075814,53.26112027,51.94831848,45.90828713,33.93826823,41.39361261
1386,65.80442328,65.11612916,34.58674749,53.24853545,51.69888908,45.83374845,33.93077333,40.4396516
1387,65.78872409,65.11384087,34.18861743,53.23438695,51.57146293,45.64980716,33.89382158,41.33139776
1388,65.77976761,65.11278137,34.33452428,53.22230494,51.60910746,45.72805832,33.88645632,40.85441725
1389,65.76725049,65.11072232,34.26655891,53.20925794,51.58226274,45.65721319,33.86466378,41.12401493
1390,65.75619318,65.10929596,34.35272012,53.19739708,51.68431475,45.72133496,33.85593738,41.18622978
1391,65.74906817,65.1085653,34.3661736,53.18588868,51.75972445,45.68243337,33.84466746,41.39361261
1392,65.74029114,65.10751366,34.46784024,53.1740507,51.67390777,45.7043632,33.84275122,40.60555786
1393,65.73190801,65.10611368,34.18846425,53.16046411,51.54413063,45.57378574,33.81443698,40.75072584
1394,65.71882233,65.10446317,34.12005358,53.14798769,51.62300509,45.56133242,33.79730785,41.49730402
1395,65.71528695,65.10409974,34.4784731,53.13737191,51.75623204,45.70522793,33.79711015,41.45582746
1396,65.70886158,65.10352543,34.65958286,53.12647052,51.76705104,45.76101573,33.79786743,41.12401493
1397,65.6991224,65.10266901,34.57602659,53.11482722,51.72680009,45.72805989,33.78877578,41.14475321
1398,65.69026946,65.10144594,34.54135902,53.102728,51.61516498,45.70777781,33.78039219,41.02032352
1399,65.67799951,65.10009334,34.44754254,53.09078424,51.61461684,45.65118016,33.76878966,41.18622978
1400,65.67083106,65.09932055,34.45695464,53.07900069,51.58938358,45.65729017,33.76287916,40.87515554
1401,65.66136263,65.09818248,34.33008247,53.06653984,51.53712977,45.61325485,33.74676408,41.20696806
1402,65.65595456,65.09760726,34.38509845,53.05523663,51.60791796,45.65152975,33.73809235,40.95810867
1403,65.6449195,65.09615423,34.3424012,53.0434447,51.61367235,45.62698511,33.72516367,41.0410618
1404,65.63438842,65.09466998,34.30859669,53.03187469,51.62159186,45.64477234,33.71555821,40.93737039
1405,65.62469694,65.09367339,34.26505468,53.01957313,51.5218648,45.61993106,33.69798749,40.39817503
1406,65.61214201,65.09202756,34.05856106,53.00579271,51.36282783,45.51873205,33.67283267,41.02032352
1407,65.60697432,65.09131105,34.22245276,52.99469094,51.56053308,45.55043044,33.66595674,41.06180008
1408,65.59681222,65.08997808,34.37551276,52.98339194,51.59570496,45.58390984,33.66050239,41.20696806
1409,65.58944411,65.08943667,34.49354774,52.97186054,51.52391144,45.58901719,33.65658372,40.41891331
1410,65.57536324,65.08773951,34.10266726,52.95901362,51.47120537,45.44115631,33.6327082,40.99958523
1411,65.56871757,65.08678934,34.24465662,52.94725041,51.46299507,45.52331488,33.62188996,40.58481958
1412,65.55713325,65.08519352,34.03544869,52.93442367,51.38228915,45.48757379,33.60326178,40.56408129
1413,65.54169521,65.08342444,34.03410647,52.9218652,51.38575714,45.45865946,33.58262282,41.1654915
1414,65.53318779,65.08241509,34.21770367,52.91049522,51.41339705,45.50034009,33.57691682,40.85441725
1415,65.52127055,65.08081235,34.21631877,52.89859209,51.41047001,45.49326695,33.56745609,40.70924927
1416,65.50873307,65.07906859,34.21281337,52.88686132,51.46551567,45.50378835,33.55262431,41.14475321
1417,65.50072367,65.07830062,34.27237156,52.87635866,51.56764746,45.4984391,33.54940363,41.22770635
1418,65.49368374,65.07744202,34.39417344,52.86525257,51.48092063,45.51774918,33.55121541,40.27374533
1419,65.47434533,65.07518232,34.06938532,52.85231902,51.38151961,45.36909315,33.52176502,40.95810867
1420,65.46642,65.07405129,34.09606613,52.84119058,51.4442317,45.39164571,33.51468181,40.99958523
1421,65.45621365,65.07284886,34.23938985,52.83060704,51.54273676,45.48266979,33.50938411,41.20696806
1422,65.45286463,65.07236535,34.40900951,52.82043351,51.58978279,45.55301178,33.51209836,40.87515554
1423,65.44712229,65.0716261,34.37324766,52.80932283,51.53577133,45.50034462,33.50429557,40.93737039
1424,65.43947928,65.07086157,34.31339645,52.79807521,51.46086942,45.47995758,33.50134142,40.77146412
1425,65.43005136,65.0695086,34.20197447,52.78615032,51.35069117,45.45252543,33.48663227,40.52260473
1426,65.41369459,65.06755262,34.05138801,52.77372323,51.27556938,45.37388166,33.47152017,40.56408129
1427,65.40128738,65.06596265,33.91682923,52.76212525,51.35847023,45.3353374,33.45376646,40.93737039
1428,65.39193561,65.0645511,34.10145496,52.75121306,51.39858338,45.38326279,33.44647228,40.83367897
1429,65.38141157,65.06324624,34.09681134,52.73959327,51.31483954,45.38580057,33.44056119,40.39817503
1430,65.37244178,65.06214804,33.94264591,52.72691004,51.20850982,45.3414028,33.42243974,40.46038988
1431,65.36095953,65.06072435,33.82326576,52.71456895,51.19149024,45.26852415,33.40155854,40.70924927
1432,65.35319662,65.0596197,33.8977902,52.70294209,51.22468535,45.31230557,33.39596707,40.62629614
1433,65.3461462,65.05874504,33.82795882,52.69151286,51.2837675,45.29981586,33.38814726,40.85441725
1434,65.33833691,65.05772018,33.9738678,52.68096077,51.38529848,45.34826002,33.385489,41.02032352
1435,65.33228825,65.05674817,34.17117306,52.67128699,51.5232216,45.40944263,33.38763666,41.18622978
1436,65.32950817,65.05662939,34.41665758,52.66158256,51.52222637,45.47153443,33.39546941,41.08253837
1437,65.32404457,65.05548188,34.40755517,52.65157461,51.49085483,45.47544676,33.40178801,40.58481958
1438,65.31253831,65.05419742,34.15681043,52.64020244,51.3730528,45.39385708,33.39010885,40.9166321
1439,65.30772371,65.05367714,34.16482378,52.63005337,51.42661454,45.39429856,33.39013613,40.83367897
1440,65.29796956,65.05266875,34.13924445,52.61980067,51.44666588,45.37245129,33.38846658,41.10327665
1441,65.29333109,65.05169422,34.31801177,52.61038722,51.51398715,45.42159956,33.39047695,40.99958523
1442,65.28540963,65.0507081,34.29841318,52.59960636,51.33665002,45.40489656,33.39091199,40.35669847
1443,65.27157977,65.04885754,34.00206949,52.58799134,51.2812254,45.26910969,33.37144129,40.68851099
1444,65.26282511,65.04790756,34.05260183,52.57671304,51.21233355,45.28184313,33.36629585,40.48112816
1445,65.25660133,65.04691114,33.86445638,52.56535263,51.21396264,45.22622547,33.35281771,40.81294069
1446,65.25274796,65.04624924,33.97077788,52.55479234,51.25022185,45.25070318,33.34940482,40.25300705
1447,65.24011503,65.04485558,33.74660684,52.54254467,51.12646139,45.14206717,33.33348314,40.4396516
1448,65.23207489,65.04383148,33.75922065,52.53086666,51.10733185,45.19053585,33.3229075,40.56408129
1449,65.22583748,65.04332224,33.84113522,52.51966031,51.13419739,45.18273607,33.31213473,40.3152219
1450,65.21727974,65.04217905,33.72520879,52.50768126,51.07316936,45.12232786,33.29839862,40.56408129
1451,65.20703628,65.0411406,33.78809031,52.49693535,51.17534776,45.16665072,33.28967071,40.46038988
1452,65.19982098,65.04023743,33.78111252,52.48570133,51.15572038,45.15797083,33.28096994,40.4396516
1453,65.19131469,65.03904792,33.78000572,52.47464602,51.17323857,45.14484023,33.27156759,40.58481958
1454,65.18540338,65.03877539,33.9040953,52.46427954,51.24581909,45.19967478,33.26718736,40.93737039
1455,65.18196371,65.03842257,34.07014718,52.4550804,51.36972509,45.25149003,33.26800039,40.75072584
1456,65.17556256,65.0378873,34.13311025,52.44440237,51.21883796,45.23648885,33.26604108,40.39817503
1457,65.16663036,65.03702774,33.95285909,52.43233792,51.00540928,45.12998148,33.25562545,40.10783907
1458,65.15687892,65.0359323,33.85128867,52.42035563,50.99313675,45.11795047,33.23359848,40.33596018
1459,65.152518,65.03519097,33.77441952,52.40931767,51.0751615,45.13394224,33.2199077,40.77146412
1460,65.14784611,65.03448494,33.92059625,52.39924864,51.14850205,45.20137347,33.215291,40.50186645
1461,65.14058884,65.0333805,33.91428834,52.38865926,51.15428885,45.1996009,33.20269217,40.54334301
1462,65.13604643,65.03299909,33.97578464,52.37856118,51.21835703,45.23120364,33.19500112,40.75072584
1463,65.12859156,65.03231145,34.02027015,52.36843671,51.17824753,45.23069818,33.19407222,40.64703443
1464,65.12349399,65.03183816,34.06230629,52.35838195,51.18940793,45.22034486,33.19127713,40.54334301
1465,65.11636451,65.03106781,34.01435314,52.34828582,51.20560966,45.22778651,33.18863388,40.87515554
1466,65.1132748,65.03069073,34.07861678,52.33837773,51.14629165,45.23328599,33.19538355,40.25300705
1467,65.10194234,65.02922633,33.88567563,52.32730029,51.08465106,45.13366306,33.18336905,40.64703443
1468,65.0979276,65.02863003,34.00443992,52.31673907,51.02988666,45.16012289,33.17956078,40.10783907
1469,65.08677666,65.02730644,33.78352683,52.30539364,51.0097153,45.0786625,33.1622195,40.50186645
1470,65.07920575,65.02629998,33.78942735,52.29462365,50.97890218,45.10895156,33.15578743,40.46038988
1471,65.07123731,65.02512117,33.76705721,52.28421747,51.02712081,45.09703244,33.14819763,40.17005392
1472,65.06146631,65.0241904,33.73680331,52.27297233,50.97838325,45.03095774,33.13211495,40.52260473
1473,65.05420791,65.02327829,33.84029742,52.26324613,51.10555086,45.05974506,33.12706999,40.56408129
1474,65.04635262,65.02209601,33.87188243,52.25250637,50.97198059,45.06601409,33.12181904,40.04562422
1475,65.03755016,65.02077393,33.74500636,52.24106649,50.92484503,45.02626806,33.10279589,40.33596018
1476,65.0305466,65.01985683,33.74260559,52.23064182,50.98757139,45.02652835,33.09471273,40.54334301
1477,65.02589177,65.01906458,33.84876595,52.22095737,51.07462873,45.06130932,33.09431503,40.39817503
1478,65.01953413,65.0186479,33.87630071,52.2100915,50.94513256,45.02933932,33.08654434,39.90045624
1479,65.00848117,65.01726662,33.53856665,52.19781165,50.77353123,44.90169527,33.06305935,40.04562422
1480,64.99853062,65.01574977,33.56168614,52.18631398,50.77965115,44.87246292,33.04857816,40.02488594
1481,64.99044512,65.01464824,33.47967344,52.17481572,50.77667083,44.84662218,33.03399386,40.1907922
1482,64.98382189,65.01381322,33.61620736,52.16412698,50.85559861,44.89243483,33.02616332,40.21153049
1483,64.9733916,65.01233899,33.65034771,52.15325664,50.8471426,44.89558874,33.01612575,40.23226877
1484,64.96383297,65.01094374,33.66726448,52.1431129,50.94763893,44.90087603,33.0082983,40.46038988
1485,64.95684414,65.01026504,33.80656739,52.13304272,50.93509355,44.93991357,33.01182346,40.17005392
1486,64.94809492,65.00897295,33.63234502,52.1220189,50.84032902,44.92109461,33.00332845,39.90045624
1487,64.94018526,65.00794195,33.46648994,52.11076577,50.82270176,44.86248592,32.9886701,40.08710079
1488,64.93203247,65.0070358,33.51820138,52.10017991,50.8666653,44.88284056,32.98061468,40.52260473
1489,64.92816309,65.00681696,33.61746575,52.09029667,50.87697577,44.93422331,32.9837785,40.17005392
1490,64.9187589,65.00566415,33.60875807,52.07929564,50.77850424,44.88876441,32.97680991,39.94193281
1491,64.90818354,65.00425092,33.58469257,52.06870972,50.85548286,44.85676482,32.95900113,40.60555786
1492,64.90413598,65.00345691,33.70963277,52.05952628,50.93756209,44.92259628,32.96441343,40.00414766
1493,64.89191741,65.00174939,33.64124005,52.04915334,50.92657633,44.90130966,32.95215234,40.62629614
1494,64.88873181,65.00148421,33.81507874,52.04022158,50.9883841,45.00526188,32.95823936,40.52260473
1495,64.88450772,65.00034215,33.87993171,52.03083899,50.96170147,44.9891019,32.96117097,40.06636251
1496,64.87638638,64.99923788,33.69875372,52.01965949,50.7627405,44.87105065,32.95324692,39.50642887
1497,64.86547323,64.99765959,33.42974387,52.00731827,50.62202232,44.76654945,32.92833396,39.79676483
1498,64.8561705,64.99620877,33.36174468,51.99673077,50.76487877,44.7539238,32.91045258,40.81294069
1499,64.85342395,64.9958907,33.81082948,51.98806513,50.86778487,44.89367249,32.92304497,40.04562422
1500,64.84414886,64.99466694,33.69857509,51.97800949,50.87692406,44.80904369,32.91081603,40.23226877
1501,64.83683824,64.99392256,33.75604069,51.96794925,50.82020275,44.8512472,32.91003834,40.25300705
1502,64.83120354,64.99313103,33.82307188,51.95797389,50.79649602,44.87036183,32.91165031,40.08710079
1503,64.8237862,64.99220101,33.79141679,51.947832,50.79294803,44.82914608,32.90425834,40.04562422
1504,64.81580963,64.99072909,33.70606532,51.93810877,50.86382962,44.80803794,32.89219482,40.54334301
1505,64.81392497,64.9904129,33.81690454,51.92903669,50.86165084,44.85724973,32.89776779,40.29448362
1506,64.80451811,64.98883978,33.8044405,51.91933029,50.81417336,44.84971039,32.89493373,39.92119453
1507,64.79346514,64.98726247,33.6689781,51.90920039,50.81286052,44.77420532,32.88454033,40.33596018
1508,64.78715313,64.98639716,33.70566981,51.89922032,50.71676858,44.77709288,32.88332942,39.7138117
1509,64.7741956,64.98485976,33.4125686,51.88812293,50.64719154,44.67652088,32.86595931,40.10783907
1510,64.7678902,64.98374731,33.44185177,51.87793689,50.65326869,44.73174854,32.86253554,39.77602655
1511,64.75993044,64.98277561,33.34979125,51.86664197,50.55108848,44.70657977,32.85083313,39.56864372
1512,64.74551167,64.98127519,33.24423164,51.85608199,50.67230717,44.65976657,32.83295093,40.25300705
1513,64.73924057,64.98015029,33.44665242,51.84564962,50.55689516,44.70844134,32.83820507,39.56864372
1514,64.73103662,64.97901742,33.19259013,51.83400985,50.47761586,44.64698159,32.82010142,39.44421402
1515,64.72100311,64.9775485,32.94706931,51.82301672,50.57208516,44.57271968,32.79753466,40.1907922
1516,64.71509999,64.97693455,33.22675478,51.81339271,50.63335418,44.64879262,32.79866788,39.77602655
1517,64.70528449,64.97555387,33.17209648,51.8019158,50.45339787,44.60048835,32.78153016,39.40273745
1518,64.69368609,64.97395981,33.03756663,51.78996582,50.38609679,44.53850695,32.76192133,39.4649523
1519,64.68514661,64.97251849,33.00041389,51.77748083,50.24002539,44.50554261,32.74163183,39.36126089
1520,64.67852284,64.97136718,32.8525359,51.76613769,50.38182593,44.51274171,32.71619269,39.77602655
1521,64.67232458,64.97049952,33.08526295,51.75604762,50.53292447,44.55649964,32.70353256,40.04562422
1522,64.67077324,64.96972803,33.31789494,51.74622407,50.56323856,44.61856685,32.70307895,39.90045624
1523,64.67009778,64.96960736,33.31766002,51.73605525,50.55077793,44.62105987,32.6979647,39.69307341
1524,64.66380979,64.9688233,33.25292217,51.72540287,50.50970322,44.59143853,32.68565089,39.56864372
1525,64.65599327,64.96779299,33.05440221,51.71373596,50.34454095,44.50920354,32.67015056,39.38199917
1526,64.6491764,64.96685228,32.99358585,51.70244918,50.37486808,44.47761179,32.65163082,39.77602655
1527,64.64354889,64.96622525,33.08813832,51.69241487,50.48283347,44.51133413,32.64676385,40.00414766
1528,64.6416203,64.96571803,33.3387764,51.6829188,50.55145163,44.5949105,32.64581887,39.83824139
1529,64.63245157,64.9642677,33.28672452,51.67256511,50.47259106,44.5627944,32.63710163,39.65159685
1530,64.62283562,64.9631277,33.21280901,51.6623273,50.49708261,44.54702696,32.62566564,40.10783907
1531,64.61861295,64.9627107,33.41742391,51.65339295,50.5948199,44.63166713,32.62854213,39.87971796
1532,64.61029188,64.96157796,33.4057897,51.64351384,50.53235683,44.60524433,32.6264771,39.52716715
1533,64.60400957,64.96087541,33.1723322,51.63293154,50.47494075,44.52305488,32.61720614,39.87971796
1534,64.59921128,64.96014957,33.25855982,51.62389679,50.60451927,44.57116847,32.61512085,40.12857735
1535,64.59532998,64.95962232,33.53362342,51.61532588,50.66395141,44.65809095,32.61881196,40.17005392
1536,64.59154734,64.95937847,33.64539768,51.60653537,50.63425998,44.65145799,32.62078821,39.90045624
1537,64.59341151,64.95934571,33.62539374,51.59697524,50.55780119,44.63600974,32.61568891,39.54790543
1538,64.58614785,64.95869478,33.37291026,51.58633201,50.42745159,44.5345452,32.60506644,39.44421402
1539,64.5778485,64.95787394,33.17273852,51.57527597,50.31913435,44.44452351,32.59215202,39.25756947
1540,64.56637999,64.95647896,32.9585555,51.56402454,50.27978621,44.37939287,32.57407284,39.83824139
1541,64.56345564,64.95615288,33.10089497,51.55437668,50.36863169,44.43284059,32.57344442,39.589382
1542,64.55737076,64.95553394,33.20252411,51.54386264,50.32086118,44.43851601,32.56358779,39.3405226
1543,64.55070369,64.95464207,33.02960867,51.53290946,50.28227777,44.36674344,32.54444125,39.42347574
1544,64.54648576,64.95368589,32.97032846,51.52197826,50.23815587,44.32325106,32.52967051,39.69307341
1545,64.54401807,64.95342642,33.13993287,51.51234886,50.35144581,44.39708226,32.52527246,39.85897968
1546,64.54188404,64.95305691,33.20507747,51.50263218,50.33434522,44.43584075,32.52444712,39.31978432
1547,64.53459012,64.95218081,33.08320317,51.4922838,50.3572827,44.36405575,32.51051433,39.92119453
1548,64.53098801,64.95203985,33.2006087,51.48320935,50.41130671,44.40825912,32.51305616,39.40273745
1549,64.52206758,64.9508701,33.1156992,51.47233033,50.2614419,44.37041354,32.50171467,39.31978432
1550,64.51485661,64.95011748,33.02860529,51.46155639,50.22504206,44.33750303,32.48913892,39.589382
1551,64.50841441,64.94895112,33.08657213,51.45103562,50.17117936,44.3575965,32.48830414,38.94649523
1552,64.50029906,64.94809279,32.82742007,51.43919548,50.09149301,44.24251913,32.46828914,39.42347574
1553,64.49220956,64.94713493,32.80469411,51.42936246,50.25585004,44.26061293,32.45875771,39.83824139
1554,64.48883319,64.94664539,33.06631507,51.41984041,50.25939274,44.37186799,32.46116371,39.27830776
1555,64.48001027,64.94548341,33.05892492,51.409725,50.30268981,44.36675863,32.44587469,39.90045624
1556,64.47832475,64.94527874,33.18184302,51.40079492,50.34213539,44.4338932,32.44837508,39.38199917
1557,64.47484644,64.94467845,33.01579485,51.39046231,50.25705002,44.35662956,32.4373382,39.48569058
1558,64.46840403,64.94361541,33.03199055,51.38096908,50.32290253,44.40539279,32.42655239,39.90045624
1559,64.46372915,64.94331136,33.21907039,51.37254967,50.4108201,44.42817665,32.43009444,39.50642887
1560,64.46015553,64.94270206,33.10365343,51.36286337,50.33689319,44.35544857,32.42425308,39.73454998
1561,64.45531173,64.94209271,33.18770895,51.3539751,50.36792594,44.35786955,32.42622954,39.61012028
1562,64.44662189,64.94086946,33.16999281,51.34391797,50.2113935,44.35077483,32.42182201,39.09166321
1563,64.43635941,64.93945609,32.99183592,51.3337382,50.25096628,44.30949324,32.40419142,39.56864372
1564,64.42916077,64.93831882,33.01025175,51.32416449,50.23526142,44.2901762,32.40278861,39.73454998
1565,64.42513905,64.9378616,33.15589669,51.31486888,50.2216446,44.3465775,32.40375407,38.84280382
1566,64.41467089,64.93653695,32.81633115,51.3028048,49.98559556,44.22067139,32.38163954,39.19535462
1567,64.4100212,64.93583441,32.79800355,51.29238409,50.04943751,44.22070496,32.36489694,39.38199917
1568,64.40367506,64.93496794,32.9128181,51.28282484,50.16306527,44.20579134,32.35536699,39.63085856
1569,64.40077975,64.93467714,33.04956289,51.27362938,50.19908028,44.2792128,32.35328402,39.4649523
1570,64.39440344,64.93396778,33.05576298,51.26442112,50.24756338,44.25945547,32.34638763,39.50642887
1571,64.38964589,64.93315904,33.0448146,51.25415359,50.07268718,44.25222114,32.34120919,38.65615927
1572,64.37968187,64.93191272,32.66375413,51.24281567,50.03433498,44.13102313,32.31453341,39.3405226
1573,64.37331533,64.93110583,32.82323736,51.23248896,49.99283264,44.1672392,32.30883792,39.13313978
1574,64.36609541,64.93048787,32.80674002,51.22289936,50.14434233,44.20086085,32.29796386,39.67233513
1575,64.36406597,64.93045157,32.95604958,51.21387984,50.15601408,44.24377221,32.29990241,39.50642887
1576,64.35788347,64.92939076,33.03705861,51.2053877,50.2832555,44.28567314,32.29786044,39.67233513
1577,64.35629769,64.92934759,33.16321803,51.19702592,50.30823947,44.35419711,32.30311878,39.73454998
1578,64.35446689,64.92908839,33.21585924,51.18893101,50.33889763,44.36402583,32.31013425,39.7138117
1579,64.35106458,64.92866831,33.26290236,51.18032554,50.26525267,44.32717765,32.31399517,39.3405226
1580,64.34526558,64.92829207,33.15497949,51.17135903,50.26545255,44.25260484,32.30363099,39.589382
1581,64.3425974,64.92785976,33.19505774,51.16177991,50.08973202,44.23769057,32.30411566,39.00871008
1582,64.33297955,64.92672519,33.00652529,51.15125053,49.99961038,44.15888702,32.28694853,38.94649523
1583,64.32509976,64.92601555,32.78048184,51.14080545,49.98257324,44.08635373,32.2686496,39.48569058
1584,64.32147149,64.92529043,32.98624774,51.13254847,50.18621494,44.16798891,32.2681208,39.65159685
1585,64.31956934,64.92486801,33.06637164,51.1235322,50.09899752,44.19976152,32.27249112,39.17461634
1586,64.31123768,64.92403262,33.00422721,51.11364376,50.03488008,44.17446262,32.26193207,38.78058897
1587,64.30296393,64.92289764,32.70189141,51.10173684,49.76870054,44.02803175,32.24330457,38.49025301
1588,64.29246278,64.92176306,32.47864475,51.0899666,49.74169253,43.94927043,32.21709573,38.90501866
1589,64.28728344,64.92099376,32.49810307,51.07915393,49.76813186,43.92993584,32.20620094,38.9879718
1590,64.28103489,64.92017483,32.55214866,51.06941906,49.92671504,43.95033337,32.1914209,39.31978432
1591,64.27545421,64.91934889,32.75231394,51.0605589,50.04417068,44.07264132,32.18818731,39.52716715
1592,64.27586992,64.91961768,32.96644982,51.05167212,50.02645376,44.16888637,32.187195,38.96723351
1593,64.26886382,64.91905529,32.84102787,51.04129727,49.91259627,44.0871149,32.17385965,38.84280382
1594,64.26680408,64.91856203,32.70850979,51.03012717,49.7548209,43.99258402,32.15626726,38.75985068
1595,64.25643396,64.91751128,32.5807191,51.0189669,49.70016313,43.94212194,32.13404489,38.78058897
1596,64.25093171,64.91675015,32.48622768,51.0082516,49.73652368,43.96910615,32.11977567,38.9879718
1597,64.24191844,64.91572781,32.61980566,50.99855403,49.85804568,44.02167294,32.11026619,39.17461634
1598,64.23829427,64.91526856,32.66349428,50.98864841,49.81894664,44.0341933,32.10647604,38.90501866
1599,64.23069498,64.91428773,32.58653935,50.97934209,49.96127374,44.01223536,32.09832671,39.589382
1600,64.22630086,64.91373226,32.88059107,50.97102182,49.99767771,44.09847792,32.10663019,38.94649523
1601,64.21856626,64.91291741,32.80623092,50.96109145,49.90929433,44.04259581,32.09526955,39.15387806
1602,64.21270788,64.91261947,32.85696895,50.95200842,49.94748888,44.06393864,32.09392388,38.88428038
1603,64.20292914,64.9114002,32.73600781,50.94146581,49.78646972,43.98300126,32.0796538,39.02944836
1604,64.19699647,64.91037225,32.76022705,50.93199257,49.84499711,44.0292786,32.07187857,39.00871008
1605,64.19202205,64.90947169,32.65520616,50.92246362,49.85720974,43.97002954,32.06370813,38.71837412
1606,64.18247399,64.90802411,32.39107962,50.91098474,49.60638655,43.87298758,32.04701969,38.6146827
1607,64.17277729,64.90692162,32.38140589,50.9007499,49.7229651,43.86028013,32.02746517,38.94649523
1608,64.16943572,64.90661774,32.45429189,50.89101996,49.76042954,43.92933779,32.01885275,39.19535462
1609,64.16704189,64.9062836,32.63962375,50.88270167,49.93644868,43.96690941,32.01588485,39.17461634
1610,64.16072461,64.90573431,32.6708587,50.87329642,49.83213218,43.97043264,32.01585325,38.44877644
1611,64.15284821,64.90463586,32.32228091,50.86231867,49.70736695,43.82155273,31.99375621,38.96723351
1612,64.1503769,64.90460205,32.49065009,50.85315274,49.80691734,43.86272241,31.98613849,39.29904604
1613,64.14554778,64.90388684,32.67397702,50.8446665,49.87030438,43.91349182,31.9920277,39.00871008
1614,64.13809874,64.90275896,32.63945715,50.83579071,49.90277904,43.93056352,31.98659486,39.15387806
1615,64.13395614,64.90211212,32.66440588,50.82706474,49.89396978,43.95844313,31.984439,39.02944836
1616,64.13219032,64.90181356,32.56872886,50.81696383,49.68631846,43.88954922,31.98003354,38.38656159
1617,64.12291745,64.90076382,32.28078768,50.80599538,49.61477318,43.79757624,31.95965685,38.67689755
1618,64.11384683,64.89973894,32.23826376,50.79545637,49.56718865,43.7642382,31.94474686,38.59394442
1619,64.10996805,64.89915102,32.31380227,50.78563427,49.67817054,43.81157296,31.93017085,39.31978432
1620,64.11027877,64.899221,32.66620144,50.7777963,49.85441565,43.94510123,31.93784188,39.13313978
1621,64.10658438,64.89878293,32.70756562,50.76903996,49.82063621,43.94725004,31.94113042,38.71837412
1622,64.09732166,64.89752801,32.51366433,50.75968091,49.80668504,43.84326406,31.92840503,39.07092493
1623,64.09416125,64.89698483,32.5264215,50.75070959,49.76224403,43.84482974,31.93132231,38.8635421
1624,64.08843205,64.89624219,32.48137989,50.7414262,49.74018962,43.84628788,31.92987269,38.80132725
1625,64.08446733,64.89551915,32.49541602,50.73157357,49.64671322,43.82460723,31.92101262,38.63542099
1626,64.07806396,64.8944316,32.41667196,50.72176781,49.65022227,43.80639194,31.90982212,38.71837412
1627,64.07255117,64.89373446,32.48454605,50.71177966,49.59043035,43.7837603,31.89969903,38.63542099
1628,64.06804512,64.89304798,32.47301741,50.70190498,49.59507323,43.78804815,31.88690142,38.67689755
1629,64.06347597,64.89238427,32.45071816,50.69220622,49.60804099,43.7810624,31.87457558,38.6146827
1630,64.05839207,64.891713,32.42581184,50.68206485,49.54759931,43.76810411,31.86408719,38.53172957
1631,64.05562627,64.89165239,32.26415121,50.67181055,49.51434986,43.6852802,31.85117661,38.63542099
1632,64.05561131,64.89159852,32.39281909,50.66264495,49.64426413,43.75443175,31.83901379,39.17461634
1633,64.05667959,64.89161313,32.73021893,50.65449855,49.71808446,43.86721464,31.84128544,38.8635421
1634,64.05252909,64.8911777,32.61278791,50.64505875,49.60931699,43.77836943,31.83364469,38.59394442
1635,64.04962979,64.89110663,32.54969094,50.63585168,49.66556279,43.78480654,31.81882766,38.92575695
1636,64.04718345,64.89079984,32.53136474,50.62736728,49.71315813,43.80642947,31.81781371,38.80132725
1637,64.03815602,64.88948806,32.40846508,50.61821819,49.6496878,43.77222768,31.81235864,38.67689755
1638,64.03032601,64.88850468,32.33075293,50.6081898,49.49973946,43.72799581,31.80172175,38.38656159
1639,64.02132904,64.88721589,32.21904892,50.59849681,49.55867559,43.68957139,31.78880997,38.8635421
1640,64.01787218,64.88690676,32.44615282,50.59000853,49.64950416,43.76740485,31.78707603,39.11240149
1641,64.0168654,64.88690476,32.6476695,50.58196687,49.68978733,43.84460132,31.79590885,38.92575695
1642,64.00878318,64.88597637,32.69870809,50.57342873,49.66675287,43.81412789,31.79737572,38.65615927
1643,64.00380008,64.88527506,32.48415961,50.56478643,49.70239819,43.77601625,31.78815405,39.38199917
1644,64.00257643,64.88518229,32.74010904,50.5572361,49.69873105,43.84734633,31.8009811,38.63542099
1645,63.99469855,64.88422323,32.56829987,50.54807793,49.62312461,43.7243103,31.78972158,38.59394442
1646,63.98890629,64.88351077,32.49187066,50.53854532,49.53189559,43.69938542,31.77857513,38.69763584
1647,63.9848386,64.88294734,32.38812704,50.52982071,49.59007444,43.66354078,31.77253785,38.53172957
1648,63.97814783,64.88189195,32.32226407,50.52021346,49.50477528,43.62030501,31.76099456,38.84280382
1649,63.9725682,64.88114162,32.38616033,50.51186101,49.5836847,43.65402144,31.75737245,38.8635421
1650,63.96736648,64.88038749,32.46245304,50.50357775,49.6174886,43.69213003,31.75588013,38.7391124
1651,63.95959788,64.87956322,32.39596641,50.49492026,49.59695302,43.73413215,31.75129816,38.65615927
1652,63.95276,64.87868957,32.39252339,50.48598129,49.55550073,43.6595748,31.74821928,38.88428038
1653,63.94862902,64.87819737,32.44698247,50.47777829,49.59085254,43.64211667,31.75106277,38.75985068
1654,63.9456084,64.87773178,32.43868919,50.46860077,49.4704293,43.65083589,31.74679428,38.09622563
1655,63.9370564,64.87663311,32.12136576,50.4585943,49.4494848,43.54891222,31.7255855,38.84280382
1656,63.93620055,64.87653377,32.25633517,50.45012515,49.48849115,43.63279128,31.72701652,38.46951472
1657,63.92976287,64.87581516,32.14462602,50.44048864,49.40208088,43.59091421,31.71576729,38.28287018
1658,63.92034348,64.87463887,32.02923668,50.43019964,49.29675705,43.51138379,31.70177066,38.22065533
1659,63.913109,64.87364471,31.99587104,50.41963838,49.21396855,43.49734734,31.68736233,38.40729988
1660,63.90970371,64.87339677,31.99373046,50.41015447,49.29884611,43.50813391,31.67404354,38.65615927
1661,63.90846252,64.87351979,32.09498997,50.40116103,49.34212597,43.55696749,31.67179089,38.1377022
1662,63.90182632,64.8724673,31.8838399,50.39039951,49.19598217,43.4639877,31.65038092,38.03401078
1663,63.89473719,64.87146813,31.79575306,50.38000404,49.21341256,43.38628387,31.62767861,38.19991705
1664,63.88953443,64.87101658,31.82003577,50.37030821,49.2834561,43.40680206,31.61308952,38.32434674
1665,63.88227213,64.86992472,31.89584005,50.3608089,49.30472655,43.43055156,31.60452942,38.28287018
1666,63.87688611,64.86935264,31.95021857,50.3517282,49.38583057,43.46209268,31.58999272,38.80132725
1667,63.87582961,64.86949876,32.30463938,50.34359863,49.43401162,43.59977947,31.59404614,38.2621319
1668,63.87032824,64.86865347,32.16325874,50.33403109,49.35094524,43.52674833,31.57901977,38.75985068
1669,63.8712904,64.86906035,32.32723846,50.32625397,49.47009804,43.55088097,31.58153598,38.67689755
1670,63.86946813,64.86890384,32.36442982,50.31839206,49.52293442,43.57115385,31.57623658,38.59394442
1671,63.8634061,64.86815963,32.29590896,50.30990855,49.45715694,43.5441503,31.5741815,38.51099129
1672,63.85857842,64.86752796,32.33231832,50.30195249,49.53278722,43.5824256,31.56917011,38.84280382
1673,63.85818396,64.86759623,32.41821274,50.29509367,49.65320091,43.64961136,31.57647735,38.88428038
1674,63.85440018,64.86721932,32.4991544,50.28691323,49.46999253,43.63765356,31.58163951,38.1377022
1675,63.84572982,64.86599059,32.22490777,50.27707946,49.30379709,43.50169432,31.56836557,38.42803816
1676,63.8429664,64.86590752,32.19235435,50.26876945,49.39883266,43.47398629,31.56400157,38.57320614
1677,63.83941752,64.86546939,32.29581918,50.26069928,49.43567732,43.49353673,31.56287484,38.51099129
1678,63.83560657,64.8649771,32.33164752,50.25217025,49.38614649,43.5307588,31.55906018,38.30360846
1679,63.83010996,64.86443284,32.17197857,50.24246806,49.21714124,43.46551309,31.54934186,37.72293654
1680,63.82113314,64.86332485,31.90072443,50.23230736,49.21363621,43.36103078,31.52259766,38.46951472
1681,63.81569423,64.86284033,32.01799676,50.2238029,49.27793606,43.3960013,31.52020521,38.55246786
1682,63.81300589,64.8624659,32.13876262,50.21534209,49.28450769,43.43448579,31.51898668,38.32434674
1683,63.80532693,64.86149867,32.08024991,50.20709742,49.37728721,43.42187037,31.51329184,38.49025301
1684,63.80272978,64.86135719,32.01276596,50.19794364,49.21219456,43.40828619,31.50984916,37.93031937
1685,63.79385027,64.86047514,31.78586957,50.18768801,49.09737027,43.29541254,31.49296965,37.95105765
1686,63.78667485,64.85953148,31.71698164,50.17780048,49.09519966,43.28831006,31.47489708,38.2621319
1687,63.78176668,64.85909461,31.84319772,50.16914579,49.20889665,43.32860264,31.4686763,38.51099129
1688,63.78256421,64.85920016,32.09046083,50.16101639,49.2728236,43.41336595,31.46617436,38.42803816
1689,63.77519394,64.85838364,32.1479879,50.15322854,49.37013988,43.44954809,31.46476331,38.59394442
1690,63.77243541,64.85818887,32.26168346,50.14534442,49.34487931,43.50675598,31.46606736,38.51099129
1691,63.76955356,64.85783611,32.26421276,50.13750334,49.35726185,43.51452299,31.46744062,38.53172957
1692,63.76655179,64.85773761,32.36064179,50.12991651,49.39482524,43.50900669,31.46811592,38.44877644
1693,63.75816511,64.85690498,32.30791514,50.12154026,49.29391947,43.45496019,31.4673779,38.07548735
1694,63.75097642,64.85604617,32.12948897,50.1122257,49.18519506,43.39361199,31.45487221,38.28287018
1695,63.74638242,64.85562217,32.15081815,50.10426808,49.2999049,43.40158963,31.45205446,38.57320614
1696,63.74570525,64.85573751,32.16157907,50.0960072,49.21593614,43.43777329,31.45222946,38.07548735
1697,63.73774614,64.85507985,32.00732977,50.08701121,49.18168116,43.36523409,31.43888624,38.38656159
1698,63.73343768,64.85453611,32.01648889,50.07886914,49.21755807,43.35911714,31.43856669,38.17917876
1699,63.72750477,64.85396974,31.9890519,50.07059717,49.26003409,43.3545459,31.42675191,38.53172957
1700,63.72384666,64.85382175,32.10858932,50.06280217,49.255203,43.38230013,31.42618751,37.8888428
1701,63.71521379,64.85262584,31.97642464,50.05363176,49.18867735,43.31977788,31.4123258,38.28287018
1702,63.71173219,64.85210818,31.99923446,50.04527402,49.18162112,43.35025533,31.40489862,38.42803816
1703,63.70819998,64.85172804,32.12287783,50.03719905,49.18113566,43.40829549,31.40665368,38.05474907
1704,63.70197526,64.851167,31.99439138,50.02853393,49.17611615,43.37858215,31.39311326,38.44877644
1705,63.69935657,64.85105269,32.07371523,50.02066743,49.19392392,43.40799569,31.39695571,38.11696392
1706,63.69403278,64.85035335,31.9972098,50.01209094,49.16448534,43.36035417,31.38608694,38.30360846
1707,63.69166006,64.84999087,31.96657163,50.00439432,49.24149123,43.32861584,31.38545809,38.24139361
1708,63.68539177,64.84924534,31.95839303,49.99604444,49.17806087,43.29039472,31.3784709,38.19991705
1709,63.68225512,64.84917845,32.01764718,49.98808502,49.2166639,43.31040113,31.37316669,38.6146827
1710,63.68130129,64.84919217,32.26063271,49.98077205,49.22437365,43.40128183,31.38065187,38.24139361
1711,63.68015626,64.84910198,32.13649359,49.97248105,49.15803048,43.39668896,31.38009858,38.17917876
1712,63.67628995,64.84859928,32.04046321,49.96455942,49.2008527,43.39633379,31.37373025,38.24139361
1713,63.67582502,64.84839769,32.09229515,49.95561501,49.02379574,43.34442701,31.36626624,37.97179594
1714,63.66914254,64.84770826,31.8971225,49.94722653,49.1024319,43.28512533,31.35313137,38.34508503
1715,63.667673,64.84727311,31.98482588,49.94009766,49.23824537,43.28773878,31.35108373,38.46951472
1716,63.66468494,64.84677672,32.05679654,49.9326771,49.20885328,43.30116423,31.35590323,38.03401078
1717,63.65682438,64.84588438,32.02291947,49.92441833,49.16813161,43.25746014,31.34384551,38.03401078
1718,63.64925301,64.84512765,32.05225086,49.91575127,49.0750788,43.27247743,31.3313418,38.2621319
1719,63.64573535,64.84450885,32.12063567,49.90830343,49.16869358,43.29321264,31.32833802,38.49025301
1720,63.64510776,64.84454751,32.2194987,49.90123976,49.20745819,43.35215689,31.33323812,38.15844048
1721,63.64030991,64.84391728,32.03687977,49.89301748,49.11303622,43.32379088,31.32780321,38.09622563
1722,63.63537517,64.84340654,31.98703573,49.88481894,49.0854049,43.31182824,31.32001169,37.99253422
1723,63.63006247,64.84283691,31.93181593,49.87658363,49.08681506,43.26523442,31.30666503,38.30360846
1724,63.62668499,64.84260531,32.02887253,49.86963751,49.21296732,43.3013799,31.30232143,38.6146827
1725,63.62701708,64.84266033,32.17883769,49.86332218,49.2860521,43.34161224,31.30753319,38.30360846
1726,63.62403149,64.84236053,32.1244792,49.85588851,49.20770212,43.27785638,31.30637597,38.15844048
1727,63.62077123,64.8418497,32.04489967,49.84797969,49.12630511,43.27204481,31.2971903,37.97179594
1728,63.6170439,64.84128505,31.90575492,49.83969922,49.07102228,43.24380416,31.2872954,38.17917876
1729,63.61291794,64.84093824,31.90527138,49.83205225,49.08971954,43.23892244,31.27847066,38.17917876
1730,63.60875198,64.84067279,31.92519445,49.82398349,49.02241458,43.23526527,31.27205236,37.78515139
1731,63.60638113,64.84042506,31.69241871,49.81450389,48.85592929,43.14063482,31.25389373,37.47407715
1732,63.59718843,64.83929726,31.49006489,49.80484007,48.82758526,43.04969095,31.2340146,37.8888428
1733,63.59186916,64.83858059,31.64084871,49.79630514,48.88288476,43.09898457,31.22600089,38.11696392
1734,63.58844557,64.83822913,31.82293477,49.78807746,48.88897464,43.16931799,31.223884,37.78515139
1735,63.57964769,64.83705151,31.73094594,49.77974503,48.95622884,43.11824399,31.21056936,38.07548735
1736,63.57493274,64.8363931,31.7767234,49.77201965,49.00102378,43.15685532,31.20223209,38.2621319
1737,63.57347521,64.83610686,31.91882913,49.76458089,49.01230699,43.19330842,31.20360605,37.86810452
1738,63.56793163,64.83522883,31.75923264,49.75549181,48.84064495,43.1177367,31.19315575,37.82662796
1739,63.56202593,64.83441443,31.68344483,49.74753994,48.95737484,43.09804452,31.18275592,38.07548735
1740,63.55793372,64.83382998,31.69516928,49.73949594,48.91903827,43.11538371,31.17896424,37.95105765
1741,63.55486514,64.83350288,31.79512633,49.73139631,48.9199228,43.14132054,31.17095675,38.09622563
1742,63.55126785,64.83309636,31.93728396,49.72421731,49.02882579,43.17895445,31.17109695,38.24139361
1743,63.54891927,64.83279668,32.00048772,49.71697889,49.02029038,43.19825192,31.17215832,37.82662796
1744,63.54582916,64.83223876,31.8133134,49.70874504,48.95384408,43.13261292,31.16614474,37.90958109
1745,63.53989313,64.8314156,31.75363495,49.70019863,48.8440616,43.08144133,31.1591373,37.59850684
1746,63.5340882,64.83065253,31.68573705,49.69184421,48.9040351,43.07594768,31.14309291,38.67689755
1747,63.53580601,64.83097571,32.01590934,49.68629309,49.10039172,43.20598899,31.15936707,38.11696392
1748,63.53046451,64.83028142,32.00184419,49.67844659,48.9489395,43.15958574,31.1602847,37.78515139
1749,63.52445579,64.82957591,31.84957276,49.66984574,48.83874355,43.08907655,31.15193226,37.45333886
1750,63.51896369,64.82884979,31.62637234,49.66043498,48.73616497,42.99856272,31.13356527,37.95105765
1751,63.51463516,64.82810933,31.73937809,49.65330803,48.93318836,43.06577014,31.1276392,38.2621319
1752,63.51280788,64.82766929,31.87419037,49.64613429,48.92116219,43.12810656,31.13380812,37.82662796
1753,63.50495385,64.82668476,31.78587008,49.63820411,48.89919155,43.07681208,31.12864319,38.30360846
1754,63.50126965,64.82590913,31.88478504,49.63106037,48.88450723,43.11080938,31.13590384,37.45333886
1755,63.49107062,64.82416282,31.62915307,49.62180695,48.7477497,43.04226766,31.1168992,37.90958109
1756,63.48441672,64.82329271,31.64512157,49.61408083,48.8116976,43.03861499,31.11148172,37.86810452
1757,63.48038643,64.82255039,31.72103276,49.60560975,48.72107629,43.04983668,31.10493877,37.51555371
1758,63.47716208,64.82216423,31.57621334,49.59702488,48.74830097,42.9727811,31.09077739,38.0132725
1759,63.47195639,64.82145494,31.796135,49.58934426,48.77154344,43.03992399,31.09084613,37.70219826
1760,63.4659385,64.82076265,31.73115756,49.58100557,48.74992528,43.02610534,31.08026842,37.99253422
1761,63.46135032,64.81990376,31.81756001,49.5736548,48.82019964,43.04627433,31.07966466,37.57776856
1762,63.45575491,64.81901354,31.67107606,49.56469832,48.68822682,42.98316947,31.07169036,37.68145998
1763,63.44817211,64.81804021,31.63358943,49.55586812,48.61668525,42.98407752,31.05962335,37.32890917
1764,63.43966263,64.81698792,31.4368769,49.54662407,48.60245766,42.90520159,31.04214376,37.536292
1765,63.43449482,64.81631515,31.45985591,49.5386909,48.75225813,42.91859757,31.03356664,38.05474907
1766,63.43342481,64.81623132,31.59647938,49.53127066,48.757055,42.98019642,31.03899078,37.82662796
1767,63.42815954,64.81559098,31.65824281,49.52406582,48.84911596,43.00986386,31.03382758,37.76441311
1768,63.42144846,64.81477181,31.69139966,49.51636562,48.81737721,42.9964328,31.02795655,38.07548735
1769,63.41782254,64.81441645,31.77634305,49.50901332,48.77208594,43.03955865,31.03144154,37.59850684
1770,63.41700785,64.81435185,31.64643028,49.50101276,48.76294137,42.96987625,31.02376113,37.99253422
1771,63.41628349,64.81428561,31.71651911,49.49333653,48.70118016,43.00021927,31.0253004,37.51555371
1772,63.40682621,64.81261045,31.52571579,49.48484103,48.65903778,42.91295787,31.01229447,37.76441311
1773,63.40362929,64.81251361,31.64711327,49.47760391,48.77793337,42.94999204,31.0087713,38.0132725
1774,63.40262619,64.81236588,31.73837922,49.47076467,48.82401672,42.9627877,31.01207279,37.90958109
1775,63.39812471,64.81155208,31.79229502,49.46355417,48.8037036,42.98191977,31.01096105,37.63998341
1776,63.3925462,64.81041835,31.68634403,49.45569311,48.75038021,42.94736375,31.00071003,37.90958109
1777,63.38988143,64.81005163,31.77194788,49.44863194,48.7792662,42.95326121,30.99703653,37.78515139
1778,63.38281004,64.80927474,31.72062965,49.44081673,48.6950954,42.93903648,30.99284146,37.59850684
1779,63.37889693,64.80890289,31.58989417,49.43293616,48.69070048,42.90040273,30.98560751,37.95105765
1780,63.37576024,64.80866208,31.66273761,49.42547654,48.6586494,42.9313365,30.98865366,37.43260058
1781,63.36776088,64.80757068,31.47802317,49.41727981,48.65238954,42.87295449,30.97455087,37.99253422
1782,63.36845413,64.80776171,31.67337228,49.41032714,48.70136134,42.9590949,30.97976621,37.49481543
1783,63.36321271,64.80737639,31.53221371,49.40181645,48.59029163,42.88879865,30.96656793,37.51555371
1784,63.35726146,64.80673121,31.48697612,49.39372235,48.59609923,42.86420384,30.95735885,37.55703028
1785,63.3537919,64.80623264,31.48876676,49.38619318,48.67514016,42.86707561,30.94822449,37.90958109
1786,63.35229546,64.80618293,31.68007082,49.37936303,48.72667617,42.90739879,30.95018533,37.76441311
1787,63.34866745,64.80564851,31.66117067,49.37252364,48.78039865,42.89161742,30.95227867,38.0132725
1788,63.34754077,64.80534744,31.78267212,49.36576288,48.74245325,42.93433733,30.95497715,37.57776856
1789,63.34410015,64.80495873,31.64785333,49.3583173,48.72172554,42.8741735,30.94519623,37.76441311
1790,63.34261785,64.80515789,31.68436114,49.35124865,48.71859763,42.86964137,30.94196959,37.66072169
1791,63.33902671,64.80474067,31.63213668,49.34378506,48.67162808,42.86454518,30.93719399,37.70219826
1792,63.33381194,64.80411611,31.64809478,49.33695031,48.73815408,42.89815553,30.93254908,37.72293654
1793,63.33204644,64.80363182,31.66322868,49.32994444,48.72786146,42.90342507,30.92725955,37.72293654
1794,63.32934971,64.80301125,31.70776212,49.32267527,48.67117587,42.90555428,30.92252292,37.49481543
1795,63.32288252,64.80215079,31.52706679,49.31521485,48.66981066,42.84219419,30.91068711,37.90958109
1796,63.31946584,64.80173448,31.62789501,49.30860072,48.69561999,42.86456904,30.91391798,37.45333886
1797,63.31590925,64.80115021,31.58638025,49.30102399,48.66318798,42.85292469,30.90350146,37.8888428
1798,63.31250845,64.80096358,31.72421797,49.29438959,48.68077852,42.9093703,30.90701824,37.63998341
1799,63.31025175,64.80082011,31.70648273,49.2871696,48.65171458,42.89623502,30.90094512,37.84736624
1800,63.30927556,64.80068986,31.81825677,49.28034527,48.64268315,42.94376334,30.90495612,37.63998341
