cycle,avg_know,avg_att,avg_pbc,avg_moral,avg_sn,avg_int,avg_habit,participation
0,44.02616911,62.20852466,44.60944603,80.36490246,63.66187571,0,0,0
1,44.02616911,62.17628511,7.234108921,80.07779942,45.05882773,30.94603288,0,2.6337619
2,44.12603466,62.18935823,6.577191662,79.79912187,37.73284829,29.40092828,0.077967156,2.5300705
3,44.20373634,62.19958145,6.625132166,79.52126018,34.57917345,28.87534334,0.146910208,2.3641642
4,44.26015184,62.20729465,6.614865648,79.24462111,33.24893281,28.62122095,0.210419553,2.5922854
5,44.32243377,62.21642265,6.702644048,78.96977603,32.67780158,28.52314807,0.279804583,2.6130236
6,44.37585306,62.22441409,6.76380378,78.69597778,32.35984734,28.45814292,0.347432462,2.4678557
7,44.42376622,62.2316465,6.733436177,78.42377847,32.2847191,28.40792426,0.407844978,2.7789299
8,44.4749605,62.23783017,6.823491336,78.15350187,32.2497819,28.40124152,0.474806094,2.7996682
9,44.52720658,62.24496869,6.904292018,77.88479308,32.25281543,28.38295985,0.540987034,3.1107424
10,44.58914395,62.25314957,7.04789923,77.61882314,32.39220807,28.4329778,0.611034466,3.4840315
11,44.65592825,62.261998,7.199421781,77.35462811,32.41497951,28.45666412,0.689519264,3.5255081
12,44.7170453,62.27120266,7.268049377,77.09180599,32.40946972,28.45776184,0.771950933,3.3596018
13,44.76933014,62.2780023,7.166992009,76.83023714,32.42726714,28.39716158,0.840748303,3.6499378
14,44.83056881,62.28633472,7.284922803,76.57016268,32.37829525,28.38114376,0.917355289,3.5669847
15,44.88579368,62.29403768,7.302497795,76.31149162,32.38477164,28.35617311,0.988300328,3.6291995
16,44.93266975,62.30096003,7.356992463,76.05396182,32.33295337,28.34251017,1.0571763,3.6084612
17,44.98117099,62.30693131,7.367274284,75.79763251,32.28742493,28.30541068,1.125359485,3.6084612
18,45.02511107,62.3136232,7.376738891,75.54256817,32.2543428,28.24827856,1.188246766,3.6291995
19,45.067959,62.31943164,7.38935565,75.28866784,32.20487793,28.20476989,1.251219605,3.8987972
20,45.11688711,62.32676916,7.410280676,75.03757499,32.35603118,28.21820235,1.319144428,4.2306097
21,45.17162447,62.33419809,7.560818453,74.7878135,32.33432665,28.22336943,1.393664524,4.2098714
22,45.21892947,62.34079557,7.636177493,74.53977675,32.39726666,28.21291514,1.463476322,4.3135628
23,45.27165415,62.34806925,7.690571826,74.29275737,32.34934535,28.2146626,1.536616914,4.1476566
24,45.3114621,62.35467487,7.68650643,74.04680419,32.33161788,28.16358779,1.599533592,4.4587308
25,45.35932117,62.36098237,7.774443309,73.80307007,32.39418776,28.17543865,1.67120527,4.7075902
26,45.41242585,62.36954939,7.908812654,73.56132136,32.47042661,28.21722611,1.745404814,4.7283285
27,45.46746876,62.3763165,7.989801245,73.32036387,32.41738217,28.17686524,1.81713886,4.6868519
28,45.51273576,62.38079767,7.976447503,73.08088121,32.43948967,28.15527591,1.888534481,5.0186645
29,45.56636208,62.3888251,8.125810556,72.84315428,32.44277981,28.16139866,1.965925027,4.7905433
30,45.6116314,62.39472591,8.106371073,72.60622988,32.42975734,28.12510819,2.033300875,5.1016176
31,45.65993328,62.40177711,8.185301228,72.3711649,32.44378369,28.12080723,2.108629244,4.8942348
32,45.69580774,62.40671085,8.175259278,72.13599732,32.28293484,28.04529769,2.174331302,4.7283285
33,45.72537031,62.41097069,8.168627168,71.90239029,32.30856064,28.00790883,2.235634135,5.1638324
34,45.77325537,62.41813039,8.254838927,71.67096963,32.3604134,28.03215434,2.306129122,5.060141
35,45.80719587,62.42321829,8.281439007,71.44010203,32.30014206,27.99310763,2.368475552,5.1638324
36,45.84444688,62.42850681,8.326366307,71.21105049,32.34573312,27.9779301,2.43348318,5.2675238
37,45.88282085,62.43384114,8.338779509,70.9829733,32.29896591,27.94652277,2.500423529,5.1016176
38,45.91674168,62.43976313,8.268134717,70.75575952,32.2654304,27.88241902,2.557498765,5.4541684
39,45.95703797,62.44544299,8.348737763,70.53060269,32.30026781,27.88489966,2.626977072,5.3712153
40,45.98765688,62.45033661,8.375224661,70.30601112,32.2335586,27.85588354,2.688510851,5.2675238
41,46.01717509,62.45462556,8.416614495,70.08247089,32.20817614,27.8176919,2.741633323,5.8067192
42,46.06346741,62.46124374,8.588831982,69.86148396,32.28313814,27.87087841,2.810460439,5.5371215
43,46.10035139,62.46627858,8.556851112,69.64069617,32.22836677,27.81678217,2.869286609,5.7030278
44,46.13322791,62.47056595,8.569058579,69.42176472,32.27389439,27.82220455,2.931237054,5.7030278
45,46.16446235,62.47513698,8.58794081,69.20380126,32.26337792,27.78833618,2.989128643,5.9518872
46,46.20046587,62.47997747,8.692011231,68.98754769,32.28545627,27.77595445,3.050038179,5.7030278
47,46.22764624,62.48330367,8.671685345,68.77137545,32.18651449,27.69832387,3.104991014,5.7652426
48,46.25639145,62.48706255,8.701692001,68.55631232,32.12037862,27.66029851,3.160522076,5.8274575
49,46.28253829,62.49054176,8.745563398,68.34281748,32.14642033,27.65704616,3.216964433,5.9311489
50,46.30971481,62.49445654,8.846655318,68.13051936,32.14365252,27.64733264,3.27479045,5.8067192
51,46.33441748,62.49823488,8.796615936,67.91856135,32.04473512,27.58559852,3.324391921,5.6408129
52,46.35066622,62.50103429,8.759150225,67.7071328,31.94703726,27.51466627,3.370425934,5.5993364
53,46.3713327,62.50318443,8.717232338,67.49703958,31.95176549,27.48296902,3.410305506,6.2007466
54,46.40035762,62.50652841,8.874624766,67.28910653,31.96931152,27.50580266,3.467000588,5.7652426
55,46.41680654,62.50934044,8.814748248,67.08104437,31.88961262,27.44370905,3.508505936,5.6822895
56,46.42451132,62.50933407,8.771817606,66.87395628,31.85615618,27.39452903,3.54862361,6.2422231
57,46.45237607,62.51263558,8.991732596,66.66969277,31.98077516,27.46304147,3.602452508,6.4081294
58,46.4808342,62.51582886,9.079898838,66.46681808,32.04282312,27.46914642,3.658409371,6.4703443
59,46.51045055,62.5192554,9.164975402,66.26483558,32.02396884,27.45347983,3.715759413,6.3666528
60,46.53289852,62.52155695,9.096520321,66.06379887,32.02422164,27.41387598,3.765965419,6.4081294
61,46.55834185,62.5246243,9.176449614,65.86351142,31.96161521,27.38604597,3.817692724,6.5118208
62,46.57906618,62.52725727,9.235685589,65.66429318,31.90918179,27.3647118,3.867289893,6.1177934
63,46.59356959,62.52939905,9.110905286,65.46526018,31.84736933,27.28520354,3.904800029,6.449606
64,46.61639402,62.53293099,9.170303019,65.26775161,31.81079715,27.27376457,3.94828338,6.4910825
65,46.63586259,62.53525282,9.234621505,65.07188344,31.88314435,27.26078968,3.994560525,6.6569888
66,46.66102192,62.53856283,9.316882715,64.87716412,31.88975106,27.25925037,4.041418281,6.6984654
67,46.6842729,62.54151956,9.361420922,64.68356222,31.89669551,27.23419098,4.089005721,6.5325591
68,46.69710827,62.54298287,9.308988833,64.49023003,31.81896257,27.1737056,4.129489874,6.5325591
69,46.71291744,62.54528449,9.329602383,64.29775046,31.75760407,27.14297003,4.169332625,6.4910825
70,46.72947839,62.54738308,9.341602947,64.10590118,31.67845389,27.10498088,4.206634178,6.5325591
71,46.74298465,62.54932286,9.354158259,63.91503347,31.62665352,27.06462611,4.243525312,6.3459146
72,46.75366181,62.55092403,9.275030897,63.7246756,31.57050125,26.9919015,4.27269925,6.5740357
73,46.77204636,62.55301086,9.307899978,63.53603019,31.6043964,26.99357339,4.305443396,6.6155122
74,46.78984938,62.55502739,9.324828585,63.34797004,31.53974206,26.96815847,4.342024649,6.4703443
75,46.79651629,62.55590009,9.321170844,63.16070724,31.51852474,26.92041732,4.373102833,6.8436333
76,46.81103697,62.5573367,9.477726865,62.97583065,31.64345779,26.96080832,4.415469525,7.1961842
77,46.83316008,62.56023082,9.633414053,62.79253239,31.70386589,26.98023019,4.463787769,6.968063
78,46.85127202,62.56285117,9.641263989,62.60908874,31.60721837,26.93540216,4.503491523,6.8436333
79,46.86285872,62.56454017,9.593583642,62.42605578,31.50429496,26.88279265,4.538966258,6.6984654
80,46.86646506,62.56486869,9.494999907,62.24408975,31.51433272,26.81918022,4.569246788,7.0717545
81,46.88370524,62.56757704,9.60886016,62.06378465,31.53625459,26.82028267,4.610360355,6.9888013
82,46.89388985,62.56891084,9.668494805,61.88391157,31.48161213,26.80613354,4.645312407,6.8228951
83,46.90124246,62.56981222,9.597931947,61.70465614,31.44657334,26.74816848,4.676202667,7.0095396
84,46.9123684,62.57107117,9.666492896,61.52635323,31.3843457,26.7354757,4.708685445,6.7192036
85,46.91691589,62.57158282,9.565056016,61.34847387,31.34838348,26.66608621,4.734249465,6.7606802
86,46.9258079,62.5730715,9.518922059,61.1710273,31.23750121,26.6153603,4.758841429,6.8021568
87,46.93257067,62.57362676,9.563615582,60.99494505,31.24939859,26.60672483,4.782640074,6.9473248
88,46.94535285,62.57514352,9.617873577,60.81984139,31.22446869,26.59210303,4.810383726,6.9473248
89,46.95695481,62.57652755,9.613933405,60.6456893,31.21877169,26.56329644,4.836617559,7.0717545
90,46.96277428,62.57752352,9.694290087,60.4726243,31.21179868,26.54195229,4.866221543,6.9473248
91,46.96905361,62.57811341,9.663412233,60.3001883,31.1944766,26.50347667,4.8911485,7.0095396
92,46.97383773,62.57907634,9.677702582,60.12870409,31.1787064,26.48425338,4.916056614,7.258399
93,46.98544406,62.58061377,9.782532876,59.95860097,31.18467384,26.48283109,4.949270825,7.0095396
94,46.99163058,62.58117333,9.745920554,59.78856967,31.11546193,26.43224605,4.972571383,6.8436333
95,46.99915141,62.58229611,9.636144762,59.6187182,31.00989303,26.35844634,4.991008481,6.9473248
96,47.00605765,62.58310997,9.640284384,59.4498802,30.95666951,26.33593543,5.010125949,7.0510162
97,47.00948801,62.58373913,9.669385735,59.28223293,30.95668832,26.30439926,5.034834425,6.9058482
98,47.01935316,62.58539984,9.619484365,59.11522302,30.95465058,26.26381152,5.051600243,7.0510162
99,47.02634459,62.58588981,9.687364333,58.94919599,30.93275795,26.26234136,5.072508658,6.9265865
100,47.03148217,62.58692688,9.701966075,58.78374702,30.90647427,26.23825586,5.090044193,7.258399
101,47.04540028,62.58892327,9.780577394,58.61945069,30.85292547,26.23793043,5.116788406,6.968063
102,47.04649059,62.58928528,9.688697273,58.45531909,30.79110653,26.17637483,5.132484146,6.8228951
103,47.04293229,62.58836769,9.639977543,58.29222546,30.83160762,26.13001676,5.14608827,7.403567
104,47.05295992,62.58965287,9.840539448,58.13126542,30.9075515,26.17561969,5.173062193,7.3828287
105,47.06389757,62.591273,9.93254521,57.9708803,30.89993215,26.17276971,5.199664478,7.4450436
106,47.07444143,62.59251143,9.948838039,57.81143442,30.89509797,26.16459639,5.226518664,7.3413521
107,47.07910946,62.59297424,9.929368271,57.65222627,30.82158241,26.10178961,5.249251574,7.1754459
108,47.08317317,62.59357739,9.853918476,57.49302275,30.69476435,26.029569,5.268045984,7.1339693
109,47.08571801,62.59402647,9.850343232,57.33506488,30.7177978,26.01567716,5.283863024,7.3206139
110,47.09115941,62.59435158,9.916023525,57.17792946,30.67685997,25.98782834,5.305980971,7.113231
111,47.08973826,62.59398235,9.878615911,57.02093092,30.59919494,25.93285251,5.321575364,6.9888013
112,47.08748543,62.59359979,9.761803235,56.86422331,30.50989033,25.87505709,5.330498169,7.0924927
113,47.08891923,62.59363163,9.763764562,56.70856536,30.48027567,25.8424921,5.34385525,7.0717545
114,47.08971567,62.59385206,9.790038807,56.55344314,30.42610578,25.81982558,5.354360001,6.9888013
115,47.09056775,62.59381749,9.788348181,56.39901454,30.40405517,25.78451637,5.361992585,7.258399
116,47.09613041,62.59470771,9.893777732,56.24608286,30.43536153,25.78639587,5.377934063,7.1754459
117,47.09405788,62.5940399,9.908795486,56.09395842,30.47282847,25.77550482,5.391206942,7.5694732
118,47.10125018,62.59469679,10.06753235,55.94309467,30.45989518,25.79061472,5.415512477,6.968063
119,47.09813971,62.5947193,9.848013585,55.79146073,30.35348699,25.69603759,5.421504888,7.3206139
120,47.10533639,62.59584213,9.903417863,55.64141194,30.34449332,25.68516075,5.437984,7.1961842
121,47.11175701,62.59720491,9.891584406,55.49205217,30.3578521,25.66923511,5.452100249,7.4450436
122,47.11743725,62.59808697,9.951320773,55.34340192,30.28414037,25.66765127,5.470143031,7.1339693
123,47.11214504,62.59724574,9.889291106,55.19516907,30.27492209,25.60701188,5.479024144,7.1547076
124,47.11230775,62.5970115,9.827411259,55.04709165,30.16147225,25.54164003,5.48686025,7.1547076
125,47.11233631,62.59739418,9.858111685,54.9001532,30.17048491,25.53108035,5.494726914,7.258399
126,47.11480468,62.5977722,9.892877718,54.7540247,30.15464058,25.5210407,5.504454366,7.2376607
127,47.11749075,62.5980047,9.921824964,54.60831816,30.09511504,25.48333627,5.51641381,7.1961842
128,47.12115518,62.59868583,9.911380005,54.46334165,30.07395601,25.44516824,5.525420987,7.113231
129,47.12518459,62.59940801,9.882127573,54.31900006,30.06609962,25.43117189,5.531117332,7.4450436
130,47.13664755,62.6012363,9.965244883,54.17612695,30.09321641,25.43911017,5.547314907,7.2376607
131,47.13971857,62.601963,9.93226735,54.03328827,30.04036289,25.39669878,5.557539974,7.3828287
132,47.14424424,62.60188192,9.965683609,53.89145568,30.01946659,25.37562022,5.571579945,6.9473248
133,47.13958661,62.60124122,9.835937426,53.74930032,29.94858496,25.29647559,5.571590541,7.4865201
134,47.14877523,62.60284478,9.983801614,53.60922577,29.9963606,25.33114524,5.586207345,7.403567
135,47.1541756,62.60360528,10.03579722,53.46952548,29.98027888,25.31363704,5.59628118,7.2998756
136,47.1581542,62.60430012,9.988502012,53.32973722,29.8633787,25.27850952,5.606409431,7.0924927
137,47.15930039,62.60438502,9.914099364,53.19027457,29.7993804,25.23832445,5.608046985,7.1961842
138,47.16143919,62.60491221,9.914169548,53.05191934,29.80633047,25.20784537,5.61255159,7.2998756
139,47.16445585,62.60559704,9.911076897,52.91427895,29.77997308,25.18431005,5.620647485,7.258399
140,47.1678452,62.60584178,9.888099408,52.77739234,29.78500311,25.15607826,5.628627986,7.3413521
141,47.17001038,62.60630527,9.938186287,52.641191,29.75949988,25.14581609,5.637757295,7.2169224
142,47.17428396,62.60684161,9.882527968,52.50527251,29.70912043,25.11402236,5.643242563,7.2376607
143,47.17708931,62.60750822,9.868908455,52.3698456,29.64454393,25.0696969,5.648918684,7.2169224
144,47.17746679,62.6076301,9.865844428,52.23531438,29.65099469,25.04882614,5.652058198,7.3620904
145,47.1794184,62.60811725,9.948573119,52.10132344,29.5880266,25.03295929,5.661391748,7.1547076
146,47.17661213,62.6074829,9.888560601,51.96769019,29.55821979,24.98902565,5.664756702,7.1961842
147,47.17806437,62.60760481,9.888574182,51.83457243,29.50247907,24.96069527,5.669559103,7.113231
148,47.17933011,62.60775747,9.884635248,51.70209989,29.49159274,24.93622667,5.671527758,7.3620904
149,47.18343483,62.60854674,9.998922189,51.57116912,29.56151152,24.9610304,5.681814345,7.6316881
150,47.19322323,62.60998831,10.11807833,51.4412464,29.57364152,24.97328038,5.695163462,7.1754459
151,47.19225553,62.60992508,10.02168548,51.31054564,29.45775277,24.91686893,5.695082347,7.1754459
152,47.19231412,62.60969516,9.967036184,51.18084858,29.45965068,24.87069445,5.698037109,7.5279967
153,47.1995025,62.61065635,10.04627828,51.05246323,29.4723106,24.87878484,5.70875425,7.1754459
154,47.19621593,62.61005374,9.94651376,50.92381529,29.41544424,24.81648909,5.710771883,7.4865201
155,47.20242303,62.61085576,10.01186365,50.79620009,29.36714226,24.80796316,5.720118467,7.1961842
156,47.19764239,62.61004693,9.930048549,50.66849404,29.29681267,24.76742152,5.721505704,7.2376607
157,47.19981964,62.61042162,9.917348507,50.5415558,29.27074466,24.73647582,5.726077228,7.1754459
158,47.20043216,62.61063197,9.920273154,50.41499712,29.22728333,24.70155904,5.72704768,7.2998756
159,47.20050199,62.61067499,9.933497342,50.28967529,29.27026216,24.69619261,5.733665262,7.4243053
160,47.20392922,62.61065643,10.02085185,50.16520287,29.28878624,24.71244509,5.742664067,7.4865201
161,47.20831675,62.61114353,10.08888249,50.04117086,29.24429968,24.68938904,5.752129062,7.1547076
162,47.20782706,62.61086056,9.977559739,49.91707631,29.19448366,24.63590215,5.750233172,7.3828287
163,47.20915822,62.61071475,10.00325557,49.79418988,29.20504717,24.63342709,5.75717829,7.3620904
164,47.21034916,62.61123899,9.995699142,49.67140511,29.12479725,24.59871193,5.76424006,7.1961842
165,47.21164687,62.61139758,9.953482749,49.54920714,29.12339436,24.56710232,5.765450095,7.548735
166,47.21791301,62.61227541,10.06116965,49.42829059,29.13551771,24.58118265,5.775386289,7.5072584
167,47.22042754,62.61278603,10.13937644,49.30793819,29.14025316,24.58968266,5.782232242,7.403567
168,47.22404151,62.61348721,10.11519011,49.18769229,29.08243143,24.54758874,5.788097586,7.4450436
169,47.22192828,62.61330097,10.13492213,49.06825909,29.07699632,24.53287272,5.794755206,7.4865201
170,47.22200404,62.61311688,10.14008392,48.94945524,29.06401754,24.50574911,5.802911149,7.5072584
171,47.22318596,62.61334185,10.17732058,48.83170267,29.12533165,24.51862175,5.81016453,7.7146412
172,47.23205454,62.61456953,10.22426109,48.71444712,29.07594144,24.51133742,5.824327113,7.4657818
173,47.23696357,62.61519711,10.14682516,48.59692555,28.97307919,24.4646746,5.833019427,7.3620904
174,47.23552237,62.61508276,10.05885153,48.47977385,28.91333088,24.42090273,5.836040501,7.2169224
175,47.23186803,62.61436259,9.990056401,48.36262458,28.82445071,24.36575921,5.83574841,7.403567
176,47.2337265,62.61437527,10.01887024,48.24694369,28.87823204,24.36037602,5.839447946,7.3413521
177,47.23383871,62.61431715,9.988331143,48.13114602,28.79805697,24.32553263,5.843160198,7.2169224
178,47.23153419,62.61415309,10.02758055,48.0158933,28.78527509,24.30474616,5.840239276,7.5072584
179,47.23375632,62.61419611,10.11108225,47.90195836,28.8217301,24.31381975,5.84759391,7.5072584
180,47.23503953,62.61434813,10.18285135,47.78825323,28.77646185,24.31921559,5.854717598,7.1961842
181,47.23542595,62.61429675,10.06710927,47.67450224,28.73258574,24.25897156,5.852001265,7.3828287
182,47.24029887,62.6151714,10.03808725,47.56173118,28.72676743,24.23956371,5.853633599,7.3206139
183,47.23758369,62.61437063,10.0189049,47.44893645,28.63862579,24.19751857,5.854055984,7.1961842
184,47.23626123,62.6138922,9.994007337,47.33629137,28.5590692,24.17602827,5.850577845,7.1339693
185,47.23369163,62.61361744,9.945999606,47.22413894,28.52399695,24.12639757,5.847808857,7.3206139
186,47.23377811,62.61355722,9.992423364,47.11329498,28.58055611,24.13245877,5.850162526,7.3828287
187,47.23608028,62.61347487,10.06237503,47.00311249,28.60177739,24.14108932,5.853599671,7.4865201
188,47.23838911,62.61390725,10.11862054,46.89332262,28.55284485,24.12585894,5.861864547,7.2791373
189,47.23915322,62.6139889,10.06595512,46.78398083,28.56563788,24.09817838,5.860912301,7.4450436
190,47.23954026,62.61401833,10.08224515,46.67559347,28.58940364,24.09133753,5.86451376,7.6316881
191,47.24373135,62.61474625,10.14141208,46.56827963,28.63456403,24.09372905,5.875467217,7.7975944
192,47.25083735,62.61590569,10.22510776,46.46158252,28.61913029,24.09742806,5.890018796,7.4243053
193,47.25429386,62.61661968,10.14144195,46.35446757,28.54791891,24.05727465,5.893122057,7.3828287
194,47.2544982,62.61646019,10.05580241,46.24783845,28.51530014,24.01725103,5.895319654,7.5694732
195,47.25494512,62.6168849,10.11854051,46.14211173,28.50949285,24.02575318,5.901297821,7.403567
196,47.2547102,62.61670211,10.07218255,46.03636715,28.45557104,23.98199697,5.904686303,7.3413521
197,47.25620492,62.61696314,9.997636257,45.93073594,28.37532486,23.93127504,5.904671221,7.3620904
198,47.2568736,62.61730296,10.02852519,45.82584579,28.36466263,23.90894814,5.905599945,7.3620904
199,47.2581504,62.61728439,10.04113041,45.72146111,28.35355794,23.90710557,5.907434438,7.5694732
200,47.25669673,62.61701862,10.10221535,45.61806397,28.36611293,23.90747152,5.915049406,7.5072584
201,47.25625655,62.61708736,10.14567991,45.51484134,28.32806146,23.89658701,5.918950106,7.4243053
202,47.25725171,62.61702279,10.11832238,45.41217647,28.33469327,23.86881656,5.922163668,7.4243053
203,47.25803394,62.61746435,10.08803132,45.3096888,28.27716117,23.85348522,5.925270472,7.4657818
204,47.25946182,62.61796917,10.11225461,45.20790508,28.26902494,23.84218641,5.929095736,7.548735
205,47.26007293,62.61777037,10.14854183,45.10701463,28.30394409,23.832492,5.934829741,7.6939029
206,47.26298713,62.61850784,10.20841591,45.00684113,28.3117756,23.84379472,5.943112191,7.4865201
207,47.26211184,62.61807716,10.18467596,44.9066571,28.28074887,23.81859395,5.947034822,7.7561178
208,47.26552759,62.61877136,10.26912412,44.80760505,28.29649371,23.8257868,5.956992721,7.5072584
209,47.26866369,62.61924218,10.20375944,44.70838828,28.25635003,23.7857968,5.960378917,7.6109498
210,47.27213585,62.6195562,10.22042216,44.60945076,28.17096131,23.76086052,5.964690478,7.4450436
211,47.27145212,62.61951456,10.17865322,44.51088777,28.15243197,23.74181745,5.967537236,7.6109498
212,47.27599776,62.6200739,10.18758485,44.41322144,28.16460335,23.73496615,5.97404333,7.5279967
213,47.27913964,62.62036027,10.14110627,44.31571028,28.13266516,23.69900863,5.976932007,7.6316881
214,47.28255803,62.62114562,10.18458236,44.21885126,28.11464004,23.68980701,5.983011104,7.4657818
215,47.28066551,62.62087727,10.17403037,44.12224024,28.1073877,23.67203908,5.984034702,7.5072584
216,47.2820553,62.62114062,10.11184776,44.02571688,28.02301952,23.63665702,5.988370938,7.5694732
217,47.2834955,62.62150248,10.14172625,43.9300247,28.02416657,23.62066339,5.991817967,7.4657818
218,47.28558363,62.62161012,10.13783115,43.83420668,27.94856232,23.60026753,5.993198766,7.3620904
219,47.28550096,62.62178201,10.08748764,43.73891825,27.94632986,23.56884598,5.99204752,7.4450436
220,47.28630479,62.62164637,10.09938028,43.64440938,27.97077084,23.55455907,5.992730211,7.6316881
221,47.29103477,62.62207639,10.16526595,43.55081047,28.00103693,23.57414763,5.998780387,7.7561178
222,47.29310414,62.62229038,10.21011775,43.45790371,28.01511984,23.58190405,6.008369547,7.403567
223,47.29417573,62.62261983,10.1321988,43.36434294,27.92536945,23.51877877,6.006890578,7.7353795
224,47.29327848,62.62251924,10.24179956,43.27232027,27.97148956,23.54815452,6.017139569,7.6109498
225,47.29170231,62.62220025,10.2763164,43.18019382,27.92718577,23.54741398,6.022124719,7.5072584
226,47.29038333,62.62195706,10.21743864,43.08816416,27.87058212,23.50920407,6.025119011,7.5279967
227,47.28888116,62.62172822,10.1922894,42.99646919,27.81621791,23.48166728,6.028361452,7.4657818
228,47.28540564,62.62115154,10.17896449,42.90534772,27.82488167,23.44319398,6.028172083,7.4865201
229,47.2853456,62.62084314,10.17186542,42.81441474,27.77474843,23.41849291,6.027786392,7.5072584
230,47.28467016,62.62068879,10.209555,42.72393494,27.74437838,23.41392155,6.028014868,7.4243053
231,47.28419162,62.62061683,10.14620616,42.63384887,27.73980005,23.38974448,6.028125027,7.6524264
232,47.28451878,62.62063288,10.20777314,42.54484334,27.77872845,23.4015077,6.034093699,7.5694732
233,47.28647294,62.62131328,10.23329212,42.45607862,27.78026208,23.38661812,6.036540833,7.6109498
234,47.28755026,62.62145118,10.23678052,42.36758045,27.73655133,23.3822469,6.042297216,7.3620904
235,47.28629081,62.6214515,10.14487101,42.27890413,27.67532858,23.33422847,6.038315094,7.5694732
236,47.28464168,62.6209494,10.18489161,42.19139842,27.71246067,23.33795669,6.040521939,7.6524264
237,47.28457926,62.62100036,10.24675314,42.1041097,27.66695259,23.33865148,6.044903365,7.4243053
238,47.28315829,62.62087699,10.18335076,42.01668531,27.60816804,23.29459464,6.042508638,7.548735
239,47.28403091,62.62095431,10.21160091,41.92995341,27.58991013,23.29254225,6.042041812,7.5694732
240,47.28366658,62.62082809,10.22312755,41.84397661,27.62587882,23.28412571,6.045634755,7.4657818
241,47.28575304,62.62109546,10.16131952,41.7576424,27.53473582,23.24711352,6.045458422,7.2791373
242,47.28458035,62.62093965,10.07522056,41.67115912,27.44362062,23.20168933,6.039097205,7.3828287
243,47.28177849,62.62055989,10.05283605,41.58537309,27.41703532,23.18085291,6.034424098,7.1547076
244,47.27926694,62.62019878,10.01322767,41.49955,27.38517927,23.15000682,6.024369777,7.5279967
245,47.28253713,62.62076796,10.05567393,41.41496295,27.40225529,23.15418738,6.026532639,7.3828287
246,47.27877429,62.62000507,10.05298438,41.33071129,27.43097765,23.14894177,6.02598232,7.4243053
247,47.27825796,62.62017315,10.11324866,41.24666894,27.39348998,23.14161851,6.025401102,7.5279967
248,47.27772636,62.62006386,10.13725111,41.16370594,27.45551454,23.13756535,6.02563807,7.6316881
249,47.27795646,62.62012086,10.15869286,41.08095583,27.41909848,23.1313934,6.030327584,7.3828287
250,47.27611379,62.61984196,10.099114,40.99784022,27.33637426,23.09761717,6.028512889,7.3828287
251,47.27247455,62.61928394,10.10482807,40.91511852,27.29345601,23.06761078,6.027089925,7.3620904
252,47.27051932,62.61891498,10.08394095,40.83273515,27.26476282,23.04226712,6.02383232,7.2998756
253,47.27149671,62.61896191,10.01806292,40.75084044,27.27855723,23.04015074,6.017921298,7.4450436
254,47.27059215,62.61866793,10.08222403,40.66968729,27.29790431,23.04023498,6.017051267,7.5694732
255,47.27341326,62.61907813,10.16119227,40.58922598,27.31772804,23.05599792,6.020425358,7.6109498
256,47.27519052,62.61937219,10.2173759,40.50916843,27.31216415,23.05578714,6.026005892,7.4243053
257,47.27848981,62.61979161,10.14121168,40.42921098,27.30779139,23.01076014,6.025851862,7.6316881
258,47.27967553,62.61990929,10.22127029,40.34958498,27.23527383,23.01276843,6.032356907,7.1754459
259,47.27694269,62.61938744,10.08090035,40.26924344,27.13597965,22.94583274,6.024607044,7.4450436
260,47.27684384,62.61919274,10.11576498,40.19048655,27.21428275,22.96038034,6.024219831,7.7146412
261,47.27950568,62.61948953,10.24406491,40.11244296,27.22654212,22.98799503,6.033414449,7.5279967
262,47.28161672,62.61974882,10.21768417,40.03403581,27.15347524,22.95799112,6.034181613,7.3828287
263,47.27866903,62.61922874,10.11616222,39.95584882,27.12773397,22.91602666,6.031476938,7.403567
264,47.27964368,62.61946563,10.06766665,39.8780771,27.11314568,22.90435859,6.031649995,7.3828287
265,47.27901332,62.61939212,10.0807549,39.80064623,27.10045422,22.89212851,6.029740262,7.3413521
266,47.27772343,62.61906107,10.1081462,39.72366174,27.1133097,22.88191048,6.028023373,7.7146412
267,47.2813529,62.61966328,10.23075581,39.64773571,27.12877743,22.90738115,6.036154271,7.5279967
268,47.28186437,62.61963097,10.20263416,39.57170816,27.10304522,22.87956008,6.038482618,7.4865201
269,47.28643171,62.62050235,10.15492383,39.49611896,27.10881022,22.85854829,6.040191981,7.5072584
270,47.28765826,62.62091446,10.19935198,39.4205776,27.04803707,22.85470825,6.041166196,7.5279967
271,47.29231199,62.6216319,10.16516337,39.34567721,27.05685867,22.83966387,6.04386192,7.6109498
272,47.29361491,62.62169107,10.14018187,39.2713785,27.07440549,22.83632374,6.049767887,7.4450436
273,47.29302234,62.62146898,10.12493353,39.19694429,27.03862548,22.80584662,6.047655306,7.6731647
274,47.29570482,62.62187515,10.21406106,39.12337532,27.04152854,22.82241009,6.053053105,7.4865201
275,47.29368734,62.62148013,10.17327853,39.04940826,26.96225901,22.79373312,6.054015058,7.3206139
276,47.29233876,62.62125366,10.07609359,38.97553535,26.92279765,22.76030737,6.049200338,7.5694732
277,47.2936013,62.62170768,10.12053934,38.90290117,26.9815337,22.76991727,6.050746203,7.5694732
278,47.29708445,62.62238891,10.15034965,38.83029114,26.94731453,22.76854728,6.055708921,7.5902115
279,47.2964178,62.62221958,10.19269839,38.75825313,26.95821699,22.77334,6.05804365,7.4243053
280,47.29402457,62.62198075,10.17379725,38.68572651,26.86332121,22.74647835,6.057711959,7.3828287
281,47.29365731,62.62196691,10.10708522,38.61388804,26.88298722,22.71642139,6.055214019,7.7146412
282,47.29399365,62.62194858,10.19641624,38.54326862,26.94465163,22.74404252,6.061357471,7.548735
283,47.29495651,62.62209953,10.19915651,38.47223655,26.88564341,22.72341672,6.062505966,7.548735
284,47.2961867,62.62214292,10.20890415,38.40151502,26.84929106,22.70557329,6.067862483,7.6316881
285,47.29896545,62.62265143,10.21306939,38.33158199,26.88078881,22.70043884,6.072538695,7.4243053
286,47.29741931,62.62245288,10.15484879,38.26124338,26.82249368,22.65448531,6.070331997,7.548735
287,47.29714934,62.62240886,10.20530472,38.19178546,26.8499881,22.66650994,6.072714355,7.548735
288,47.29666347,62.62233361,10.2223999,38.12227111,26.79278911,22.64876369,6.07386549,7.5902115
289,47.29779382,62.62256509,10.20247681,38.05323558,26.77564021,22.63813103,6.075372301,7.5279967
290,47.29685466,62.62231129,10.22031901,37.98453999,26.78090261,22.62429143,6.07536002,7.5072584
291,47.29727786,62.6223094,10.203704,37.91568444,26.7019213,22.61101764,6.075328703,7.4243053
292,47.29701338,62.62241635,10.19068596,37.84732105,26.71162688,22.60742324,6.071168851,7.6524264
293,47.29941943,62.62266367,10.22702331,37.78004273,26.77663907,22.60820053,6.075999275,7.5902115
294,47.29899574,62.62261059,10.23723742,37.71277379,26.76502915,22.59941783,6.076145973,7.6731647
295,47.30064839,62.62288113,10.31338541,37.64599877,26.76083725,22.61082913,6.078799726,7.6109498
296,47.30182255,62.62302606,10.32424761,37.57908688,26.694548,22.59455694,6.0812357,7.4657818
297,47.3009199,62.62281921,10.24936304,37.51218571,26.64742483,22.56454907,6.079138859,7.4450436
298,47.29943335,62.6226191,10.18804411,37.44546752,26.60518802,22.52295783,6.078626501,7.548735
299,47.30271157,62.62306072,10.200985,37.3795497,26.63363113,22.52582309,6.08106596,7.4450436
300,47.30086492,62.62292324,10.14411372,37.31364973,26.61928348,22.5116718,6.078818819,7.6731647
301,47.30115031,62.62305812,10.21594923,37.2487265,26.65799929,22.51763629,6.082324767,7.7146412
302,47.30355013,62.6234408,10.26147455,37.18414609,26.66386045,22.52361369,6.088340979,7.4865201
303,47.30367023,62.62364931,10.18575923,37.1195239,26.66410312,22.4955486,6.085978618,7.6524264
304,47.30739608,62.62407584,10.18885186,37.05530296,26.63151075,22.47974609,6.088786588,7.6524264
305,47.30768583,62.62412198,10.22490505,36.99100966,26.54816293,22.46767005,6.094831882,7.3620904
306,47.30309286,62.62336369,10.13998244,36.9265073,26.49881133,22.4377715,6.090000887,7.403567
307,47.30054114,62.62294065,10.12935911,36.86263952,26.51640907,22.42772234,6.088187788,7.6316881
308,47.3009908,62.62300564,10.18767903,36.79934275,26.50263298,22.42006965,6.091684385,7.4450436
309,47.30062151,62.62285601,10.1567198,36.73568098,26.42956976,22.38882852,6.091299801,7.4243053
310,47.29889813,62.622462,10.15927602,36.67237911,26.40736381,22.38104024,6.090980295,7.3620904
311,47.2985153,62.62231688,10.09651691,36.60907011,26.35808184,22.34752989,6.087409622,7.4243053
312,47.29935951,62.62279802,10.09230819,36.54668914,26.41939517,22.3457383,6.08216237,7.403567
313,47.30036887,62.62323043,10.10785451,36.48402861,26.35156998,22.34008825,6.07905596,7.403567
314,47.30065484,62.62324835,10.08465151,36.42200764,26.37326265,22.325026,6.075582498,7.548735
315,47.30271872,62.62363097,10.12497516,36.36044097,26.36597305,22.33621158,6.077737488,7.4865201
316,47.30116521,62.62338578,10.16210809,36.2990856,26.36122367,22.3357088,6.075101153,7.5694732
317,47.29998596,62.62320513,10.19835428,36.23812556,26.34927611,22.32258205,6.076585268,7.3413521
318,47.29783643,62.62293192,10.16638811,36.17703824,26.33111112,22.29638249,6.071627396,7.5279967
319,47.29733328,62.62276928,10.14686177,36.11662102,26.33190019,22.29288958,6.073954352,7.403567
320,47.29714594,62.62277917,10.08079229,36.05604535,26.28663539,22.27085188,6.072529923,7.3413521
321,47.29661858,62.62280154,10.0388078,35.99555218,26.24434116,22.24728299,6.069572273,7.403567
322,47.29451435,62.62247143,10.09041098,35.93575282,26.27284859,22.25113636,6.067137426,7.6316881
323,47.29382238,62.62234082,10.17956629,35.87674828,26.30414699,22.2683949,6.073575693,7.4657818
324,47.29282967,62.62221411,10.16100153,35.81756129,26.28074111,22.24554237,6.074217387,7.2791373
325,47.29254033,62.62222077,10.06825003,35.75765535,26.14883015,22.20377167,6.067826507,7.4243053
326,47.29244398,62.62223814,10.10745123,35.6991065,26.22687866,22.22354877,6.066876937,7.3828287
327,47.29403089,62.62276097,10.09487029,35.64090635,26.27908684,22.21554336,6.065381325,7.7561178
328,47.29362769,62.62278478,10.23054312,35.58362858,26.30570571,22.25015351,6.073787306,7.548735
329,47.29435151,62.62290234,10.20263631,35.52576841,26.22574561,22.21233444,6.075430894,7.3413521
330,47.29364522,62.62294486,10.13740494,35.46797948,26.20644671,22.19752634,6.071130871,7.548735
331,47.29357145,62.62292215,10.15562384,35.41070926,26.17894168,22.17811345,6.073884445,7.4865201
332,47.29370573,62.62294642,10.14570135,35.3538254,26.19960685,22.16978076,6.072835204,7.6939029
333,47.29510013,62.62317491,10.18874462,35.29775578,26.23961258,22.18842827,6.079187069,7.6524264
334,47.29570716,62.62330678,10.22971738,35.24154669,26.19519812,22.18166892,6.082553395,7.3206139
335,47.29527168,62.62344652,10.09738594,35.184658,26.10133384,22.12457763,6.077735183,7.3828287
336,47.29422688,62.62326809,10.11797046,35.12835957,26.09343915,22.11970047,6.075208555,7.548735
337,47.29411765,62.62318563,10.15668387,35.07251006,26.07214187,22.12963298,6.077792874,7.2791373
338,47.2928418,62.62305822,10.08583114,35.0162701,26.02008245,22.08426793,6.073252738,7.5279967
339,47.29317819,62.62316615,10.17829137,34.96122991,26.08244165,22.11329508,6.075417931,7.548735
340,47.29448272,62.62319443,10.18169921,34.90621326,26.06083807,22.10175589,6.078748168,7.4865201
341,47.29443226,62.6232787,10.14954237,34.85147914,26.06671374,22.08807014,6.079607084,7.4450436
342,47.29618849,62.62348056,10.14298728,34.79685546,26.0512967,22.06496325,6.078713342,7.5279967
343,47.29634225,62.62337995,10.16682088,34.74245759,26.01348806,22.0513791,6.078932515,7.4243053
344,47.29790954,62.62363025,10.12743754,34.68843139,26.03877117,22.05672757,6.078238424,7.6731647
345,47.29990977,62.6241152,10.20475952,34.63541541,26.10446038,22.08656887,6.082649333,7.548735
346,47.3009712,62.62406151,10.17018521,34.58193633,26.04326465,22.06261466,6.082840297,7.5902115
347,47.30126251,62.62402622,10.21009091,34.52862224,25.98513494,22.04604476,6.085037079,7.2998756
348,47.29798172,62.6237974,10.10655198,34.47481202,25.90885206,21.99425918,6.078562113,7.4243053
349,47.29687537,62.62371109,10.11854246,34.42204059,25.96872511,22.02132988,6.07504884,7.6524264
350,47.29921928,62.62415841,10.18280924,34.36944354,25.91768829,22.03447413,6.078083623,7.1339693
351,47.2945456,62.62352184,10.00416693,34.31588357,25.82626775,21.96833563,6.06983549,7.3206139
352,47.29212646,62.62338523,10.03588052,34.26345069,25.87719326,21.97537568,6.064072525,7.7146412
353,47.29423129,62.62381676,10.1898276,34.21205756,25.92320549,22.00885543,6.070592856,7.4865201
354,47.29440038,62.62381047,10.16161688,34.16022651,25.88605189,21.9869677,6.069140375,7.4865201
355,47.29425664,62.62364277,10.16902496,34.1085298,25.84718623,21.97010413,6.069539325,7.3828287
356,47.29171527,62.62337478,10.12220344,34.05711591,25.86090293,21.96129687,6.065042657,7.4243053
357,47.29382791,62.62371052,10.07692217,34.00586539,25.83840173,21.93366201,6.061903105,7.258399
358,47.29404865,62.62365089,10.03134292,33.95469051,25.84075322,21.91086594,6.053907932,7.6524264
359,47.29416015,62.62369975,10.17320247,33.90449853,25.85550195,21.93465663,6.060371202,7.4450436
360,47.29449867,62.62370254,10.17401832,33.85414413,25.84689366,21.92401475,6.059952949,7.5902115
361,47.29574906,62.62392637,10.22574774,33.80460691,25.89586721,21.94805377,6.063443145,7.5902115
362,47.29653322,62.62394235,10.20089392,33.75493375,25.85279213,21.93424208,6.066995473,7.5279967
363,47.29651332,62.62407943,10.19670457,33.70507409,25.7761437,21.91976022,6.067731525,7.403567
364,47.2955936,62.6240979,10.15372358,33.65586042,25.83995211,21.91076592,6.066302565,7.6731647
365,47.2963808,62.62417276,10.21456409,33.60740652,25.87951257,21.92050751,6.07417002,7.7561178
366,47.29790219,62.62436399,10.29689387,33.55920958,25.87598587,21.93194068,6.081144896,7.4865201
367,47.29755909,62.62427779,10.25451789,33.51043164,25.80773421,21.90967576,6.081657502,7.403567
368,47.29547568,62.62399339,10.19370371,33.46155205,25.73999375,21.87630638,6.080209272,7.4243053
369,47.29388009,62.62394291,10.18086124,33.41296642,25.71241625,21.86057116,6.077874116,7.5072584
370,47.29280007,62.62373378,10.23868134,33.3650516,25.74848745,21.86550413,6.080544401,7.4450436
371,47.29398284,62.62395714,10.17394672,33.31705598,25.72474829,21.84749843,6.078792903,7.4865201
372,47.29274585,62.6237385,10.13596546,33.26916356,25.67935703,21.83115578,6.077812805,7.4243053
373,47.2917314,62.6236311,10.13723573,33.22156106,25.68204941,21.82750487,6.077216026,7.4657818
374,47.29354172,62.62378187,10.14010245,33.17471946,25.75766385,21.82782245,6.078932389,7.7768561
375,47.2968145,62.62437041,10.26526934,33.12873834,25.8101807,21.86597638,6.086969433,7.6316881
376,47.29689671,62.62436339,10.25294831,33.08198294,25.70294859,21.83421836,6.090019358,7.2376607
377,47.29577014,62.62422234,10.11054162,33.03479476,25.64806443,21.79137252,6.081364352,7.6731647
378,47.29884839,62.62437549,10.20957309,32.98863898,25.63983221,21.80569842,6.087912832,7.2998756
379,47.2947684,62.62381331,10.09368764,32.94193326,25.60431515,21.76089961,6.082184978,7.548735
380,47.2956419,62.62394757,10.17896985,32.8962274,25.64756097,21.78268959,6.084769877,7.548735
381,47.29469428,62.62371681,10.21301086,32.8507788,25.66979341,21.78268741,6.08690325,7.5072584
382,47.29315616,62.62360605,10.19396799,32.80540841,25.66482513,21.76684526,6.085380635,7.548735
383,47.29256729,62.62365864,10.2084962,32.7604468,25.67988429,21.77664449,6.085981054,7.6109498
384,47.29279152,62.62356068,10.25282904,32.71567073,25.66195292,21.78302918,6.088927105,7.548735
385,47.2941238,62.62353019,10.22182693,32.67077596,25.61224855,21.76481811,6.087898424,7.3620904
386,47.29386513,62.62350032,10.18584537,32.62581684,25.58999165,21.73702421,6.084600988,7.4657818
387,47.29370291,62.62368135,10.16447002,32.58098426,25.53534162,21.72265283,6.083470978,7.3206139
388,47.29043209,62.62333119,10.08879292,32.53615652,25.51255263,21.70386903,6.077458359,7.5694732
389,47.29127386,62.62341027,10.13908198,32.49239819,25.57527874,21.72222746,6.078843962,7.548735
390,47.29239041,62.62360674,10.17726773,32.44844077,25.53606419,21.7056969,6.079669865,7.3620904
391,47.29276449,62.62375401,10.12509118,32.40403783,25.45635573,21.66653592,6.075373814,7.3413521
392,47.29215474,62.62354617,10.09214842,32.36019379,25.48109563,21.6545757,6.07179257,7.6109498
393,47.29487692,62.62383671,10.17429998,32.31733006,25.54663481,21.68442329,6.075981005,7.5279967
394,47.29533364,62.62395964,10.18696526,32.27422243,25.51893537,21.6808438,6.077965302,7.4865201
395,47.29335366,62.62366381,10.17881815,32.23118445,25.49135988,21.67622341,6.07881126,7.403567
396,47.29083481,62.62329619,10.15661963,32.18803531,25.44528001,21.64819651,6.078111148,7.403567
397,47.29005306,62.62310055,10.13998315,32.14506963,25.41890691,21.64723075,6.075691693,7.403567
398,47.28966332,62.62308627,10.14316709,32.10241161,25.42109938,21.64070107,6.073019111,7.403567
399,47.28998079,62.62303625,10.15609878,32.05968986,25.37545246,21.62440021,6.070795718,7.2791373
400,47.28762947,62.62283439,10.09376866,32.01704396,25.36395426,21.60664126,6.064917556,7.2791373
401,47.28704808,62.62272727,10.07564997,31.97470642,25.37311326,21.58420917,6.056427012,7.4657818
402,48.11248691,70.89102229,10.25013318,31.93317283,25.42487924,23.22706989,6.056276093,7.7353795
403,48.84112902,72.86070414,10.45028247,31.89244047,25.47220126,23.76878318,6.064244318,7.5279967
404,49.43228608,73.92199822,10.47312162,31.85147148,25.47388039,24.09361575,6.064238965,7.5694732
405,50.00051233,74.72163265,10.55560959,31.81087672,25.49077012,24.34638017,6.067708456,7.7146412
406,50.49185789,75.11853964,10.68153665,31.77106838,25.55539453,24.57730986,6.073218555,7.8183326
407,50.95720806,75.53741879,10.7897095,31.73157754,25.57449044,24.80393292,6.08142206,7.7975944
408,51.35901528,75.62356618,10.90507545,31.69219262,25.57111274,24.9036363,6.091188945,7.8183326
409,51.77019495,75.99276608,10.97964928,31.653303,25.6130493,25.09411241,6.099892556,7.9635006
410,52.11461888,76.03943859,11.08382053,31.61510483,25.67333888,25.21208593,6.115000173,8.0049772
411,52.41431212,76.07837182,11.15657616,31.57680102,25.63804516,25.29601658,6.12885243,7.8598092
412,52.7013795,76.17298866,11.13738779,31.53843051,25.61706372,25.3761771,6.139474106,8.0049772
413,52.97923103,76.07470395,11.18280866,31.5010228,25.69704807,25.44767399,6.153908914,8.1294069
414,53.24839033,76.18435871,11.30323184,31.46400243,25.73174337,25.56108115,6.168432932,8.1708835
415,53.51064951,76.22701189,11.38600899,31.42726019,25.75011838,25.65134898,6.186614273,8.1294069
416,53.72337236,76.15560248,11.43742593,31.39028232,25.69816263,25.68386941,6.20161066,7.8183326
417,53.93744505,76.24541266,11.31211426,31.35278806,25.63888493,25.70699173,6.20773031,8.1294069
418,54.14749262,76.23412967,11.43202912,31.3162989,25.66529335,25.79775282,6.221410341,8.0879303
419,54.34519737,76.2088881,11.44200662,31.27958479,25.61870803,25.80637661,6.23551101,7.8805475
420,54.51312457,76.18285181,11.37111961,31.24281274,25.61255047,25.82445455,6.240846179,8.0464538
421,54.67693189,76.11486338,11.40645659,31.20689095,25.67571941,25.87226074,6.251267496,8.357528
422,54.82951495,76.06172872,11.54051038,31.17187614,25.73991265,25.93929674,6.270804266,8.1916217
423,54.94635144,75.99770604,11.55823532,31.1361343,25.66113296,25.92310784,6.28369917,8.1086686
424,55.08001695,76.08923747,11.51858561,31.10086674,25.69744329,25.99876871,6.293438802,8.2330983
425,55.22429947,76.12437805,11.57818136,31.06622128,25.75356995,26.04161768,6.307369959,8.2538366
426,55.34132423,76.12794103,11.6351567,31.03145588,25.72196224,26.0850127,6.319854329,8.4404811
427,55.48252529,76.1657153,11.69297773,30.99768416,25.79379688,26.14543888,6.340581263,8.3160514
428,55.60057221,76.19330851,11.67776412,30.96354467,25.76764479,26.16781194,6.355453114,8.4612194
429,55.70851278,76.18822537,11.79048743,30.93020474,25.82025367,26.23082952,6.373581624,8.3160514
430,55.7954975,76.14856563,11.77765105,30.89635271,25.76934638,26.2031329,6.386619958,8.3367897
431,55.87857514,76.10297215,11.78491428,30.86285638,25.77100603,26.21637942,6.40140488,8.5234343
432,55.98584102,75.89289023,11.85809905,30.83021422,25.83572193,26.23327784,6.420380741,8.502696
433,56.08430577,75.69175958,11.87794275,30.79764682,25.85401367,26.22983983,6.437832198,8.6686022
434,56.16301185,75.53713503,11.99374396,30.7655217,25.86238092,26.24909805,6.460338928,8.357528
435,56.2167353,75.40923465,11.9218158,30.73252558,25.77587416,26.19451117,6.473284194,8.3990046
436,56.2733907,75.36011566,11.93597778,30.70021637,25.81255167,26.20814035,6.485015032,8.5234343
437,56.38209964,75.42300789,11.9478316,30.66809487,25.79891424,26.24571385,6.50184211,8.5234343
438,56.4339876,75.30457773,11.94901252,30.63638132,25.83295172,26.24959851,6.51579409,8.5649108
439,56.48473889,75.19320325,11.96075397,30.60488664,25.84568642,26.22413864,6.531399646,8.6271257
440,56.55307488,75.24185905,11.99041774,30.57361397,25.8451326,26.25976442,6.549854873,8.5441725
441,56.60783267,75.20680247,12.0066165,30.54213827,25.80643642,26.26931748,6.564695344,8.3160514
442,56.66965188,75.20671198,11.90800279,30.51028861,25.76241473,26.25317606,6.570852264,8.4404811
443,56.72871986,75.20454699,11.90173553,30.47887703,25.75373263,26.27512391,6.577831146,8.7722937
444,56.7847458,75.23426804,12.0143474,30.44896913,25.88527825,26.31349687,6.598208919,8.7515554
445,56.84997031,75.24616431,12.09753593,30.41891177,25.89820108,26.36137501,6.617031092,8.647864
446,56.89080625,75.21005335,12.11889814,30.38859197,25.861116,26.34721401,6.633029944,8.6271257
447,56.93477092,75.14055211,12.0959975,30.35863553,25.88483787,26.34707625,6.64802642,8.8552468
448,57.01396055,75.27157957,12.1631829,30.3294283,25.9343087,26.40308314,6.667171216,8.6893405
449,57.06199412,75.23385838,12.17848437,30.29939868,25.83751666,26.38624898,6.682268759,8.5649108
450,57.11061648,75.27620955,12.12013619,30.26959691,25.84004644,26.38277195,6.690568503,8.7722937
451,57.15679636,75.21235999,12.16716655,30.24036455,25.85439901,26.40257367,6.705722291,8.647864
452,57.1990423,75.23612569,12.15035863,30.2109519,25.83830092,26.4085465,6.718426865,8.8967234
453,57.23419716,75.1984041,12.2221552,30.18223111,25.85520329,26.43949359,6.736084093,8.6271257
454,57.30227876,75.28703646,12.14799201,30.15333406,25.88042156,26.4481633,6.746537976,8.8759851
455,57.34969732,75.3539541,12.23200804,30.12504343,25.90168698,26.49144387,6.763128133,8.6893405
456,57.39481992,75.29019569,12.19057498,30.09634753,25.86875316,26.46431271,6.772763653,8.8345085
457,57.46018965,75.32077284,12.16256705,30.0679834,25.84615708,26.48705354,6.786767454,8.7308171
458,57.51545312,75.32886208,12.18018402,30.03965022,25.84421167,26.50226661,6.796598703,8.8759851
459,57.54748737,75.2412949,12.22503112,30.0118021,25.86074496,26.50143228,6.809470822,8.9589382
460,57.61136037,75.39962102,12.29782644,29.9847653,25.95727692,26.56449841,6.826250075,8.8967234
461,57.66498395,75.44278396,12.29964269,29.95734411,25.92948098,26.58720601,6.839559167,8.9381999
462,57.68466324,75.29976961,12.33480949,29.93038889,25.9605432,26.58134857,6.853485999,9.1248445
463,57.7402565,75.29349355,12.41384143,29.90402588,26.00083887,26.63167933,6.873669617,9.021153
464,57.77227218,75.38062862,12.41774738,29.87708531,25.92669843,26.64665351,6.890422134,8.7100788
465,57.81135905,75.40700535,12.31435344,29.84977316,25.89094422,26.60713694,6.896392605,8.8967234
466,57.85446738,75.43950028,12.35301608,29.823388,25.95621388,26.64403584,6.907943124,8.9796765
467,57.88729355,75.38662409,12.36655946,29.79680011,25.90686841,26.65512039,6.922238061,9.0626296
468,57.91971757,75.34933851,12.3800789,29.77098329,25.96950291,26.65460279,6.936987772,9.166321
469,57.95652042,75.36383524,12.48135093,29.74550815,26.00381166,26.69805549,6.955903459,9.1870593
470,57.99644227,75.34934122,12.5151701,29.72043446,26.057646,26.7094994,6.975667552,9.1455827
471,58.05452922,75.32359352,12.51508361,29.69517695,26.03983238,26.70749781,6.991778102,9.166321
472,58.08344327,75.33200621,12.49040248,29.67005316,26.02676894,26.69558781,7.007874355,9.0626296
473,58.11672138,75.37127215,12.42396797,29.64480998,26.00818088,26.69423601,7.021101517,9.2907507
474,58.15978989,75.3982222,12.51219187,29.62044814,26.06502968,26.7508188,7.038715946,9.1248445
475,58.17914431,75.4139805,12.53460262,29.59573391,26.05471277,26.76139702,7.051376633,9.311489
476,58.21606971,75.37847153,12.63024776,29.57163666,26.08206644,26.78242775,7.068072024,9.2492742
477,58.25332406,75.38313918,12.63503644,29.54765854,26.109325,26.78956974,7.081489181,9.4151804
478,58.27567578,75.38118115,12.68475911,29.52411391,26.1287852,26.81042925,7.100333905,9.4359187
479,58.31163763,75.37230288,12.71646006,29.50064313,26.12374373,26.83309386,7.118810078,9.2700124
480,58.3329533,75.3428731,12.68453207,29.47700356,26.11655804,26.78649563,7.132931666,9.2907507
481,58.36890832,75.37748742,12.70696977,29.45337958,26.09003574,26.81190217,7.146696997,9.2700124
482,58.38068093,75.3507248,12.67315011,29.42991486,26.0903579,26.79647593,7.160085952,9.4773953
483,58.40391642,75.36921107,12.70489099,29.40706795,26.11934376,26.827773,7.178697528,9.311489
484,58.44173312,75.43872694,12.68632248,29.38381593,26.08819608,26.82176608,7.192622578,9.2907507
485,58.46839816,75.33409982,12.67452093,29.36071138,26.0847036,26.82110677,7.204360392,9.2492742
486,58.50862214,75.47747919,12.6728407,29.33765682,26.08278144,26.84422695,7.213712364,9.4151804
487,58.53881458,75.47695805,12.75872711,29.31473303,26.04039145,26.86236643,7.227489321,9.1248445
488,58.55373798,75.45456619,12.62506275,29.29151811,26.03122176,26.82351573,7.233270116,9.3737039
489,58.58324508,75.39356071,12.69635806,29.26909496,26.07331679,26.84625323,7.246496966,9.4359187
490,58.60246866,75.4074143,12.6949569,29.24704537,26.1178804,26.88487612,7.261827787,9.3737039
491,58.64044483,75.40584912,12.68207547,29.22473891,26.09272662,26.87735733,7.270771811,9.3737039
492,58.66508955,75.43429443,12.76655897,29.2029595,26.15036828,26.90816955,7.281393882,9.6640398
493,58.68769072,75.38165604,12.86578171,29.18192171,26.20243951,26.92717538,7.300467629,9.6433015
494,58.70996345,75.35473887,12.90862599,29.16094525,26.22284233,26.93924469,7.320086237,9.6225633
495,58.74013401,75.40327386,12.93842415,29.14008409,26.23918746,26.95087581,7.337600504,9.5810867
496,58.75581238,75.3010576,12.8883937,29.11906955,26.21352617,26.92098173,7.351640738,9.5396101
497,58.77745258,75.31158438,12.82398636,29.09767208,26.13130099,26.89972707,7.362685688,9.456657
498,58.8026774,75.3678076,12.77922982,29.07651074,26.13978089,26.90654008,7.375596687,9.456657
499,58.83339421,75.32950222,12.79428023,29.05513314,26.08875351,26.90891319,7.385801395,9.4359187
500,58.86151342,75.35711471,12.77819322,29.03427445,26.13995347,26.92705887,7.395266554,9.6640398
501,58.89032533,75.39575878,12.86641575,29.01390721,26.16533175,26.95573053,7.410132338,9.5396101
502,58.91057071,75.41458149,12.8494548,28.99328386,26.14934491,26.95466434,7.419546707,9.4981336
503,58.94551482,75.44766965,12.8329292,28.97258819,26.12441756,26.94911711,7.427496063,9.6433015
504,58.96306066,75.46013913,12.90031538,28.95257484,26.17040845,26.98519578,7.44193404,9.4773953
505,58.9780947,75.41081135,12.85876464,28.93193401,26.11293201,26.9478281,7.450351597,9.5810867
506,59.00730786,75.44471487,12.90162492,28.9119608,26.15293518,26.97324366,7.460078065,9.7677312
507,59.02014634,75.40672941,12.97420559,28.8929198,26.25895924,27.00253209,7.475592573,9.7884695
508,59.03630453,75.38490096,12.97447599,28.87324299,26.17782761,27.01121239,7.490228734,9.5396101
509,59.05312448,75.43713831,12.89785153,28.85357527,26.19234957,27.00824176,7.501314928,9.6433015
510,59.07146628,75.4013126,12.93143524,28.83429343,26.21935084,27.01597369,7.510370944,9.7469929
511,59.08015105,75.36390441,12.9752864,28.8152033,26.22008743,27.00766519,7.523410137,9.7677312
512,59.09924886,75.35767943,13.00918233,28.79634323,26.23636318,27.02317579,7.536737918,9.6847781
513,59.12042753,75.3844789,13.00625943,28.77706664,26.18019668,27.01682447,7.546637598,9.6433015
514,59.13164776,75.41834674,12.9961114,28.7578523,26.16088261,27.03790269,7.555771886,9.6433015
515,59.1479682,75.37058456,12.90418632,28.73872687,26.15158596,27.00593678,7.564738354,9.5810867
516,59.17204698,75.44902523,12.89083421,28.71957489,26.14336893,27.00452884,7.57083348,9.5396101
517,59.16601545,75.38182552,12.88398643,28.70051978,26.15016688,26.99047018,7.577276857,9.8921609
518,59.19218071,75.44705824,13.00307016,28.68272847,26.25246748,27.05110174,7.591992757,9.8299461
519,59.21203552,75.50742778,13.01423045,28.66459485,26.24233824,27.06364669,7.602551123,9.9336375
520,59.2171712,75.50053186,13.06844999,28.64704966,26.29356362,27.0972292,7.616974376,9.9128992
521,59.23225703,75.45161198,13.10182704,28.62937214,26.28295093,27.08361187,7.630923045,9.8921609
522,59.25929017,75.43044252,13.11688511,28.61214751,26.34306687,27.09246684,7.641720298,10.1617586
523,59.27914394,75.50695874,13.24784068,28.59530695,26.3483101,27.14693921,7.660189787,9.9336375
524,59.29643783,75.47878967,13.23937967,28.57769329,26.26727688,27.11887105,7.673430467,9.7262547
525,59.29834124,75.47993074,13.14209143,28.55984493,26.23444454,27.09024371,7.680204396,9.8299461
526,59.32061398,75.49730272,13.12868481,28.54251748,26.2636228,27.10903923,7.689566386,10.0165906
527,59.33702515,75.49915771,13.18073397,28.52545771,26.25675245,27.11157169,7.702694246,9.7884695
528,59.34625568,75.44430064,13.11673694,28.50804963,26.24198043,27.091581,7.710484619,9.9336375
529,59.38481195,75.5277499,13.12681736,28.49137703,26.30494647,27.11696846,7.721149812,10.0580672
530,59.38057364,75.39396823,13.17431352,28.47486725,26.31201034,27.12075186,7.735092965,9.9128992
531,59.40856026,75.48643039,13.17583685,28.45808078,26.29362159,27.1383243,7.744534674,9.9128992
532,59.43278927,75.53385261,13.17331806,28.44134346,26.2787877,27.14015399,7.755045403,9.9336375
533,59.43295747,75.52585521,13.15155202,28.42467746,26.26413993,27.14275724,7.766122683,9.8714226
534,59.44181585,75.47063362,13.15119104,28.40758043,26.18874665,27.12362531,7.772136524,9.7677312
535,59.46019391,75.52066513,13.11897989,28.39065693,26.19734059,27.11948621,7.775470312,9.8299461
536,59.47939573,75.52740693,13.10940298,28.37405064,26.22309251,27.13226202,7.781704093,9.9336375
537,59.50917357,75.5564221,13.12960045,28.35779759,26.25213373,27.1545786,7.790949196,9.9336375
538,59.5021183,75.48772103,13.15494676,28.34147857,26.24029958,27.13335242,7.798083359,9.9128992
539,59.52150575,75.50119051,13.14033181,28.32517388,26.22866923,27.13641938,7.805274536,9.7884695
540,59.52958373,75.47054301,13.12874412,28.30884428,26.23861157,27.1190875,7.811071993,10.0995438
541,59.55543194,75.50647751,13.25757258,28.29352828,26.31574586,27.1523711,7.822852071,10.0165906
542,59.5697899,75.50093239,13.25837205,28.27783375,26.29510176,27.16188842,7.833211557,10.0165906
543,59.57933718,75.48453907,13.26636959,28.2622138,26.28438072,27.16861615,7.843019709,9.9958523
544,59.58350263,75.42980783,13.23707773,28.24667987,26.28577503,27.14645321,7.851498447,10.120282
545,59.60796287,75.54940174,13.28837078,28.23150211,26.29991475,27.17873141,7.860438945,9.9958523
546,59.61220815,75.42734261,13.27671849,28.21615512,26.29908877,27.17704676,7.865863474,10.1410203
547,59.62769403,75.55398358,13.31441519,28.20097711,26.27460611,27.20645333,7.876856468,10.0373289
548,59.64370125,75.51232777,13.27970122,28.185971,26.30673153,27.20154451,7.88552531,10.0788055
549,59.65913492,75.46765508,13.30291157,28.17105209,26.31214569,27.20670609,7.895057636,10.2447117
550,59.66763524,75.43927077,13.3657423,28.15663731,26.34125525,27.20907154,7.907372036,10.0788055
551,59.68767928,75.54006459,13.34108042,28.14189939,26.33224323,27.22930716,7.915488046,10.0788055
552,59.70346402,75.48388079,13.31614093,28.12726636,26.33362225,27.19947781,7.921678132,10.1410203
553,59.72067226,75.50646608,13.3651895,28.11289281,26.3478172,27.22437424,7.932784538,10.26545
554,59.73998244,75.57299692,13.41368003,28.09876729,26.3495956,27.25347922,7.944186352,10.1824969
555,59.73982978,75.46623784,13.43712245,28.08469831,26.37067476,27.2473629,7.953857989,10.1617586
556,59.7492055,75.4437722,13.40706346,28.07068963,26.38320442,27.23854599,7.962643749,10.4313563
557,59.7648676,75.40913814,13.47088417,28.05723752,26.39849537,27.24532358,7.979090766,10.2447117
558,59.79554399,75.54848655,13.46691084,28.04338274,26.37641476,27.25926702,7.991193985,9.9751141
559,59.80389952,75.49134548,13.34700585,28.02903649,26.34507876,27.22829491,7.993449947,10.3276649
560,59.82099888,75.52542918,13.4189017,28.01537038,26.33797143,27.2762107,8.005585631,10.0995438
561,59.83565693,75.56705614,13.35946247,28.00137184,26.32924297,27.25326298,8.010026825,10.26545
562,59.86636887,75.57012003,13.43358012,27.98813554,26.39675237,27.29066914,8.020774847,10.4935711
563,59.87181021,75.54238163,13.52194285,27.97498602,26.36826031,27.30188618,8.037059308,10.0165906
564,59.88744809,75.58980208,13.3996785,27.96066283,26.27615733,27.29045946,8.038586672,9.9543758
565,59.89221223,75.53739079,13.29999312,27.94630294,26.23446208,27.23520444,8.037122473,10.0995438
566,59.90152865,75.56159465,13.29892731,27.9324772,26.25398521,27.26138568,8.042964864,10.0580672
567,59.90626943,75.48127087,13.28129435,27.91877815,26.28244944,27.23217865,8.044992923,10.3484032
568,59.90222086,75.48788842,13.43268024,27.90566744,26.30365104,27.24903639,8.056785619,9.8921609
569,59.90363017,75.49175371,13.25578167,27.89140322,26.23159925,27.20034518,8.053669313,10.1410203
570,59.90990913,75.47402074,13.30636968,27.87800908,26.26660067,27.20834969,8.05789992,10.2861883
571,59.92848523,75.48865462,13.34905521,27.86497623,26.29242832,27.24614253,8.06688482,10.0580672
572,59.93135738,75.47663444,13.28500665,27.85121458,26.23212716,27.20252249,8.068745039,10.0580672
573,59.95226335,75.58329554,13.29252562,27.83787811,26.26424511,27.21205658,8.071118787,10.3069266
574,59.96496206,75.48782965,13.39244297,27.82538135,26.34207774,27.25595183,8.079449236,10.3276649
575,59.98672146,75.5158201,13.47447527,27.81246705,26.2903514,27.29444409,8.088641043,10.1410203
576,59.99821398,75.55802849,13.41160764,27.79953931,26.30391529,27.26922628,8.091187425,10.1824969
577,60.00520858,75.52139159,13.38685525,27.78640987,26.2538094,27.26067339,8.096425268,10.1410203
578,60.01514646,75.48857155,13.35895692,27.77379332,26.3173693,27.25963002,8.099356698,10.410618
579,60.05120958,75.58194944,13.47447113,27.76175893,26.35914059,27.31578336,8.110470766,10.2447117
580,60.07094518,75.59739164,13.45841688,27.74918474,26.32234928,27.31095132,8.116079806,10.1410203
581,60.08815168,75.65753216,13.44722346,27.73690209,26.37137366,27.32190939,8.118940916,10.5350477
582,60.11518912,75.58119881,13.56239576,27.72523136,26.3796987,27.34083421,8.132011802,10.2861883
583,60.12193214,75.57047382,13.55563085,27.71306504,26.35621156,27.33533092,8.137421211,10.1824969
584,60.14707027,75.65053708,13.48139875,27.70087799,26.36045677,27.31712162,8.14078597,10.555786
585,60.16399657,75.57476664,13.58763362,27.68980694,26.43801537,27.35843984,8.153122331,10.3898797
586,60.16884095,75.52697218,13.53435679,27.67805678,26.39411411,27.3404502,8.160746245,10.3069266
587,60.1726721,75.53148233,13.52246587,27.66618398,26.36602908,27.32325462,8.164468883,10.2239735
588,60.18406243,75.50706669,13.50474521,27.65441075,26.38259964,27.31938476,8.165763144,10.5765243
589,60.19143786,75.5362654,13.59260341,27.64332621,26.40166612,27.36422277,8.177110527,10.3069266
590,60.19817913,75.54676111,13.57056998,27.63196492,26.42607129,27.34801873,8.183199584,10.5350477
591,60.2079304,75.55778385,13.63133499,27.62105504,26.44228301,27.36668388,8.19454664,10.5143094
592,60.23069727,75.58693771,13.64187398,27.61008067,26.43520762,27.38818472,8.203135945,10.3484032
593,60.24242144,75.60111679,13.59982524,27.59867636,26.39458234,27.3854521,8.209369547,10.4520946
594,60.23975634,75.51571146,13.6113723,27.58755491,26.38684625,27.37665126,8.21587137,10.3484032
595,60.24584202,75.53115742,13.56514794,27.57632735,26.38403885,27.37368398,8.219019656,10.4935711
596,60.26010481,75.51603112,13.60388324,27.56541293,26.38687626,27.3637956,8.229043751,10.4520946
597,60.27164355,75.56005097,13.6123806,27.55476111,26.43268715,27.38756977,8.237264399,10.5765243
598,60.28987487,75.56221397,13.64649943,27.54451993,26.47908717,27.39547724,8.246600289,10.4935711
599,60.27592054,75.48852364,13.64035172,27.53399997,26.46780526,27.39158438,8.254227113,10.5765243
600,60.29380846,75.58785956,13.65512114,27.52341326,26.4201672,27.39419172,8.263977131,10.4520946
601,60.30246965,75.52402788,17.13035928,27.51304701,26.46061756,28.01645556,8.26990853,10.7631688
602,60.32773661,75.55065309,17.65602376,27.50348803,26.52026777,28.12729566,8.284136433,10.700954
603,60.32758484,75.53310834,17.74131501,27.49396565,26.5612478,28.14412368,8.297930888,10.8253837
604,60.33043882,75.51382273,17.84285578,27.48486852,26.60935976,28.17319539,8.311325141,10.8461219
605,60.34636842,75.50201443,17.89780193,27.47598764,26.65285583,28.1823136,8.326500198,10.8461219
606,60.35934991,75.50288524,17.92249728,27.46703614,26.6535114,28.17172587,8.341278189,10.9290751
607,60.36536732,75.51994344,18.01279124,27.45867714,26.7223243,28.22595523,8.357442128,11.1157196
608,60.37812582,75.5213873,18.12436558,27.45050302,26.72666435,28.24597763,8.377743663,10.8668602
609,60.3848521,75.54943986,17.98395323,27.4420993,26.75009594,28.23529137,8.390319413,11.0535048
610,60.39101637,75.5096853,18.08544989,27.43390988,26.73879638,28.25672701,8.408808962,11.0535048
611,60.40611728,75.54138471,18.14237154,27.42614232,26.79623693,28.27578333,8.42684254,11.1364579
612,60.41695944,75.58503683,18.18578522,27.41810541,26.74851706,28.29794167,8.445473028,10.9912899
613,60.44475116,75.58614285,18.0838658,27.41009415,26.7633983,28.29123955,8.458079704,11.0327665
614,60.4495121,75.54743979,18.10396802,27.40207803,26.75155182,28.30518562,8.473738625,11.0535048
615,60.46352824,75.56628536,18.12078826,27.3942278,26.76161811,28.30817538,8.486599778,11.1157196
616,60.47588408,75.5264669,18.16859669,27.38640857,26.74866273,28.28656263,8.501975531,10.8875985
617,60.47902922,75.55054894,18.02662163,27.37823794,26.73957614,28.27432391,8.510192641,11.0949813
618,60.49556894,75.55650722,18.16117847,27.37077242,26.79092338,28.30980808,8.526053973,11.1779345
619,60.51611254,75.61130967,18.21668747,27.36323826,26.7738568,28.35706347,8.542666494,10.9705516
620,60.53341579,75.61426972,18.08710839,27.355246,26.73809747,28.30541799,8.553236409,10.9705516
621,60.52853613,75.54475854,18.04594714,27.34728545,26.72166009,28.2614243,8.562330153,11.0120282
622,60.55121161,75.57988988,18.08733428,27.33955813,26.73567374,28.29674003,8.57502611,11.0120282
623,60.56156956,75.62230699,18.08647128,27.33195957,26.75687594,28.32395106,8.585954473,11.1571962
624,60.58114999,75.62046008,18.22424081,27.32485856,26.80431856,28.3481467,8.599554658,11.1364579
625,60.58766886,75.58789765,18.2340978,27.31787413,26.84352487,28.34729485,8.611608197,11.2816259
626,60.60491872,75.59353119,18.34716151,27.31133544,26.89007366,28.40141801,8.628121174,11.3023642
627,60.60681099,75.57293516,18.38664597,27.304687,26.88200674,28.40091755,8.644995088,11.2401493
628,60.62037768,75.60798419,18.33671518,27.29784653,26.85713803,28.37494078,8.658974614,11.1986727
629,60.63626755,75.61257991,18.29658512,27.29099488,26.84935083,28.37630377,8.669467338,11.2608876
630,60.63814486,75.49036906,18.3223815,27.28456765,26.89363721,28.37998326,8.683107227,11.2816259
631,60.64765455,75.58130072,18.37245673,27.27788097,26.85955447,28.41552073,8.695919893,11.3023642
632,60.66425638,75.57157662,18.43451238,27.27166613,26.91223674,28.43467425,8.708613484,11.4682704
633,60.68320157,75.55368972,18.54522701,27.2658468,26.95237589,28.4639258,8.727128972,11.3853173
634,60.68042651,75.52797512,18.50128414,27.25977459,26.94581746,28.43411998,8.74036162,11.1986727
635,60.69759992,75.53765573,18.32294378,27.25296938,26.86532296,28.38980764,8.747737049,11.2401493
636,60.72235104,75.60485593,18.33856622,27.24653264,26.87449865,28.41876594,8.757374697,11.1779345
637,60.71279108,75.53286724,18.28569671,27.23967116,26.81899658,28.38550974,8.765445186,11.1571962
638,60.70923259,75.52280118,18.24514458,27.23311344,26.8452374,28.37760393,8.772773583,11.4060556
639,60.71670995,75.52104068,18.4295953,27.22707195,26.87157271,28.4126564,8.787167351,11.2608876
640,60.72758528,75.59724551,18.37349116,27.22086661,26.88947576,28.42069056,8.796303748,11.3438407
641,60.73196478,75.51940186,18.39537745,27.2145394,26.84923496,28.3987165,8.807342166,11.219411
642,60.72912127,75.51820343,18.33303197,27.20819417,26.8568682,28.3875221,8.813503251,11.2816259
643,60.71990773,75.4450932,18.38531721,27.20201619,26.86647842,28.37575141,8.822895001,11.4060556
644,60.74444052,75.61246781,18.49926003,27.19654845,26.95059659,28.46011051,8.833342201,11.3853173
645,60.764088,75.64100354,18.46320653,27.19073611,26.93195843,28.4585543,8.843224856,11.4682704
646,60.76166057,75.61137833,18.51963811,27.18516486,26.93709505,28.4710578,8.857499083,11.4060556
647,60.78093807,75.62482967,18.49312536,27.17952089,26.93880844,28.48633075,8.868112403,11.3853173
648,60.79770432,75.6122368,18.4734869,27.17369296,26.90960643,28.46335712,8.87553798,11.364579
649,60.80332234,75.59286396,18.4521269,27.1677915,26.88581732,28.45880186,8.882849518,11.1779345
650,60.80114911,75.6144116,18.33180673,27.16156209,26.86490903,28.43769293,8.886393424,11.4475321
651,60.81685265,75.6591783,18.50042209,27.15626018,26.93327603,28.50837827,8.898076295,11.4890087
652,60.82234594,75.66517932,18.56633575,27.15114679,26.98006816,28.49427805,8.909992161,11.4060556
653,60.83101715,75.57611235,18.49409176,27.14564952,26.95442562,28.48310893,8.918434164,11.364579
654,60.82271364,75.58860669,18.47572075,27.14029996,26.97362135,28.46959329,8.926342936,11.5512236
655,60.81601634,75.5458148,18.61486801,27.13524017,26.9762935,28.49749636,8.939153952,11.4060556
656,60.841461,75.70259852,18.51552622,27.1296873,26.93029325,28.4901601,8.947463479,11.3438407
657,60.84915535,75.65159715,18.4643685,27.12409335,26.91483831,28.464669,8.952895741,11.5304853
658,60.86221835,75.69688836,18.61023203,27.11914474,26.9622592,28.50687889,8.964540469,11.4060556
659,60.86609268,75.65869145,18.52914002,27.11387215,26.9593301,28.49690973,8.972944006,11.5304853
660,60.87118776,75.65992049,18.59749669,27.10901844,26.98870234,28.5208933,8.982870327,11.509747
661,60.88725026,75.6628393,18.59880758,27.10420305,27.00958645,28.53506049,8.99104326,11.5719618
662,60.8911373,75.6081822,18.63596569,27.09949633,27.0158353,28.52326733,9.002938316,11.4060556
663,60.8899629,75.57475934,18.51427857,27.09411785,26.94767792,28.48169957,9.0072809,11.3438407
664,60.90713998,75.60582241,18.466147,27.08887299,26.95221638,28.4883833,9.012855948,11.509747
665,60.90726085,75.51637461,18.60512044,27.08417295,26.99691302,28.49349747,9.021348168,11.7378681
666,60.92644176,75.59876478,18.78161259,27.07995045,27.03268561,28.55396231,9.034787619,11.509747
667,60.93831527,75.55460264,18.65169352,27.07522338,27.02074748,28.51590806,9.041798449,11.509747
668,60.9580695,75.62202469,18.63382421,27.07055602,27.02184407,28.5566613,9.048217566,11.5927001
669,60.96305575,75.65414465,18.68480895,27.06603327,27.02104721,28.57236409,9.056478571,11.5719618
670,60.97562088,75.65095416,18.70233449,27.06164684,27.04499407,28.57123883,9.063724294,11.6341767
671,60.97676267,75.61629492,18.69777991,27.05706451,27.00272383,28.56078827,9.073724322,11.364579
672,60.98679285,75.62145598,18.54092103,27.0520939,26.98715404,28.54737161,9.075950294,11.5304853
673,60.98191493,75.60197477,18.62375115,27.04749471,26.99369725,28.54376218,9.083348563,11.5512236
674,60.99789209,75.65856382,18.64794855,27.04299502,27.00443456,28.56409018,9.090553482,11.5304853
675,61.00383178,75.64385366,18.63865604,27.03843552,27.00140754,28.55348803,9.096909931,11.5927001
676,60.99061439,75.52637271,18.69267889,27.03413804,27.02345309,28.55174024,9.106288732,11.6134384
677,60.9868813,75.53503236,18.72643396,27.02982229,27.02141249,28.55698208,9.114829756,11.5927001
678,60.99590123,75.54977541,18.70249401,27.02538762,27.00243864,28.55499601,9.12197919,11.4890087
679,60.99420308,75.52883243,18.61138785,27.02086933,27.00438434,28.52436462,9.12582099,11.5927001
680,61.01206812,75.53926668,18.66564111,27.01635926,26.97450215,28.53164611,9.132110715,11.4890087
681,61.01225332,75.52980778,18.62294456,27.01197781,27.0070698,28.52642446,9.136782462,11.6756533
682,61.02398412,75.60058769,18.76152792,27.00818495,27.06669669,28.55740113,9.144993891,11.654915
683,61.03880613,75.63097266,18.76519253,27.00401742,27.0328809,28.58276197,9.153317647,11.654915
684,61.05631147,75.72022521,18.78240928,27.00024801,27.08087227,28.63338497,9.161568903,11.7586064
685,61.07032451,75.66542427,18.86558933,26.99682572,27.12947414,28.63330204,9.173072586,11.800083
686,61.06270262,75.59762258,18.89471047,26.9932266,27.10793236,28.61596259,9.18527995,11.6134384
687,61.07530914,75.60374517,18.7601159,26.98926494,27.08423847,28.57866919,9.190249708,11.7378681
688,61.07413798,75.63551876,18.83513658,26.9854233,27.05741269,28.58781623,9.200185461,11.5512236
689,61.07618713,75.67629064,18.6988734,26.98097231,26.9905432,28.56311376,9.203990236,11.4890087
690,61.08990661,75.6933011,18.65919019,26.97693381,27.04254465,28.58608096,9.205423789,11.7171298
691,61.09722322,75.61190956,18.79794369,26.97320677,27.0543391,28.60201695,9.213417168,11.6963915
692,61.10212506,75.6623907,18.79257835,26.96935236,27.04095262,28.59201269,9.221971188,11.6341767
693,61.10495528,75.72535886,18.77200208,26.96540343,27.03192349,28.6033523,9.226896853,11.5719618
694,61.1103202,75.66226217,18.71509636,26.96147208,27.04403132,28.59482269,9.2307406,11.6963915
695,61.11650757,75.65889068,18.79352642,26.95788391,27.07081262,28.60122604,9.237340112,11.7586064
696,61.1236745,75.70366592,18.85425037,26.95439575,27.08044829,28.62008045,9.244820974,11.5512236
697,61.13330132,75.72316078,18.69733301,26.95034669,27.04387531,28.58221511,9.245342105,11.6756533
698,61.13746775,75.60223686,18.76307241,26.94668374,27.05511819,28.57457927,9.252143574,11.6963915
699,61.14238329,75.60674243,18.7877125,26.94290866,27.03245418,28.58373159,9.258299166,11.5512236
700,61.14178283,75.61801359,18.6870448,26.93873481,26.99195554,28.55343493,9.258745358,11.6134384
701,61.14017702,75.61533752,18.71147964,26.93480309,26.99462607,28.572373,9.261143546,11.5719618
702,61.16658018,75.71488992,18.71151561,26.93086651,27.00335894,28.58868363,9.262240228,11.654915
703,61.16605752,75.65928379,18.75832448,26.92707887,27.00674076,28.59287809,9.266286727,11.6134384
704,61.18077091,75.66986046,18.72524557,26.92326041,27.01098095,28.59130242,9.268977877,11.6756533
705,61.19303419,75.64816248,18.79351043,26.91993247,27.07499607,28.60254394,9.273851301,11.7171298
706,61.19352379,75.633168,18.81467612,26.91640713,27.05627894,28.62120618,9.278641446,11.6341767
707,61.17739699,75.52349391,18.76184723,26.912631,27.02520352,28.58509385,9.280970861,11.5304853
708,61.18978214,75.63348411,18.71065723,26.90889338,27.04183226,28.59023596,9.278783617,11.8208212
709,61.19610288,75.6569943,18.89918615,26.9059039,27.09405028,28.64499341,9.286315188,11.7378681
710,61.19796821,75.60850985,18.87191898,26.90271192,27.10354658,28.60432839,9.290615009,11.9037744
711,61.21216703,75.65709472,19.00917604,26.90010112,27.1581223,28.66664774,9.300191906,11.8622978
712,61.21324675,75.64701645,18.99436354,26.8973907,27.17446367,28.66424655,9.307438057,11.8622978
713,61.23604958,75.69957413,18.97721334,26.89439861,27.13293353,28.67360078,9.315096135,11.6341767
714,61.24610372,75.66918453,18.82026396,26.89092547,27.09269674,28.62168942,9.316828778,11.7586064
715,61.23012069,75.54057691,18.86261817,26.88774172,27.08687145,28.62982088,9.321097442,11.654915
716,61.24514988,75.58467918,18.81843957,26.88446667,27.09484658,28.62763927,9.324197073,11.7171298
717,61.24278334,75.58493372,18.8396956,26.88111238,27.06579995,28.61367923,9.327262817,11.800083
718,61.24470264,75.5636583,18.89946083,26.87801216,27.07025678,28.64261639,9.333329954,11.7171298
719,61.23913346,75.58728538,18.86923475,26.87485136,27.08231276,28.64450965,9.336753336,11.6963915
720,61.23832597,75.60398223,18.81410004,26.87124618,27.01667605,28.60069563,9.339734413,11.5927001
721,61.23704375,75.53135438,18.75418183,26.86769038,27.02130158,28.58243922,9.340094505,11.7586064
722,61.24580113,75.63529303,18.87622618,26.86492223,27.10723698,28.66045929,9.343991326,11.9245127
723,61.25724623,75.61902706,18.99238012,26.86232146,27.12663053,28.68692315,9.353462589,11.8415595
724,61.26731126,75.64702331,18.98064008,26.85953925,27.12547564,28.66963047,9.358258906,11.6756533
725,61.28425807,75.70302757,18.84385095,26.85636371,27.10189965,28.65356265,9.359141176,11.7586064
726,61.27285403,75.60806534,18.87883215,26.85373366,27.15756754,28.65639909,9.363500117,11.9037744
727,61.28427203,75.63308319,18.95351095,26.85073657,27.07947871,28.66828642,9.37018754,11.5927001
728,61.28525194,75.57857697,18.77053209,26.84740304,27.06963583,28.63123981,9.368677187,11.7793447
729,61.30148455,75.67075148,18.8829517,26.84423004,27.04020774,28.66450373,9.372776791,11.6341767
730,61.30303425,75.65615841,18.81457269,26.84115907,27.08011745,28.65989211,9.37200169,11.9867275
731,61.30870015,75.64085927,19.05833309,26.83897629,27.14896397,28.70800845,9.380719962,11.7586064
732,61.32059117,75.60387594,18.91005405,26.8359524,27.09883303,28.65075794,9.384630835,11.6963915
733,61.31502079,75.55854811,18.85706224,26.83282475,27.07276041,28.64585809,9.386135429,11.800083
734,61.33085995,75.69584562,18.92817545,26.82999717,27.0818546,28.68759147,9.389212048,11.7793447
735,61.32519962,75.5773289,18.92167561,26.82724715,27.1022512,28.65675318,9.392753536,11.7378681
736,61.34468646,75.64954344,18.88190144,26.82445373,27.11332118,28.66394637,9.394756324,11.8622978
737,61.34008024,75.56398945,18.97123411,26.82191052,27.12379993,28.67477251,9.399830863,11.7793447
738,61.3594554,75.65496962,18.93134656,26.8191589,27.11403266,28.68757719,9.402833731,11.8208212
739,61.37581001,75.63646748,18.93041144,26.81638371,27.0920726,28.68383646,9.405977848,11.7793447
740,61.37157621,75.60292809,18.93715925,26.81392453,27.14416289,28.67724901,9.408342776,11.9037744
741,61.38448971,75.59289343,18.99987848,26.81143953,27.12863833,28.69417536,9.414829946,11.7793447
742,61.40058639,75.67574429,18.92315827,26.80854407,27.08402905,28.68503481,9.416725806,11.5927001
743,61.39380754,75.64884073,18.79510275,26.80543973,27.07786669,28.65894802,9.412051191,11.8830361
744,61.39296531,75.65730511,18.97346406,26.80310537,27.12333067,28.71016242,9.417152885,11.9245127
745,61.39602526,75.65509376,19.00959309,26.80075724,27.12791232,28.71785317,9.421649606,11.8208212
746,61.38903361,75.63666434,18.9566519,26.79804622,27.09467622,28.69682232,9.424907417,11.8208212
747,61.39093916,75.65854171,18.96402289,26.79537848,27.08590839,28.7016281,9.427061229,11.6341767
748,61.38496026,75.61719817,18.84374686,26.7924731,27.0897978,28.68770432,9.424218571,11.8208212
749,61.38634546,75.58588458,18.93736687,26.79008595,27.12555442,28.70872709,9.427667113,11.800083
750,61.39198728,75.60761948,18.93716884,26.7874248,27.09973395,28.68576497,9.429936289,11.8830361
751,61.40315957,75.55571086,19.02448355,26.7852153,27.13949107,28.70936863,9.434783712,11.8622978
752,61.41901202,75.61881237,19.02042131,26.78303249,27.16545088,28.73310678,9.439061673,11.8830361
753,61.42204603,75.6566722,19.0335808,26.78098564,27.19290521,28.74970587,9.442022228,12.0696806
754,61.43549997,75.61918203,19.18089672,26.7792543,27.20659777,28.77567846,9.450528006,11.9245127
755,61.42887972,75.65190356,19.10178911,26.77722925,27.20088022,28.75763594,9.454373046,11.7586064
756,61.43247755,75.63768363,18.91785422,26.77454537,27.13094258,28.70029193,9.45328701,11.9245127
757,61.42939692,75.66928318,19.05051056,26.77267339,27.18872896,28.75205158,9.457883052,12.0489423
758,61.4573805,75.68462194,19.15406723,26.77086261,27.19011645,28.77482517,9.466356184,11.8830361
759,61.44670852,75.58832603,19.07601959,26.76887542,27.20471908,28.73692641,9.469643314,11.9037744
760,61.44979955,75.59953586,19.02634516,26.76647802,27.13491661,28.7252363,9.47264426,11.7793447
761,61.44940576,75.62565967,18.94430987,26.7641241,27.14283379,28.72332052,9.471562823,11.9245127
762,61.45847056,75.63726457,19.02411552,26.76206149,27.15446219,28.72789603,9.475540943,11.8830361
763,61.45166095,75.62100722,19.01510258,26.75962602,27.1064155,28.71314147,9.478543683,11.7378681
764,61.45517765,75.63542629,18.93179647,26.75722874,27.12917253,28.67753174,9.476417553,11.8208212
765,61.45460086,75.58552149,18.95240667,26.75490933,27.12847459,28.70418308,9.477077217,12.0489423
766,61.4448495,75.51172672,19.14561424,26.75327219,27.17829407,28.73611354,9.484127946,11.9867275
767,61.44661903,75.6078466,19.12886067,26.75140914,27.17803599,28.76170726,9.488292644,11.8208212
768,61.44363831,75.59882337,18.99700354,26.74897493,27.12614052,28.72561411,9.488259916,11.7793447
769,61.44894259,75.6112654,18.92630416,26.74643153,27.09425876,28.70682034,9.487017726,11.800083
770,61.46381975,75.67173227,18.98630752,26.74460517,27.19229418,28.73706371,9.486722826,12.0696806
771,61.46500131,75.65481852,19.13801323,26.7427733,27.16113507,28.75304844,9.494496029,11.8415595
772,61.46949094,75.68067614,19.02389025,26.7406312,27.15417923,28.75033193,9.495301627,11.9037744
773,61.47081131,75.6287341,19.03949953,26.73859217,27.15030771,28.74308627,9.498122229,11.9452509
774,61.4773972,75.69141956,19.05958033,26.73680718,27.17823124,28.7563972,9.500154424,11.9245127
775,61.48561796,75.6468255,19.07372971,26.73508751,27.20493728,28.75589565,9.503191519,12.1526338
776,61.50188972,75.68112764,19.25364292,26.73382685,27.23227894,28.79032529,9.51269036,11.9659892
777,61.50116511,75.65688176,19.16148475,26.73221718,27.23440239,28.76131675,9.517478404,12.0904189
778,61.51036592,75.70700622,19.21994033,26.73068953,27.21495655,28.7826412,9.524417575,11.8830361
779,61.51565928,75.63610475,19.07189285,26.72846644,27.14427175,28.73731407,9.525981002,11.6756533
780,61.53836352,75.71119909,18.8984203,26.72595056,27.11835389,28.73208907,9.522253202,11.9659892
781,61.54291399,75.70597886,19.08103782,26.72440265,27.18933747,28.7830315,9.52547989,11.9037744
782,61.54201438,75.62541095,19.0581331,26.72241536,27.16318052,28.7405714,9.527041298,11.9659892
783,61.54336573,75.64774868,19.10027921,26.72053816,27.151088,28.77122025,9.532469311,11.8415595
784,61.5460909,75.72020375,18.99291714,26.71837716,27.13026897,28.76724327,9.531662288,11.7378681
785,61.54495674,75.6123016,18.91333262,26.71597508,27.10675729,28.72092128,9.527082855,11.7171298
786,61.56116141,75.68411149,18.86565929,26.71336184,27.06554906,28.70970872,9.524717751,11.9037744
787,61.55823304,75.6596584,19.02824564,26.71149828,27.12034676,28.75266134,9.524605709,11.9659892
788,61.55717113,75.67951809,19.08993875,26.70992618,27.17619895,28.75926762,9.526087291,11.9037744
789,61.55619082,75.6590834,19.0497331,26.70787383,27.13624739,28.75098246,9.527895905,11.9452509
790,61.55668351,75.60073019,19.10715261,26.70638287,27.19872912,28.75784332,9.531421413,12.1318955
791,61.56542415,75.69422771,19.24424236,26.70525974,27.23597768,28.80000828,9.540149017,11.9452509
792,61.5621331,75.62553918,19.11923298,26.7035061,27.1959404,28.77501568,9.541166705,11.8830361
793,61.56281933,75.67278195,19.03634473,26.70142759,27.13979496,28.74708627,9.54292187,11.800083
794,61.56170988,75.62917367,18.98620479,26.69940359,27.14462583,28.7351969,9.541064429,12.0696806
795,61.55176913,75.58423352,19.16060898,26.69794888,27.16900719,28.76257375,9.548061437,11.9037744
796,61.54457264,75.57492046,19.07784578,26.69617118,27.17000078,28.75263118,9.547688834,11.800083
797,61.54144592,75.5764695,18.98802981,26.6941518,27.1556676,28.72852255,9.54555257,12.0904189
798,61.55724147,75.65282156,19.17801859,26.69284047,27.18763863,28.77758495,9.551481855,11.9867275
799,61.56280106,75.61505948,19.14819549,26.69146956,27.21850103,28.78443529,9.554531102,12.0074658
800,61.56396442,75.5939467,19.15467403,26.68992913,27.19737045,28.77276345,9.556796105,11.8622978
801,61.56894848,75.63399499,19.1395809,26.68966368,27.43719333,28.81095766,9.556058615,13.708005
802,61.62796169,75.64391409,20.39414955,26.69489819,27.9682989,29.32965209,9.606670406,13.853173
803,61.68504922,75.70598207,20.68019838,26.70091077,28.29599731,29.48767629,9.664802808,14.1435089
804,61.73570688,75.59422886,20.94387667,26.70774482,28.50308367,29.64715893,9.728729483,14.4338449
805,61.78901489,75.60719416,21.14596387,26.71517621,28.62245503,29.72650213,9.79943749,14.1849855
806,61.83628603,75.62828034,20.99985213,26.7217743,28.61058403,29.75326824,9.854966601,14.2472003
807,61.87953095,75.70621294,21.04723031,26.72868395,28.6471518,29.78257772,9.913393525,14.3301535
808,61.92289207,75.65980979,21.18122204,26.73592377,28.7025952,29.88474337,9.97293893,14.37163
809,61.96399042,75.72648892,21.22302415,26.74350413,28.7802804,29.93953857,10.03249307,14.7034426
810,62.01417136,75.64720883,21.46991048,26.75223391,28.92414088,30.02569779,10.09853545,14.8278723
811,62.07050073,75.70143807,21.54453823,26.76123927,29.00747849,30.12882886,10.16642585,14.7241808
812,62.11880889,75.72481723,21.43609074,26.76961423,28.97549,30.07976617,10.23014553,14.7034426
813,62.17067374,75.79864382,21.50800146,26.77806031,28.98390383,30.18163242,10.28926776,14.9315637
814,62.23788257,75.79208155,21.64906427,26.78760045,29.11705369,30.28667475,10.35269968,14.9523019
815,62.26865738,75.75425348,21.65466035,26.7961105,29.00705431,30.18849175,10.41270708,14.661966
816,62.30263902,75.81594928,21.60779393,26.80489904,29.09035167,30.2539013,10.46400815,15.1804231
817,62.34067234,75.69911391,21.91231634,26.81473509,29.17272871,30.37386092,10.52726658,15.0352551
818,62.36377144,75.70544106,21.80415203,26.82362162,29.09751588,30.27805656,10.58341726,14.8278723
819,62.39008327,75.71113841,21.69901942,26.8327236,29.16257481,30.32871328,10.63164491,15.4292825
820,62.44669797,75.79324291,22.08220679,26.84352901,29.3265446,30.53113347,10.69971362,15.325591
821,62.48396271,75.80087173,22.04785113,26.85380673,29.34667084,30.54982216,10.75976013,15.3048528
822,62.50572366,75.67958869,22.08844782,26.8643073,29.40697957,30.50494277,10.81785382,15.5537122
823,62.55163118,75.69233346,22.2706606,26.8754643,29.48830538,30.66553231,10.87926004,15.5122356
824,62.58363052,75.71411759,22.28170292,26.88652072,29.52857078,30.67247489,10.93842193,15.5951887
825,62.62033383,75.70957521,22.35269661,26.89756688,29.53114148,30.76026965,10.99646048,15.6988801
826,62.67228,75.78558817,22.42652929,26.90930489,29.63016353,30.87213938,11.05687125,15.7818333
827,62.70244942,75.8362673,22.47104113,26.92083976,29.62935549,30.84794095,11.11430782,15.4292825
828,62.74730768,75.88229903,22.27565924,26.93149847,29.58544625,30.80226579,11.15797835,16.0514309
829,62.79506053,75.92340262,22.72007545,26.94453037,29.80511885,30.98226493,11.22103266,15.9477395
830,62.84678153,75.84345214,22.64899802,26.95668703,29.7962445,30.98983383,11.28103245,15.9684778
831,62.88590177,75.81525975,22.72094421,26.9692795,29.86893505,31.05053172,11.33821396,16.4454583
832,62.9346317,75.80982197,23.03856845,26.98314675,29.99963915,31.21611945,11.40854887,16.2588138
833,62.97860207,75.83504268,23.01978703,26.99632102,30.00227544,31.21159228,11.46717479,16.1343841
834,63.00480241,75.79728915,22.90934509,27.0090894,29.98173948,31.15489256,11.51718346,16.3417669
835,63.05507615,75.73764229,23.09088914,27.02286704,30.09737839,31.23483226,11.57410897,16.3832435
836,63.09201403,75.6940685,23.14809108,27.03685488,30.18308656,31.31198044,11.63244019,16.7357943
837,63.14310465,75.76874034,23.42980281,27.05214155,30.35596884,31.47427362,11.70041371,17.0468685
838,63.20695568,75.8112916,23.61238312,27.06803365,30.46569213,31.60997507,11.7746646,16.9846537
839,63.25955763,75.78621901,23.60077462,27.08347673,30.46854597,31.59501849,11.84377958,16.9639154
840,63.28419287,75.74183526,23.62470236,27.09875502,30.46248108,31.59754119,11.91318453,16.9846537
841,63.32850244,75.8379751,23.62120478,27.1142632,30.50848394,31.68666015,11.97697651,17.1090834
842,63.35139787,75.77808141,23.73824501,27.12997825,30.54411694,31.68131423,12.04083519,17.2542513
843,63.38366238,75.74625633,23.88409702,27.14622837,30.62604862,31.76480266,12.10458169,16.9639154
844,63.40784458,75.7007512,23.66592402,27.16152533,30.59521112,31.70692442,12.15956173,17.1712982
845,63.44629185,75.75390529,23.75869837,27.17674675,30.52623772,31.7201845,12.21993798,16.6528411
846,63.47700139,75.77262529,23.46587619,27.19103315,30.49184836,31.61705819,12.26134783,17.378681
847,63.50885127,75.77642836,23.98349897,27.20766009,30.68734008,31.92114999,12.32361441,17.6068022
848,63.56458379,75.84966135,24.23999649,27.22477715,30.80848973,32.09237004,12.39207697,17.3994193
849,63.60324937,75.90818392,24.14843507,27.24162137,30.88645361,32.08015668,12.44831771,17.9178764
850,63.64003603,75.83980645,24.60864932,27.26053558,31.14297206,32.29028687,12.51604826,18.2704272
851,63.68942004,75.81089228,24.8687344,27.27971665,31.22105519,32.4065332,12.59522228,18.0630444
852,63.72011204,75.78548285,24.6829665,27.29817393,31.20747319,32.31555841,12.66637447,17.8971381
853,63.75909687,75.85438946,24.56017973,27.31600164,31.15950937,32.32604055,12.73169223,17.6897553
854,63.78463383,75.83808245,24.38985704,27.33319451,31.10417171,32.2659544,12.78398335,17.7727084
855,63.81894245,75.85335798,24.45746477,27.35098705,31.17370115,32.30581435,12.84004274,18.4155952
856,63.85529114,75.89542868,24.94265499,27.37059398,31.35111592,32.57799277,12.91679034,18.2704272
857,63.88315373,75.86485356,24.93448266,27.38965178,31.39498559,32.6076816,12.98212174,18.1252592
858,63.92046961,75.91012003,24.81150847,27.40810048,31.36686712,32.55548601,13.03693623,18.3948569
859,63.9634504,75.90124948,25.03975949,27.4275688,31.46891578,32.67778119,13.09806792,18.3741186
860,64.00629106,75.94963028,25.03595414,27.44671344,31.48306786,32.70176196,13.1592954,18.5815015
861,64.05381493,75.87855059,25.18632879,27.46677219,31.60343162,32.79052833,13.22149593,18.7059311
862,64.10473179,75.9510216,25.32347611,27.48714837,31.69582125,32.89057517,13.28763342,18.768146
863,64.1481233,75.88202595,25.3900506,27.50760668,31.75154486,32.95006253,13.35295996,18.7888843
864,64.18803786,75.88148123,25.38280645,27.52793507,31.76599068,33.00456192,13.41669641,18.8303608
865,64.22072945,75.94234097,25.44499116,27.54844587,31.80958217,32.97711944,13.47500987,18.9547905
866,64.26272441,75.96506595,25.52757014,27.56883075,31.79478719,33.05407897,13.53557103,18.7474077
867,64.29917017,75.96359064,25.42116038,27.58935609,31.88606514,33.0360609,13.58853293,19.2658648
868,64.34373406,75.91889359,25.74038639,27.610602,31.92473812,33.1139754,13.65500041,19.0377437
869,64.37709795,75.9274438,25.6687983,27.63138018,31.94296425,33.104186,13.71043675,19.1206968
870,64.40767017,75.93738348,25.7928662,27.65281403,32.05782139,33.19442111,13.76882799,19.4939859
871,64.46090477,75.93925894,26.02554505,27.67509812,32.16969952,33.31302883,13.83360585,19.576939
872,64.50106958,75.93698132,26.13436367,27.69722116,32.19106161,33.43701584,13.90202338,19.1621734
873,64.52913327,75.94064929,25.9088327,27.71865559,32.21727303,33.33210379,13.95790574,19.5147242
874,64.55631399,75.90128487,26.173608,27.74106514,32.31582101,33.4388329,14.02247027,19.7013687
875,64.60904451,75.91942307,26.29791462,27.76403281,32.42151689,33.54499357,14.0882262,19.9709664
876,64.66053316,75.90140589,26.53511864,27.78763747,32.52313205,33.71823892,14.15972022,19.9502281
877,64.71158096,75.89701899,26.5280256,27.8109927,32.55172858,33.73621678,14.22757948,19.722107
878,64.7473449,75.97475554,26.39385789,27.83381423,32.55621956,33.74692779,14.28601373,20.3649938
879,64.78915289,75.94376561,26.87272755,27.85851047,32.72116404,33.94110092,14.35866506,20.0953961
880,64.83333687,75.94222854,26.7232093,27.88278133,32.81793843,33.88883911,14.41548664,20.1783492
881,64.85521952,75.86677445,26.80586355,27.90725683,32.89410021,33.91530304,14.47692171,20.6345915
882,64.90731681,75.83699191,27.09737173,27.93234615,32.930588,34.08335793,14.55125957,20.3235172
883,64.93559988,75.82347003,26.95491031,27.95666684,32.92313996,34.03296275,14.60986109,20.6553297
884,64.98328068,75.93084878,27.17071278,27.98180234,32.98753935,34.14342837,14.68222124,20.5516383
885,65.03354532,75.94714033,27.14822523,28.00670655,33.0282809,34.1176872,14.74987676,20.2820406
886,65.04243406,75.89865166,26.96906636,28.03067416,32.98443171,34.08248543,14.80156775,20.5101618
887,65.0844392,76.02392954,27.04843001,28.05450044,32.90197577,34.12838982,14.8647914,20.3857321
888,65.11021608,76.01824241,27.01837453,28.07837784,32.92855136,34.15110292,14.92019727,20.6968063
889,65.16532534,75.98855104,27.22645347,28.10315545,33.03002935,34.25406026,14.98424143,20.2820406
890,65.17808521,75.98190061,26.99491049,28.12670359,33.00322709,34.1702552,15.03258878,20.4686852
891,65.20583039,75.95695399,27.12174131,28.15044183,32.99566168,34.20611479,15.08371205,20.5101618
892,65.23483914,75.96871414,27.18747543,28.17432949,33.02891725,34.23387043,15.13051899,20.8627126
893,65.27861325,75.94416825,27.43693938,28.19972745,33.22165889,34.38265097,15.1880645,20.9871423
894,65.32474686,75.9346274,27.60889271,28.2253932,33.33961311,34.53004258,15.24668319,21.6092908
895,65.38047386,75.9774046,28.02091649,28.25279435,33.53768067,34.73359583,15.32110303,21.4433845
896,65.41269239,75.92004932,27.95295091,28.27924886,33.53403435,34.74336628,15.39132752,21.2360017
897,65.43895951,75.97838165,27.79763017,28.30525632,33.53662393,34.649022,15.45137047,21.2567399
898,65.45941392,75.96101537,27.83732076,28.33151109,33.59620767,34.6765882,15.50987784,21.6092908
899,65.49070061,75.9296798,28.14119385,28.35872781,33.7123522,34.81876336,15.57919279,21.6092908
900,65.52260851,76.03055697,28.13852487,28.38550712,33.71467228,34.83807275,15.64289446,21.5055993
901,65.55393955,76.00885572,28.05677509,28.4121107,33.73871535,34.84586041,15.70629636,21.6092908
902,65.59580602,76.02652507,28.19720897,28.43930708,33.84634273,34.93090015,15.77000571,21.6922439
903,65.61847402,76.02087597,28.24095937,28.46660949,33.91482265,34.99674185,15.8341297,21.9618416
904,65.6484475,75.963287,28.45224619,28.49445652,33.98737158,35.06690974,15.90155451,22.1899627
905,65.6985514,75.96599981,28.67809969,28.52337271,34.16163611,35.17858416,15.97752936,22.4388221
906,65.75191458,75.92980047,28.87339132,28.55204995,34.1566305,35.28968203,16.05290788,21.7959353
907,65.77695458,75.96522722,28.5106898,28.57931875,34.11740299,35.16804562,16.11005114,22.3766072
908,65.82660772,75.97735402,28.84725311,28.60819574,34.23717757,35.33144442,16.17846601,22.4802986
909,65.87377821,76.04041986,28.98289678,28.63743979,34.34873309,35.41499172,16.25004221,22.4802986
910,65.92745146,76.07276115,29.04442614,28.66672963,34.42974356,35.45478967,16.3171935,22.7084197
911,65.98473517,76.08363161,29.22834093,28.69608751,34.44313052,35.55616035,16.3863961,22.2521775
912,65.99860273,76.05446582,28.91294254,28.72413696,34.37908719,35.413515,16.44002698,22.4388221
913,66.03277765,76.03643039,28.99947527,28.75273578,34.41767953,35.49271442,16.49760262,22.6047283
914,66.06691408,76.07806165,29.17214464,28.78219238,34.56162977,35.60541607,16.56082226,23.019494
915,66.11110681,76.02782034,29.47247184,28.81240577,34.66719462,35.781539,16.63299181,23.0817088
916,66.14828488,76.01353923,29.58732461,28.84276401,34.74842541,35.79419742,16.70325997,22.7913729
917,66.1610552,75.92227222,29.43327216,28.87231538,34.75362497,35.73280635,16.75894259,23.019494
918,66.19733967,76.03142934,29.51485758,28.90217875,34.77200906,35.86374975,16.81950244,22.874326
919,66.22149549,75.92863155,29.42408767,28.93119764,34.70453456,35.7891883,16.87548676,22.9987557
920,66.25293366,75.94256147,29.52606395,28.96084066,34.77096174,35.80863318,16.93623444,22.9158026
921,66.27098317,75.95939316,29.50643752,28.98999069,34.76684897,35.78297294,16.98775685,23.1231854
922,66.30255974,76.04234067,29.67933454,29.01986615,34.85743842,35.91432444,17.04475767,23.0817088
923,66.33106746,76.06617582,29.66588916,29.04933889,34.8685839,35.96560725,17.10025907,22.9572791
924,66.34640517,76.00888354,29.58927436,29.07863911,34.90324434,35.94597406,17.15116481,23.5379511
925,66.401544,76.0618379,29.97689925,29.10971014,35.0865616,36.14709524,17.2175336,23.4135214
926,66.42695611,76.08487372,29.94336966,29.14021773,35.13465734,36.14390823,17.27553788,23.7660722
927,66.47849489,76.08363733,30.23766915,29.17163816,35.24074956,36.27310437,17.34085618,23.8490253
928,66.51199721,76.00150583,30.35139969,29.20297538,35.2790794,36.38291565,17.40481824,23.3720448
929,66.51906239,75.9772361,29.96323762,29.2327023,35.18161756,36.25626421,17.45873524,23.6209042
930,66.55270425,76.05371184,30.1201593,29.26331323,35.24777919,36.30313663,17.5111511,23.3305682
931,66.56503535,76.02114759,29.91673242,29.292773,35.19157162,36.20628225,17.55464679,23.8905019
932,66.60184905,76.07721833,30.30386711,29.32429985,35.38733207,36.39597961,17.61197018,23.7868105
933,66.61590077,75.99131158,30.28091833,29.35514433,35.41577609,36.41380957,17.66784984,24.118623
934,66.65491072,76.09339589,30.57560809,29.3871312,35.55737504,36.60277269,17.72875259,23.973455
935,66.6802548,76.10125397,30.55513755,29.41868675,35.61638998,36.61480907,17.78032215,24.3882207
936,66.72152046,76.07927177,30.83192009,29.4511274,35.70652708,36.73758678,17.84680699,24.3052675
937,66.75358507,76.09652718,30.80199374,29.48316067,35.73111157,36.70906632,17.90578216,24.118623
938,66.77420583,76.11422944,30.65686013,29.51471694,35.73912552,36.72278023,17.95823732,24.4089589
939,66.80449101,76.09300206,30.91753618,29.54724811,35.85503532,36.82140259,18.01686721,24.8237246
940,66.84847204,76.04483585,31.21899362,29.58069604,35.9758573,36.94571932,18.08351025,24.6578183
941,66.88241262,76.06008449,31.15251715,29.61333659,35.9703192,36.94361653,18.14619943,24.4504355
942,66.9197012,76.11594952,31.01556211,29.64562353,35.99418503,36.93184257,18.20003277,24.6578183
943,66.94786599,76.19251018,31.16617825,29.6785715,36.08860431,37.06459616,18.25859636,25.0103691
944,66.99141945,76.12017818,31.34819919,29.71118954,36.0102512,37.11454296,18.32767551,24.0978847
945,66.99561267,76.06260234,30.90092323,29.74203902,35.95470727,36.92923126,18.36693217,24.5956035
946,67.03226344,76.05863719,31.14361114,29.77415515,36.03620514,37.01332834,18.42293476,24.927416
947,67.08113949,76.13570876,31.36252354,29.80701876,36.13973202,37.17092853,18.48206072,24.8237246
948,67.09375255,76.05363565,31.34924008,29.83970505,36.21350633,37.17740591,18.53852935,24.9481543
949,67.12925348,76.0628103,31.46529815,29.87259208,36.27343887,37.24093505,18.59447548,25.1970137
950,67.1713084,76.11034077,31.62670758,29.90611564,36.36780225,37.36009387,18.65712707,25.0518457
951,67.19717432,76.13000196,31.57341454,29.93903092,36.37736435,37.34245347,18.70924519,25.2799668
952,67.22616725,76.11045709,31.71867644,29.97261008,36.46019872,37.46326666,18.76432237,25.1347988
953,67.25562851,76.10398773,31.67751411,30.00576218,36.49410733,37.42021108,18.81538071,25.5703028
954,67.31534878,76.16066062,31.94728806,30.03985725,36.58059022,37.55618678,18.87323379,25.3007051
955,67.34186575,76.18152108,31.83084395,30.07336375,36.62140936,37.54213511,18.92651312,25.5703028
956,67.36765876,76.11687899,32.06218465,30.10733,36.67399443,37.59263407,18.9812198,25.217752
957,67.38974841,76.13412158,31.74680686,30.13956479,36.53462401,37.50309527,19.02484524,25.36292
958,67.42111113,76.09041312,31.88995698,30.17298482,36.66048446,37.59747678,19.07160366,25.6739942
959,67.46465897,76.11011373,32.08433607,30.20667659,36.70856516,37.72251386,19.12820309,25.4458731
960,67.47550319,76.11429581,32.03369054,30.23996281,36.75235078,37.69802088,19.17229361,25.8399005
961,67.52353623,76.17164718,32.25088763,30.27400502,36.8227996,37.79116421,19.23147964,25.7569473
962,67.54319429,76.05636326,32.25963104,30.30803126,36.90300475,37.77786262,19.28436207,25.9435919
963,67.58865566,76.11785926,32.36134483,30.34159872,36.84303902,37.84535569,19.33734982,25.6117793
964,67.61394904,76.15018693,32.17516378,30.37498411,36.9038705,37.8364304,19.38084886,26.0058067
965,67.63362276,76.15177532,32.43455319,30.40874708,36.9198226,37.94887936,19.43531874,25.4873496
966,67.65888601,76.12942131,32.1457621,30.44146827,36.92152959,37.87903673,19.47612129,25.8399005
967,67.6703026,76.20868064,32.30335353,30.47505296,37.00259104,37.89155389,19.52041378,26.0887599
968,67.71046584,76.1789334,32.54880438,30.50939697,37.1281284,38.05704486,19.57024539,26.1302364
969,67.72840476,76.20721778,32.55684027,30.542961,37.07365731,38.03437197,19.62204723,25.7569473
970,67.74759306,76.13925444,32.35128318,30.57552877,37.01225417,37.97486207,19.65972645,25.8606387
971,67.77067328,76.20062358,32.37512813,30.60845502,37.04490378,37.99422346,19.70005919,26.3376192
972,67.78608492,76.11157635,32.70690735,30.64287109,37.20991159,38.17059087,19.75119024,26.2754044
973,67.81412724,76.1775964,32.75649991,30.67752007,37.36832689,38.26316512,19.79808094,26.6486935
974,67.83909151,76.15415133,33.00557292,30.71261899,37.44509148,38.35010565,19.8545837,26.3583575
975,67.86659758,76.22078271,32.85241984,30.74634503,37.3573868,38.3347665,19.90364055,26.2339278
976,67.8913599,76.21807179,32.83436835,30.78023065,37.40866034,38.34123239,19.94566905,26.6486935
977,67.91373423,76.12552535,33.06238643,30.81456512,37.4253128,38.34858351,19.99924445,26.6072169
978,67.94008239,76.11802968,33.04989526,30.84919795,37.52586026,38.38906514,20.05062472,26.7523849
979,67.98758308,76.20460248,33.21926488,30.88463363,37.6960835,38.53169256,20.10029974,27.0634591
980,68.02400475,76.23145241,33.43139511,30.92047642,37.78782838,38.63535237,20.15571095,27.125674
981,68.05102624,76.17107302,33.46994491,30.95587415,37.76838779,38.62836685,20.21129293,26.3790958
982,68.0602079,76.16792396,33.0428654,30.98954761,37.70250749,38.48471997,20.24292874,26.7316466
983,68.07987861,76.19219474,33.14696663,31.0235069,37.65871966,38.58987975,20.28756157,26.6901701
984,68.09791942,76.17031845,33.29991464,31.05837112,37.83067922,38.67423818,20.32598665,27.41601
985,68.14293383,76.1510298,33.75310256,31.09466022,37.98247038,38.96008343,20.391196,27.2915803
986,68.18167276,76.14121863,33.7010704,31.12980091,37.92345296,38.9187723,20.44500779,26.8768146
987,68.19009665,76.10280859,33.43159987,31.16382862,37.85306386,38.79023933,20.48728205,27.0012443
988,68.21458417,76.26271904,33.50281689,31.19844564,37.91789529,38.85871319,20.53183151,27.3537951
989,68.2579939,76.26272817,33.77358608,31.23415731,38.06776409,39.0182226,20.58279948,27.5197014
990,68.29166817,76.16091411,33.91684046,31.26993369,38.13283575,39.00502373,20.63209164,27.3537951
991,68.30427115,76.15680384,33.83625581,31.30532377,38.1712578,39.02256775,20.67821679,27.3745334
992,68.33310672,76.17824684,33.79934787,31.3400259,38.09709986,38.9913897,20.72679325,27.1464123
993,68.35368934,76.21728784,33.64662275,31.37428757,38.08352151,38.92913237,20.76543793,27.270842
994,68.36606812,76.09779634,33.68258745,31.40854604,38.07481319,38.95453871,20.80401309,27.2293654
995,68.38166722,76.15560003,33.75837615,31.44312952,38.16734108,39.00806624,20.83793964,27.8929905
996,68.40860645,76.14520783,34.14032269,31.47911404,38.29636177,39.1078714,20.89448308,27.4989631
997,68.42465691,76.15006121,33.97924624,31.51421282,38.34310644,39.14076935,20.93938835,28.0381584
998,68.44833469,76.10524804,34.32027169,31.55107727,38.54400347,39.29098747,20.99943958,28.0588967
999,68.48113075,76.11391467,34.37109414,31.58717122,38.53262663,39.32179886,21.0522925,27.4782248
1000,68.47977001,76.15012671,33.99008044,31.62130629,38.3875366,39.16735634,21.08632413,27.8100373
1001,68.50858487,76.20071375,34.22565091,31.65647316,38.43747303,39.30247904,21.12944004,27.789299
1002,68.13303687,73.83320237,34.22691856,31.69182622,38.52844095,38.87335856,21.16881614,27.9552053
1003,67.89831611,72.5967848,34.25432754,31.72663889,38.46316018,38.69843873,21.21229543,27.4574865
1004,67.70158798,71.72850051,33.89921194,31.76048781,38.43577092,38.40711285,21.23971145,27.8929905
1005,67.54861661,71.04972854,34.10075575,31.79492188,38.43722452,38.34956483,21.28131621,27.7270842
1006,67.39838354,70.48805276,34.07660805,31.82961693,38.55734639,38.21830172,21.3159964,27.7478225
1007,67.26275615,70.01262884,33.98642689,31.86349898,38.50084479,38.05893734,21.34822902,27.8100373
1008,67.12034471,69.59331711,34.0529989,31.89733444,38.48102067,37.99214167,21.38732055,27.4574865
1009,66.97589075,69.21308553,33.79611871,31.93002425,38.40426727,37.75106114,21.41103497,27.4574865
1010,66.82764289,68.86786902,33.7695442,31.96242851,38.35191639,37.67578332,21.43160296,27.5404397
1011,66.69492072,68.55768833,33.73200892,31.99475712,38.32513915,37.60918239,21.45763054,27.3123185
1012,66.55260057,68.26879262,33.65092214,32.02660711,38.32362813,37.5643259,21.47992893,27.6648693
1013,66.42037442,67.99993749,33.79695966,32.05905609,38.35840208,37.59352198,21.50556992,27.3745334
1014,66.28700282,67.74922888,33.63067107,32.09086584,38.37404342,37.50355733,21.52246191,27.6441311
1015,66.15391356,67.514188,33.77161993,32.12336621,38.45233377,37.45665601,21.54898538,27.8722522
1016,66.025643,67.292121,33.92017692,32.15642916,38.54754729,37.47616142,21.58061236,27.9759436
1017,65.90087886,67.08283483,34.06434609,32.18983687,38.64948937,37.55593088,21.61616772,28.079635
1018,65.77917086,66.87517948,34.11714301,32.22317508,38.68415059,37.49592371,21.65100629,27.7478225
1019,65.64776834,66.68045781,33.89699108,32.25515979,38.59251304,37.37539114,21.67183488,27.934467
1020,65.52875293,66.49938071,33.96350733,32.2876819,38.61979595,37.36983528,21.69660623,27.5611779
1021,65.40559642,66.32333393,33.6676319,32.3191403,38.58408857,37.19834231,21.71050409,27.8929905
1022,65.27813753,66.152359,33.84373349,32.35122622,38.61398948,37.22033853,21.73481357,27.8722522
1023,65.14565601,65.98550358,33.83136949,32.38323982,38.64800701,37.15749108,21.75906232,27.8307756
1024,65.02258984,65.83175479,33.88189486,32.41506159,38.66995711,37.16910548,21.78036766,27.8307756
1025,64.8937808,65.67720408,33.89726452,32.44695891,38.72045232,37.09083276,21.797751,27.9137287
1026,64.78253842,65.53021543,33.89863247,32.47862879,38.71039707,37.09899919,21.81956937,27.9759436
1027,64.66096674,65.38697832,33.95553951,32.51111489,38.8526966,37.13750805,21.8431534,28.2040647
1028,64.54939017,65.25093847,34.02898031,32.54337447,38.84430616,37.10814623,21.87484634,28.1625881
1029,64.42676115,65.11599589,33.95254288,32.57488622,38.75634804,37.01265272,21.90496759,27.8307756
1030,64.30103376,64.98252769,33.80765433,32.6064305,38.83810145,36.94211805,21.92415237,28.369971
1031,64.19574553,64.85307644,34.09583341,32.63960732,39.03437126,37.02580374,21.95646724,28.6188304
1032,64.08807611,64.83840171,34.32307552,32.67266253,39.06309448,37.05595586,21.99578719,28.1211116
1033,63.97811888,64.82380709,34.05867491,32.70463413,39.05625011,37.02088389,22.01714851,28.2662796
1034,63.8756644,64.80950228,34.0692662,32.73561631,38.87669444,36.99438338,22.04496831,27.7685608
1035,63.75961656,64.79500106,33.7033607,32.76544309,38.76599867,36.84869963,22.05887374,27.5611779
1036,63.64637437,64.78006888,33.53146205,32.79467016,38.70106524,36.78973333,22.05850412,28.0588967
1037,63.5558854,64.7688495,33.8657628,32.82585062,38.89183623,36.85686497,22.07645164,28.1625881
1038,63.47042393,64.75796741,33.9924298,32.85714524,38.9931248,36.91551321,22.10014747,28.4321858
1039,63.38524173,64.74691141,34.14392265,32.88815186,38.94568023,37.00526646,22.1279492,27.8929905
1040,63.29691011,64.73571092,33.8364074,32.91829983,38.95192626,36.8247965,22.13794814,28.2040647
1041,63.23256569,64.72692173,33.90405936,32.94844887,38.89997922,36.81819409,22.15851904,27.8929905
1042,63.15166057,64.71662228,33.68442551,32.97765996,38.83006836,36.74251499,22.17132674,27.6648693
1043,63.06601545,64.70491986,33.51970634,33.00631672,38.79633421,36.62651909,22.17632246,27.8307756
1044,62.9948632,64.69566255,33.61131288,33.03483695,38.73994075,36.72199236,22.18697225,27.7478225
1045,62.91636574,64.68422517,33.54028757,33.06363554,38.81003826,36.70457831,22.19481069,28.1003733
1046,62.8509241,64.67530244,33.81134891,33.09340383,38.93369715,36.74339398,22.20995566,28.2040647
1047,62.79994491,64.66912143,33.91552049,33.12281648,38.92625148,36.78581458,22.23034897,27.7685608
1048,62.7288558,64.66057955,33.56228213,33.15096279,38.8543648,36.60388239,22.23266766,28.079635
1049,62.67150789,64.65230858,33.773101,33.18054017,39.0028183,36.78401744,22.24609254,28.4114475
1050,62.62547858,64.64626572,34.05795378,33.21087947,39.1323654,36.86704488,22.27167973,28.5773538
1051,62.5817409,64.63994728,34.15112181,33.2411456,39.16006282,36.93203453,22.30140264,28.3077561
1052,62.53126554,64.63389911,33.95947512,33.27040703,39.10352993,36.79359351,22.32249652,28.079635
1053,62.46922005,64.62469643,33.79473619,33.29887644,39.03271242,36.68276595,22.33275357,28.2040647
1054,62.41129543,64.61705293,33.86044659,33.32767197,39.04901028,36.68741289,22.34744231,28.0381584
1055,62.3529143,64.60929949,33.75906378,33.35589586,39.03341435,36.70329341,22.35805578,28.3492327
1056,62.31170193,64.60370693,33.98170631,33.38527316,39.16057979,36.75862747,22.37347782,28.3284944
1057,62.26770555,64.59770774,33.92083847,33.41370417,39.09095873,36.80731971,22.38784065,28.079635
1058,62.21871226,64.5914956,33.75947766,33.44176985,39.09035876,36.68687312,22.39755309,28.1833264
1059,62.15891311,64.58395787,33.81279929,33.47015827,39.1404383,36.70108886,22.40796127,28.1625881
1060,62.10033259,64.57688832,33.81951988,33.49848599,39.18293962,36.71793568,22.42019853,28.2870178
1061,62.05664625,64.57166048,33.88818404,33.52697124,39.22163979,36.74655583,22.43754206,28.369971
1062,62.01755456,64.56570814,33.912035,33.55509206,39.17907153,36.73856808,22.45227404,28.2040647
1063,61.96981158,64.55898686,33.80539312,33.58248525,39.10764547,36.7112811,22.46026721,27.9966819
1064,61.92738512,64.55243241,33.6955877,33.6096017,39.11097769,36.64706228,22.46756396,28.4321858
1065,61.88657931,64.54786531,33.93616558,33.63804679,39.24421426,36.73955699,22.48473608,28.3492327
1066,61.85412813,64.54397333,33.92939513,33.66604258,39.27440029,36.74371999,22.49782493,28.5151389
1067,61.82204609,64.5398503,34.12390021,33.6947659,39.38855767,36.82966788,22.51647252,28.8469515
1068,61.79116268,64.53648803,34.38679267,33.72419619,39.49284822,36.93406363,22.54345912,28.7017835
1069,61.75948317,64.53270468,34.23658249,33.75269994,39.44907603,36.87349349,22.56573752,28.1003733
1070,61.71402864,64.52743966,33.78850049,33.77937347,39.31060404,36.71877523,22.57138686,28.3284944
1071,61.67769102,64.52351374,33.87852937,33.80616021,39.23239785,36.74398461,22.58046952,28.1833264
1072,61.63637807,64.51786782,33.82972903,33.83312181,39.29208156,36.69105834,22.58851883,28.9506429
1073,61.61411981,64.51506499,34.362598,33.86199383,39.45572399,36.90917424,22.61840294,28.5773538
1074,61.58660698,64.51151895,34.11117912,33.88919122,39.37214442,36.82882572,22.63400845,28.2870178
1075,61.53999886,64.50598944,33.85188159,33.91527459,39.25140574,36.72702744,22.64096881,27.9552053
1076,61.49792022,64.50059041,33.70958183,33.94107809,39.26450784,36.69690621,22.63678347,28.4321858
1077,61.47471309,64.49752507,33.94948391,33.96787417,39.32992552,36.78393509,22.64752812,28.5151389
1078,61.44290033,64.49256958,34.0438824,33.99439583,39.3133745,36.79736125,22.65875207,28.4114475
1079,61.41781882,64.48880434,33.9821371,34.02107158,39.38385795,36.7346999,22.66990823,28.5773538
1080,61.40040897,64.48781477,34.03092168,34.04777211,39.40048235,36.81113187,22.68623962,28.4944007
1081,61.36854988,64.48411316,34.03558477,34.07449594,39.45742503,36.78232528,22.69665211,28.6395686
1082,61.33814463,64.48026943,34.15099178,34.10129535,39.47932131,36.84997614,22.71246088,28.224803
1083,61.30221079,64.47578348,33.85314475,34.12670033,39.39053331,36.69759407,22.71493152,28.5773538
1084,61.28476159,64.47321486,34.01920793,34.15282659,39.39908926,36.78273884,22.72626749,28.4529241
1085,61.26269537,64.47024331,33.99000942,34.17878717,39.43228106,36.80882095,22.73578089,28.7017835
1086,61.24657235,64.46788201,34.18892729,34.20571542,39.56494822,36.91313234,22.75070838,28.9921195
1087,61.24646688,64.46726112,34.34234357,34.23340575,39.69714359,36.98934002,22.77219952,28.9506429
1088,61.22809347,64.46439169,34.33632192,34.26015692,39.63475033,36.97832393,22.79312955,28.5980921
1089,61.19717855,64.46058734,34.16974632,34.28610461,39.59115669,36.87156151,22.80192322,28.6603069
1090,61.17889852,64.45800318,34.19023602,34.31237749,39.63161233,36.92180393,22.81287217,28.7639983
1091,61.15703917,64.45547535,34.22550544,34.33841179,39.60760682,36.89098994,22.8303836,28.6810452
1092,61.14546819,64.45394909,34.15266206,34.36417728,39.59867174,36.80167187,22.84520132,28.6395686
1093,61.12553682,64.45161249,34.13643216,34.38954647,39.56207337,36.84489524,22.85794582,28.4736624
1094,61.09769538,64.44750729,34.00880266,34.41442408,39.53126402,36.80575703,22.86313703,28.6188304
1095,61.08189273,64.44608863,34.14215697,34.43974681,39.57490055,36.91297473,22.87392242,28.9506429
1096,61.06724567,64.44395029,34.35617868,34.4663432,39.73843036,36.95041603,22.89041998,28.8676898
1097,61.05785252,64.44234425,34.31367583,34.49181938,39.6686982,36.98170088,22.9046107,28.5566155
1098,61.02828367,64.4385315,34.11277234,34.51695978,39.68656547,36.85859013,22.90981599,28.7847366
1099,61.00811148,64.43561584,34.29572283,34.54310734,39.82345494,36.95481144,22.91982197,29.1580257
1100,61.00348142,64.43462315,34.48603286,34.56945886,39.8410501,37.02042522,22.94443458,29.2617171
1101,60.99926411,64.43340258,34.59877999,34.59593002,39.86510581,37.11417952,22.96374797,28.8676898
1102,60.97555893,64.43072966,34.3737998,34.62156915,39.86663536,36.98010365,22.97596443,29.0543343
1103,60.9614738,64.42878253,34.53986295,34.64782303,39.94328608,37.07881066,22.99361904,29.2617171
1104,60.96158776,64.42733037,34.62764468,34.67355064,39.85745676,37.09281646,23.01240267,28.888428
1105,60.94317178,64.42477292,34.35589168,34.69837175,39.79100156,37.00643796,23.01851767,28.7017835
1106,60.92384336,64.42369043,34.22836337,34.72247552,39.71578554,36.91215299,23.01921761,28.8469515
1107,60.91427989,64.42072239,34.34562541,34.74747304,39.81152906,37.00254172,23.02864692,28.7847366
1108,60.90355511,64.41956659,34.24863099,34.77179144,39.78019445,36.9779355,23.03612059,28.7847366
1109,60.88767992,64.41694558,34.28032962,34.79626609,39.81297968,37.01372449,23.04499754,29.0958109
1110,60.87950161,64.41596167,34.4761813,34.82115167,39.83552879,37.08892489,23.05710669,28.7639983
1111,60.85793792,64.41293553,34.30654318,34.84531568,39.83488072,36.98416127,23.0626942,29.1372874
1112,60.85645025,64.41250371,34.49929909,34.87034936,39.90185148,37.12495907,23.07716234,29.1372874
1113,60.84133242,64.40969517,34.58154502,34.89570089,40.00795969,37.17511092,23.09282652,29.2617171
1114,60.82824438,64.40833819,34.65378153,34.92084103,40.00909829,37.16087044,23.11222379,29.1580257
1115,60.80673361,64.40572474,34.59435203,34.9457452,40.01830615,37.10725582,23.12886503,29.323932
1116,60.79448784,64.40496951,34.69190003,34.97071736,40.01335998,37.11010663,23.14900525,29.0958109
1117,60.77678493,64.40169499,34.59976578,34.99600449,40.14651688,37.14326725,23.16384138,29.5105765
1118,60.77590679,64.40099003,34.82433546,35.02179387,40.19930531,37.23011777,23.19045937,29.5105765
1119,60.77792756,64.40176692,34.79554166,35.04688657,40.12775131,37.2337241,23.21653724,28.8262132
1120,60.75491421,64.39855008,34.39056037,35.07055791,40.06460646,37.09743014,23.2203933,29.1165491
1121,60.73913559,64.39592734,34.48704225,35.09466434,40.05306637,37.1073822,23.23071462,29.1372874
1122,60.73367257,64.39581611,34.52701023,35.11946982,40.18196526,37.19193865,23.24028393,29.7386976
1123,60.74235069,64.39689761,34.88818918,35.14521414,40.2561606,37.34665508,23.27114573,29.323932
1124,60.73088213,64.39486382,34.74366623,35.16966231,40.2060993,37.24735817,23.28980446,29.4276234
1125,60.71882489,64.39259872,34.71967693,35.19421942,40.19669375,37.25639644,23.3072195,29.2202406
1126,60.70356082,64.39091636,34.64008753,35.21861321,40.24276459,37.23770785,23.31769685,29.3861468
1127,60.69766311,64.39081446,34.69179636,35.24266964,40.18425361,37.24185266,23.3312698,29.0958109
1128,60.67687006,64.38843352,34.49496595,35.26613959,40.15798398,37.16890045,23.33513983,29.4898382
1129,60.66704833,64.38751213,34.74477424,35.29039648,40.19430821,37.29226117,23.34969746,29.3446703
1130,60.64688939,64.38521945,34.73137208,35.31442511,40.23168747,37.26556386,23.36330091,29.2824554
1131,60.64132773,64.38577258,34.66405279,35.33764444,40.1499439,37.28302361,23.37186669,28.9713812
1132,60.6225859,64.38284962,34.40600392,35.36007547,40.08601765,37.17828714,23.37526971,29.178764
1133,60.60778237,64.3808852,34.52624311,35.38317756,40.13654844,37.18557686,23.38684436,29.3654085
1134,60.6020847,64.38020577,34.69348258,35.40700264,40.25107964,37.23456791,23.39437786,29.5520531
1135,60.59999016,64.3800807,34.81764776,35.43156086,40.39519695,37.28788502,23.41460373,29.4483617
1136,60.58344224,64.37833648,34.7975089,35.45509711,40.3359556,37.26479142,23.42945231,29.3446703
1137,60.57546531,64.37667706,34.7171532,35.4778162,40.22128166,37.20280888,23.44051797,29.1165491
1138,60.55354157,64.37410844,34.56387319,35.50043151,40.23407104,37.20635631,23.44340041,29.3031937
1139,60.54130452,64.37286002,34.65123086,35.52298639,40.20198027,37.22342139,23.45233362,28.9091663
1140,60.52462063,64.37007541,34.34892818,35.54483684,40.19628125,37.16025825,23.44739828,29.1165491
1141,60.51217452,64.36869745,34.42724887,35.56705901,40.22115906,37.19075623,23.44813404,29.3446703
1142,60.49740372,64.36696053,34.58821571,35.58909051,40.16026216,37.19617269,23.45767761,28.7847366
1143,60.46790755,64.36260089,34.30112858,35.60981575,40.08368133,37.14318538,23.44706953,29.2202406
1144,60.46785684,64.36361701,34.52748638,35.63191313,40.17984429,37.26456083,23.45184406,29.4898382
1145,60.46447063,64.36301823,34.74166865,35.65484056,40.3076943,37.33680521,23.46883675,29.3031937
1146,60.44927023,64.36068943,34.67448995,35.6770547,40.31487759,37.27251466,23.47492881,29.5105765
1147,60.44436815,64.35933887,34.79343372,35.70017942,40.43432061,37.33437882,23.49059978,29.6764828
1148,60.44724677,64.3590167,34.91613683,35.72358441,40.50863504,37.43023733,23.50589886,29.8631273
1149,60.4457885,64.3598027,35.14941754,35.74704227,40.52208985,37.53924218,23.52647892,29.6557445
1150,60.44629396,64.36027703,34.98703084,35.76988107,40.50158283,37.45705523,23.54025813,29.3031937
1151,60.4312665,64.35815911,34.65511459,35.79142506,40.39214973,37.30904556,23.5459356,29.4276234
1152,60.42977632,64.35841016,34.73805487,35.81366645,40.44531402,37.36732338,23.55401733,29.7801742
1153,60.43002808,64.35873608,35.00357301,35.83655189,40.50282799,37.4319748,23.57163823,29.3861468
1154,60.41903622,64.35794861,34.70729249,35.85783838,40.38523123,37.36068369,23.57506506,29.2202406
1155,60.40276048,64.35646746,34.57528025,35.87929196,40.42427875,37.32807595,23.57482977,29.6764828
1156,60.39719658,64.35623289,34.90137058,35.90194665,40.54027722,37.41780693,23.59020873,29.9253422
1157,60.40609432,64.35716309,35.11069386,35.92526364,40.65665289,37.48150039,23.61315279,29.7179594
1158,60.40128594,64.35599997,35.02241014,35.94744284,40.59345442,37.44635052,23.62611656,29.8631273
1159,60.39727016,64.35620391,35.14309906,35.96997714,40.60577977,37.49799351,23.64332355,29.7386976
1160,60.39349136,64.35566232,34.98882459,35.99221772,40.61393507,37.49556383,23.65719269,29.5727914
1161,60.37485987,64.35307623,34.90237579,36.0135517,40.5296457,37.47027771,23.66220986,29.4483617
1162,60.3535622,64.35013422,34.78635162,36.03404626,40.40543571,37.42334968,23.6652278,29.4483617
1163,60.34839297,64.3487592,34.78392567,36.05540707,40.51377625,37.39628712,23.67016638,29.6972211
1164,60.34607045,64.34962234,34.92472235,36.07682856,40.52361922,37.45282064,23.68428986,29.6557445
1165,60.33912542,64.34857893,34.90866469,36.09795699,40.51116527,37.49484955,23.69054484,29.3861468
1166,60.32868139,64.34588824,34.746484,36.11858821,40.51368052,37.37951065,23.69196426,29.5935297
1167,60.32387788,64.34568622,34.84238717,36.1391171,40.46098049,37.41481923,23.70046005,29.3861468
1168,60.30926798,64.34446471,34.70790263,36.15931473,40.45517158,37.35872321,23.70201977,29.323932
1169,60.29470847,64.34199611,34.67680942,36.17967435,40.51388417,37.3701413,23.70138139,29.5313148
1170,60.28221256,64.34030298,34.8313731,36.20025319,40.53918989,37.4457199,23.70732996,29.7386976
1171,60.2757796,64.33899814,35.03354299,36.22143888,40.61302656,37.55318494,23.71775254,29.6764828
1172,60.26568971,64.33728372,35.04639986,36.24270097,40.69294988,37.5297881,23.72618075,30.1742016
1173,60.27688312,64.33965726,35.34206179,36.26512626,40.80991846,37.6906669,23.7478735,29.8838656
1174,60.28675657,64.34101204,35.1963843,36.28673083,40.82185332,37.62181583,23.76040388,29.9668187
1175,60.2906434,64.34164949,35.19950804,36.30840513,40.83675639,37.63001561,23.77462308,29.8216508
1176,60.28084053,64.34081172,35.10827523,36.32913295,40.74186642,37.6066501,23.78696394,29.5520531
1177,60.27244357,64.3399846,34.93332346,36.34962167,40.75003901,37.48489047,23.78914264,29.9253422
1178,60.27594147,64.34146668,35.18612071,36.37107494,40.83205714,37.58963116,23.80121757,30.2571547
1179,60.27959208,64.34227595,35.47462061,36.39312337,40.89913754,37.68499275,23.82368763,30.132725
1180,60.27445896,64.3417569,35.40102452,36.41457058,40.87946796,37.67896043,23.84049825,29.6142679
1181,60.25988345,64.34022824,35.01676153,36.43459557,40.79198067,37.54930218,23.8468203,29.987557
1182,60.25960776,64.34093031,35.20962127,36.45538548,40.80035412,37.63202856,23.86353488,29.8631273
1183,60.25251652,64.34052915,35.17622978,36.47624216,40.86729784,37.66061796,23.87033745,30.0912484
1184,60.2456222,64.33976204,35.33981917,36.49742522,40.90745214,37.74646772,23.88536354,30.0082953
1185,60.24400068,64.33987399,35.29117086,36.51821871,40.89968266,37.74197262,23.89530665,29.987557
1186,60.23692488,64.33811001,35.26661623,36.5387331,40.87471136,37.72786123,23.90841923,29.9460805
1187,60.22884587,64.33651403,35.31371981,36.55954018,40.93917883,37.76193238,23.92183191,30.1742016
1188,60.22754601,64.33626367,35.43634255,36.58096731,41.0308868,37.74002416,23.94179316,30.3193696
1189,60.22786517,64.3365446,35.53914782,36.60210846,41.00476419,37.8317612,23.95888225,29.8216508
1190,60.21922131,64.33582741,35.24677251,36.62201283,40.93776713,37.761373,23.96104939,30.0290336
1191,60.21682601,64.33635298,35.33057477,36.64292857,41.03781505,37.7913385,23.97234727,30.1119867
1192,60.22096708,64.33648299,35.35863622,36.6634539,41.01566097,37.77686796,23.98196603,30.2364164
1193,60.22500421,64.33774598,35.467364,36.68443046,41.06573788,37.81464505,23.99438131,30.277893
1194,60.22614961,64.33825433,35.54183518,36.70577929,41.15629866,37.90328299,24.00789877,30.4645375
1195,60.24186712,64.34023343,35.66855262,36.7271152,41.16290115,37.94126536,24.02358658,30.1949399
1196,60.23369509,64.33914057,35.49280281,36.74770906,41.13262931,37.87607501,24.03456814,30.0497719
1197,60.22280574,64.33762164,35.37691839,36.76784288,41.10122151,37.85180403,24.04453965,30.423061
1198,60.23203384,64.3390534,35.66039342,36.78893226,41.16475508,37.97045724,24.06174562,30.1742016
1199,60.23109514,64.33763686,35.42684706,36.80869367,41.05558489,37.84480903,24.07231002,29.9253422
1200,60.21674879,64.3353989,28.50749711,36.82762365,40.95429288,36.24409617,24.07635839,29.7179594
1201,60.20217896,64.3338256,27.22620996,36.84501067,40.72383056,35.88698826,24.07206643,29.1372874
1202,60.18046727,64.33079035,26.33140468,36.86132113,40.61363764,35.62558809,24.05488531,29.1995023
1203,60.17476403,64.32994595,25.76034446,36.87706771,40.4691904,35.45407775,24.03801403,29.1165491
1204,60.15843,64.32867874,25.51915098,36.89325422,40.51569971,35.37113985,24.01768452,29.3031937
1205,60.14568574,64.32690429,25.47382346,36.90966142,40.53867199,35.37439768,24.00803474,29.4691
1206,60.1447062,64.32665522,25.36441657,36.926303,40.55973853,35.35382292,23.99943994,28.9921195
1207,60.11687122,64.32248312,25.09621614,36.94093095,40.3741465,35.21948875,23.97978166,28.7017835
1208,60.0892528,64.3191424,25.0055139,36.9547821,40.25234636,35.19472086,23.95172679,28.7432601
1209,60.07077557,64.31599843,24.9245158,36.96918128,40.28938049,35.16564361,23.92886122,29.1165491
1210,60.06134099,64.31519778,24.93398975,36.98425581,40.33234874,35.15491762,23.91602124,28.7639983
1211,60.04134143,64.31280221,24.85754201,36.99812175,40.25760632,35.12761549,23.89564426,28.8676898
1212,60.02090056,64.30898518,24.85818473,37.0118802,40.19209555,35.12943365,23.8749058,28.6395686
1213,60.00434078,64.30760276,24.77826322,37.02540912,40.19837793,35.08270985,23.84874414,28.6395686
1214,59.9939877,64.30667712,24.78274921,37.03965682,40.33296587,35.12753618,23.82188336,29.4068851
1215,60.00209674,64.30833671,24.9146127,37.05482062,40.35373757,35.16889726,23.8219015,28.7017835
1216,59.99022472,64.30625226,24.73846312,37.06890713,40.38455495,35.10235311,23.79951537,29.1580257
1217,59.98784799,64.30546157,24.7741754,37.08306411,40.30029693,35.09662044,23.79212793,28.5566155
1218,59.97090547,64.30354256,24.5400508,37.09602137,40.23533704,34.98948986,23.7680345,28.7017835
1219,59.95178682,64.30132031,24.59590397,37.10918129,40.21477711,34.99666088,23.7486895,28.7017835
1220,59.93832853,64.29971758,24.64229715,37.12247127,40.23907217,35.0043968,23.72601124,28.888428
1221,59.92759117,64.29778921,24.73779537,37.13622661,40.29016647,35.04077821,23.71295033,28.9091663
1222,59.91982122,64.29733704,24.75416916,37.14964667,40.2625947,35.06387623,23.70387671,28.7432601
1223,59.90985449,64.29554977,24.69697947,37.16275129,40.25590248,35.03118087,23.68926913,28.8469515
1224,59.90068053,64.29339949,24.73122952,37.17670138,40.37662168,35.05679887,23.67640353,29.0958109
1225,59.89747309,64.29420422,24.83333533,37.19038068,40.32737254,35.08296151,23.66906176,28.6603069
1226,59.87963811,64.29138556,24.741904,37.20303664,40.2659864,35.06173224,23.65055683,28.7639983
1227,59.86600735,64.289043,24.74830205,37.21582176,40.24416236,35.0561269,23.63359395,28.6395686
1228,59.85176634,64.28690653,24.70304452,37.22819846,40.20931259,35.04876361,23.61501019,28.6395686
1229,59.83922975,64.2861108,24.69224415,37.24031057,40.16057577,35.03923594,23.59535681,28.5773538
1230,59.82236332,64.28446938,24.70886249,37.25257882,40.19078961,35.00406891,23.58306181,28.6395686
1231,59.81510699,64.28372187,24.67380358,37.26446402,40.13687691,35.00784519,23.56951119,28.5773538
1232,59.79960169,64.28198084,24.65274206,37.27681482,40.21861785,35.01199336,23.5511622,28.8054749
1233,59.79886712,64.28163612,24.74529228,37.28895965,40.17131425,35.0141118,23.54451891,28.3907092
1234,59.78209667,64.27975194,24.61063827,37.30043493,40.15935129,34.99374108,23.52516854,29.1372874
1235,59.78710585,64.2794766,24.7900518,37.3139732,40.30976345,35.04532293,23.52824811,28.7225218
1236,59.77911543,64.27902174,24.66387894,37.3265523,40.33938048,34.99578965,23.51838346,29.1580257
1237,59.77341677,64.27803309,24.7718047,37.33979508,40.35605422,35.03662767,23.51785273,28.8469515
1238,59.76801703,64.2774315,24.74822345,37.35226457,40.32815078,35.02769395,23.51278421,28.5773538
1239,59.75490713,64.27597012,24.65906631,37.36418929,40.30750626,35.00119529,23.49799232,28.6188304
1240,59.75639155,64.27515771,24.58526433,37.37530981,40.16529381,34.95053354,23.48663479,28.4944007
1241,59.75102827,64.27371392,24.46063158,37.38670221,40.19015353,34.88934948,23.47003291,28.5980921
1242,59.73700935,64.27204974,24.4496161,37.39760355,40.10275244,34.91604746,23.45856899,28.3907092
1243,59.71483728,64.26943336,24.46728909,37.40850214,40.12812257,34.90593441,23.44158653,28.7847366
1244,59.7093765,64.26841014,24.59388521,37.42045325,40.22099588,34.95973578,23.43947252,28.5358772
1245,59.70778884,64.26764527,24.5076549,37.43112705,40.12569612,34.88748521,23.42814117,28.3492327
1246,59.6948834,64.26578702,24.42940988,37.44167241,40.12001738,34.88665229,23.41427477,28.4736624
1247,59.69205397,64.26471625,24.40032687,37.45221363,40.09475431,34.86718292,23.40282915,28.5358772
1248,59.67620898,64.26272856,24.53483377,37.46250287,40.03455736,34.91732181,23.39113122,28.1418499
1249,59.66207499,64.2613105,24.38031356,37.47222335,40.02604157,34.83870713,23.37283109,28.2040647
1250,59.6537094,64.26082062,24.30242301,37.48175549,39.9826301,34.81389583,23.35068021,27.9966819
1251,59.63360131,64.25828525,24.24461502,37.49055825,39.90666405,34.81052306,23.32712602,28.1211116
1252,59.62415261,64.25728111,24.28107347,37.49939016,39.85200149,34.80665677,23.30825219,28.1211116
1253,59.61611196,64.25655043,24.25532065,37.50888753,39.94858191,34.79692096,23.29267702,28.2870178
1254,59.60762806,64.25498616,24.24533188,37.51813002,39.91377867,34.77712625,23.27879815,28.1418499
1255,59.596476,64.25314631,24.26613774,37.52827482,40.09493332,34.80681503,23.26271264,28.9299046
1256,59.59669458,64.25305395,24.53583756,37.53964938,40.17681873,34.93435877,23.27117964,28.1833264
1257,59.58239358,64.25108383,24.3570598,37.54867221,40.02952048,34.83571243,23.25344867,28.4114475
1258,59.57380765,64.25022711,24.38646967,37.55819255,39.99520874,34.86019727,23.24574808,28.0588967
1259,59.5694007,64.25023782,24.26624886,37.56686638,39.94189628,34.80826674,23.22797437,28.2870178
1260,59.55172643,64.24752725,24.29301971,37.57603137,39.9450965,34.80455318,23.21367054,27.9137287
1261,59.52816761,64.24508522,24.18172487,37.58435427,39.91559626,34.75544335,23.19082505,28.3907092
1262,59.52830283,64.24447782,24.34806993,37.59411032,40.02261714,34.82205889,23.18614539,28.5773538
1263,59.53018573,64.24497875,24.42987948,37.60428031,40.09839674,34.84873178,23.18974273,28.1003733
1264,59.51908378,64.24419649,24.27990585,37.6126426,39.96577359,34.79499572,23.17271449,28.079635
1265,59.51225722,64.24224818,24.15737398,37.6210081,39.92147197,34.71270273,23.16237938,28.3284944
1266,59.515246,64.24221803,24.24586103,37.63003556,39.95189942,34.73734326,23.16390804,27.8722522
1267,59.49718966,64.24047107,24.09810064,37.63747662,39.83176667,34.66684139,23.1417877,27.789299
1268,59.48056079,64.23760616,24.05404805,37.64505013,39.82867072,34.65883956,23.12220303,28.4114475
1269,59.47695043,64.23780139,24.28684833,37.65455234,39.98970248,34.76907944,23.1175978,28.1003733
1270,59.46158558,64.23621284,24.19084164,37.66238699,39.87398383,34.7246389,23.10755069,27.8515139
1271,59.45615164,64.23485376,24.10767803,37.67007865,39.87199085,34.7135956,23.08567023,28.1003733
1272,59.45371099,64.2345314,24.18252185,37.67852621,39.93742783,34.71526521,23.07202739,28.4114475
1273,59.45248221,64.23477752,24.32243506,37.68764069,40.0028986,34.7753862,23.06967185,27.934467
1274,59.44012345,64.23316572,24.16500413,37.69536798,39.93465253,34.69679071,23.05416707,28.1833264
1275,59.43240435,64.2329269,24.21852311,37.7037753,39.95860055,34.71852296,23.04837723,27.8929905
1276,59.41701835,64.23104848,24.06122701,37.71137127,39.9205609,34.67709873,23.03034097,28.2662796
1277,59.4239991,64.23156822,24.10367267,37.72009292,39.99762293,34.66254801,23.02912207,28.1625881
1278,59.40828727,64.23048774,24.17886754,37.72829941,39.98088166,34.69858474,23.02377453,28.1833264
1279,59.40358774,64.22977013,24.22518256,37.73690703,40.04008967,34.73386429,23.01739173,28.1003733
1280,59.40360055,64.23014689,24.0927939,37.74474793,39.96844088,34.67477391,23.01170637,28.1211116
1281,59.39783369,64.22861799,24.11556865,37.75310357,40.0249468,34.68110737,23.00792176,28.4114475
1282,59.39780301,64.22840026,24.2035299,37.76174941,40.02636541,34.7118913,23.01065799,27.8515139
1283,59.38156192,64.22659324,24.08242729,37.76945343,40.02672933,34.69603643,22.99358584,28.4321858
1284,59.38016947,64.22702621,24.27137042,37.77800415,40.02110963,34.77744061,22.995467,28.1003733
1285,59.36694893,64.2254594,24.25867951,37.78597563,40.01871903,34.75981094,22.98796288,28.5980921
1286,59.3697977,64.2265106,24.45393318,37.79507995,40.07959083,34.81499211,22.9941285,28.1625881
1287,59.35504468,64.22372475,24.33794259,37.80267381,39.97786784,34.76693669,22.9881934,27.8100373
1288,59.34229473,64.22338345,24.19290771,37.809177,39.85266572,34.69728798,22.9736395,28.2040647
1289,59.33688931,64.22259298,24.26482041,37.8171996,39.95233778,34.74104297,22.97024433,28.1003733
1290,59.33342294,64.22179209,24.18362489,37.82530773,40.04591244,34.71102445,22.96428837,28.5358772
1291,59.34772838,64.22355357,24.28253479,37.83368722,40.02309167,34.74902124,22.96700137,27.934467
1292,59.32837883,64.22011026,24.12108214,37.84113956,40.02805842,34.71388357,22.95735392,28.2870178
1293,59.32218778,64.21895382,24.20943602,37.84900813,40.011454,34.72176719,22.95474059,28.2040647
1294,59.31205829,64.21696452,24.24368752,37.85624178,39.92472131,34.72692318,22.95696214,27.7063459
1295,59.29495751,64.2148516,24.08378392,37.86255043,39.87128868,34.65251956,22.93898699,28.0588967
1296,59.29060048,64.21498428,24.12238377,37.86969239,39.89718149,34.69256606,22.93529454,27.9137287
1297,59.27119498,64.21220145,24.10828097,37.87658671,39.91378028,34.6667446,22.92288083,28.1418499
1298,59.26980503,64.21231837,24.22617138,37.88400581,39.95439846,34.71979932,22.91801644,27.8929905
1299,59.25531895,64.21036681,24.1770089,37.89050291,39.89111668,34.69974795,22.91149582,28.4114475
1300,59.26117051,64.2106064,24.2842005,37.89844515,39.97223176,34.7342398,22.91714642,27.8307756
1301,59.24468239,64.20886704,24.19656134,37.90464427,39.88079787,34.69666249,22.90842255,27.934467
1302,59.23045477,64.20706139,24.18719501,37.91167074,39.95411176,34.70422094,22.89821706,28.3077561
1303,59.24363248,64.2095268,24.22405559,37.9194967,40.02607289,34.73948114,22.90247075,27.9966819
1304,59.23320755,64.20813786,24.13801054,37.92605265,39.93590936,34.64355193,22.89793327,27.9552053
1305,59.22108654,64.20647183,24.08427773,37.93229671,39.86222612,34.63067236,22.88799553,27.8100373
1306,59.21842023,64.20515139,24.0807291,37.93904313,39.95777729,34.63905055,22.87872218,28.3077561
1307,59.22148477,64.20623075,24.15689899,37.94606611,39.91850865,34.67174724,22.88365191,27.7270842
1308,59.20712535,64.20423085,23.99974754,37.95242735,39.95123223,34.61375115,22.86798502,28.2662796
1309,59.21520068,64.20475021,24.15425259,37.95972549,39.98344621,34.65266503,22.87085902,27.9759436
1310,59.20717804,64.2041707,24.0409504,37.9655084,39.83075251,34.62889489,22.86598504,27.41601
1311,59.18520158,64.20168392,23.9047012,37.97040184,39.76813167,34.58104695,22.84199652,28.2040647
1312,59.18472395,64.20201888,24.1185529,37.97772249,39.93729308,34.6768073,22.84270031,27.9137287
1313,59.16927009,64.19984436,24.11875881,37.98347299,39.83474408,34.66348752,22.83786251,27.8515139
1314,59.16617224,64.19942392,24.09846375,37.98974099,39.89832856,34.61738421,22.8269389,27.9966819
1315,59.16918036,64.2003238,24.08183469,37.9963174,39.94573996,34.63619819,22.82738777,28.1003733
1316,59.17023822,64.20103565,24.10787301,38.00293892,39.95249643,34.65181875,22.82998349,28.3492327
1317,59.16851892,64.20063736,24.19705592,38.00992108,39.95542488,34.68255393,22.83649937,27.8100373
1318,59.15772806,64.19907497,24.06309835,38.01578685,39.91991331,34.64100462,22.82972307,27.9759436
1319,59.14685614,64.19806784,24.12945134,38.02142838,39.82832802,34.66594335,22.82371173,27.3745334
1320,59.12824784,64.1954216,23.9701017,38.02597158,39.76997537,34.61143526,22.80026959,28.0381584
1321,59.12176949,64.19530079,24.13937326,38.03282123,39.95579101,34.66524569,22.80009115,28.1625881
1322,59.116918,64.19417387,24.23133117,38.03957244,39.99284767,34.70751629,22.79890411,28.4114475
1323,59.12092162,64.19461802,24.33871786,38.04621455,39.92955849,34.72932127,22.81367251,27.1671506
1324,59.08957928,64.19092659,24.01870694,38.05001834,39.76565477,34.58533915,22.78674774,27.7270842
1325,59.08627757,64.19096406,24.03448702,38.0552325,39.78106389,34.57009071,22.7765062,27.934467
1326,59.08393211,64.19013725,24.0595281,38.06126614,39.8749448,34.58606961,22.77450589,27.8929905
1327,59.08308475,64.19074292,24.06869525,38.06710907,39.90067639,34.60088066,22.77068742,27.934467
1328,59.0693807,64.18809277,24.10170618,38.07255706,39.84210411,34.62846862,22.76743736,27.7063459
1329,59.0604653,64.18661964,24.00487465,38.07739137,39.7815873,34.57864311,22.75751688,27.7063459
1330,59.05746472,64.18638909,23.95410359,38.08251948,39.80559708,34.54373118,22.7464115,27.8929905
1331,59.05911012,64.18645089,24.05373608,38.08865391,39.93864616,34.58500681,22.74365797,28.0174202
1332,59.06759456,64.18699375,24.02525092,38.09475118,39.96352657,34.55605996,22.74275428,28.1833264
1333,59.06337238,64.1869379,24.13666325,38.10148631,40.04221342,34.61933375,22.74660924,28.2455413
1334,59.06348155,64.18649971,24.1923233,38.10805912,40.03864726,34.67079874,22.75421667,27.8307756
1335,59.04949051,64.18486789,24.10126557,38.11213419,39.73730613,34.58979802,22.74764824,26.9390294
1336,59.01463414,64.18033331,23.74237845,38.11533665,39.69983446,34.44871693,22.71980903,28.1211116
1337,59.0262207,64.18223373,24.0278264,38.12104168,39.7869937,34.53629701,22.72523063,27.6026545
1338,59.02280671,64.18106316,23.89708642,38.1253125,39.7316879,34.5042663,22.71508111,27.5819162
1339,59.00581857,64.17871275,23.8420095,38.12985442,39.76354978,34.49772657,22.70435094,27.8307756
1340,58.99636612,64.17741069,23.93479181,38.13468258,39.7634396,34.51756735,22.70002685,27.5404397
1341,58.97883375,64.17532963,23.91496954,38.13918366,39.78758204,34.52080878,22.68930161,27.9137287
1342,58.97955699,64.17567199,24.03393246,38.14480264,39.88964364,34.57715323,22.69115327,28.1211116
1343,58.98556478,64.17644584,24.09868543,38.15010977,39.83053913,34.57679644,22.6980589,27.5611779
1344,58.97690269,64.17512297,23.88960369,38.15479983,39.85754175,34.50078609,22.6918282,27.934467
1345,58.96730425,64.17378589,23.91314657,38.15988145,39.83908242,34.52565013,22.6928247,27.8722522
1346,58.96657125,64.17318384,23.87947202,38.16431224,39.74447053,34.47145778,22.691988,27.0841974
1347,58.93511335,64.17047217,23.70604534,38.16705447,39.63555007,34.39093318,22.667034,27.7270842
1348,58.93268302,64.16959437,23.80970161,38.17193799,39.77572222,34.45859099,22.66214639,28.1833264
1349,58.942071,64.17093465,24.0037459,38.17794728,39.90747874,34.54308009,22.66702988,28.079635
1350,58.93448353,64.16985012,24.10865132,38.18430543,40.05501288,34.58595742,22.67421678,28.1625881
1351,58.93972819,64.1703095,24.12090924,38.19014453,40.01708229,34.59317517,22.68036199,27.8515139
1352,58.92607692,64.16834454,24.03244471,38.1950086,39.92715903,34.52269457,22.67723745,27.8307756
1353,58.92822287,64.16936878,23.99730491,38.20010833,39.93608862,34.53721446,22.6740594,27.9966819
1354,58.92251619,64.16835641,23.99212607,38.20476853,39.82619034,34.51072936,22.67628262,27.0634591
1355,58.89987512,64.16483964,23.66787803,38.20739406,39.69124263,34.35961461,22.64892341,27.8307756
1356,58.89358023,64.16419135,23.84555214,38.21210222,39.77726379,34.41775465,22.65220028,27.7685608
1357,58.88669176,64.16222473,23.91423134,38.2161365,39.7217977,34.45033392,22.64807153,27.7478225
1358,58.87822555,64.16171221,23.98841104,38.220532,39.76745743,34.48607201,22.64425564,27.6026545
1359,58.86810713,64.16107338,23.99490727,38.22497955,39.83814428,34.51202959,22.63677856,27.9759436
1360,58.87379789,64.1625184,24.04596105,38.23035494,39.9281526,34.54422267,22.63835087,27.8722522
1361,58.85940941,64.16026062,24.08290674,38.23479181,39.84506064,34.56353445,22.64160563,27.8515139
1362,58.86157587,64.1600788,23.90076246,38.23920477,39.81620057,34.47560161,22.64319836,27.6026545
1363,58.85169252,64.15798419,23.86498303,38.24342976,39.84171341,34.46015955,22.63621624,27.9966819
1364,58.84313147,64.15737955,24.03611084,38.24857468,39.90425155,34.53604696,22.64101932,27.9759436
1365,58.83090704,64.15558555,24.06410931,38.25322476,39.8607164,34.54276423,22.64220437,27.3745334
1366,58.80905054,64.15212301,23.94414249,38.2562926,39.74230014,34.47889526,22.62360818,27.6441311
1367,58.81161818,64.15282694,23.9521103,38.26023163,39.76408919,34.46301759,22.61627479,27.7685608
1368,58.81151968,64.15259587,23.92460319,38.26388172,39.69610734,34.47259513,22.61158748,27.2086271
1369,58.79037668,64.15001407,23.72000306,38.26622788,39.60334542,34.37561439,22.59390636,27.41601
1370,58.7753383,64.14820766,23.80314136,38.26974509,39.70341482,34.39367056,22.582711,27.8515139
1371,58.78435625,64.1506494,23.87735832,38.27422664,39.7940154,34.43656909,22.58667638,27.8100373
1372,58.77328026,64.14815635,24.02067743,38.27911632,39.918628,34.51359552,22.58703025,27.9966819
1373,58.77800602,64.14896527,24.07700149,38.28439867,39.99392174,34.56041992,22.59194559,28.079635
1374,58.7877917,64.14999555,24.09003593,38.28984071,40.03479118,34.57636302,22.59678009,28.0381584
1375,58.78363158,64.14994427,24.10858796,38.29435681,39.91257375,34.55207192,22.59973695,27.6856076
1376,58.77953778,64.14935921,24.02761774,38.29834868,39.86862949,34.52196592,22.59757985,27.789299
1377,58.77397997,64.14835605,24.08460108,38.30219856,39.80107275,34.52656157,22.59720729,27.5197014
1378,58.76475982,64.14715587,23.93016712,38.30557932,39.76978337,34.45407022,22.59197167,27.5611779
1379,58.75736033,64.14566858,23.84202784,38.3091694,39.7820656,34.41594954,22.58416418,27.7063459
1380,58.75463238,64.1457005,23.94793644,38.31298225,39.78921536,34.4461888,22.58137605,27.6441311
1381,58.73715313,64.14347403,23.99758824,38.31704361,39.85600569,34.48138045,22.57834483,27.934467
1382,58.73479609,64.1430775,24.06836223,38.32185447,39.93608699,34.53086343,22.58083868,27.7063459
1383,58.72726345,64.14220725,23.97384102,38.32599933,39.92299683,34.47341303,22.57570083,27.8722522
1384,58.71931725,64.14130309,24.03861109,38.32983018,39.82288506,34.4892973,22.57731274,27.2501037
1385,58.70422689,64.13934296,23.76628018,38.3323336,39.72578903,34.42021815,22.56318917,27.6856076
1386,58.70357997,64.13909413,23.85490432,38.33599501,39.76416374,34.44280721,22.56187098,27.7270842
1387,58.6944252,64.13699824,23.9064324,38.3397243,39.78490447,34.45690798,22.5615892,27.5611779
1388,58.69018537,64.13647818,23.9020011,38.34363463,39.86945542,34.43646008,22.55766152,28.1003733
1389,58.70070018,64.13773452,23.9964539,38.34754976,39.76852284,34.44599853,22.57363225,27.1464123
1390,58.68560619,64.13553025,23.73412361,38.34937779,39.63273422,34.35985035,22.55721538,27.270842
1391,58.67633296,64.13444727,23.71583985,38.35233874,39.73308675,34.35019881,22.54294903,28.0588967
1392,58.67882481,64.13520771,23.97661592,38.35671015,39.80560569,34.46781386,22.55238072,27.5819162
1393,58.67453314,64.13438816,23.92508781,38.36011786,39.80694224,34.42610388,22.54741306,27.934467
1394,58.67811039,64.13545823,24.05238364,38.36444107,39.86931948,34.49993038,22.5529179,27.9552053
1395,58.6892854,64.1377244,24.04351755,38.36898136,39.93134936,34.50038112,22.55944432,27.7478225
1396,58.67604045,64.13575897,24.00211487,38.37265145,39.87190559,34.46634592,22.55974248,27.7270842
1397,58.67184349,64.13548898,23.98291131,38.37635054,39.86163803,34.43861756,22.55851762,27.4989631
1398,58.66775848,64.13536495,23.86429358,38.37969867,39.86104245,34.37924381,22.54928157,27.6856076
1399,58.66370085,64.13374197,23.93074572,38.38302494,39.80933506,34.40810974,22.54848473,27.5819162
1400,58.64993368,64.13231739,23.8876964,38.38560721,39.69110369,34.37082965,22.54363098,27.3745334
1401,58.63904016,64.13109892,23.77277774,38.38679611,39.46538459,34.32701309,22.53395023,26.2339278
1402,58.59014416,64.12461811,23.33779242,38.38450109,39.09286943,34.13093385,22.48781402,26.1509747
1403,58.56293154,64.12160433,23.12144968,38.38225587,38.95918525,34.05697056,22.44403581,25.9435919
1404,58.53053672,64.11733054,22.97541515,38.37937491,38.84731231,33.99429997,22.39547968,26.0058067
1405,58.50493864,64.11423358,22.93663831,38.37619007,38.72813912,33.98615788,22.35155807,25.7569473
1406,58.48581594,64.11188289,22.79008716,38.37210646,38.59095153,33.91448094,22.29869977,25.5910411
1407,58.46602455,64.10937579,22.561974,38.36710032,38.41593902,33.81652577,22.24322258,25.4043965
1408,58.44482923,64.10679665,22.37739029,38.36245527,38.44441867,33.74942649,22.18503128,25.6739942
1409,58.42404635,64.10416843,22.51701041,38.35826503,38.45832573,33.78459488,22.13842248,25.5288262
1410,58.40528184,64.10191618,22.42355671,38.35335562,38.37893602,33.72807969,22.08835605,25.6739942
1411,58.38972411,64.0997882,22.46806438,38.34955928,38.48757678,33.75337985,22.04603602,25.7569473
1412,58.37482863,64.09782257,22.54921564,38.34501217,38.38446873,33.76440247,22.00913952,25.4666114
1413,58.35371002,64.09452011,22.57331605,38.3404204,38.40467515,33.76478564,21.96137548,25.5288262
1414,58.34056228,64.09311939,22.55485185,38.33670797,38.54017107,33.79907864,21.91829082,26.026545
1415,58.3367761,64.0924246,22.59898753,38.33329438,38.5126773,33.83114901,21.89238419,25.6325176
1416,58.32266274,64.09095258,22.59142797,38.32965312,38.56315812,33.80276927,21.85424344,25.6325176
1417,58.3042359,64.08834727,22.58943035,38.32526896,38.45867663,33.79090585,21.82096491,25.3007051
1418,58.28785945,64.08616609,22.44246775,38.3195858,38.28118121,33.69698705,21.77891476,24.8652012
1419,58.27071451,64.08392313,22.20575186,38.31287931,38.14440419,33.64977601,21.72739983,25.3421817
1420,58.25830508,64.08245819,22.18684636,38.30780143,38.22310163,33.65055975,21.68751628,25.3421817
1421,58.24763452,64.08121827,22.18707138,38.303164,38.32831861,33.6333067,21.65176682,25.7154708
1422,58.23717479,64.07994087,22.41501159,38.29965125,38.4564437,33.69633563,21.62679304,25.5288262
1423,58.23284618,64.07940051,22.40388346,38.29482265,38.33805786,33.68572468,21.59627338,25.4873496
1424,58.22404633,64.07840598,22.39274843,38.29113395,38.48232084,33.7128973,21.56455768,25.7154708
1425,58.21748662,64.07747421,22.44354077,38.28706257,38.41823575,33.70895103,21.54165977,25.217752
1426,58.20410517,64.07603539,22.26300307,38.28148271,38.26575802,33.62921972,21.50438899,25.1970137
1427,58.1926591,64.07492436,22.16735209,38.27588578,38.19675788,33.59598822,21.46973508,25.1140606
1428,58.18031547,64.07310726,22.11042076,38.27025699,38.17919266,33.5519481,21.43256687,25.3214434
1429,58.17372335,64.07200516,22.21969035,38.26563865,38.28033236,33.57363063,21.40592253,25.4043965
1430,58.16780964,64.07152283,22.23729234,38.2606443,38.23622425,33.610941,21.38161196,25.2384903
1431,58.15833759,64.06994752,22.21298759,38.25559722,38.2476054,33.57562071,21.35406771,25.5495645
1432,58.15442397,64.06948842,22.26730047,38.25138196,38.30518558,33.59773908,21.33697025,25.5495645
1433,58.14816452,64.06881571,22.29827269,38.24719491,38.33012867,33.60483967,21.31901547,24.9896309
1434,58.13573581,64.06686206,22.20928452,38.24149719,38.23536715,33.55717832,21.28296039,25.3214434
1435,58.12419808,64.06547705,22.28818049,38.23668285,38.24569778,33.57480172,21.25978021,25.4458731
1436,58.1166159,64.06447453,22.39817633,38.23159129,38.16773722,33.60047029,21.24260374,24.9066777
1437,58.10773515,64.06373814,22.16946417,38.22540603,38.08907392,33.54007157,21.20954719,24.9481543
1438,58.09602771,64.06237339,22.08932268,38.21917101,38.02966592,33.45247716,21.17620829,25.0518457
1439,58.08235717,64.06049783,22.06198157,38.21297137,37.97593891,33.4465696,21.15125885,24.6578183
1440,58.0657469,64.05839416,21.88360053,38.20611623,37.94461406,33.3627476,21.11385967,25.1970137
1441,58.0559215,64.05734911,22.05473077,38.20057963,38.00053864,33.43407459,21.09658791,24.7407715
1442,58.04819211,64.05616673,21.93264762,38.1942722,38.01085158,33.43172234,21.06396037,25.1347988
1443,58.04131671,64.05555925,22.01740422,38.18891979,38.06338183,33.42572768,21.045649,25.1555371
1444,58.03455021,64.054798,22.16803771,38.1836314,38.08640725,33.49998256,21.02700086,25.2384903
1445,58.03019528,64.0543879,22.18929835,38.1789285,38.16818391,33.53005506,21.01133404,25.3007051
1446,58.02787963,64.05418523,22.23300207,38.17433671,38.20253129,33.57054944,20.99829757,25.0933223
1447,58.01731184,64.0529223,22.13387087,38.16946481,38.22231613,33.51627316,20.97866131,25.4251348
1448,58.01479377,64.05309398,22.24253875,38.16475069,38.16365202,33.54001483,20.9684606,24.9066777
1449,58.00535896,64.05188557,22.0823213,38.15844842,38.00690006,33.48079513,20.94523587,24.63708
1450,57.99411097,64.05058508,21.93510068,38.15147608,37.89267395,33.35408877,20.91641813,24.9688926
1451,57.98668775,64.04955874,22.03141131,38.1464248,38.06910006,33.40340823,20.89714026,25.4458731
1452,57.98311788,64.0489277,22.24354018,38.14190124,38.10453607,33.49699061,20.89049621,24.9688926
1453,57.97774071,64.04811766,22.13526058,38.1365221,38.0995024,33.46066455,20.87226847,25.0311074
1454,57.97080937,64.04713927,22.15281269,38.13083513,38.02375827,33.45457353,20.8556883,24.927416
1455,57.96388797,64.04623673,22.06299381,38.12510193,38.00510745,33.41891286,20.83709992,24.927416
1456,57.95402124,64.04482299,21.99307956,38.11928559,37.97873747,33.38672154,20.82041109,24.8859394
1457,57.94810531,64.04419643,21.98055805,38.11309278,37.91102398,33.34439193,20.80130338,24.6163418
1458,57.93912891,64.04294508,21.82103247,38.10629555,37.84594338,33.30017038,20.77541046,24.8444629
1459,57.93339812,64.04199063,21.87707471,38.10043327,37.90794025,33.36026972,20.76010577,25.0311074
1460,57.92696777,64.04130985,21.91696751,38.09524106,37.99180677,33.35999793,20.74580568,24.9688926
1461,57.92151873,64.04041264,22.0173478,38.09032779,38.08537123,33.38430054,20.73161237,25.2592285
1462,57.91925797,64.04001999,22.186822,38.08600119,38.14290356,33.47025701,20.72545388,25.5288262
1463,57.91709306,64.03976415,22.35836267,38.08220244,38.17987982,33.51707963,20.72605771,24.9896309
1464,57.90990869,64.03893887,22.23919042,38.07749748,38.18537422,33.4927283,20.71553199,25.5495645
1465,57.90994484,64.03879269,22.35798125,38.07329026,38.11625327,33.52006969,20.72178858,24.7200332
1466,57.90019087,64.03747692,22.01068173,38.06683568,37.92880097,33.36418911,20.70307358,24.6578183
1467,57.88917072,64.03613687,21.84472904,38.06037154,37.85565305,33.31708809,20.68395425,24.7200332
1468,57.88654295,64.03597594,21.82323517,38.05436674,37.87868165,33.28745547,20.66473305,24.6785566
1469,57.87865252,64.03509955,21.79154567,38.04839777,37.90111854,33.26027106,20.64672461,24.9481543
1470,57.87145389,64.03423825,21.86644911,38.04332097,37.98256763,33.29096363,20.64011468,25.1347988
1471,57.86888607,64.03397421,22.04415918,38.0382586,37.965235,33.37064183,20.63462104,24.7200332
1472,57.85489399,64.03218514,21.91322099,38.03214805,37.89051268,33.29192691,20.62003003,24.9481543
1473,57.8486662,64.03127109,21.9669029,38.02687965,37.93036099,33.32007478,20.61358989,24.8029863
1474,57.84290443,64.03063837,21.9485249,38.02071717,37.83260171,33.30616368,20.60102475,24.5748652
1475,57.83468426,64.02946701,21.81931842,38.01465211,37.86068957,33.27665065,20.58173996,25.0518457
1476,57.83087904,64.02870154,21.95250328,38.00970765,37.92728543,33.31711652,20.5748692,24.8237246
1477,57.82139937,64.02747997,21.95619875,38.00432321,37.93974426,33.30218773,20.56191359,25.1347988
1478,57.82091005,64.02748407,22.03351789,37.99980023,37.99951027,33.36215796,20.56056656,25.0103691
1479,57.81626274,64.02692448,22.05652015,37.99497112,38.00497605,33.38044936,20.55463529,24.927416
1480,57.80959636,64.02610534,22.05191054,37.98966254,37.94328421,33.33369946,20.54592817,24.7407715
1481,57.80181226,64.02501846,21.92557086,37.98360895,37.83561667,33.27992416,20.53063967,24.6785566
1482,57.79319024,64.02398404,21.8497123,37.97755835,37.80067117,33.27811054,20.51800283,24.4711738
1483,57.78365386,64.02278048,21.70801962,37.97102532,37.75524485,33.19705276,20.49673524,24.8652012
1484,57.77862575,64.02203881,21.83187316,37.96581,37.84488416,33.25933809,20.49006935,24.8859394
1485,57.77477387,64.0213806,21.94669727,37.9612402,37.98166152,33.31231502,20.48377844,25.2384903
1486,57.77219137,64.02093922,22.1060969,37.95683378,37.97264423,33.34582681,20.48866801,24.8859394
1487,57.76659071,64.02012369,22.07874255,37.95178759,37.9519909,33.31711767,20.48089782,24.9481543
1488,57.76248117,64.01960004,22.0712639,37.94700846,37.96437991,33.32085028,20.47697175,24.9066777
1489,57.75819931,64.0191214,21.97876602,37.94189269,37.92099925,33.30045664,20.47036002,24.5748652
1490,57.75063499,64.01807999,21.80848978,37.93626489,37.90037318,33.22713531,20.45210004,24.782248
1491,57.74494844,64.01730031,21.82828826,37.93046297,37.80111683,33.20887715,20.44343465,24.8237246
1492,57.73973684,64.01642232,21.90418744,37.92543006,37.86951289,33.22218664,20.4371817,24.8859394
1493,57.7341025,64.01537826,21.87917418,37.92035274,37.87062761,33.21797619,20.43221157,24.9896309
1494,57.73567324,64.0158209,21.91067482,37.91571782,37.91397503,33.23349819,20.4279688,24.7407715
1495,57.72963008,64.01514793,21.86751173,37.91022405,37.85037619,33.21474785,20.4204139,24.63708
1496,57.72341276,64.01413132,21.80246051,37.90439695,37.78910568,33.20174094,20.41053293,24.7200332
1497,57.71578816,64.01330357,21.81423235,37.89877975,37.7701226,33.22520759,20.40435996,24.5126504
1498,57.71027211,64.01257204,21.7161498,37.89299763,37.78498101,33.20109937,20.39000741,25.0311074
1499,57.70706252,64.01221837,21.90028398,37.8885496,37.87161903,33.27701874,20.3937194,24.9481543
1500,57.70477251,64.01193553,21.95016696,37.8838093,37.87939845,33.28623981,20.39381081,24.7200332
1501,57.69950108,64.01135208,21.94296511,37.87847124,37.84080439,33.26553281,20.38792749,24.782248
1502,57.69298527,64.01049259,21.99640068,37.8731083,37.79736831,33.27429289,20.38223283,24.4711738
1503,57.68851468,64.0098515,21.85334994,37.86653654,37.6531602,33.15592348,20.37066357,24.2223144
1504,57.67942256,64.00855871,21.75058161,37.85962434,37.5928291,33.12940578,20.35024126,24.4089589
1505,57.67229445,64.00786854,21.70424762,37.85393138,37.71311744,33.09491878,20.33852526,25.0933223
1506,57.67302843,64.00804557,21.94593114,37.84980766,37.84136931,33.19596581,20.34389362,24.6578183
1507,57.67022565,64.00752532,21.84960502,37.84422013,37.76531387,33.17968898,20.33637164,24.5126504
1508,57.66522587,64.0069152,21.6682088,37.83798113,37.65615676,33.1232708,20.32702823,24.4089589
1509,57.65735747,64.00591156,21.55936806,37.83226832,37.7205908,33.0831037,20.31646704,24.7615097
1510,57.65378129,64.00548309,21.76364923,37.82741304,37.79268528,33.16081544,20.31367,24.8859394
1511,57.65035167,64.00470632,21.93126069,37.82239593,37.75861814,33.21221092,20.31380315,24.4296972
1512,57.64415431,64.00419532,21.78195885,37.81690137,37.78086903,33.13521056,20.30029511,24.9896309
1513,57.64336166,64.00421242,21.91077668,37.81194516,37.72750032,33.17410328,20.30305138,24.1808378
1514,57.63345628,64.00296541,21.60611028,37.80481181,37.55091478,33.05098054,20.28229904,24.2015761
1515,57.62636332,64.00215996,21.48577454,37.79805616,37.525503,33.0280664,20.26066334,24.6992949
1516,57.62321373,64.00180433,21.61962834,37.79291557,37.64469781,33.09777633,20.25570808,24.4919121
1517,57.61692912,64.00101019,21.60596476,37.78700744,37.62020491,33.05474294,20.24339523,24.4089589
1518,57.61117914,64.00030592,21.55360031,37.78077913,37.57206605,33.04322337,20.22883882,24.2845292
1519,57.60412444,63.99940091,21.4923396,37.774306,37.53687821,33.02658493,20.21618561,24.6785566
1520,57.59993297,63.99912357,21.73011424,37.76935359,37.66375331,33.10789215,20.21180209,24.8237246
1521,57.59913131,63.99906328,21.85483762,37.7648468,37.75088164,33.14330216,20.21467579,24.5748652
1522,57.59285687,63.99799801,21.83174966,37.75906479,37.6392279,33.15173776,20.20955176,24.263791
1523,57.59050761,63.99765532,21.62970683,37.75254282,37.5437845,33.08786008,20.19497099,24.5541269
1524,57.58624253,63.99699878,21.67869116,37.74711045,37.60025655,33.08277866,20.18935037,24.5748652
1525,57.57932376,63.99610493,21.72745241,37.74190746,37.65222342,33.08280952,20.1840063,24.5333886
1526,57.57633519,63.99573697,21.65683668,37.7362898,37.61253225,33.06217783,20.17901159,24.3674824
1527,57.56853775,63.99493081,21.63920369,37.73068098,37.63625352,33.05866476,20.16910485,24.6163418
1528,57.5654625,63.99467442,21.72623973,37.72507118,37.57474985,33.0783588,20.16669388,24.2845292
1529,57.55845222,63.99391057,21.56349137,37.71870306,37.50441666,33.02363536,20.15359209,24.5333886
1530,57.55575296,63.99336939,21.59897989,37.71304835,37.52042087,33.02047542,20.14822659,24.2015761
1531,57.54879815,63.99256072,21.46036274,37.70674613,37.50511907,32.95921888,20.13478638,24.4089589
1532,57.54453113,63.9920873,21.49170637,37.70110917,37.54940783,32.98275742,20.12764846,24.4089589
1533,57.53909361,63.99151967,21.50294397,37.69567896,37.59704204,33.0129813,20.11931524,24.5956035
1534,57.53551568,63.99096142,21.56503764,37.69057937,37.61821868,33.0435745,20.11522072,24.4296972
1535,57.53419156,63.99096632,21.53772551,37.6849287,37.57425707,33.01877602,20.10946924,24.2430527
1536,57.52519932,63.98960093,21.4461355,37.67843314,37.45882756,32.96749378,20.1014614,24.263791
1537,57.52221623,63.98912983,21.40713299,37.67178929,37.37378015,32.93626851,20.09176696,23.9941933
1538,57.51316463,63.98801722,21.25868452,37.66455483,37.30328173,32.90149977,20.07642157,23.9527167
1539,57.51021531,63.98762102,21.19180428,37.65719079,37.25590655,32.87191851,20.05648548,24.0978847
1540,57.50532265,63.98677013,21.23485442,37.65076651,37.34686754,32.89336673,20.0396934,24.4919121
1541,57.50147278,63.98646086,21.47398433,37.64582324,37.52397508,32.98138442,20.03530931,24.4504355
1542,57.49835428,63.98574417,21.49580135,37.63979847,37.42582607,32.9663072,20.03102119,24.2015761
1543,57.49257657,63.98478105,21.47164808,37.63385588,37.45555055,32.94873842,20.02015095,24.5126504
1544,57.48761959,63.98396593,21.60444879,37.62897647,37.55819406,33.01687409,20.01964458,24.5541269
1545,57.48739594,63.98360939,21.68635719,37.62360303,37.50657598,33.01965683,20.02050486,24.3052675
1546,57.48369718,63.98321046,21.54860271,37.61745143,37.41493623,32.95981542,20.01534834,23.8075487
1547,57.47579935,63.98220468,21.36466066,37.61084646,37.42749746,32.8892843,19.99550714,24.5748652
1548,57.47394681,63.98201569,21.5559131,37.60593803,37.5052077,32.96497725,19.99819275,24.5333886
1549,57.47004012,63.98147437,21.62805486,37.60118274,37.57022337,32.97395217,19.99821844,24.8237246
1550,57.46910893,63.98127309,21.81639749,37.59720769,37.6472444,33.03806815,20.00659497,24.5748652
1551,57.46591518,63.98096506,21.82880581,37.59244593,37.61296046,33.03544925,20.00805196,24.3467441
1552,57.46054293,63.98033689,21.71213212,37.58715044,37.56504982,32.9734442,20.00328249,24.4504355
1553,57.45615788,63.97976963,21.6754687,37.58212133,37.5549688,32.98304843,20.00380907,24.5541269
1554,57.45341868,63.97927079,21.64715309,37.57698958,37.50131499,32.98187341,20.00743106,24.0978847
1555,57.44692247,63.97825429,21.41532188,37.57062135,37.38908505,32.90038348,19.99676881,24.0771464
1556,57.44088529,63.97758153,21.34313985,37.56450049,37.38198777,32.8613591,19.98377547,24.263791
1557,57.43500412,63.97681143,21.41784803,37.55828731,37.30766979,32.87002356,19.9775054,24.118623
1558,57.43128143,63.97658144,21.42937725,37.55266303,37.40630799,32.87295639,19.96558128,24.4296972
1559,57.42694241,63.97589366,21.53733815,37.54740569,37.42258336,32.9245374,19.96521788,24.2015761
1560,57.42297276,63.97543786,21.45416411,37.5418743,37.43968702,32.90447328,19.95979167,24.4711738
1561,57.42031939,63.97501124,21.54199768,37.53657661,37.40916217,32.93617273,19.9617338,24.2430527
1562,57.41363865,63.97406617,21.57649272,37.53113862,37.42865165,32.92404929,19.95316785,24.2223144
1563,57.40832055,63.97348853,21.55341333,37.52571704,37.44074892,32.9195736,19.9470921,24.4919121
1564,57.40995053,63.97376852,21.65017245,37.52125091,37.52970753,32.94005541,19.94740102,24.4504355
1565,57.40591783,63.97297298,21.62348811,37.51595882,37.4381587,32.91582794,19.94442722,24.0978847
1566,57.40081168,63.97209332,21.53929655,37.51050223,37.45942183,32.8942898,19.93441264,24.3882207
1567,57.39602751,63.97136458,21.5954527,37.50540995,37.44766664,32.93534102,19.93388008,24.263791
1568,57.3910359,63.9709113,21.52143997,37.49965704,37.35975137,32.88292475,19.93013747,24.2223144
1569,57.38764469,63.97069894,21.50836863,37.49407076,37.35338992,32.89367224,19.92850094,24.1393613
1570,57.38318002,63.97004335,21.48368663,37.48864096,37.39521029,32.87562365,19.92370472,24.5333886
1571,57.38130529,63.96960536,21.64308251,37.48404848,37.44246368,32.92036053,19.92361995,24.2845292
1572,57.37595587,63.96886423,21.61687511,37.47901701,37.45366154,32.91256432,19.91955115,24.6163418
1573,57.37275897,63.96837593,21.73487279,37.47472074,37.4875755,32.96168621,19.92613054,24.1808378
1574,57.3676847,63.96788777,21.58187384,37.46895314,37.36916246,32.87054198,19.9210044,24.0356698
1575,57.36066755,63.96706135,21.39577092,37.46344685,37.39483007,32.8063965,19.90740215,24.3260058
1576,57.35669764,63.96677054,21.49750903,37.4583188,37.38832137,32.82590973,19.90542587,24.1393613
1577,57.352007,63.96620592,21.40568093,37.45270394,37.34855068,32.8172173,19.89783456,24.3260058
1578,57.35148401,63.96637619,21.41670066,37.44781069,37.39712423,32.85382173,19.89781857,24.4919121
1579,57.35035685,63.96631137,21.59337578,37.44374774,37.50807954,32.92037535,19.90377424,24.5956035
1580,57.35019627,63.96627004,21.68105348,37.43939892,37.47810773,32.9594471,19.90797834,24.3052675
1581,57.34303993,63.96527138,21.57506275,37.43431236,37.41417142,32.8937034,19.90369512,23.8905019
1582,57.33704674,63.96451314,21.42340293,37.42866856,37.39825654,32.80993324,19.88800343,24.4919121
1583,57.3348749,63.96417275,21.62882036,37.42414156,37.41327685,32.87807266,19.89027842,24.2430527
1584,57.3294845,63.96338474,21.60999687,37.41927853,37.42616965,32.86621308,19.8869836,24.118623
1585,57.32722712,63.96323716,21.55954657,37.41406005,37.40092686,32.84799652,19.88058872,24.5333886
1586,57.32355981,63.96262011,21.68923363,37.4103266,37.51990736,32.88624884,19.88588824,24.63708
1587,57.3205551,63.96226088,21.80700508,37.40609189,37.45761725,32.91323279,19.89240414,24.0564081
1588,57.3150354,63.96141484,21.55932641,37.40033796,37.3282712,32.81765046,19.88083688,24.0149316
1589,57.30660131,63.96013069,21.42337129,37.3944608,37.25681443,32.73800881,19.87060092,23.9941933
1590,57.29665603,63.95892035,21.40704998,37.38853232,37.21694105,32.7130183,19.8634446,23.9319784
1591,57.29011066,63.95803254,21.36316298,37.38327325,37.32367052,32.72875777,19.85066216,24.3052675
1592,57.28688191,63.95755314,21.48077128,37.37838014,37.32799701,32.77718418,19.84772356,24.118623
1593,57.27878672,63.95671319,21.467502,37.37317439,37.32352604,32.76568913,19.84329707,24.3052675
1594,57.27765202,63.95641331,21.51700406,37.36858818,37.36900122,32.81464818,19.84407527,24.2430527
1595,57.27270135,63.955853,21.52102811,37.36353228,37.32451083,32.77968329,19.84060846,24.0149316
1596,57.26869789,63.95549212,21.43341394,37.35798436,37.27830938,32.7473063,19.83172366,24.1808378
1597,57.2643093,63.95481672,21.4497367,37.35291,37.28688224,32.75540212,19.8265063,24.263791
1598,57.26036141,63.95461702,21.50317408,37.348561,37.38622672,32.7732906,19.82506463,24.2223144
1599,57.25174915,63.95345964,21.47418169,37.34337627,37.29867678,32.74257956,19.82048154,23.9941933
1600,57.24556283,63.95244498,21.37891644,37.33761939,37.2198479,32.71686348,19.8141851,23.8075487
1601,57.23599788,63.95103484,21.22068955,37.33143783,37.15963343,32.64800512,19.8009696,24.0771464
1602,57.23110274,63.95027757,21.3153047,37.32607675,37.1916367,32.68185699,19.79558788,23.8905019
1603,57.22620287,63.94980226,21.20626166,37.32024507,37.17197054,32.64049927,19.78229123,24.1393613
1604,57.22226609,63.94908537,21.32065066,37.31531792,37.24116834,32.68037098,19.77807934,24.1393613
1605,57.22001608,63.94878485,21.40480661,37.31042095,37.27265196,32.72076868,19.77706135,24.0978847
1606,57.21703504,63.94849347,21.43121578,37.30538895,37.27063688,32.72674306,19.77297094,23.828287
1607,57.21290948,63.94780251,21.29135807,37.29926921,37.15573317,32.66623326,19.76150127,24.0149316
1608,57.2080691,63.9474381,21.29375878,37.29365437,37.13322908,32.65839079,19.75618485,23.7038573
1609,57.19977689,63.94629918,21.21517313,37.28725198,37.06988631,32.61371352,19.74260547,23.6209042
1610,57.19370644,63.94519933,21.11997109,37.28052128,37.00415841,32.56197383,19.72620001,23.7660722
1611,57.18560088,63.94426867,21.13182289,37.27468345,37.08164554,32.59191877,19.71182229,24.118623
1612,57.18341397,63.94404799,21.26415182,37.26928621,37.0894102,32.62607675,19.7116082,23.7868105
1613,57.17654358,63.94320315,21.17638454,37.26302036,37.03108908,32.56583623,19.70385431,23.4135214
1614,57.16761516,63.94198208,20.99372689,37.2556474,36.91553151,32.51514372,19.6839592,23.683119
1615,57.16184548,63.9413995,20.97974932,37.24922406,36.94529011,32.50945461,19.67203693,23.5172128
1616,57.15748657,63.94071292,21.00071745,37.24266628,36.97410546,32.51339547,19.6537346,23.8697636
1617,57.15633639,63.94041146,21.0706261,37.23657526,36.96388422,32.55831438,19.64877374,23.6623808
1618,57.15456731,63.94011,21.025018,37.23088435,37.07773977,32.56451506,19.63918793,24.263791
1619,57.15233365,63.93974901,21.18317178,37.22666625,37.20680038,32.61837618,19.64477015,24.0771464
1620,57.15017004,63.9395225,21.25798413,37.22173276,37.18954149,32.59768536,19.64397942,23.9527167
1621,57.14789502,63.93929058,21.27002653,37.21642649,37.14851212,32.60399692,19.6415112,23.6001659
1622,57.14379732,63.93870806,21.1108471,37.21005965,37.04357373,32.55810893,19.62983879,23.7868105
1623,57.13900885,63.93818854,21.1171002,37.20432785,37.047789,32.55515878,19.62433236,23.6416425
1624,57.13347994,63.93741014,20.9985993,37.19821514,37.01960811,32.51367372,19.61390219,23.8697636
1625,57.12983021,63.93693142,21.11010319,37.19272587,37.04521024,32.57224643,19.61141056,23.7245956
1626,57.12540683,63.93636617,21.10689632,37.18680926,37.01926479,32.54323496,19.60172586,23.828287
1627,57.12091758,63.93599937,21.1553724,37.18143664,37.06529969,32.55562225,19.5964363,23.8905019
1628,57.11774285,63.93532265,21.19473494,37.17625939,37.09643346,32.57141673,19.59296807,23.8697636
1629,57.11483438,63.93508088,21.16317655,37.17016941,36.95925116,32.570873,19.58935974,23.4964745
1630,57.10753162,63.93431673,21.03138913,37.16431133,37.03081358,32.51129202,19.57525701,23.8905019
1631,57.10375436,63.93373071,21.12115731,37.15867403,36.99038124,32.51036105,19.57089583,23.4549979
1632,57.09397269,63.93270164,20.98751223,37.15168161,36.85846145,32.43864771,19.56188935,23.4757362
1633,57.08700884,63.93196881,20.98791742,37.14554384,36.93078979,32.44096991,19.54994854,24.0356698
1634,57.08712855,63.93207385,21.20733439,37.1406426,37.01396893,32.49938727,19.55301915,23.7038573
1635,57.08400912,63.93164017,21.13942783,37.13517072,37.03916813,32.46444605,19.54804476,23.7453339
1636,57.08033925,63.93097056,21.16772602,37.1294869,36.99812467,32.46790815,19.54099888,23.4342596
1637,57.0734382,63.9299917,20.99825179,37.12316741,36.95030363,32.43217407,19.52732087,23.7868105
1638,57.0701889,63.92973999,21.11692434,37.11744895,36.93109398,32.46876156,19.5235267,23.6209042
1639,57.06547851,63.92901214,21.07522202,37.11140724,36.90830588,32.4468486,19.51435795,23.6209042
1640,57.06218533,63.92859673,21.05487857,37.10573525,36.95370667,32.46591601,19.50384852,23.683119
1641,57.05613159,63.92764697,21.09542882,37.09983669,36.91498789,32.47589379,19.49704045,23.8075487
1642,57.05373852,63.9271154,21.13303887,37.09420241,36.90429015,32.4740471,19.49538448,23.2476151
1643,57.04631086,63.9262507,20.95088794,37.08693365,36.77206371,32.39313323,19.47588527,23.3927831
1644,57.04190873,63.92587802,20.92972443,37.08066271,36.83490772,32.39868628,19.46451008,23.7660722
1645,57.03664228,63.92510364,21.05608701,37.07507053,36.86948292,32.42915364,19.46489579,23.5794276
1646,57.03172877,63.92431174,21.07337903,37.06974405,36.97347361,32.43170881,19.45761298,23.9941933
1647,57.02953028,63.92380326,21.18372694,37.06432478,36.88821205,32.4868772,19.46116824,23.4135214
1648,57.02183717,63.92268719,21.05686123,37.05823292,36.88658067,32.435234,19.45056756,23.683119
1649,57.01371679,63.92160142,21.10146592,37.0530471,36.9605549,32.43792842,19.44557163,23.8075487
1650,57.01011809,63.92117839,21.15105669,37.0473219,36.86694556,32.41725618,19.44556657,23.3098299
1651,57.00485039,63.92026616,20.96803603,37.04076161,36.81308677,32.3909044,19.42798474,23.6623808
1652,57.00053319,63.91944828,21.04020727,37.03595453,36.9808584,32.45019598,19.42711829,24.0978847
1653,57.00106961,63.9196861,21.16517932,37.03157888,37.00561771,32.48668278,19.43354784,23.6623808
1654,56.99855364,63.91915366,21.07559332,37.0261707,36.9569258,32.47244996,19.42990485,23.8075487
1655,56.99605647,63.91852449,21.08634679,37.02116912,36.95949513,32.46152093,19.43336719,23.828287
1656,56.99233725,63.91783858,21.09129844,37.01578175,36.88722507,32.45296707,19.43519013,23.2476151
1657,56.98111396,63.91609849,20.91293455,37.00900438,36.77400112,32.38160317,19.41498977,23.2476151
1658,56.97232475,63.91469561,20.84947722,37.0026333,36.78500125,32.32940391,19.40288608,23.8075487
1659,56.97315376,63.91458574,21.03152492,36.99785159,36.900231,32.42202968,19.4064603,23.8075487
1660,56.96869409,63.91393637,21.15709312,36.99300232,36.93735301,32.43419699,19.40887154,23.6623808
1661,56.96389284,63.91337145,21.20623339,36.9882939,37.00991743,32.46081405,19.4101158,23.8490253
1662,56.96482537,63.91369659,21.23876846,36.98385644,37.03185166,32.49489883,19.41420358,23.9319784
1663,56.96034206,63.91286769,21.24920162,36.97946553,37.02181624,32.47435406,19.42131468,23.9112401
1664,56.9571763,63.91254895,21.32546186,36.97533263,37.06265551,32.4857389,19.42631882,23.973455
1665,56.95313044,63.91196898,21.41171128,36.97121279,37.06309474,32.51396056,19.43309321,23.8697636
1666,56.95075444,63.91151839,21.33166781,36.96664824,37.01421108,32.50151722,19.43679177,23.6001659
1667,56.94710569,63.910803,21.14032697,36.96114621,36.90435517,32.40646488,19.4323522,23.5172128
1668,56.94331195,63.91017851,21.04195083,36.95563975,36.87143529,32.37657986,19.42312956,23.683119
1669,56.93864459,63.90960904,21.08432981,36.95028805,36.83460197,32.3713969,19.42155494,23.3720448
1670,56.93084522,63.90843927,21.01068878,36.94453534,36.83038736,32.34760773,19.41307857,23.8490253
1671,56.9288556,63.90841257,21.18097376,36.94063527,37.00461076,32.42724627,19.41462905,23.8697636
1672,56.92577846,63.90795004,21.24049006,36.93581697,36.91852895,32.43540306,19.41858003,23.5172128
1673,56.92056826,63.90702216,21.10329315,36.93049785,36.88736964,32.39586021,19.4096224,23.7038573
1674,56.91471577,63.90647603,21.16278077,36.92545216,36.86511353,32.39402222,19.40860998,23.4757362
1675,56.90973583,63.90586985,21.09725729,36.9204372,36.91620461,32.38170048,19.39971826,23.8075487
1676,56.90897188,63.90577547,21.190288,36.9154947,36.85834811,32.40310416,19.40125577,23.4342596
1677,56.90460811,63.90519911,21.03889519,36.90994189,36.82683448,32.34135381,19.3921944,23.5586893
1678,56.9019502,63.90481359,21.06096921,36.90453177,36.79802222,32.34533271,19.38824092,23.4342596
1679,56.89689837,63.90414082,21.0304504,36.89884253,36.76763646,32.31839138,19.37883913,23.5794276
1680,56.89382168,63.90398298,21.05870785,36.89379725,36.81796574,32.33605228,19.37544104,23.7038573
1681,56.89103087,63.90368975,21.14851405,36.88911721,36.8632694,32.37099442,19.37460191,23.4549979
1682,56.88858618,63.90308456,21.04632779,36.88364181,36.81392954,32.34091351,19.36795929,23.683119
1683,56.88720558,63.90282735,21.05058889,36.87910591,36.88368764,32.35369696,19.36755508,23.8697636
1684,56.88672531,63.90291908,21.18117492,36.87522437,36.96839422,32.40806288,19.37209175,23.5379511
1685,56.8821934,63.90264808,21.04585103,36.86974165,36.82330601,32.33454219,19.36620545,23.3305682
1686,56.87432833,63.90179056,20.94002583,36.86394942,36.75789132,32.28340633,19.35642468,23.4135214
1687,56.86779755,63.90096108,20.91564496,36.85837908,36.73848419,32.2676007,19.34596383,23.3927831
1688,56.86030823,63.89996058,20.94083903,36.85321328,36.79795503,32.29757329,19.33603443,23.6209042
1689,56.85726176,63.89975912,21.02935356,36.8480266,36.75437234,32.30175832,19.33262157,23.4964745
1690,56.85447335,63.89955993,20.9532032,36.84211951,36.64338243,32.25747244,19.32698729,23.0817088
1691,56.84810427,63.89903404,20.84374593,36.83592433,36.65254673,32.22336884,19.31348112,23.4549979
1692,56.84567517,63.89849556,20.86736781,36.83060112,36.69740034,32.24178647,19.30930061,23.3927831
1693,56.84231654,63.89793817,20.91914506,36.82521912,36.71983201,32.2668834,19.30557677,23.5379511
1694,56.83984135,63.89751952,20.98890516,36.82058902,36.81066491,32.28548863,19.30363929,23.5586893
1695,56.83675607,63.89709642,20.99545862,36.81570242,36.79835934,32.28080754,19.29724331,23.4964745
1696,56.83219876,63.89659575,21.03678637,36.81072618,36.79030345,32.28785299,19.29188174,23.3305682
1697,56.82646856,63.89589156,20.96421669,36.80527857,36.74827295,32.25933082,19.28418299,23.7245956
1698,56.8266412,63.89574113,21.04777944,36.80118783,36.84542521,32.31770102,19.28762266,23.683119
1699,56.82583404,63.89578167,21.04254929,36.79660176,36.8123974,32.31277792,19.28832333,23.8075487
1700,56.82377614,63.89559147,21.12584785,36.79288997,36.90707658,32.32808291,19.29061012,23.6623808
1701,56.82162998,63.89537625,21.13597741,36.78887958,36.93345799,32.36417831,19.29339679,23.7660722
1702,56.81771897,63.89514877,21.18234507,36.78470795,36.88712508,32.35071447,19.29841075,23.4135214
1703,56.81056109,63.89424629,21.06513831,36.77958641,36.79885198,32.29878084,19.29236611,23.7868105
1704,56.80737081,63.89374206,21.1661797,36.77551745,36.83155602,32.33232658,19.29780057,23.5586893
1705,56.80441235,63.89332698,21.1650936,36.77086609,36.8070319,32.31342998,19.29248721,23.6001659
1706,56.80162915,63.89284131,21.17258558,36.76626527,36.78981539,32.32008511,19.29203912,23.4757362
1707,56.79742149,63.89216943,21.09808325,36.7615104,36.78544567,32.30695689,19.2879564,23.5172128
1708,56.79359006,63.89139141,21.06863104,36.75619343,36.67676001,32.26529683,19.28607323,23.1439237
1709,56.78951058,63.8905879,20.88901299,36.75082297,36.71231742,32.20668461,19.27160103,23.6001659
1710,56.78653335,63.89015977,21.0249847,36.7464277,36.76307636,32.26887945,19.27238786,23.828287
1711,56.78630964,63.88999835,21.1593796,36.74274124,36.83880988,32.34106244,19.27998127,23.6001659
1712,56.78552723,63.88990075,21.12636314,36.73778023,36.716346,32.30647265,19.28020212,23.2476151
1713,56.77676516,63.88853317,20.98492342,36.73223432,36.65488335,32.25441233,19.2673724,23.4342596
1714,56.77357967,63.88818396,20.97878951,36.72793712,36.78217997,32.28012431,19.26202331,23.6416425
1715,56.77082788,63.8878606,21.05241484,36.72382317,36.80972767,32.30975975,19.26376553,23.6416425
1716,56.76673121,63.88734334,21.10646143,36.71954784,36.7912258,32.31897751,19.26421162,23.6623808
1717,56.76287732,63.88699015,21.17066145,36.71531228,36.77981198,32.31857635,19.26581515,23.5794276
1718,56.76393138,63.88696974,21.16923525,36.71130007,36.82998494,32.30694078,19.26535078,23.7660722
1719,56.76023347,63.8866045,21.21700619,36.70784825,36.89287416,32.32631647,19.2694957,23.7660722
1720,56.75945389,63.8864462,21.24635075,36.70410477,36.86814834,32.31068779,19.27659742,23.4757362
1721,56.75394,63.88580711,21.16858397,36.69922941,36.74281926,32.29360042,19.27526891,23.3513065
1722,56.74971339,63.88511257,21.02288517,36.69403876,36.66337407,32.19154078,19.2691683,23.3927831
1723,56.74588657,63.88464669,21.0206826,36.68914612,36.6616224,32.21119416,19.26442944,23.3098299
1724,56.7434127,63.88428157,20.9657478,36.68432892,36.6914116,32.2017414,19.25847924,23.4549979
1725,56.74322468,63.8842804,20.9308499,36.67951369,36.66352922,32.19147548,19.25521653,23.3513065
1726,56.73886634,63.883672,20.89554659,36.67511809,36.74347786,32.18924568,19.24928449,23.4964745
1727,56.73914108,63.88357597,20.9526924,36.67054409,36.70645125,32.20305215,19.24801528,23.4757362
1728,56.73537957,63.88314866,20.97324061,36.66598117,36.69277164,32.17256882,19.24337166,23.3513065
1729,56.7315334,63.88251148,20.89702979,36.66043544,36.55231115,32.15197848,19.23949917,23.1439237
1730,56.72654748,63.88196504,20.76618357,36.65442964,36.46359408,32.08144125,19.22950036,22.9780174
1731,56.72003093,63.88100694,20.69955508,36.64832251,36.44454963,32.04068038,19.21320579,22.8950643
1732,56.710937,63.87995442,20.63114691,36.64231945,36.47082659,32.04958899,19.19480468,23.6209042
1733,56.71202425,63.87994464,20.93344847,36.63840905,36.63321987,32.17026504,19.1995304,23.3720448
1734,56.71074146,63.87971781,20.9618312,36.63422663,36.72424509,32.17379871,19.19593267,23.3305682
1735,56.70647903,63.87933117,20.89828093,36.62916387,36.62426528,32.18801143,19.19235879,23.1439237
1736,56.70107064,63.87861266,20.76449508,36.62398195,36.60659446,32.12879468,19.18222911,23.3927831
1737,56.69590237,63.8779227,20.84730893,36.61933334,36.61600336,32.13117566,19.17849725,23.3513065
1738,56.69265093,63.8775782,20.86230917,36.61426751,36.55815694,32.12086584,19.1731184,23.0402323
1739,56.68619687,63.87674447,20.70679173,36.60885691,36.55310256,32.05194493,19.16064078,23.2061385
1740,56.68324335,63.87640658,20.7490553,36.60345199,36.50265777,32.05684638,19.15288637,23.2476151
1741,56.67916975,63.87578653,20.78799545,36.59871981,36.57701627,32.09410016,19.14606301,23.3720448
1742,56.67469865,63.87516245,20.82411245,36.59366753,36.51964617,32.10968595,19.14410533,22.9780174
1743,56.66907576,63.87427482,20.69205333,36.58833123,36.54701402,32.08840367,19.132547,23.6209042
1744,56.66722995,63.87424345,20.90134516,36.58481121,36.6852735,32.16276746,19.13774876,23.7245956
1745,56.66653394,63.87419172,21.00624388,36.58170085,36.78257123,32.213658,19.1475938,23.7453339
1746,56.66808434,63.87441426,21.06566366,36.57828477,36.76587109,32.20164407,19.15455976,23.3513065
1747,56.66464831,63.87400754,20.95448326,36.57374197,36.6736739,32.14084739,19.15136076,23.2476151
1748,56.66304842,63.87385142,20.88401364,36.5686658,36.56696326,32.12570883,19.14553418,23.1439237
1749,56.66149039,63.87348896,20.8231286,36.56380694,36.58028554,32.10967336,19.13791874,23.3098299
1750,56.65751742,63.87275335,20.82927734,36.55930271,36.59552432,32.12806267,19.13520436,23.3305682
1751,56.65370638,63.87237816,20.87695581,36.55455376,36.55144638,32.10401355,19.13311407,23.1439237
1752,56.64866359,63.87166728,20.78792541,36.54976928,36.57327592,32.06725017,19.12804995,23.4549979
1753,56.64869685,63.87157203,20.8619606,36.54574509,36.62180286,32.08860524,19.13138179,23.4757362
1754,56.64870336,63.87169915,20.90908728,36.5416795,36.62547854,32.13805178,19.134572,23.3098299
1755,56.64597071,63.87125579,20.85732056,36.53745681,36.64105519,32.12623313,19.12921571,23.6001659
1756,56.64536375,63.87128511,20.94166061,36.53346497,36.60657923,32.14860965,19.13397149,22.9987557
1757,56.63793992,63.87037981,20.81617804,36.52852452,36.59004739,32.09041063,19.12209834,23.3513065
1758,56.63592743,63.8698516,20.84719726,36.52429146,36.60175891,32.11809759,19.11723311,23.3927831
1759,56.63295544,63.86927392,20.91099261,36.52039538,36.64778325,32.12988241,19.11579443,23.5172128
1760,56.63021453,63.86883026,20.95246775,36.51619031,36.57971078,32.1295514,19.1196043,23.0817088
1761,56.6219721,63.86767334,20.84478939,36.5110523,36.50594209,32.06962919,19.11224288,22.7913729
1762,56.61467003,63.86646394,20.66727702,36.50537141,36.45639752,32.00144436,19.09557118,23.3513065
1763,56.61331761,63.86645795,20.77125881,36.50098879,36.49630216,32.04061098,19.0942627,23.2061385
1764,56.61144967,63.86607281,20.79419102,36.49629252,36.49689196,32.02846412,19.09122014,23.0609706
1765,56.6090725,63.86565616,20.7815761,36.49112319,36.45276166,32.01086662,19.08052426,23.2890917
1766,56.60615313,63.86551511,20.80710558,36.48659946,36.47643107,32.00613868,19.07936129,22.9572791
1767,56.5993422,63.86471657,20.70881065,36.48141954,36.46332071,31.97144443,19.06888436,23.3098299
1768,56.59669777,63.86423364,20.77284618,36.47704606,36.49323183,32.04609825,19.06968077,23.2476151
1769,56.59240365,63.86371125,20.8488828,36.47279914,36.53998305,32.06275742,19.06667102,23.2890917
1770,56.5902956,63.86337291,20.93841667,36.46864848,36.56059971,32.07843479,19.06470162,23.5794276
1771,56.59025973,63.86325274,21.01767736,36.46512584,36.5942224,32.11905731,19.07424931,23.2476151
1772,56.58704725,63.86246175,20.89617083,36.46075829,36.55343936,32.06976259,19.06882027,23.1231854
1773,56.58541962,63.86227694,20.80458086,36.45600717,36.49881873,32.06334915,19.06371655,22.9572791
1774,56.58192305,63.86184228,20.65551701,36.45056869,36.4000362,31.98915588,19.05298652,22.7913729
1775,56.57822381,63.86123654,20.48461053,36.44469966,36.3252474,31.91343399,19.03717321,22.9365409
1776,56.57470263,63.86081825,20.57901235,36.43990017,36.42585156,31.93086057,19.02898228,23.1439237
1777,56.57417586,63.86070388,20.6313526,36.43499209,36.39344211,31.96007171,19.02729724,22.9365409
1778,56.57123874,63.8603637,20.62021098,36.42974656,36.3741351,31.93208379,19.01752513,23.1439237
1779,56.56950478,63.86017802,20.65657386,36.4250505,36.3970721,31.96207943,19.01510913,23.164662
1780,56.56830781,63.85994147,20.68173471,36.42027627,36.38452662,31.97218354,19.01105776,22.729158
1781,56.56217111,63.85909215,20.56318826,36.41449952,36.32426368,31.9325939,18.99950096,23.0402323
1782,56.55901794,63.85873735,20.6311453,36.40989787,36.40628113,31.95258561,18.99379955,23.3098299
1783,56.55860168,63.85870067,20.7591589,36.40572713,36.43797935,31.99128971,18.99939592,23.164662
1784,56.55547282,63.85836237,20.75634825,36.40140076,36.46022665,31.99835533,18.9968461,23.2890917
1785,56.5562124,63.85837064,20.74966295,36.39732647,36.47663546,32.00703362,18.99959303,23.0609706
1786,56.55181882,63.85790024,20.75533122,36.39273072,36.45264863,31.99539525,18.99270421,22.9987557
1787,56.5466014,63.85727941,20.59664981,36.38787443,36.41275282,31.92036896,18.98771237,23.2683534
1788,56.54556815,63.85748324,20.7461732,36.38411884,36.50232318,31.99378332,18.98857739,23.4342596
1789,56.5453572,63.85767756,20.87282164,36.38032027,36.48534878,32.04788608,18.99508963,23.0817088
1790,56.54000104,63.85707797,20.81792598,36.37550823,36.39960008,32.02258341,18.99316839,22.8328494
1791,56.53613663,63.8564098,20.66240619,36.37060877,36.40870578,31.94416323,18.98528844,23.1024471
1792,56.53276441,63.85583513,20.70603603,36.36611204,36.40429173,31.97198835,18.98226715,23.1024471
1793,56.52969387,63.85533276,20.69964425,36.36150388,36.37948352,31.97990069,18.97901124,23.2268768
1794,56.52700637,63.85498307,20.79942518,36.35792099,36.50156612,31.99682609,18.9795515,23.6001659
1795,56.52891828,63.85531377,20.9817881,36.35443861,36.47146986,32.04353554,18.99193232,22.874326
1796,56.52364323,63.85471994,20.75900804,36.3495169,36.40814597,31.96106326,18.98174144,23.3098299
1797,56.52352983,63.85476581,20.85822242,36.34619992,36.52726952,31.99798422,18.98413063,23.4342596
1798,56.52186659,63.85464505,21.01138634,36.34354063,36.6532053,32.07458933,18.99271944,23.6209042
1799,56.52463512,63.85513722,21.07651149,36.34041094,36.57695673,32.0633957,19.00437602,22.9572791
1800,56.52463512,63.85513722,21.07651149,36.34041094,36.57695673,32.0633957,19.00437602,22.9572791
