cycle,avg_know,avg_att,avg_pbc,avg_moral,avg_sn,avg_int,avg_habit,participation
0,43.88737402,62.71281188,44.45252157,80.66535999,63.97715833,0,0,0
1,43.88737402,62.6920544,8.425157964,80.41604997,51.7647928,32.15142831,0,37.78515139
2,45.39771671,62.89021673,15.50564056,80.27163842,54.02386159,35.92863218,0.698363886,38.7391124
3,46.65147941,63.05832586,18.50139616,80.12915153,55.08707338,37.96719966,1.391029593,39.02944836
4,47.75135022,63.20339441,20.15344846,79.99016637,55.95867363,39.13191009,2.054618591,39.63085856
5,48.76723024,63.33958841,20.93857896,79.85344179,56.4395137,39.87059251,2.709345621,40.48112816
6,49.71513574,63.46822765,21.47069211,79.71846076,56.59563178,40.381413,3.34765468,39.17461634
7,50.53066432,63.57644543,21.4508759,79.58298534,56.80737134,40.76371295,3.941644158,41.12401493
8,51.33920151,63.68361761,21.99340442,79.45067415,56.78445532,41.1900811,4.548015587,38.7391124
9,51.96899289,63.76885889,21.49606246,79.31270375,56.34677015,41.1165102,5.084431324,38.51099129
10,52.55574563,63.84630115,21.41940227,79.1778837,56.61797178,41.32645977,5.595342939,41.49730402
11,53.20828312,63.93219061,22.39881414,79.05037678,57.04394686,42.04563233,6.140825808,40.79220241
12,53.75721225,64.00614507,22.7085204,78.92185645,57.13720597,42.29627227,6.652732583,40.23226877
13,54.25132174,64.07109881,22.49524865,78.79233796,57.04620497,42.39967998,7.133797912,40.50186645
14,54.71293119,64.12994809,22.5249168,78.66272702,56.80656997,42.46065245,7.59853327,40.06636251
15,55.11735945,64.18555501,22.57849612,78.53422049,56.89005311,42.64331422,8.037030865,40.46038988
16,55.51523694,64.23785202,22.7579762,78.40620786,56.78563679,42.78901886,8.473155138,40.66777271
17,55.87228649,64.28598311,23.1619829,78.27887947,56.68534705,43.02239511,8.899609244,40.39817503
18,56.21330512,64.32852849,22.96704147,78.15314501,56.87147468,43.08119051,9.296327776,41.02032352
19,56.53969041,64.3712331,22.95576161,78.02808997,56.79144341,43.11401298,9.689122217,40.3152219
20,56.82433107,64.4098784,22.87910649,77.90317758,56.85718193,43.17334212,10.06165166,40.27374533
21,57.08876849,64.44534824,22.6939956,77.77755401,56.66164335,43.14116274,10.42398759,40.10783907
22,57.29231151,64.47293569,22.77653591,77.65226578,56.56725452,43.18412942,10.75715483,40.66777271
23,57.5286772,64.50518564,23.24694677,77.53051012,56.85497425,43.49419272,11.09615396,40.9166321
24,57.77231948,64.53989991,23.22203992,77.4083319,56.7342572,43.55070637,11.42056772,39.79676483
25,57.9436955,64.56150828,22.89750747,77.28470345,56.63431648,43.46041063,11.71419508,40.50186645
26,58.15026687,64.58975461,23.14024309,77.16344126,56.685489,43.60822485,12.01029934,40.62629614
27,58.34266201,64.61827723,23.19032326,77.04387778,56.8541519,43.77968488,12.30305395,41.20696806
28,58.55538294,64.64855892,23.51760742,76.92647105,57.02539497,43.99382415,12.59350737,40.48112816
29,58.73185792,64.67129737,23.21800299,76.80534555,56.57360526,43.85544595,12.85222459,39.73454998
30,58.84921947,64.68780827,22.89915012,76.68341816,56.33521391,43.64423864,13.09011979,40.37743675
31,58.9971893,64.70588993,23.00405163,76.56351955,56.29104361,43.7042353,13.33286015,39.69307341
32,59.12779996,64.72438805,22.82961681,76.44395619,56.40453489,43.72951576,13.55391888,41.68394857
33,59.29093236,64.74138533,23.65176194,76.32959343,56.68338873,44.15017656,13.8063199,41.0410618
34,59.44054556,64.76312044,23.65242122,76.21325168,56.54502005,44.12675285,14.03495274,39.98340937
35,59.56431114,64.77597285,23.09388057,76.09634407,56.56759342,43.87344448,14.23110305,40.56408129
36,59.66579346,64.79075964,23.31855091,75.98073919,56.54022086,43.96012976,14.43075296,41.08253837
37,59.8132521,64.81074768,23.50098706,75.8682505,56.80734174,44.07101821,14.63812137,41.0410618
38,59.91863645,64.82463546,23.59824975,75.75330394,56.42350451,44.03844711,14.84601098,39.67233513
39,59.9940497,64.83871107,23.24210686,75.63698761,56.29042071,43.90170138,15.00269918,40.64703443
40,60.0969802,64.85516479,23.43062588,75.52220715,56.13152235,43.94395112,15.17242283,39.92119453
41,60.17149776,64.86632548,23.12067504,75.40760747,56.18394147,43.88641717,15.32951051,40.68851099
42,60.23601285,64.87369538,23.41210944,75.29561562,56.33334424,44.00641266,15.49619318,41.0410618
43,60.32924425,64.88746345,23.64616954,75.18517187,56.46482689,44.07157502,15.65824879,41.1654915
44,60.41198234,64.89747451,23.79598985,75.07712036,56.79114015,44.26617237,15.8207992,41.93280796
45,60.53141303,64.91377292,24.14050152,74.96926979,56.6679804,44.43457773,15.98530399,40.60555786
46,60.6049104,64.92163692,23.73972578,74.85934941,56.52447887,44.21566227,16.1253702,40.83367897
47,60.66491476,64.92894394,23.66849561,74.7511748,56.59960827,44.26993774,16.26310527,41.49730402
48,60.74189106,64.93733403,23.80097402,74.64381984,56.49467566,44.28480666,16.41125669,39.79676483
49,60.77402242,64.94109426,23.32473886,74.53199484,56.06642576,43.96456661,16.51641693,40.68851099
50,60.84595196,64.95201527,23.54234916,74.42307428,56.02210732,44.12351019,16.63602109,39.94193281
51,60.88599106,64.95737169,23.42462541,74.31208259,55.75857961,43.94844816,16.74032587,39.44421402
52,60.90647784,64.95980814,23.20176294,74.20098559,55.67268011,43.77391806,16.82389491,40.02488594
53,60.96103146,64.96820366,23.36218315,74.09023188,55.43853254,43.76396438,16.93301629,39.40273745
54,60.9802558,64.9692436,23.04745054,73.98084516,55.6309843,43.65131959,17.0147735,40.83367897
55,61.05133701,64.97918464,23.3813593,73.87550259,55.90650547,43.83445128,17.11854369,40.21153049
56,61.09797817,64.98465913,23.36798448,73.76933723,55.96387623,43.94600735,17.21113653,41.10327665
57,61.15754565,64.99186527,23.68654483,73.66501045,55.96241236,44.01161948,17.31693454,40.06636251
58,61.17152752,64.99499785,23.47688985,73.55836314,55.76116258,43.85992139,17.39424665,40.83367897
59,61.22855446,65.00231479,23.67938723,73.45538994,55.98813422,44.01092706,17.49230203,41.12401493
60,61.26623086,65.00624348,23.82138512,73.35335899,56.07519199,44.02101949,17.58504913,40.4396516
61,61.2873179,65.00722672,23.84409473,73.24948431,55.89596592,44.0305828,17.66621405,39.77602655
62,61.31075592,65.00990889,23.47319942,73.1440053,55.64039948,43.90526258,17.73650006,40.21153049
63,61.33772698,65.01359468,23.35935237,73.03895147,55.38772767,43.66463017,17.80428047,38.96723351
64,61.29343014,65.00896425,22.96932324,72.93140434,55.10075266,43.46192309,17.84585418,39.7138117
65,61.32385312,65.0145951,23.21336108,72.82880719,55.50801605,43.54881393,17.90356809,40.56408129
66,61.38562238,65.02299894,23.38992653,72.72690791,55.4897321,43.68443233,17.97412281,40.58481958
67,61.41298867,65.02486187,23.56950838,72.62728731,55.76252029,43.75861931,18.05121128,40.58481958
68,61.44701038,65.0284221,23.63794525,72.52801622,55.85257531,43.78065373,18.11981251,41.24844463
69,61.49583935,65.03396444,24.00436024,72.4305419,55.92588584,44.00101122,18.20980441,40.85441725
70,61.51877814,65.03686867,23.98599198,72.33105772,55.64408994,43.85149951,18.27477679,40.04562422
71,61.53228168,65.03679954,23.70598363,72.2308393,55.52346793,43.80373737,18.32196309,41.10327665
72,61.61653567,65.04861286,23.82286147,72.13391673,55.64976475,43.8390472,18.39392389,40.35669847
73,61.64138438,65.05165827,23.5984718,72.03578851,55.61843008,43.69856829,18.44825169,40.41891331
74,61.68133088,65.05681091,23.415348,71.93859752,55.65633364,43.67289948,18.50971419,41.1654915
75,61.70977402,65.06164487,23.79261943,71.84340638,55.72275814,43.81933925,18.57743876,40.64703443
76,61.74188825,65.06575485,23.68255776,71.74595871,55.42478546,43.72526781,18.6293708,39.79676483
77,61.7410406,65.06224495,23.60350691,71.650007,55.68538026,43.67055019,18.66490007,42.01576109
78,61.82390874,65.07322531,24.15723462,71.55796099,55.77657108,43.89506172,18.74116182,40.70924927
79,61.83340928,65.07417668,24.04344112,71.46445104,55.84203338,43.86744626,18.78592894,40.97884695
80,61.87883371,65.07906672,23.97655722,71.36969315,55.51097157,43.78426757,18.83140189,40.02488594
81,61.87369457,65.07573207,23.64030027,71.27130452,54.92893855,43.54917021,18.86028817,38.63542099
82,61.84171226,65.07169304,23.0369636,71.17254152,54.89483159,43.28873865,18.86500928,40.52260473
83,61.89222858,65.07754244,23.5860876,71.07891365,55.14772696,43.51667849,18.90570267,40.06636251
84,61.90850744,65.0821547,23.5714943,70.9866296,55.52495291,43.5500629,18.93533297,41.78763998
85,61.98506687,65.09363064,24.01881535,70.89769206,55.70704311,43.77519083,18.99772232,41.08253837
86,62.01133439,65.0963981,23.95049868,70.80568949,55.38252678,43.66570381,19.04187558,40.08710079
87,61.99204451,65.09485764,23.6908202,70.71328178,55.35745311,43.5554113,19.06818291,39.63085856
88,61.99048063,65.09594159,23.29415971,70.61729536,54.79400147,43.26849184,19.08695346,39.65159685
89,62.00294629,65.09632868,23.41009302,70.52281877,54.70731516,43.20718127,19.10987879,39.90045624
90,62.02819927,65.09968557,23.58217287,70.430564,54.89043227,43.3639651,19.14118282,40.58481958
91,62.02832746,65.09939337,23.74332885,70.34171479,55.27150298,43.46943909,19.17193125,40.99958523
92,62.05997393,65.10159419,24.0518366,70.25320471,55.30701022,43.5409049,19.20878448,40.64703443
93,62.08345749,65.10797758,23.76364219,70.16339206,55.11975151,43.38414839,19.23398421,39.90045624
94,62.06407617,65.10608778,23.56219523,70.07394204,55.21869741,43.27647466,19.25271919,40.70924927
95,62.10109716,65.11008563,23.75366356,69.9843387,54.94297888,43.31419504,19.28710103,40.02488594
96,62.12569133,65.11487518,23.61972939,69.89316686,54.66472184,43.20375853,19.31220272,40.46038988
97,62.13967942,65.11779281,23.85824254,69.8058894,55.00302989,43.35311213,19.33859645,40.95810867
98,62.18160179,65.12474861,23.97653773,69.71831596,54.89077235,43.30420569,19.37191266,39.50642887
99,62.18375414,65.12357904,23.54560001,69.62897439,54.85703229,43.16441059,19.38073661,40.35669847
100,62.19573332,65.12707943,23.59863671,69.54180788,54.89562799,43.1191927,19.4051424,40.56408129
101,62.24821698,65.13362489,23.74820142,69.45466894,54.78945509,43.24193732,19.42689585,40.12857735
102,62.21447198,65.13170655,23.66900156,69.36857444,54.9589428,43.20676572,19.44756272,41.35213604
103,62.26747729,65.13825906,24.09313777,69.2859098,55.19770755,43.49964878,19.487496,41.37287433
104,62.31112157,65.14571707,24.34871383,69.20341727,55.24965102,43.56000706,19.52933851,40.97884695
105,62.33408239,65.14951821,24.01300874,69.12009199,55.16600827,43.3245802,19.55786838,40.3152219
106,62.34067732,65.14908768,23.93350013,69.03507537,54.95959852,43.18922032,19.57233017,40.75072584
107,62.37811195,65.15475579,23.90747289,68.95230074,55.0507311,43.25281488,19.59678435,40.37743675
108,62.39746149,65.15808779,23.7153775,68.86895027,55.02171131,43.15688406,19.6083318,40.79220241
109,62.41010381,65.15631365,24.06201868,68.78533984,54.78271319,43.27759091,19.63020381,39.02944836
110,62.36371944,65.15139454,23.50014421,68.69902736,54.62065862,42.97865326,19.61435619,41.0410618
111,62.40463329,65.15865378,23.78653844,68.61740312,54.71905497,43.10771327,19.6475849,39.56864372
112,62.3632925,65.15179626,23.5463811,68.5329695,54.61874686,43.01870606,19.64003915,41.18622978
113,62.38625607,65.15578843,23.94272472,68.45318931,54.84144876,43.19847974,19.66613708,40.12857735
114,62.40413833,65.15630639,23.70108563,68.37195319,54.90982786,43.07248532,19.6734917,40.9166321
115,62.43922593,65.16163734,23.59745275,68.29118835,54.73192863,42.98469132,19.69972615,39.73454998
116,62.38901742,65.15316419,23.25094741,68.20768803,54.44260884,42.75327801,19.70295915,40.60555786
117,62.41275804,65.156327,23.4918378,68.12946592,54.88899155,42.94858005,19.7197622,41.47656574
118,62.44090962,65.16157172,23.92863282,68.05195507,54.90422236,43.12558119,19.74099828,40.08710079
119,62.41523163,65.15690728,23.66710065,67.97025598,54.51208007,42.92240701,19.74722172,39.36126089
120,62.40296372,65.15393282,23.25508197,67.88812789,54.39232449,42.64866875,19.74598387,39.61012028
121,62.39049791,65.15397155,23.07867097,67.80454594,53.96544912,42.48423294,19.73612274,39.98340937
122,62.37178406,65.15067042,23.28875245,67.72379172,54.0718624,42.53903539,19.73692245,39.21609291
123,62.37227954,65.1497884,23.27720441,67.64292643,54.2366266,42.55283277,19.7176277,40.85441725
124,62.39133017,65.15257259,23.80920321,67.56804432,54.79344219,42.89393327,19.74077173,41.60099544
125,62.44104134,65.15992428,24.17329915,67.49272743,54.69669957,43.03552235,19.77724071,39.7138117
126,62.42450444,65.15787002,23.68505602,67.41271466,54.31197978,42.7009078,19.76626721,39.65159685
127,62.43426336,65.16026486,23.46824495,67.33303307,54.14793636,42.61941149,19.76074545,40.1907922
128,62.46697204,65.16517537,23.60047755,67.25671451,54.4223297,42.68780108,19.76430556,40.72998756
129,62.46966536,65.16373763,23.89011295,67.18203163,54.60652466,42.81110758,19.77900306,40.60555786
130,62.49080464,65.16649521,23.84669581,67.10623653,54.47178934,42.78356828,19.79518275,39.90045624
131,62.49791609,65.16827823,23.56995045,67.02959223,54.38814744,42.67651459,19.79514989,40.02488594
132,62.5153498,65.17084832,23.47723913,66.95330173,54.30681939,42.58274854,19.79944869,40.3152219
133,62.51713658,65.16880004,23.68961771,66.87673362,54.08713584,42.70211194,19.79989315,39.05018664
134,62.49177005,65.16484243,23.3322641,66.7980862,53.91501205,42.46841738,19.78685666,40.72998756
135,62.52429945,65.17060468,23.84286336,66.72492903,54.2356021,42.66987974,19.80330889,39.87971796
136,62.52130454,65.17010985,23.59763386,66.64806289,53.91907124,42.43136268,19.7989306,39.38199917
137,62.51753888,65.16936804,23.35198975,66.57250368,54.06325668,42.24947339,19.79046248,40.56408129
138,62.54690664,65.17447296,23.64846911,66.49854214,54.01708995,42.41589293,19.80229127,39.44421402
139,62.53250874,65.17304961,23.40670599,66.42271065,53.92078095,42.29395634,19.797628,39.90045624
140,62.54523515,65.1759,23.58280376,66.34797415,53.86675308,42.39470007,19.80482163,39.589382
141,62.53216791,65.17623377,23.39847459,66.27296475,53.81528319,42.25117149,19.80810485,39.83824139
142,62.52818379,65.1755859,23.54100409,66.20067232,54.11233893,42.37160662,19.80020453,40.60555786
143,62.55352712,65.18061524,23.78669008,66.12915956,54.10899704,42.44162408,19.81177294,40.17005392
144,62.5806081,65.18500967,23.63249167,66.05797008,54.21240322,42.49552414,19.81880146,40.68851099
145,62.57001082,65.18345474,23.88355316,65.9882276,54.30250145,42.5049727,19.83265709,40.72998756
146,62.56087584,65.18331259,23.91206584,65.91797097,54.18208468,42.44642914,19.84758556,39.75528826
147,62.56301803,65.18183914,23.55968512,65.84627467,54.08356889,42.34741702,19.84424978,40.64703443
148,62.57581059,65.18202363,23.80347373,65.77712727,54.16606014,42.45739544,19.86150434,39.85897968
149,62.58864378,65.18427691,23.55995957,65.70617231,54.05541254,42.34114313,19.85810644,40.41891331
150,62.59555028,65.18698982,23.86772678,65.63646381,54.00385837,42.45048325,19.86777408,40.10783907
151,62.59319292,65.18547714,23.80405588,65.56710046,54.05243496,42.3834801,19.87204031,39.69307341
152,62.58013966,65.18582993,23.57061332,65.4966096,53.9339153,42.2819444,19.86955913,40.41891331
153,62.60231719,65.18929619,23.7065726,65.42865229,54.04595562,42.39021224,19.87497579,40.60555786
154,62.65790491,65.1948848,23.82419794,65.36111417,54.05906095,42.35880436,19.887326,39.63085856
155,62.64507763,65.19111568,23.48038779,65.28865523,53.44508355,42.10947971,19.88522232,38.9879718
156,62.63019035,65.19014723,23.22156467,65.21827289,53.62681717,42.01865122,19.87321391,40.41891331
157,62.63129043,65.19236911,23.62214718,65.15231816,54.00663722,42.2558618,19.88605416,40.72998756
158,62.66173405,65.19612568,23.74281945,65.08618358,53.9987416,42.31763841,19.90451461,40.12857735
159,62.6843198,65.19808828,23.74324322,65.0177429,53.70982865,42.25896234,19.90300363,39.92119453
160,62.68464991,65.19726522,23.40598062,64.95010738,53.7186039,42.08078656,19.90056908,39.7138117
161,62.69774157,65.20050378,23.47555514,64.8827189,53.76401828,42.14605988,19.90061947,40.33596018
162,62.70342234,65.20434287,23.67949438,64.81929636,54.2154351,42.29258472,19.90937372,41.8913314
163,62.7451835,65.20902674,24.25979931,64.75843613,54.36815658,42.51058747,19.94061023,40.35669847
164,62.75675001,65.20875478,23.82237781,64.69306564,54.03570417,42.23607819,19.94991325,39.48569058
165,62.73537045,65.20624839,23.38257875,64.62540883,53.68544517,41.97240566,19.94135801,39.81750311
166,62.72485454,65.20588481,23.31393357,64.55799823,53.42473852,41.83440575,19.93787105,39.19535462
167,62.71865945,65.20675697,23.14784117,64.49103304,53.49582895,41.84508969,19.92600491,40.72998756
168,62.74624038,65.20855239,23.6812749,64.42769828,53.66547585,42.08350307,19.93679233,41.02032352
169,62.80987786,65.21533272,24.0044264,64.36617095,53.91395302,42.22672246,19.95806783,40.99958523
170,62.83967227,65.21704824,23.96118979,64.30443941,53.93263603,42.22077107,19.97828638,40.1907922
171,62.8367986,65.21994254,23.74532128,64.24130903,53.86774104,42.14423287,19.98197599,40.64703443
172,62.84080317,65.22152721,23.84028612,64.17986165,53.94448996,42.13427316,19.99424953,40.58481958
173,62.86390252,65.22228393,24.01991565,64.1180541,53.87757928,42.16067325,20.00582394,40.3152219
174,62.85339359,65.22243443,23.73493842,64.05592535,53.81538725,42.04413967,20.00943981,40.33596018
175,62.8801706,65.22783761,23.79732384,63.99505782,53.93687273,42.1743527,20.0074353,41.1654915
176,62.90979673,65.23168759,24.21761794,63.93766936,54.2928844,42.37792964,20.02241654,41.39361261
177,62.92193927,65.23199393,24.12547537,63.87809116,53.97059226,42.27602966,20.0439812,40.25300705
178,62.91174395,65.22901186,23.8656963,63.81777095,53.96101807,42.17008021,20.03910512,40.9166321
179,62.93255386,65.23249708,24.07443432,63.75810584,53.83531527,42.29163502,20.05218596,40.23226877
180,62.92093378,65.22778534,23.84577885,63.69734156,53.73032857,42.1433189,20.04955032,40.50186645
181,62.92503759,65.2311488,23.92771409,63.63784359,53.77127598,42.10296604,20.05193803,40.23226877
182,62.92425098,65.23090885,23.86285899,63.5792781,53.96417241,42.1089895,20.06254836,41.47656574
183,62.94464862,65.23130392,24.26132085,63.52370665,54.16513434,42.37451888,20.0842109,41.08253837
184,62.98635334,65.23764749,24.0379672,63.46443493,53.69546084,42.22489909,20.09857888,39.27830776
185,62.91975556,65.22867238,23.42202723,63.40208886,53.40306821,41.79693898,20.0833519,40.56408129
186,62.91839676,65.22712235,23.75533345,63.34359659,53.51870092,41.91131829,20.08867623,39.81750311
187,62.91655938,65.22437555,23.61445738,63.28345132,53.44173072,41.87232785,20.08789942,40.06636251
188,62.88337724,65.22069805,23.72575839,63.22416043,53.43186403,41.90089941,20.0739442,40.3152219
189,62.91021479,65.22324595,23.55183853,63.1649251,53.32078597,41.78470176,20.08293974,39.40273745
190,62.86896409,65.21804996,23.22933491,63.10451474,53.26380013,41.57349424,20.0672941,39.90045624
191,62.86817952,65.21713205,23.53020566,63.04650026,53.44601185,41.75799628,20.05899511,40.08710079
192,62.87988778,65.22082025,23.57005446,62.98720291,53.20868021,41.72288302,20.05272768,39.40273745
193,62.86002772,65.22135838,23.26123072,62.92715095,53.11456971,41.52497106,20.03863553,39.65159685
194,62.85267189,65.2196544,23.26991597,62.86786571,53.08640657,41.50837792,20.02628462,39.79676483
195,62.8607739,65.2219447,23.41337535,62.80863619,52.99385253,41.5164008,20.0276295,39.29904604
196,62.85532674,65.22114149,23.21847571,62.74882053,52.93441168,41.41195513,20.00596741,39.79676483
197,62.87208001,65.22216831,23.54566904,62.69132528,53.11583015,41.63447113,20.00017345,40.00414766
198,62.85655239,65.22160595,23.58199144,62.63449132,53.20100847,41.61730954,20.00013868,40.1907922
199,62.87436042,65.22146939,23.61078872,62.57799214,53.18808987,41.60268126,20.0091953,38.92575695
200,62.82675108,65.21524523,23.27707724,62.51825396,52.93128658,41.38929782,19.98900158,40.17005392
201,62.82455607,65.21205238,23.60002441,62.46350981,53.26393623,41.51232566,19.99123199,40.02488594
202,62.82316192,65.21139351,23.61257035,62.4078132,53.24624077,41.54828204,19.99776239,39.73454998
203,62.82698841,65.21405241,23.53491358,62.35023402,52.95428269,41.44507826,19.99216055,39.54790543
204,62.8103793,65.20905852,23.35503461,62.29343585,52.9572036,41.32610142,19.99134576,39.50642887
205,62.80766645,65.20755641,23.35010191,62.23668713,52.9270152,41.33624607,19.9770277,40.00414766
206,62.823089,65.20920973,23.43406581,62.18228918,53.12097535,41.41717475,19.97579007,40.27374533
207,62.84912899,65.21418184,23.57239742,62.12981654,53.40887169,41.48939905,19.98271531,40.02488594
208,62.83969895,65.21410145,23.63580079,62.07542513,53.23115958,41.45583163,19.97491567,39.92119453
209,62.83993791,65.2158748,23.62736611,62.02079544,53.09482704,41.3899621,19.97285678,40.60555786
210,62.86828687,65.21941969,23.75129257,61.96941212,53.34726262,41.52986742,19.98412869,40.68851099
211,62.89737953,65.22188197,24.02857728,61.91732584,53.27455077,41.62176194,19.9916376,39.81750311
212,62.88665623,65.2196872,23.66020172,61.86408763,53.2375529,41.43211993,19.9806467,39.83824139
213,62.88829771,65.21805202,23.65928218,61.81146126,53.27089334,41.4377764,19.97492672,41.35213604
214,62.94103492,65.22442626,24.06550614,61.76192247,53.35011661,41.60382666,20.0006515,40.14931564
215,62.9674142,65.22672911,23.84479975,61.71041644,53.33270035,41.59127418,20.00055187,40.85441725
216,62.98274503,65.22930641,23.87654476,61.65951503,53.19331478,41.51941695,20.01636011,39.75528826
217,62.96203421,65.22782521,23.6165302,61.60545435,52.85584544,41.35894768,20.01051847,38.59394442
218,62.91587368,65.22212191,23.08979358,61.54834732,52.4561,41.12669832,19.98529808,39.25756947
219,62.91158275,65.22097874,23.26421142,61.49431805,52.56839379,41.2439388,19.96937442,40.06636251
220,62.94430105,65.2260058,23.51438196,61.44222625,52.68246799,41.27672668,19.9677129,39.61012028
221,62.94787215,65.22723006,23.46445663,61.39053812,52.87746675,41.26796429,19.96509223,39.83824139
222,62.94867379,65.23087,23.43673281,61.33915936,52.90689821,41.2511532,19.96494894,39.87971796
223,62.94108576,65.22858449,23.64302845,61.28929896,53.11498882,41.4381696,19.9607756,40.39817503
224,62.97227809,65.23227512,23.89012291,61.2393792,53.01060748,41.47124633,19.96524628,39.92119453
225,62.97974339,65.23202804,23.71766659,61.18874782,52.93018593,41.34202013,19.96729954,40.17005392
226,62.97471244,65.22924474,23.67639274,61.13916976,52.96054588,41.31488203,19.97576648,40.06636251
227,62.9695593,65.22960074,23.71761695,61.09055776,53.12118172,41.36079709,19.98148271,40.25300705
228,62.98493835,65.23287885,23.74614618,61.04010803,52.79514852,41.39921285,19.98844281,39.3405226
229,62.97078275,65.22987866,23.5975414,60.98947418,52.81897929,41.26663573,19.97985305,40.27374533
230,62.97806158,65.23113769,23.727962,60.94143176,52.96969285,41.30034231,19.98707108,40.21153049
231,62.9850727,65.23414409,23.79887676,60.89294612,52.9316394,41.32919027,19.98559086,39.94193281
232,62.99809551,65.23801571,23.70842799,60.84314154,52.72340665,41.20945855,19.98556282,39.7138117
233,62.968927,65.23619919,23.59623123,60.79347423,52.67728344,41.11562478,19.97921128,38.96723351
234,62.93065277,65.23056444,23.28189623,60.74202656,52.51640701,40.97570271,19.96171416,39.75528826
235,62.92804661,65.23034095,23.39672784,60.69416953,52.79055198,41.15966145,19.95532768,40.95810867
236,62.99004679,65.23844674,23.89561193,60.64925959,53.03952762,41.3796871,19.97096147,39.44421402
237,62.95955669,65.23254329,23.52020518,60.59848631,52.53986092,41.12361709,19.96173985,38.80132725
238,62.93633142,65.22843898,23.18225248,60.5463877,52.22242783,40.93041502,19.94157615,38.92575695
239,62.8897553,65.22362541,23.08551398,60.49637659,52.34729158,40.85707622,19.92026464,40.37743675
240,62.92559023,65.22909116,23.55354899,60.4528839,53.05961251,41.15962692,19.93314741,40.89589382
241,62.95765566,65.23240281,23.76844595,60.40872351,53.08798175,41.25629656,19.95775465,40.48112816
242,62.95307689,65.23393814,23.89139331,60.36455399,53.17136124,41.30788109,19.96881822,40.14931564
243,62.94467467,65.23082777,23.81011565,60.3192869,53.07469754,41.26270199,19.96970504,40.72998756
244,62.94512645,65.23385903,23.76820718,60.27547115,53.08128145,41.18795383,19.98330607,40.29448362
245,62.95338525,65.23711091,23.96883732,60.23083854,53.01959122,41.26687803,19.98940448,39.61012028
246,62.94984791,65.23427926,23.56329046,60.18419737,52.802918,41.0815828,19.98462321,40.56408129
247,62.95229655,65.23367936,23.69333032,60.13894114,52.64301352,41.07489064,19.9922238,38.88428038
248,62.91028706,65.22628521,23.27783073,60.09189871,52.68384295,40.92204744,19.97397753,41.49730402
249,62.96059535,65.23178632,24.20509493,60.05292083,53.30974591,41.40586237,20.00237559,41.60099544
250,63.01578525,65.23736106,24.38366907,60.01288476,53.34627604,41.45362634,20.03327201,40.52260473
251,63.01353792,65.23481551,24.31663865,59.97151092,53.38931021,41.40111188,20.04504672,40.50186645
252,63.04500477,65.23842503,24.11235587,59.92796308,53.01460192,41.26346452,20.06078456,39.94193281
253,63.0643994,65.24052055,23.98183343,59.88331779,52.77820192,41.22436013,20.05551673,39.77602655
254,63.04616104,65.23657011,23.65801726,59.83767639,52.51338114,41.05663868,20.05540924,39.50642887
255,63.0198554,65.23055678,23.36036586,59.79231768,52.47386831,40.91502628,20.04261154,40.04562422
256,63.02104088,65.2302947,23.56664759,59.7499015,52.76580667,40.98947053,20.04278964,40.77146412
257,63.04745652,65.23671055,23.84392972,59.70964357,53.02336292,41.06572883,20.05299265,40.9166321
258,63.07568636,65.24020293,23.98192494,59.6680298,52.83732177,41.07165385,20.06834244,39.92119453
259,63.08498502,65.2403217,23.6906262,59.62489126,52.73155034,40.98390255,20.07218906,40.56408129
260,63.11548152,65.24378688,23.90246874,59.58240189,52.58702723,41.08242213,20.07495219,39.83824139
261,63.09865705,65.24163869,23.60486517,59.54093354,52.85051199,40.98093998,20.07355715,41.28992119
262,63.13340067,65.24465134,23.82385546,59.50103215,52.7981808,41.11469606,20.09520331,39.54790543
263,63.09682522,65.23814437,23.48597416,59.45710971,52.53412732,40.8459856,20.08549367,39.79676483
264,63.0922073,65.23949311,23.52716822,59.41605166,52.79522626,40.90705819,20.07977174,40.97884695
265,63.11278737,65.24151552,23.91720261,59.37714342,52.92010259,41.02908149,20.09007591,40.58481958
266,63.12041449,65.24451312,23.9185924,59.33791031,52.98698535,41.15411785,20.09523224,40.56408129
267,63.1260677,65.24540112,23.85199803,59.2970876,52.72090456,41.0174468,20.10266349,40.72998756
268,63.13638815,65.24855551,23.91927071,59.25830993,52.867524,41.0955568,20.11126962,39.96267109
269,63.13601118,65.24908973,23.62992595,59.21724329,52.72155549,40.86435376,20.10406532,40.12857735
270,63.1353462,65.24945404,23.67857569,59.17619818,52.5803303,40.95600268,20.10044544,40.35669847
271,63.12468245,65.24673759,23.76870066,59.13569238,52.51082234,40.91319768,20.10532872,40.1907922
272,63.12459802,65.24756783,23.6787261,59.0942351,52.33126727,40.84273313,20.10096184,39.44421402
273,63.08867303,65.24292142,23.52050127,59.05408896,52.63496912,40.86505002,20.08432271,40.77146412
274,63.13101427,65.25020529,23.90224025,59.0157781,52.6895473,41.00053853,20.09628384,40.58481958
275,63.14669967,65.24923644,23.86089937,58.97729117,52.70269765,40.92621534,20.1065341,39.77602655
276,63.13543789,65.24930429,23.64679524,58.93868853,52.86592364,40.85155979,20.10355617,41.66321029
277,63.17984407,65.25719769,24.1050632,58.90211368,52.7348584,41.09526158,20.13010335,40.33596018
278,63.15804437,65.25197794,23.95653151,58.86395347,52.73444152,41.01731653,20.1268916,40.1907922
279,63.14976933,65.24939271,23.76168019,58.82445515,52.51796292,40.83536343,20.1189354,39.42347574
280,63.11350926,65.24281253,23.39645564,58.78128945,51.98463277,40.65875669,20.10106527,37.86810452
281,63.05653688,65.23667189,22.79170075,58.73563845,51.71469518,40.34127602,20.05815528,38.90501866
282,63.03569264,65.23215674,22.9566609,58.69435023,52.00574027,40.39306771,20.03628083,41.33139776
283,63.07946805,65.23694398,23.81620841,58.65794907,52.26887646,40.71603627,20.05887829,39.36126089
284,63.05675003,65.23373764,23.43399468,58.61897901,52.45181741,40.66824345,20.05073162,40.62629614
285,63.08636101,65.24218238,23.7707625,58.58156987,52.41775178,40.74557888,20.06349085,39.31978432
286,63.08153268,65.24269679,23.42857093,58.54112818,52.21179139,40.54661142,20.04999021,39.65159685
287,63.07989091,65.24330618,23.45078425,58.50151763,52.13404169,40.55496138,20.04824413,39.67233513
288,63.0786315,65.24395898,23.4582915,58.46198306,52.06875393,40.55494983,20.04268984,38.8635421
289,63.04934329,65.24111149,23.20457924,58.41992203,51.80112129,40.33239278,20.01819836,39.25756947
290,63.05502083,65.24001205,23.17210747,58.37972325,51.85538588,40.32766184,20.003021,39.73454998
291,63.05396991,65.24044817,23.24082719,58.34122219,52.00203957,40.44329062,19.99767437,39.90045624
292,63.0671258,65.24303415,23.35450151,58.30329216,52.0783111,40.52810949,19.98863941,39.67233513
293,63.04738176,65.23958401,23.47409644,58.26574666,52.20387789,40.52702722,19.98535553,40.33596018
294,63.03829626,65.23781967,23.66163916,58.22873302,52.13615925,40.60619153,19.99716673,39.13313978
295,63.01824423,65.23608922,23.41176957,58.1896607,52.05151288,40.46444351,19.97948685,40.17005392
296,63.03613366,65.23879342,23.51528964,58.15290259,52.08921196,40.49104292,19.9897525,40.10783907
297,63.04266069,65.23793567,23.56865792,58.11637416,52.13157613,40.51016338,19.99025516,39.63085856
298,63.0477197,65.23947545,23.27896911,58.07892391,52.09474678,40.34091118,19.99286612,39.42347574
299,63.03500179,65.23990789,23.23997268,58.03961551,51.78974522,40.29929538,19.97929006,38.44877644
300,62.99790465,65.23249339,22.86682157,57.99963265,51.7694825,40.11101695,19.95336827,39.09166321
301,62.99572447,65.23394798,22.9771074,57.96150158,51.86409173,40.14964552,19.93365048,39.94193281
302,63.00694679,65.23497654,23.2160195,57.92413044,51.77163139,40.22442719,19.94353355,39.07092493
303,62.98279009,65.23211605,23.11348931,57.88568063,51.75388753,40.14161494,19.93126399,38.9879718
304,62.9794593,65.23018097,23.01686636,57.84749548,51.77371186,40.10547042,19.91480715,39.96267109
305,62.99113259,65.23193671,23.43322541,57.81207866,51.95208839,40.40876768,19.91884519,40.08710079
306,62.97213773,65.2307171,23.65863396,57.77527617,51.73854196,40.47807824,19.92228583,38.07548735
307,62.93743614,65.22897333,23.13200402,57.73638726,51.80125489,40.20029872,19.89570768,40.72998756
308,62.97667925,65.23452224,23.75225885,57.70513266,52.35994673,40.59197746,19.91401657,41.26918291
309,63.01427207,65.23951987,24.25525521,57.67453998,52.53924113,40.83289539,19.93714958,40.56408129
310,63.03676391,65.24251077,23.98358379,57.64056732,52.21241783,40.61556367,19.95390841,38.82206553
311,63.0039126,65.2386974,23.24746046,57.60397618,52.07419626,40.2567802,19.94043834,40.85441725
312,63.04256055,65.24319064,23.61788724,57.57246523,52.2845338,40.34660645,19.95726658,40.89589382
313,63.05421852,65.24430655,23.84272045,57.54045311,52.25328034,40.48898973,19.97927286,39.61012028
314,63.0378115,65.24145078,23.65104536,57.50711921,52.33391221,40.40288483,19.96984077,41.26918291
315,63.0772681,65.24685462,24.09029466,57.47655656,52.36585349,40.69233891,19.98739046,39.29904604
316,63.06034643,65.24526847,23.52046281,57.4417403,52.16767362,40.38767256,19.96953486,39.85897968
317,63.04080138,65.2445345,23.61710122,57.40795625,52.07133131,40.41554236,19.97383035,39.589382
318,63.03479305,65.24482155,23.55866363,57.37437136,52.10330679,40.38936524,19.96464263,40.12857735
319,63.02036915,65.24051964,23.58340135,57.34121832,52.01540682,40.36984293,19.97373716,39.52716715
320,63.01618994,65.23676629,23.49080563,57.30704654,51.93869741,40.2589315,19.96734879,40.14931564
321,63.02373528,65.23752719,23.71148754,57.27337576,51.7962977,40.35724917,19.97674949,38.59394442
322,62.98607509,65.23039074,23.08457199,57.23775161,51.79018519,40.0472752,19.95396341,39.69307341
323,62.99021276,65.23267644,23.18950308,57.20313628,51.635676,40.11764548,19.9508254,39.11240149
324,62.96303982,65.22793561,23.239253,57.1688715,51.74979397,40.11395057,19.94155539,39.75528826
325,62.9319283,65.22373588,23.38386639,57.13539684,51.72786509,40.09793849,19.93637868,39.54790543
326,62.93470306,65.224429,23.28460033,57.10121017,51.62510918,40.05144076,19.93593085,38.88428038
327,62.91222309,65.22248621,22.9599581,57.06643043,51.62576865,39.95659381,19.91750297,40.58481958
328,62.94167313,65.22864703,23.5958693,57.0369368,52.02701544,40.2578632,19.92966555,39.65159685
329,62.93590389,65.22666869,23.45368897,57.00262954,51.62286614,40.09990766,19.92195947,39.42347574
330,62.92763521,65.22854677,23.39867191,56.97089675,51.90701369,40.12521392,19.90973245,40.21153049
331,62.9192859,65.22453363,23.74080768,56.94090375,52.08672868,40.24006003,19.91157345,40.12857735
332,62.91816416,65.22554737,23.74501177,56.91027558,52.05513882,40.2524152,19.91432557,39.75528826
333,62.91933479,65.22606125,23.56216805,56.87729417,51.72086721,40.11870781,19.9116951,38.28287018
334,62.89359151,65.22240688,23.08635057,56.84252058,51.64265967,39.88157689,19.88453087,40.04562422
335,62.93324917,65.22794455,23.46053253,56.81192118,51.80027051,40.0711942,19.88672772,39.83824139
336,62.96197355,65.23271491,23.5965208,56.78019575,51.71261863,40.11123057,19.89263514,39.17461634
337,62.93832943,65.22947081,23.27137439,56.7457371,51.3685777,39.91318749,19.88043676,38.65615927
338,62.92774104,65.23033259,23.09128194,56.71166948,51.38928986,39.8452881,19.86108209,39.17461634
339,62.90981042,65.22599947,23.10883427,56.6794521,51.5368704,39.87317181,19.85292421,39.17461634
340,62.91666715,65.2284075,23.07248325,56.64582264,51.33762028,39.79818238,19.84415559,39.27830776
341,62.9175343,65.22754766,23.35425555,56.61458109,51.58797205,39.90925595,19.84623195,39.90045624
342,62.96386673,65.23525006,23.54141179,56.58467081,51.72609692,39.96835878,19.84815798,39.38199917
343,62.95066553,65.23191198,23.35467761,56.55323953,51.6460505,39.91465434,19.84533585,39.25756947
344,62.92893178,65.23094285,23.39058599,56.5221423,51.67361695,39.90557095,19.82965473,40.10783907
345,62.94659377,65.22976475,23.5761313,56.49313613,51.78136626,40.04507982,19.83956237,40.75072584
346,62.98290747,65.23346271,24.06553446,56.46895155,52.43701701,40.34959204,19.85680402,41.26918291
347,63.00140085,65.23507386,24.20288642,56.44439388,52.50481492,40.45733875,19.88393143,41.51804231
348,63.04779747,65.23946029,24.36698979,56.41944253,52.37465287,40.4200232,19.91954532,39.25756947
349,63.03301301,65.23600956,23.6434643,56.38935979,52.04238714,40.10065722,19.90726072,40.35669847
350,63.05321689,65.23766093,23.61341622,56.36126844,51.91564673,40.0707525,19.92771903,39.48569058
351,63.02171048,65.23151295,23.40408808,56.33073414,51.65972132,39.8930379,19.91788906,39.65159685
352,63.02487779,65.23285871,23.55872105,56.30141899,51.67735287,39.96519966,19.90915427,39.85897968
353,63.03774605,65.23779029,23.69883867,56.27268875,51.70707938,40.04436608,19.90385775,39.90045624
354,63.04572544,65.23921646,23.53550274,56.24508583,51.86843123,40.06362657,19.91007973,40.41891331
355,63.0604778,65.24125685,23.66228717,56.21970141,52.14812464,40.17116054,19.92270478,40.81294069
356,63.09302226,65.24425804,23.85598799,56.19419501,52.11963217,40.28512759,19.93928658,40.3152219
357,63.10879601,65.24506084,23.86870766,56.16818586,52.13869013,40.28349678,19.9431178,39.96267109
358,63.11646128,65.24373269,23.62676835,56.1399909,51.85234415,40.09219427,19.94524689,39.25756947
359,63.08161439,65.23996822,23.39934983,56.11064365,51.69863427,39.92881163,19.93557468,39.73454998
360,63.07411914,65.23995882,23.52776195,56.08095062,51.41690037,39.84282592,19.93405679,38.40729988
361,63.06009307,65.23533334,23.03943834,56.05027704,51.45906867,39.65904023,19.91424938,39.96267109
362,63.0713669,65.23806768,23.31833788,56.02355221,51.69479605,39.86058716,19.92570422,39.31978432
363,63.06249652,65.23786223,23.19812871,55.99508136,51.6576336,39.7885783,19.91496025,40.4396516
364,63.08526839,65.2415305,23.76752235,55.97007794,51.89359591,40.0551308,19.93511196,40.35669847
365,63.0747201,65.23992674,23.75718999,55.94364314,51.75796989,40.00547863,19.95051889,39.38199917
366,63.07166331,65.24066816,23.47133069,55.91409674,51.42182223,39.80422415,19.94473761,39.31978432
367,63.06619705,65.23956639,23.47967576,55.88483897,51.31509163,39.72493477,19.93390909,39.92119453
368,63.07962455,65.2398306,23.54061578,55.85799718,51.48272557,39.82713597,19.93653978,39.54790543
369,63.06188067,65.23978547,23.36506614,55.82962755,51.37719313,39.71714396,19.92098323,39.40273745
370,63.0622129,65.24164295,23.41254523,55.80217572,51.49886773,39.8232527,19.90707524,39.90045624
371,63.09395975,65.24728667,23.40075057,55.77321755,51.13993064,39.75719426,19.90252349,38.49025301
372,63.04989479,65.23921415,22.94394654,55.74330469,51.17590245,39.58206436,19.87476485,40.17005392
373,63.05420772,65.24119175,23.50667457,55.71760521,51.42467601,39.8986751,19.87788467,39.36126089
374,63.01565819,65.2391543,23.48146342,55.69152675,51.66128985,39.89406827,19.87084844,40.72998756
375,63.05178423,65.24365137,23.80641115,55.66823998,51.84331198,40.01756779,19.88998683,39.94193281
376,63.04121915,65.24127904,23.72437203,55.64267473,51.7335683,39.93976483,19.89248698,40.12857735
377,63.06631054,65.24462311,23.79116028,55.61661215,51.53200358,39.96733452,19.89065419,38.65615927
378,63.03862768,65.24051277,23.26467112,55.58654555,51.14744302,39.69127647,19.87049079,38.71837412
379,63.05039375,65.24207328,22.89166301,55.55636233,50.91289727,39.39546621,19.85205528,38.90501866
380,63.03442332,65.24212228,22.99198651,55.52729851,50.91890133,39.4595503,19.84002703,38.88428038
381,63.01441326,65.23923893,23.02597148,55.49793965,50.85213221,39.4306199,19.82765658,38.59394442
382,63.01443118,65.2382093,22.95325839,55.47071011,51.22654073,39.53672033,19.8057066,39.61012028
383,63.02592122,65.24064346,23.18270387,55.44388049,51.16843938,39.5983392,19.81000091,40.08710079
384,63.03062887,65.23940119,23.50231246,55.41891353,51.30396084,39.77426244,19.81765066,38.80132725
385,63.00955372,65.23637436,22.99938071,55.39194532,51.35014543,39.52703035,19.80376879,39.589382
386,63.01504478,65.2380649,23.28788777,55.36639752,51.37443434,39.66606178,19.80128053,39.7138117
387,63.02767352,65.24050244,23.44306386,55.34045346,51.26296581,39.72083813,19.8031711,38.67689755
388,63.01629907,65.23730115,23.15037764,55.31412027,51.4058444,39.6792971,19.78578589,40.21153049
389,63.02936315,65.24012837,23.49453317,55.29005474,51.4122163,39.74038409,19.79581737,39.94193281
390,63.03513919,65.24346926,23.52980339,55.26609838,51.48168511,39.74397376,19.7991952,39.81750311
391,63.02416593,65.24106293,23.65291196,55.24192992,51.48679117,39.90815456,19.80085411,39.15387806
392,62.97447711,65.23759347,23.20857665,55.21371051,50.9707939,39.5728732,19.79131792,38.40729988
393,62.94001839,65.2304986,23.11018442,55.18622931,51.04416462,39.51398912,19.76951463,39.31978432
394,62.91683291,65.22762763,23.46347231,55.1619501,51.34538748,39.71203128,19.75857999,40.21153049
395,62.9310905,65.22970303,23.60182443,55.13889322,51.41824214,39.74630109,19.76919881,39.21609291
396,62.92356372,65.229,23.45110112,55.11294863,51.21579514,39.67894957,19.76075047,39.19535462
397,62.89186982,65.22468139,23.33554254,55.08777273,51.23870136,39.59631319,19.75591237,40.21153049
398,62.90663482,65.22639454,23.5221337,55.06631438,51.57811943,39.71604832,19.76978427,39.85897968
399,62.89820059,65.22517249,23.44306072,55.04335639,51.55020862,39.75373595,19.77171351,40.66777271
400,62.89608201,65.22326423,23.87796452,55.02267642,51.68682015,39.84559895,19.78357088,39.67233513
401,62.8943568,65.22407638,23.64393665,54.99740198,51.22425733,39.69479285,19.78395993,39.40273745
402,62.90471302,65.22603465,23.46177941,54.97448633,51.46027999,39.64435218,19.78227337,39.75528826
403,63.75504248,73.46236112,23.70786493,54.95181842,51.48960061,41.88182895,19.79022225,40.3152219
404,64.47749796,75.05831218,24.02750586,54.93321811,52.01737332,42.71662297,19.79911179,41.51804231
405,65.12946519,76.01101598,24.48581044,54.91637814,52.2032851,43.33855673,19.83271935,41.0410618
406,65.72397456,76.63565443,24.49386535,54.89732865,52.02480423,43.55169596,19.85385845,40.3152219
407,66.22500662,77.138354,24.30804986,54.87578619,51.70626749,43.78105242,19.86536927,39.54790543
408,66.68682577,77.4670162,24.07754637,54.85261974,51.48797947,43.90570005,19.85929351,39.63085856
409,67.08559422,77.57601752,23.87989836,54.82981092,51.41340071,43.91841854,19.85673891,39.77602655
410,67.46547508,77.79515467,24.01336646,54.80795433,51.47871621,44.16068166,19.86128821,40.1907922
411,67.85586841,77.96422003,24.25552778,54.78811051,51.70895964,44.44154509,19.87685139,40.77146412
412,68.20795385,78.0092337,24.59153939,54.76922015,51.79674021,44.71360788,19.89809299,40.66777271
413,68.49811667,78.05972822,24.78252727,54.75154496,52.04598949,44.96907972,19.92284556,40.60555786
414,68.78609682,78.13728203,24.87938938,54.73332807,52.06816073,45.13453879,19.93945083,40.83367897
415,69.06493056,78.21322079,24.95389251,54.71476328,51.94548493,45.16576115,19.96041656,40.64703443
416,69.33269416,78.12211393,24.83088966,54.69792461,52.21227553,45.24050159,19.9760317,41.51804231
417,69.61704535,78.13621998,25.13014581,54.68132817,52.12082175,45.50604546,20.00867049,41.24844463
418,69.82704222,78.10371291,25.24269628,54.6652463,52.21962171,45.5448923,20.03115883,41.45582746
419,70.05732321,78.12917388,25.36994665,54.65013705,52.3606752,45.74249947,20.05122821,41.33139776
420,70.24866336,78.10459406,25.27329518,54.63427444,52.32036315,45.67142388,20.06974626,41.66321029
421,70.45085555,78.0748519,25.43827274,54.61806115,52.13970607,45.75543073,20.09634539,40.1907922
422,70.5724212,77.97804523,25.01129352,54.59900915,51.9582852,45.5268456,20.09894625,41.14475321
423,70.73195045,78.00942654,25.06640511,54.58231176,52.00376543,45.71678956,20.1146538,40.62629614
424,70.83288365,77.97553571,24.93271393,54.5638017,51.84853819,45.63641744,20.11615935,39.81750311
425,70.92880758,78.00505434,24.90103581,54.54531428,51.98906097,45.70659169,20.11472701,41.35213604
426,71.09098653,78.0017674,25.15052439,54.52955778,52.07612174,45.8389323,20.13254707,40.70924927
427,71.22034992,78.06931808,25.14330995,54.51217012,51.99617114,45.8461764,20.13412226,41.55951887
428,71.34829315,78.00702256,25.41898532,54.49853023,52.34494138,46.10824125,20.16421182,41.93280796
429,71.5250984,78.14591548,25.71307633,54.4839382,52.23697343,46.29098111,20.19802056,40.02488594
430,71.61411651,78.07905787,24.99410403,54.46429942,51.83981078,45.93403788,20.19631183,40.77146412
431,71.6812177,78.03816813,25.21547611,54.44922433,52.21095925,46.10470389,20.19727702,41.55951887
432,71.80315182,78.17243502,25.43706724,54.43472047,52.24181452,46.24671005,20.2240488,40.35669847
433,71.89099187,77.82634949,25.09865322,54.41814801,52.22031307,46.09548137,20.21437196,41.49730402
434,72.01658698,77.72276491,25.29146822,54.40244989,52.04027372,46.12010862,20.23559932,40.37743675
435,72.05878025,77.48986637,25.05540284,54.38364869,51.7222,45.87155672,20.22389606,40.02488594
436,72.07789394,77.37303478,24.8690864,54.36540714,51.75638548,45.81087798,20.21710351,40.97884695
437,72.1636385,77.26476015,25.13790559,54.34868428,51.75950769,45.89337291,20.22359315,40.60555786
438,72.23084047,77.29776267,25.13926737,54.330524,51.60106312,45.97338634,20.22060639,40.02488594
439,72.32575219,77.31315147,25.12761754,54.31420887,51.98021567,46.07028801,20.21973732,41.14475321
440,72.41498536,77.31432301,25.31861605,54.29872893,51.97375729,46.19774557,20.23132939,41.10327665
441,72.48732761,77.30040234,25.57590004,54.28491589,52.24932268,46.30003361,20.24280117,41.642472
442,72.55566012,77.17489492,25.85401134,54.27290189,52.51441181,46.35448659,20.26619031,42.14019079
443,72.66289999,77.17228069,26.03091746,54.26120635,52.53831971,46.54352279,20.29862426,40.93737039
444,72.72084006,77.23252376,25.76003953,54.24613395,52.28967828,46.45505688,20.31021762,40.39817503
445,72.74596823,77.1911444,25.64592893,54.2312289,52.33946824,46.32825675,20.30794539,42.4927416
446,72.86796205,77.12449564,26.06217888,54.22159479,52.66600416,46.55690816,20.3368688,41.49730402
447,72.9525742,77.21514633,25.70635229,54.20707232,52.25120014,46.4883662,20.35623469,39.90045624
448,72.9766597,77.18739917,25.23948644,54.18862478,51.82773003,46.21094979,20.33132164,40.60555786
449,73.03293384,77.23682633,25.2803493,54.17280227,51.88079418,46.23254701,20.32652225,41.45582746
450,73.0977844,77.23706866,25.56615172,54.1597577,52.12872543,46.38641335,20.3416933,41.53878059
451,73.14549718,77.18528134,25.56811719,54.14757223,52.34692644,46.39745544,20.3641985,41.31065948
452,73.20495372,77.2452252,25.67620797,54.13360988,52.19833424,46.47823484,20.37920072,40.62629614
453,73.18580877,77.24434743,25.53437811,54.11757322,51.9587605,46.3575779,20.37779405,40.9166321
454,73.2204372,77.24690892,25.49805917,54.10175273,51.79656425,46.39046558,20.38379693,40.08710079
455,73.25604806,77.273127,25.26320706,54.08638504,52.01046782,46.39347007,20.37157505,42.63790958
456,73.34819606,77.27725209,26.07376977,54.07604097,52.25063298,46.75870763,20.40981394,40.66777271
457,73.34378695,77.23741159,25.6149805,54.06160113,52.18486052,46.48142396,20.40725002,41.43508917
458,73.40678803,77.34784006,25.55965979,54.04674706,51.86607673,46.43649307,20.41925948,40.04562422
459,73.43095321,77.30120456,25.19427944,54.0301431,51.79709442,46.31202676,20.40275497,41.02032352
460,73.48615441,77.3353055,25.54398004,54.01746185,52.14077732,46.60769206,20.41025269,41.68394857
461,73.52942848,77.3477777,25.76638102,54.00537343,52.20135526,46.70519363,20.42535343,40.87515554
462,73.55409585,77.38255311,25.64687229,53.98996714,51.87882428,46.56203774,20.42622829,40.95810867
463,73.56843486,77.31430548,25.57246581,53.97665512,52.05661379,46.50987104,20.42728551,41.33139776
464,73.63737432,77.31266822,25.57415009,53.96386885,52.11859233,46.5501875,20.43387086,40.66777271
465,73.65134377,77.31534567,25.49891952,53.94824869,51.83779864,46.46519039,20.43004954,39.98340937
466,73.65164676,77.39318544,25.26414557,53.93314189,51.96848244,46.42885894,20.40872203,42.40978847
467,73.73280431,77.34004948,25.94988509,53.92390866,52.35124548,46.7453452,20.44149915,41.43508917
468,73.78249163,77.45302195,25.80352801,53.91274441,52.444025,46.75164606,20.45401839,42.70012443
469,73.85101401,77.33780859,26.31746531,53.90410432,52.5568279,46.95359851,20.4852114,40.70924927
470,73.84759264,77.32549225,25.68459897,53.88966377,52.15708567,46.65696884,20.48458821,40.00414766
471,73.86446755,77.24978504,25.21893874,53.87393185,51.94851659,46.4052891,20.46692009,41.68394857
472,73.90481286,77.30133465,25.77629514,53.86309863,52.20996555,46.71856177,20.4839586,41.49730402
473,73.93791912,77.24997244,25.81981277,53.85272336,52.4406574,46.71145242,20.50043175,41.47656574
474,73.96773606,77.21403391,25.90595653,53.83956048,52.07290694,46.66051146,20.50840127,40.54334301
475,73.96544035,77.25998649,25.68123787,53.82535546,51.97501741,46.6205136,20.5007865,41.53878059
476,74.01274527,77.29990968,25.72764655,53.81453007,52.21834343,46.72340538,20.5058807,41.87059311
477,74.02561621,77.21748786,25.95702886,53.8041178,52.29435575,46.76467023,20.51434376,41.20696806
478,74.08293858,77.29704604,25.89151431,53.79116423,52.07308142,46.70774668,20.51858824,40.52260473
479,74.06104881,77.248273,25.53698217,53.77605596,51.79057214,46.51252103,20.51083481,40.46038988
480,74.07732619,77.32018436,25.65240082,53.76093491,51.66725021,46.57476679,20.498157,40.48112816
481,74.08970212,77.299659,25.42333816,53.74555124,51.54996437,46.45294848,20.49059647,40.54334301
482,74.11347267,77.39761436,25.40444505,53.73302415,51.94595679,46.54324576,20.48398426,41.78763998
483,74.13253371,77.30820151,26.01328179,53.72261682,52.13265299,46.84083223,20.49679544,41.37287433
484,74.17010866,77.26681539,26.04161878,53.71139385,52.17736762,46.85141625,20.50040432,41.10327665
485,74.18561363,77.21434544,25.97849445,53.69937644,52.12843097,46.78794072,20.50026228,41.70468685
486,74.24295213,77.31726361,25.9845185,53.68931757,52.25754726,46.82589092,20.51335403,40.79220241
487,74.26382446,77.29392757,25.79926483,53.67694266,52.1650009,46.77767532,20.51093166,41.60099544
488,74.28646444,77.28464458,26.0093445,53.66701491,52.30450115,46.86199214,20.5228405,41.47656574
489,74.3175827,77.27918168,25.91324553,53.65591812,52.20062189,46.81470778,20.52708108,40.62629614
490,74.31737246,77.36958355,25.69884488,53.64343102,52.13923926,46.71792244,20.51570074,41.43508917
491,74.31896494,77.30519223,25.78890325,53.63211776,52.07658499,46.80272323,20.5216687,41.33139776
492,74.34275467,77.3571267,25.94960714,53.62111891,52.12004232,46.82192779,20.5262105,41.20696806
493,74.37517844,77.3933832,25.95551033,53.61077669,52.27425183,46.93277996,20.52908697,41.47656574
494,74.40614263,77.44732602,25.96231705,53.5996467,52.12883613,46.86694138,20.53645063,41.06180008
495,74.42522016,77.39704606,25.83054191,53.58897149,52.24169136,46.89495187,20.532551,41.80837827
496,74.4719397,77.41344689,25.97493793,53.57942088,52.27344118,47.00373824,20.54409431,41.68394857
497,74.49633431,77.4085038,25.97837019,53.57037411,52.39349133,46.97595474,20.5616625,41.47656574
498,74.50284174,77.40483795,25.9244369,53.56001613,52.2790868,46.85447878,20.5684844,41.7669017
499,74.52700855,77.32741517,26.00454782,53.55029793,52.24961606,46.89905126,20.58208759,41.31065948
500,74.56422022,77.39545716,26.10869892,53.5388771,52.06397983,46.9241661,20.589509,40.85441725
501,74.56798399,77.34405735,25.83558539,53.52599856,51.85160332,46.75317412,20.58118134,41.33139776
502,74.62094099,77.37236016,25.97728952,53.51613198,52.12647352,46.89311211,20.59293703,42.03649938
503,74.64752566,77.31426742,26.29754649,53.50893816,52.49655736,47.00520397,20.60474256,41.95354625
504,74.68816173,77.38774306,26.30349881,53.50021421,52.41472757,47.00867255,20.62021724,41.93280796
505,74.73798102,77.41471716,26.21919946,53.49056775,52.22309402,46.95719841,20.63164389,41.14475321
506,74.75815109,77.4564497,25.98000559,53.48083688,52.32401505,46.97103133,20.62382353,41.60099544
507,74.79163642,77.42547673,25.93918085,53.47028768,52.10579784,46.98595863,20.63138063,40.95810867
508,74.79030972,77.40794733,25.81185728,53.45911172,52.06499061,47.01202442,20.62620373,40.00414766
509,74.80136611,77.42943875,25.43810046,53.44763035,52.24270972,46.83418559,20.60059736,43.67482372
510,74.88279559,77.46161393,26.52272177,53.44419998,52.6691772,47.3113781,20.63865083,41.35213604
511,74.88946736,77.4231286,26.29768436,53.43587339,52.65682731,47.22240152,20.63961477,41.74616342
512,74.89525765,77.37387045,26.14123857,53.42628975,52.33169277,47.10354697,20.64769641,41.20696806
513,74.91396635,77.4181146,26.0281515,53.41729891,52.4273117,47.09997267,20.65257853,42.11945251
514,74.93654428,77.35496541,26.3121401,53.41007377,52.51427192,47.26262223,20.67071623,41.41435089
515,74.93363336,77.34129166,26.10484048,53.4012505,52.46023785,47.1412501,20.66833146,41.1654915
516,74.93441079,77.39398795,25.86914303,53.3910758,52.27535744,47.00459859,20.6635322,41.45582746
517,74.93813198,77.28649034,25.90588564,53.38141685,52.19429037,47.01763324,20.66706893,41.20696806
518,74.95832154,77.35190466,25.85586,53.37005994,51.93259786,47.00377495,20.65994457,40.46038988
519,74.9303928,77.39223042,25.80669621,53.35835942,51.94996151,46.82592861,20.64315255,40.64703443
520,74.97494061,77.56244559,25.64231698,53.34599544,51.78723619,46.79559807,20.63424043,41.14475321
521,74.98335911,77.54007947,25.7669223,53.33573662,51.92735745,46.94262121,20.62833742,41.28992119
522,74.97627039,77.39398589,25.80787418,53.32502448,51.86491641,46.8844312,20.62960564,40.60555786
523,74.95421754,77.48174808,25.76598299,53.31340595,51.85451723,46.86598047,20.61538141,40.93737039
524,74.98594175,77.47574799,25.51902305,53.30165328,51.73111722,46.82616409,20.61383998,40.48112816
525,74.94698568,77.46417864,25.43392774,53.29002852,51.80876712,46.67805561,20.60109436,41.8913314
526,74.95677314,77.47410193,26.15026032,53.2832231,52.25705208,47.04708678,20.59882056,41.37287433
527,74.96935473,77.42684943,25.97368536,53.27509612,52.36225507,47.03170976,20.60235173,42.43052675
528,75.03698964,77.43257409,26.17602519,53.2681252,52.31529982,47.11019684,20.6206066,41.70468685
529,75.04965418,77.44607473,26.10020643,53.26094149,52.45392056,47.09803585,20.6344705,41.72542513
530,75.05744749,77.44278718,26.11698011,53.25285829,52.3532068,47.09517767,20.6436754,41.20696806
531,75.03426975,77.4150086,26.10458234,53.24314657,52.16787717,47.00704997,20.64369085,40.58481958
532,75.03534529,77.42228618,25.69458799,53.2319439,51.9965382,46.83895884,20.63124978,41.55951887
533,75.06016174,77.38972503,25.89413001,53.22256299,51.95288225,46.94166123,20.64077151,40.04562422
534,75.06802878,77.3991693,25.54114077,53.21023426,51.83854355,46.77102061,20.61715431,41.12401493
535,75.07934884,77.32665936,25.67264452,53.20169404,52.12230172,46.83595512,20.61747332,42.22314392
536,75.09548118,77.32456055,26.18404987,53.19203166,51.76667571,46.95483809,20.63230308,38.80132725
537,75.04784116,77.39810605,25.35181007,53.17689888,51.60138302,46.57948964,20.58975213,42.34757362
538,75.08867963,77.34020412,26.0132928,53.17153207,52.19792378,47.01468496,20.61117755,40.77146412
539,75.08681518,77.34571758,25.85072972,53.15997906,51.84220211,46.77564611,20.60236226,40.4396516
540,75.06740802,77.37860612,25.50944262,53.14829333,51.74144667,46.68458075,20.59187105,41.39361261
541,75.09498973,77.37646457,25.85842091,53.13938065,51.89400066,46.91612509,20.60016806,41.82911655
542,75.10231956,77.3435619,26.06491686,53.1336573,52.36613516,47.08132423,20.6152855,41.87059311
543,75.12842235,77.42633303,26.01276825,53.12503462,52.07302594,47.03688565,20.62704285,40.17005392
544,75.10665918,77.40928473,25.55215203,53.11435934,52.04542217,46.82387443,20.60921151,42.70012443
545,75.16792106,77.43315291,26.19581802,53.10910421,52.25294434,47.14201168,20.64519804,41.20696806
546,75.17747693,77.40247959,25.96792548,53.10093649,52.25594077,47.10640144,20.64236811,41.95354625
547,75.20871737,77.4641813,26.23018276,53.09526362,52.46256222,47.20453999,20.6611872,42.76233928
548,75.23787723,77.49420757,26.53828064,53.09048428,52.48399209,47.33056059,20.67931905,41.08253837
549,75.23929992,77.35549381,26.18665428,53.08050475,52.07006282,47.04978779,20.67195242,41.35213604
550,75.26287733,77.52173296,26.13443375,53.07343227,52.28712345,47.11569386,20.67666569,41.39361261
551,75.27250606,77.43469783,26.32159706,53.0661347,52.3281828,47.18064386,20.68471792,42.63790958
552,75.30373539,77.51150975,26.45102047,53.06045446,52.28319389,47.25521478,20.7054548,40.85441725
553,75.30893984,77.35797184,25.94821402,53.04927096,51.81716152,46.92313479,20.70409688,40.95810867
554,75.31842861,77.44482631,25.86407281,53.03936562,51.78901097,46.93113681,20.69454092,40.87515554
555,75.32855247,77.56207437,25.88413077,53.02983513,51.85213336,46.87958507,20.68199071,40.77146412
556,75.32587786,77.49486752,25.77479109,53.01962989,51.78870639,46.92142185,20.6785921,40.72998756
557,75.33705969,77.51429767,25.73320002,53.00970456,51.80934223,46.8374412,20.66771817,41.45582746
558,75.39113908,77.52588062,26.2306921,53.00292502,52.13981013,47.24086088,20.67569498,41.60099544
559,75.44198955,77.47860828,26.14687179,52.99554557,52.14389231,47.23841521,20.67995105,41.41435089
560,75.47784957,77.48224724,25.9991031,52.98780517,52.13184145,47.11859077,20.67660301,41.37287433
561,75.47792647,77.49942193,25.84508115,52.97916629,51.9765912,47.0642341,20.67882414,40.64703443
562,75.46589352,77.43842422,25.7590798,52.97077085,52.13571262,46.93592759,20.66611733,42.94898382
563,75.50127027,77.41766137,26.49572466,52.96873406,52.6431455,47.38996274,20.69592855,41.31065948
564,75.51535086,77.45410084,26.1779075,52.9593436,52.07778532,47.20167119,20.68745705,41.642472
565,75.53908756,77.45696178,26.01313321,52.95114672,51.93797902,47.12372843,20.69531872,41.22770635
566,75.51041227,77.40451451,25.95906599,52.94231111,51.87750905,47.02725999,20.68245698,39.90045624
567,75.47347636,77.51552909,25.60229319,52.9286122,51.38372081,46.91961198,20.66435848,40.72998756
568,75.49190439,77.44641275,25.63067162,52.91964732,51.72281077,46.93905343,20.65245307,41.14475321
569,75.47783113,77.46387088,25.88507462,52.91110491,51.82294794,47.03223849,20.64551946,41.43508917
570,75.48373281,77.38868343,26.03310186,52.90447044,52.09558481,47.00351947,20.64488708,41.74616342
571,75.50401113,77.37698529,26.10210954,52.89874484,52.28273815,47.12201159,20.65229218,41.91206968
572,75.51893588,77.44178142,26.23996877,52.89331945,52.36187462,47.19241294,20.66769627,41.66321029
573,75.53321077,77.47974079,26.34972217,52.88584639,52.11157894,47.31257665,20.67338758,41.37287433
574,75.5502924,77.43016213,26.16897265,52.87843133,52.07783437,47.20760289,20.67704411,41.18622978
575,75.55419926,77.39400856,25.95070083,52.86957769,51.86855085,46.98786208,20.67367477,40.39817503
576,75.53334577,77.41927152,25.66468485,52.85979771,51.82944894,46.93342871,20.65120301,41.74616342
577,75.53566489,77.44723219,26.03614191,52.853375,52.00298856,47.04736339,20.66553028,41.45582746
578,75.54999731,77.57806851,26.14486056,52.84599106,51.99285374,47.23592751,20.66482054,41.51804231
579,75.56134254,77.56409612,26.13119466,52.83794854,51.85106574,47.10374279,20.66719886,41.06180008
580,75.57174809,77.46292193,25.92364749,52.82939464,51.82341993,47.00781314,20.66512132,40.81294069
581,75.58990837,77.41292513,25.7393051,52.8192401,51.60197687,46.97901767,20.65256385,40.1907922
582,75.5691143,77.44624928,25.5686145,52.80799199,51.48200031,46.81572656,20.63352963,40.9166321
583,75.60496466,77.50480227,25.77784171,52.79992672,51.75575613,46.96659968,20.62588893,41.53878059
584,75.63016737,77.40870149,26.02993321,52.79314328,51.91442561,47.10617746,20.62811865,40.77146412
585,75.63228843,77.38587804,25.6870561,52.78393836,51.78396896,46.93569591,20.62140045,41.26918291
586,75.63543155,77.42767278,26.07083927,52.77597205,51.78822561,47.08094692,20.61924122,41.33139776
587,75.6462961,77.41159115,25.8393227,52.76717916,51.62631839,47.01742858,20.61763364,40.1907922
588,75.60351946,77.42771709,25.41149129,52.75630003,51.50483476,46.75472902,20.59582706,40.35669847
589,75.61648588,77.45651151,25.45781076,52.74572832,51.45232452,46.69695232,20.58153901,41.28992119
590,75.61924029,77.50704702,25.85816135,52.73891767,51.79785305,46.99692559,20.58712163,41.51804231
591,75.67279631,77.5240675,25.92448639,52.73131835,51.74774789,47.00865676,20.59299559,41.43508917
592,75.65550917,77.41190965,26.04922526,52.72419895,51.82097395,47.02516283,20.59669461,40.97884695
593,75.6767278,77.50293191,25.94042749,52.71469355,51.57292978,46.93302881,20.593101,40.12857735
594,75.68024899,77.52798962,25.61179044,52.70369685,51.4360512,46.84229647,20.56816605,40.81294069
595,75.70815327,77.47423179,25.66647724,52.69447001,51.48335583,46.87066192,20.56483964,40.46038988
596,75.70752966,77.47235127,25.57845019,52.68693117,51.87001548,46.81420048,20.55149916,42.4927416
597,75.72222038,77.43818808,26.29370298,52.68259706,52.02178949,47.20183698,20.5807576,40.50186645
598,75.70060899,77.48334126,25.86709572,52.67317502,51.76380266,47.0077272,20.56483995,40.87515554
599,75.69071054,77.45912318,25.75437975,52.66469314,51.70233426,46.90845757,20.55435298,40.64703443
600,75.65727325,77.4483617,25.72064973,52.65598345,51.69069165,46.83831632,20.55170889,41.06180008
601,75.65707548,77.47622157,25.84244545,52.64911274,51.88071721,46.91510269,20.55703022,42.01576109
602,75.69878355,77.46302369,42.98986899,52.64597524,52.3226846,53.25653943,20.5775701,42.16092908
603,75.72713253,77.36968859,44.80630428,52.64247901,52.41741605,53.84104939,20.60255872,42.59643302
604,75.78068121,77.40155282,45.40254496,52.64114091,52.69574693,54.29512757,20.63143803,43.84072999
605,75.83357138,77.43127703,46.4268228,52.64338632,53.07606361,54.69859973,20.6783219,42.92824554
606,75.83708904,77.36249254,45.80557087,52.64301312,53.050527,54.50345219,20.71447602,42.80381584
607,75.86039207,77.47747244,45.77881584,52.64093215,52.79090728,54.56073217,20.74387283,41.80837827
608,75.85462641,77.5059204,45.04353146,52.63551898,52.38748862,54.13418913,20.75456438,42.6171713
609,75.8916661,77.51741442,45.60893571,52.63533623,52.86358791,54.44845671,20.78450979,43.88220655
610,75.95014081,77.5091319,46.4594819,52.63689121,53.02061189,54.76107541,20.83161742,41.74616342
611,75.94743509,77.50213362,45.19156233,52.63235032,52.64733214,54.16731349,20.83392308,42.07797594
612,75.94489097,77.50906189,45.12822318,52.62853771,52.51315227,54.12959364,20.83954879,41.97428453
613,75.99365293,77.61752951,45.20616916,52.62640021,52.75865169,54.30764211,20.85305611,43.13562837
614,76.03834928,77.55515032,45.83782821,52.62562877,52.77528125,54.41023521,20.88003501,42.45126504
615,76.06778493,77.53182259,45.67184944,52.62489677,52.9813855,54.57615459,20.89682407,43.75777686
616,76.11425228,77.562143,46.40651456,52.62621246,53.06447126,54.90110572,20.93470823,41.95354625
617,76.10898763,77.51113592,45.28899421,52.62254727,52.74983986,54.48645745,20.93340095,42.53421817
618,76.15910019,77.55301117,45.50796826,52.62102262,52.80757807,54.47875473,20.94596572,43.07341352
619,76.19700879,77.5471729,46.06301509,52.62166194,53.04731089,54.81252571,20.96966905,42.96972211
620,76.22595995,77.4679092,45.88679726,52.62104722,52.97084976,54.52665556,20.99083796,43.28079635
621,76.25264548,77.47606511,46.19822709,52.62170307,53.06978951,54.68381933,21.00948108,42.51347988
622,76.2432339,77.48810996,45.68300256,52.62021804,52.96225316,54.42029035,21.01908065,43.50891746
623,76.28784197,77.5101417,46.40209712,52.62220891,53.22540464,54.76755188,21.03620887,43.9444214
624,76.33315727,77.50470563,46.67831962,52.623627,53.13319269,55.07823715,21.0668086,41.70468685
625,76.27966371,77.45874454,45.25649353,52.61923271,52.71875636,54.41745625,21.05638966,42.90750726
626,76.28818958,77.51604621,46.01840183,52.61964681,53.01587617,54.81247933,21.07329881,42.82455413
627,76.32090002,77.55451569,46.06031269,52.62069558,53.27404162,54.83625311,21.0838212,43.98589797
628,76.36588904,77.43690513,46.71724968,52.62385687,53.43042554,55.20913616,21.11877991,43.90294484
629,76.40154361,77.49498785,46.61769987,52.62458708,53.11573476,55.03407117,21.15590071,42.03649938
630,76.38444998,77.5260673,45.51279209,52.6216073,52.86430248,54.625565,21.15164606,42.24388221
631,76.37348187,77.56170604,45.3532307,52.61887168,52.73831108,54.48282924,21.14633307,42.82455413
632,76.3827048,77.59787586,45.96021421,52.61989268,53.15217219,54.79376903,21.1488206,43.75777686
633,76.44558613,77.59032519,46.55919161,52.62097069,53.08955389,55.08588484,21.17140762,42.78307756
634,76.47322008,77.56105226,45.7823258,52.61891221,52.79905328,54.64613128,21.18126391,42.67938615
635,76.49371343,77.62140464,45.7483806,52.61847388,52.97012614,54.73332856,21.18839442,42.82455413
636,76.48870454,77.51668778,45.91318695,52.61878819,53.13107688,54.68981565,21.19212495,43.17710494
637,76.49176061,77.56725743,46.08961959,52.6183928,52.99073356,54.78000051,21.20810441,43.11489009
638,76.49691656,77.55329655,46.21367632,52.61805287,52.96060574,54.8846433,21.21398704,42.22314392
639,76.48118124,77.58272838,45.50351785,52.61492605,52.72269669,54.52856358,21.20674274,42.80381584
640,76.54124394,77.58807689,45.769555,52.61419037,52.8565467,54.58978623,21.21372239,42.84529241
641,76.56192425,77.55142887,45.91620601,52.61581165,53.29729175,54.90256958,21.2173303,44.93985898
642,76.6056102,77.49958382,47.24152345,52.61898924,53.18842256,55.32048216,21.26850828,42.30609706
643,76.58051792,77.50425566,45.76389111,52.6173048,53.03459441,54.76779241,21.2630121,43.03193696
644,76.57035381,77.5483764,45.91480563,52.61548901,52.75544157,54.79859455,21.2765689,42.05723766
645,76.55033489,77.58976278,45.34935109,52.61176275,52.57238157,54.45104579,21.27278683,42.14019079
646,76.54957866,77.53518263,45.2711722,52.60988828,52.77413053,54.52839304,21.262943,43.07341352
647,76.5437296,77.49128783,45.96827479,52.60918389,52.81020891,54.79255029,21.28225887,42.76233928
648,76.58763793,77.56020403,45.82274484,52.60835548,52.88827297,54.84229723,21.28742486,42.65864786
649,76.60506864,77.56321591,45.76163631,52.60681689,52.82892972,54.70598221,21.28868099,42.43052675
650,76.61100138,77.58484511,45.48110103,52.60366981,52.59206661,54.51215668,21.28187604,42.05723766
651,76.57927814,77.56028303,45.16608392,52.59978357,52.45955982,54.35947651,21.26775208,42.65864786
652,76.59716302,77.60564192,45.67607487,52.60013229,52.94185877,54.76734727,21.26879459,43.8199917
653,76.63474609,77.62955934,46.52966831,52.60053921,52.8602823,55.00854285,21.30017048,41.91206968
654,76.64085803,77.59315102,45.3480606,52.59695753,52.66390653,54.66366442,21.2855079,42.09871423
655,76.65146736,77.62851015,45.15393748,52.59311913,52.48565275,54.57190633,21.27349775,42.40978847
656,76.63969906,77.5888148,45.41322211,52.5905761,52.5371257,54.55368453,21.26366335,42.96972211
657,76.66054951,77.60227633,45.86110315,52.58922921,52.61219775,54.85043183,21.27009585,41.74616342
658,76.64830879,77.59025069,45.13109995,52.58504035,52.49401961,54.52705429,21.25457995,42.30609706
659,76.64121934,77.59010004,45.31461636,52.5817129,52.43278359,54.52502048,21.24765863,42.65864786
660,76.67598961,77.63916606,45.70852163,52.58105434,52.75684432,54.64515953,21.24687554,43.3430112
661,76.7043866,77.59648025,46.21285202,52.58136682,52.8727262,54.82126883,21.26232658,43.07341352
662,76.70718918,77.58809869,46.06589042,52.58173474,53.00763619,54.81018912,21.27352471,43.13562837
663,76.71233241,77.55068784,46.20274961,52.58176504,52.98984739,54.91860122,21.2787878,42.38905019
664,76.7071139,77.48325029,45.58886713,52.58019981,52.91118547,54.72261625,21.27517561,43.32227292
665,76.72067222,77.45094355,46.33415054,52.58169864,53.14205748,54.87757736,21.29010607,43.57113231
666,76.71736052,77.51724426,46.47617357,52.5826124,53.08363846,55.02050564,21.30783033,42.92824554
667,76.69910335,77.48395458,46.15628267,52.58250439,53.05933993,54.86881593,21.31630133,42.67938615
668,76.69905683,77.55598549,45.85490235,52.58159228,52.98265807,54.78329162,21.32127001,43.0941518
669,76.71444474,77.57441166,45.91645914,52.58074533,52.84818241,54.78437671,21.32282188,42.30609706
670,76.71723392,77.59962195,45.57317878,52.57824738,52.71983859,54.71562452,21.31468357,43.11489009
671,76.74265511,77.61052912,45.98924879,52.57811975,52.84355977,54.72337882,21.31819831,42.55495645
672,76.74077532,77.53580499,45.63430899,52.57747724,52.95925368,54.69071498,21.30938105,42.99046039
673,76.78825848,77.68880068,45.95796301,52.57677369,52.88222289,54.85086788,21.31755235,43.44670261
674,76.83755429,77.61346638,46.36807548,52.57794246,53.04127732,55.06801227,21.33023926,42.70012443
675,76.83998761,77.5851932,45.84610222,52.57769522,53.07605776,54.82621461,21.33288487,43.42596433
676,76.84276086,77.55885188,46.42383848,52.57879238,53.11863963,55.03098964,21.34723479,42.88676898
677,76.82160562,77.60052241,46.17419158,52.57925355,53.17516358,54.96668347,21.34630312,43.69556201
678,76.86881445,77.61055391,46.50325591,52.58039142,53.10333969,55.22668909,21.36993885,42.32683534
679,76.85156757,77.5667669,45.6398671,52.57754734,52.77710211,54.70673888,21.36860287,42.24388221
680,76.86536011,77.59437989,45.4473067,52.57527043,52.74637704,54.61542966,21.35842632,42.63790958
681,76.85211071,77.48930409,45.90987081,52.57556778,53.05648552,54.87478937,21.36088821,43.86146827
682,76.88113791,77.52901837,46.62545237,52.57809054,53.23928661,55.28113256,21.37730775,42.72086271
683,76.87314434,77.5948853,45.96389057,52.57707685,53.02590717,54.97252852,21.38743802,42.65864786
684,76.86855462,77.56536107,45.86128129,52.57620456,52.97197206,54.89294312,21.38512396,43.0941518
685,76.87238252,77.61416536,46.08116491,52.57644044,53.02173726,55.00278132,21.38677557,42.86603069
686,76.88176658,77.58918022,46.07866366,52.57508895,52.84168756,54.88427043,21.39387832,42.6171713
687,76.88548608,77.57127985,45.80752709,52.57417707,52.89910951,54.8285256,21.39071588,43.17710494
688,76.92219501,77.59494351,46.16007147,52.57532265,53.11830596,55.06305161,21.39808706,44.40066363
689,76.97264723,77.59129819,46.92706779,52.57843131,53.21184111,55.39556732,21.42789506,42.4927416
690,76.94591552,77.56568503,45.84532778,52.57647951,52.92176767,54.76200955,21.41896878,42.22314392
691,76.90871568,77.58413008,45.43734164,52.57245742,52.52425192,54.65816891,21.4067615,41.87059311
692,76.91375359,77.57293851,45.17037638,52.56937076,52.59827155,54.57538633,21.38697677,43.26005807
693,76.92502121,77.50376416,46.06925029,52.57004934,52.88817717,54.88505085,21.39467769,43.01119867
694,76.95350443,77.58741669,46.02378415,52.56996895,52.95673024,54.91315057,21.40065137,42.53421817
695,76.96199841,77.56397203,45.79483023,52.56920902,52.99972262,54.90960086,21.39757777,43.57113231
696,76.99450371,77.54251944,46.45277705,52.57153683,53.25286222,55.28466065,21.4142537,43.84072999
697,77.04522567,77.64108657,46.55491146,52.57356087,53.23769973,55.33377415,21.43898309,43.23931978
698,77.05557804,77.64095644,46.25642968,52.57439451,53.19311508,55.06276427,21.44798078,42.741601
699,77.02767781,77.54177169,45.98568957,52.57373198,53.05923084,54.86816939,21.4450938,43.75777686
700,77.07248317,77.55112799,46.64986325,52.57648062,53.30026771,55.29351421,21.45940334,42.99046039
701,77.05778795,77.48320469,46.11777044,52.57537056,52.97255229,54.92554879,21.4603619,42.99046039
702,77.10421716,77.637176,46.10964876,52.5759192,53.10201311,55.03479197,21.46219902,43.40522605
703,77.13290492,77.60214476,46.27375315,52.57544508,52.87766032,55.07710955,21.47131362,42.741601
704,77.11482362,77.58732794,45.8274941,52.57470018,52.90939629,54.89886113,21.4632845,42.72086271
705,77.10898398,77.5711184,45.80390437,52.57441213,53.00513543,54.8760153,21.45365601,43.52965574
706,77.13210864,77.65435963,46.25974271,52.573803,52.78078881,54.99053933,21.4636408,41.14475321
707,77.04510623,77.60587679,44.8843222,52.56902516,52.62161417,54.5084169,21.43810266,42.84529241
708,77.02675998,77.57290241,45.79001302,52.56816686,52.74825653,54.87743401,21.43776924,42.88676898
709,77.01954369,77.63583346,45.98471593,52.56771954,52.86248447,54.9717714,21.4290132,42.67938615
710,77.03104579,77.58953504,45.84106216,52.56573563,52.71080804,54.8745755,21.4200074,42.18166736
711,77.00857867,77.582573,45.53145685,52.56368815,52.76488371,54.81501821,21.41416933,43.15636665
712,77.01362722,77.59158426,46.12207071,52.56347869,52.83202398,55.02406282,21.4285052,41.72542513
713,76.99803753,77.5471486,45.27606502,52.56059459,52.79935603,54.60991473,21.40998307,42.78307756
714,77.02369222,77.59791309,45.79645636,52.55944326,52.78386644,54.7929976,21.41070751,42.92824554
715,77.06688719,77.61399151,45.9669924,52.5593985,52.92020188,54.93507582,21.4123278,43.42596433
716,77.08579853,77.6000794,46.31221428,52.560084,52.97161257,55.05886761,21.42803732,42.92824554
717,77.04166706,77.5900439,46.18380197,52.56073362,53.11827171,55.0936671,21.42971305,43.90294484
718,77.07615374,77.61099023,46.89584555,52.56309735,53.21075921,55.32010283,21.44894694,43.17710494
719,77.09862472,77.66263227,46.45890976,52.56339445,53.10355887,55.26912914,21.44996402,42.20240564
720,77.08943365,77.58465654,45.63642412,52.56134239,52.92232747,54.91028177,21.43494937,43.32227292
721,77.11069702,77.53884037,46.28716787,52.56308893,53.17866997,55.15499765,21.44935098,43.4674409
722,77.14652214,77.52529544,46.54165273,52.56605532,53.4609765,55.28141321,21.46165569,44.40066363
723,77.16844543,77.62493871,46.98972048,52.56932115,53.38769608,55.40010838,21.49064813,42.741601
724,77.17031694,77.52762063,45.92211945,52.56672579,52.82085162,54.89281689,21.48599544,41.74616342
725,77.15057752,77.53540256,45.22470752,52.5636599,52.75459191,54.63691512,21.464636,43.30153463
726,77.1949175,77.52347016,46.20543646,52.56441614,52.9495271,55.10129781,21.47264057,43.19784322
727,77.2036899,77.51296205,46.28234784,52.56521268,53.06985253,55.17618796,21.48006168,42.55495645
728,77.19272715,77.54803688,45.7354062,52.56320897,52.82881443,54.89162774,21.46982257,42.32683534
729,77.17208211,77.57085809,45.49946281,52.56056455,52.67804186,54.76755121,21.46740799,42.16092908
730,77.14577305,77.57431448,45.3316872,52.5572809,52.54497679,54.67347866,21.45060558,42.67938615
731,77.14841177,77.55862259,45.71703832,52.55570546,52.62755137,54.85202805,21.44922634,42.72086271
732,77.1435074,77.53708828,45.84568536,52.5540785,52.64409784,54.95672276,21.45148407,42.32683534
733,77.14138295,77.63538071,45.69864962,52.5525868,52.77698572,54.91635562,21.43838844,42.78307756
734,77.16161207,77.52893055,46.01333401,52.55372043,53.15442904,55.03214591,21.4347377,44.27623393
735,77.20365167,77.63122678,47.0608579,52.55684146,53.25197307,55.46017761,21.45724253,42.741601
736,77.22479214,77.59709617,46.07959064,52.5565069,53.13135093,55.02992004,21.45697447,42.82455413
737,77.23698055,77.62727798,45.8547152,52.55492882,52.84831808,54.84651538,21.45257849,42.09871423
738,77.2221426,77.61872182,45.32754238,52.55078543,52.49092909,54.69285653,21.44029034,41.08253837
739,77.19172021,77.63618215,44.55119365,52.54470241,52.28114595,54.30804851,21.41183493,42.16092908
740,77.19732281,77.7146648,45.21024603,52.5426264,52.56404789,54.73194103,21.40343154,43.0941518
741,77.20274808,77.62845866,46.02579132,52.54339013,52.91011621,55.07637926,21.41070602,43.19784322
742,77.22980633,77.65036396,46.32456561,52.54424439,53.04663628,55.1038385,21.42320997,43.19784322
743,77.22795724,77.58816462,46.16080653,52.54357604,52.85252826,54.92565843,21.42772806,42.03649938
744,77.20912924,77.60650495,45.49907307,52.54088391,52.74160307,54.6469199,21.40604599,43.13562837
745,77.1956732,77.54933596,45.91473423,52.54019456,52.73549769,54.84815562,21.40613087,41.99502281
746,77.17631978,77.58749027,45.40758678,52.53823796,52.81929579,54.74072451,21.39334293,43.30153463
747,77.20913394,77.61776252,46.07961296,52.5371844,52.65995954,54.91268597,21.4021532,41.53878059
748,77.16246506,77.52447537,45.02453595,52.53256271,52.45971004,54.41579156,21.38381591,41.95354625
749,77.15354048,77.66961908,45.20104366,52.52983772,52.57125328,54.61321598,21.37364817,42.47200332
750,77.16910831,77.62596988,45.46414141,52.52831087,52.68616734,54.74277121,21.36653263,43.15636665
751,77.19644986,77.61505131,46.07598334,52.52967409,53.03251553,55.09406657,21.36872553,42.67938615
752,77.22684543,77.55253981,45.79424253,52.5276897,52.75408347,54.82896748,21.36524942,41.80837827
753,77.20817206,77.61156757,45.16628608,52.52388582,52.55957083,54.53165794,21.346887,42.65864786
754,77.20778883,77.58522899,45.6366038,52.5226381,52.66618125,54.70029145,21.34788593,43.44670261
755,77.23809358,77.57956699,46.35912751,52.5238503,52.91030627,55.11106029,21.3569412,42.76233928
756,77.24943736,77.60829364,46.03212661,52.5236531,52.96370128,55.21202705,21.34630073,42.86603069
757,77.29086946,77.6772914,46.1109053,52.52456347,53.14194159,55.10871815,21.35076648,43.40522605
758,77.31822772,77.57609394,46.36226307,52.52562352,53.10247456,55.14901093,21.37310045,43.61260888
759,77.35555243,77.63719255,46.45363052,52.52643214,52.99380029,55.29366004,21.38808117,42.45126504
760,77.32621393,77.6472608,45.80449248,52.52372804,52.67184856,54.88780248,21.38080858,42.03649938
761,77.31855813,77.61072152,45.45974364,52.52216526,52.83055033,54.7198291,21.36742228,43.50891746
762,77.34700449,77.6677326,46.42921612,52.5250569,53.252893,55.14653186,21.3846024,43.69556201
763,77.38543052,77.62526933,46.62847161,52.52653939,53.14857497,55.29290062,21.39580059,42.80381584
764,77.40537238,77.71938759,46.1884989,52.5267667,53.13398566,55.07436333,21.38888363,43.0941518
765,77.39767298,77.70490375,46.22419566,52.52702487,53.05890736,55.02111798,21.39881312,43.19784322
766,77.40649086,77.6500989,46.1499135,52.52762364,53.05600321,55.08958871,21.41078022,43.55039403
767,77.41875081,77.64240115,46.6538037,52.5304441,53.33157354,55.33792297,21.43437473,43.90294484
768,77.46774394,77.60338074,46.79918702,52.53211936,53.1666153,55.39800728,21.44938267,42.67938615
769,77.45740655,77.63348029,46.14851169,52.53169958,53.07247526,55.13231529,21.4371785,42.70012443
770,77.4728546,77.71833207,45.90324542,52.53022366,52.85496748,54.97296035,21.43478015,43.28079635
771,77.50722241,77.67277747,46.30667867,52.53073111,52.93623684,55.28162372,21.44595774,42.24388221
772,77.47738052,77.69836106,45.73162911,52.52942765,52.94704542,54.91619681,21.43665272,42.6171713
773,77.47860568,77.71890974,45.81135128,52.52884853,52.96590558,55.12763914,21.43582063,43.98589797
774,77.53152908,77.65235346,46.78766595,52.53140812,53.12681879,55.47517858,21.45769451,43.0941518
775,77.52411795,77.66214947,46.20427136,52.53040818,52.84722386,55.10199528,21.4694037,41.87059311
776,77.49261749,77.65574959,45.39016373,52.52731748,52.69931404,54.72934014,21.45378419,43.0941518
777,77.47546092,77.56449719,46.07925859,52.52798245,52.9351901,55.2477406,21.45710078,42.57569473
778,77.49035021,77.59157125,45.81752538,52.52654935,52.82963807,55.15191402,21.4494995,43.42596433
779,77.50527142,77.59926025,46.35165365,52.52733401,52.92199816,55.25531847,21.45656986,42.20240564
780,77.50380786,77.67383497,45.59181889,52.52540654,52.84074237,54.80439921,21.44535068,44.02737453
781,77.51670864,77.66711734,46.73507183,52.52858653,53.16616724,55.26738495,21.46103202,42.32683534
782,77.50095363,77.59546025,45.6715003,52.52436808,52.53349113,54.83960909,21.44716152,41.10327665
783,77.44998606,77.56245193,44.73914726,52.51873203,52.34784427,54.50572402,21.41111358,42.57569473
784,77.44020951,77.59280415,45.39286551,52.51573993,52.31177189,54.6398202,21.40383803,41.49730402
785,77.41421022,77.58780764,44.93714017,52.51122435,52.32724179,54.45891928,21.37621741,42.59643302
786,77.40761903,77.61446417,45.63499881,52.51017993,52.61383361,54.81540945,21.36264085,43.61260888
787,77.4450869,77.65094845,46.52678521,52.51247387,53.02064798,55.32711891,21.38604611,42.741601
788,77.47303505,77.6519405,45.96852291,52.50992397,52.622765,54.97134763,21.38677797,42.01576109
789,77.46730706,77.66963,45.46171549,52.50676444,52.53775961,54.75221992,21.37361744,42.76233928
790,77.50141763,77.60948616,45.95489097,52.50872753,53.1541686,55.00078118,21.37665486,44.52509332
791,77.55888104,77.5894736,47.16686205,52.51273382,53.29007238,55.58482714,21.41081111,42.741601
792,77.54164116,77.56829866,46.03629919,52.51198014,53.03535639,55.01641772,21.40641421,42.6171713
793,77.53634711,77.58766621,45.85921792,52.50920311,52.62520156,54.91984541,21.39624154,41.62173372
794,77.49607061,77.63973108,45.05539923,52.50541118,52.53309613,54.73879139,21.37521582,42.96972211
795,77.51469569,77.63309447,45.85733811,52.50407997,52.54651306,55.03571928,21.37436078,42.67938615
796,77.52358824,77.64030126,45.9664164,52.50462832,52.94256154,55.06990027,21.37510888,42.57569473
797,77.53484751,77.60709791,45.8241324,52.50342636,52.85778371,55.00460671,21.36771996,43.32227292
798,77.54568513,77.60334284,46.29115069,52.50451466,53.00031011,55.15234161,21.38395162,42.28535877
799,77.5349066,77.62157952,45.55397507,52.50248332,52.81781236,54.90024545,21.36912355,42.96972211
800,77.5193936,77.56885651,46.09495978,52.5034237,53.04870518,55.16608264,21.37707299,43.23931978
801,77.54032754,77.58967971,46.41217473,52.50624321,53.3971217,55.33714667,21.38663211,44.81542928
802,77.59818274,77.5533951,47.57540102,52.51355507,53.87117834,55.9470146,21.42783361,45.89381999
803,77.66001181,77.58850289,48.60047096,52.52487166,54.46995126,56.38666641,21.48370423,45.87308171
804,77.69149548,77.52611948,48.51879446,52.53424747,54.42003449,56.41458335,21.54011158,44.27623393
805,77.68725417,77.666545,47.44295064,52.53950013,54.14234429,55.86135456,21.56142997,44.58730817
806,77.71877528,77.68008757,47.45819313,52.54579355,54.11760712,55.82183637,21.58756554,44.44214019
807,77.74606595,77.68907354,47.46897033,52.55202672,54.14339201,55.86887001,21.60651012,45.45831605
808,77.82120782,77.70088682,48.34078215,52.56214516,54.53477299,56.32926931,21.65054971,46.35006221
809,77.88035371,77.66164374,48.8926728,52.5728915,54.58218223,56.52503273,21.7064468,44.69099959
810,77.87661116,77.64138659,47.91440885,52.58041331,54.51904298,56.22965444,21.73448686,45.79012858
811,77.93826173,77.65498135,48.67932736,52.5912359,54.75199216,56.46113624,21.77106051,45.00207383
812,77.95131279,77.59248034,48.23997875,52.59949582,54.64117895,56.3228652,21.80146207,45.70717545
813,77.99096796,77.63188173,48.42424756,52.6083019,54.50264186,56.35166058,21.8419631,44.60804645
814,78.00271088,77.70265978,47.95314769,52.61620409,54.59739913,56.11051919,21.85874175,46.18415595
815,78.08163682,77.69139044,48.8734199,52.62665199,54.65453599,56.55391312,21.90541357,44.81542928
816,78.09388838,77.59913256,48.10003674,52.63305851,54.38127264,56.36008753,21.91986765,44.96059726
817,78.10096947,77.6059653,48.00025201,52.64007346,54.32850481,56.35377934,21.93923106,45.00207383
818,78.11524904,77.68904703,47.90068514,52.64713067,54.30929234,56.13648634,21.95556446,44.00663625
819,78.1220156,77.67680144,47.26620803,52.65072588,53.99560178,55.91511135,21.95324746,44.35918706
820,78.13336522,77.67129771,47.50654381,52.65814247,54.40604453,56.07861285,21.95965149,45.70717545
821,78.1792334,77.68597238,48.52846115,52.66662603,54.41186505,56.57600886,21.99791571,45.12650353
822,78.18561709,77.76574243,48.10357848,52.67337486,54.28312068,56.42179865,22.01921591,44.23475736
823,78.16863481,77.70313104,47.58035446,52.6774643,54.02989462,56.0914959,22.01768278,44.21401908
824,78.15352063,77.63952285,47.5840264,52.68322174,54.20782433,56.07558422,22.0230975,45.35462464
825,78.19942639,77.70513292,48.218628,52.69249006,54.57417948,56.46003843,22.04174235,46.05972625
826,78.21239095,77.6352815,48.80514836,52.70180915,54.56628598,56.59550407,22.08512566,44.9191207
827,78.23310133,77.66421416,48.08204224,52.70848842,54.43197842,56.34601564,22.09553701,44.25549564
828,78.22469354,77.74150236,47.49189808,52.71452612,54.44664724,56.24597619,22.09639352,46.59892161
829,78.29772902,77.76381764,49.01640322,52.72576373,54.70267607,56.93014736,22.13199931,45.33388635
830,78.2788345,77.7714324,48.32813398,52.73264209,54.43145613,56.49985528,22.15313103,44.37992534
831,78.25520412,77.68243928,47.64309109,52.73755548,54.24575211,56.36658385,22.15695818,45.68643716
832,78.30464326,77.66508232,48.45742504,52.7474626,54.65770091,56.72965807,22.17845661,45.93529656
833,78.33032164,77.63470009,48.55100146,52.75611882,54.57090336,56.72986605,22.20307574,45.00207383
834,78.34445239,77.72881483,48.24289433,52.76463392,54.76530023,56.67102957,22.21293003,46.49523019
835,78.39616303,77.7214054,49.02490296,52.77525715,54.80982584,56.90071396,22.24996832,45.85234343
836,78.39598324,77.75098246,48.88620351,52.7855159,54.94710009,56.83997139,22.28048321,45.72791373
837,78.43533534,77.8002816,48.84481812,52.79480824,54.89357914,56.81143642,22.30541548,45.87308171
838,78.45000539,77.75180824,48.68218568,52.80379588,54.78810627,56.76834428,22.33065848,45.74865201
839,78.47730055,77.70021843,48.59658234,52.81210499,54.66985935,56.74341657,22.35179753,45.31314807
840,78.45759144,77.69053051,48.41385765,52.8198132,54.64063453,56.57939369,22.36421159,45.5205309
841,78.46279936,77.73660002,48.64507519,52.82900829,54.82075084,56.85185614,22.3758336,45.97677312
842,78.49033317,77.70862901,48.91587159,52.83939316,54.9875005,56.86503153,22.40357782,46.30858565
843,78.53253206,77.74239708,49.12165246,52.84815753,54.71180874,56.82432335,22.43414111,44.85690585
844,78.52722805,77.76733516,48.25334062,52.85492383,54.65804303,56.61670891,22.43535147,46.1219411
845,78.52206909,77.7231301,48.98139202,52.86421995,54.72140825,56.84174752,22.45274678,45.49979262
846,78.52152672,77.67680958,48.60560814,52.87163937,54.6104461,56.6895683,22.46196894,45.04355039
847,78.53093782,77.74317071,48.26186312,52.877785,54.48104388,56.4920035,22.46603587,44.58730817
848,78.51998869,77.73877276,47.92086393,52.88359345,54.4928054,56.5871067,22.46222765,46.32932393
849,78.56903993,77.64179041,48.97421719,52.89401344,54.8052912,56.84449213,22.48213494,46.28784737
850,78.59791131,77.70471588,48.99674853,52.90300348,54.72157244,57.05820176,22.50002496,44.48361676
851,78.59043699,77.73940616,47.85531662,52.90806818,54.52094772,56.57190517,22.49686728,45.62422231
852,78.61014009,77.74812006,48.45969794,52.91576097,54.57558868,56.78514302,22.50663888,45.95603484
853,78.63344153,77.8124883,48.69987348,52.92246971,54.35351734,56.90192883,22.52088305,44.46287847
854,78.61155799,77.79497244,47.85061014,52.92786874,54.4427706,56.59959724,22.51251586,45.29240979
855,78.60472824,77.70993364,48.21832494,52.9339097,54.37168802,56.71997826,22.51110728,44.89838241
856,78.60761695,77.71672991,48.15088142,52.94011471,54.47740004,56.65024188,22.51394517,45.85234343
857,78.64656645,77.6943774,48.86886386,52.94972314,54.8414365,57.02725135,22.53398438,45.95603484
858,78.63772543,77.64550899,49.04671765,52.95948801,55.00683322,57.19775122,22.55773615,46.16341767
859,78.66370025,77.69518964,49.06532998,52.96732023,54.71326516,57.10896015,22.5770079,44.52509332
860,78.62337997,77.62382314,48.13285209,52.97306015,54.68078969,56.66676568,22.56176591,45.81086686
861,78.65011103,77.65183415,48.75159369,52.98113106,54.7145103,56.85436506,22.58061972,45.14724181
862,78.66336901,77.65455641,48.37175136,52.9883453,54.76799421,56.70902113,22.57212691,46.51596848
863,78.71811901,77.65574412,49.26212564,52.99839844,54.90507537,57.14638487,22.59016149,45.70717545
864,78.70838585,77.67149676,48.80231222,53.00505853,54.63233599,56.94088119,22.59652519,45.23019494
865,78.69568289,77.70642742,48.44720992,53.01279802,54.82695562,56.86094523,22.58997676,46.20489423
866,78.74313097,77.76912585,49.05099554,53.02101063,54.73506689,56.98309309,22.61046668,45.10576524
867,78.73494264,77.69158068,48.33290835,53.02584585,54.43289868,56.43937497,22.61230282,43.96515968
868,78.68111388,77.66545441,47.40109233,53.02837255,54.22371211,56.21972887,22.58707538,45.06428868
869,78.66952808,77.66662521,48.15051208,53.03371091,54.310018,56.51800619,22.58831673,45.08502696
870,78.71356467,77.6825193,48.28400886,53.04090968,54.65646436,56.64119005,22.59132433,46.55744504
871,78.74842788,77.6484946,49.3723223,53.0514083,54.96844484,57.0912856,22.61590156,46.03898797
872,78.78710645,77.69443305,49.05973531,53.05895354,54.76242717,57.04989347,22.62897225,44.60804645
873,78.78059348,77.67419184,47.92556899,53.06164313,54.24968044,56.65171659,22.6086826,43.52965574
874,78.73399213,77.69451565,47.05526125,53.06228059,53.97852871,56.09226247,22.57928466,45.47905433
875,78.76213821,77.77123383,48.20620562,53.06834219,54.24475301,56.64948003,22.5799573,44.71173787
876,78.71669918,77.73818969,47.89303967,53.07274185,54.29324153,56.48787324,22.57765408,45.20945666
877,78.72316413,77.68019489,48.41662596,53.08063447,54.76952769,56.91931847,22.57893386,46.99294898
878,78.76180952,77.75160459,49.5003947,53.09081262,54.88604922,57.18532435,22.62116353,45.3961012
879,78.76908863,77.79669058,48.5811736,53.09666341,54.65279845,56.88142817,22.62599162,45.04355039
880,78.76687043,77.74767701,48.16270865,53.10291822,54.7172429,56.60909801,22.62080244,46.28784737
881,78.79802467,77.81412746,48.94609393,53.11032163,54.60837042,56.84898169,22.63303631,43.86146827
882,78.73247535,77.74904393,47.49682683,53.11273512,54.3843049,56.44051646,22.60573929,45.58274575
883,78.76485897,77.78311078,48.59969867,53.12047906,54.71851405,56.89945109,22.61616003,45.20945666
884,78.78906762,77.66913304,48.35494571,53.12717352,54.7985751,56.85625017,22.61424007,46.49523019
885,78.81812214,77.73657268,49.02924413,53.13590476,54.83158308,56.98081814,22.6365893,44.33844878
886,78.78022132,77.79338602,47.77382169,53.13831831,54.37531688,56.39240103,22.61045713,44.46287847
887,78.77542753,77.75631391,47.61276586,53.1408705,54.16823947,56.4525317,22.6006498,44.69099959
888,78.76571163,77.67313526,47.86105816,53.14458678,54.21748288,56.60059026,22.58652341,45.04355039
889,78.796143,77.75346797,48.25355895,53.15100831,54.60314662,56.69875331,22.58688038,46.16341767
890,78.82169583,77.69333921,49.05536489,53.1607042,55.0218003,57.17781075,22.60886735,46.28784737
891,78.85573864,77.84233174,49.2099143,53.16852915,54.86334422,57.18422294,22.63043833,44.73247615
892,78.87670909,77.77999785,48.16239079,53.17238529,54.54856029,56.64834287,22.62366078,45.43757777
893,78.90887929,77.7622518,48.4832229,53.17866938,54.6342003,56.79325563,22.62495531,46.39153878
894,78.94630107,77.72620288,49.16560434,53.1880601,54.93971156,57.25579018,22.64471075,46.14267939
895,78.95266052,77.74136284,48.99052954,53.19460326,54.67641247,57.16643629,22.65731187,43.98589797
896,78.88723281,77.63173072,47.43713463,53.19478725,54.08391958,56.32348211,22.63138778,44.40066363
897,78.86543841,77.71435694,47.65253606,53.1977863,54.18754408,56.49399111,22.6098741,44.73247615
898,78.87058242,77.78864488,47.9174546,53.20356264,54.61054924,56.61996674,22.6033509,46.45375363
899,78.88601869,77.78478026,49.15081804,53.21221334,54.82266057,57.21974852,22.61543538,45.5205309
900,78.88491941,77.67428008,48.87775158,53.22127585,55.23892476,56.98821186,22.61837993,47.0966404
901,78.95591796,77.76049557,49.78948146,53.23220461,55.3178308,57.54708308,22.65714969,46.20489423
902,78.98084236,77.75057347,49.14794566,53.23981864,55.04953213,57.22744326,22.67193509,45.31314807
903,78.97046579,77.73325631,48.6211734,53.24592258,54.92669796,56.99022255,22.67674539,45.85234343
904,78.98206436,77.81613743,48.88266615,53.25325502,54.9367009,57.1902509,22.68766792,45.74865201
905,78.99870925,77.69848244,48.91198189,53.26077691,55.00264781,57.17123741,22.69115871,46.30858565
906,79.00609598,77.68747407,49.25986385,53.27026055,55.22201367,57.35904972,22.70535679,46.01824969
907,79.02343651,77.80704691,49.04577854,53.27902822,55.2797112,57.23215853,22.71331102,47.0966404
908,79.08934386,77.76553339,49.88491809,53.29015738,55.41969805,57.63107608,22.74030744,46.39153878
909,79.09498497,77.77319536,49.34881746,53.29850415,55.21344257,57.49039822,22.75893299,45.89381999
910,79.08403044,77.76393449,49.05069304,53.30608302,55.13307584,57.28922737,22.76648742,45.5205309
911,79.07713575,77.77145844,48.67480041,53.31162255,54.86531566,57.11910944,22.77046033,45.02281211
912,79.06922527,77.71739165,48.46496635,53.31841226,55.09539196,56.98467165,22.765906,46.86851929
913,79.08455935,77.71592079,49.53385807,53.32758761,55.11167869,57.37423891,22.79337712,45.89381999
914,79.09867685,77.8161487,49.04635364,53.33463421,55.02808753,57.35164272,22.80369223,45.95603484
915,79.12559477,77.77683434,48.95190269,53.34051266,54.79029561,57.21819083,22.81251544,44.9191207
916,79.08951931,77.77654324,48.1441379,53.34493643,54.72405786,56.86776221,22.80180756,45.37536292
917,79.06898544,77.72107283,48.58820924,53.35083142,54.82418166,56.99444717,22.79847949,45.37536292
918,79.06563252,77.77104561,48.45151877,53.35582633,54.7211717,57.01017339,22.79424993,45.45831605
919,79.08210695,77.79881478,48.49561443,53.36005612,54.53402193,56.90438955,22.79671479,45.23019494
920,79.05557832,77.73237306,48.44936858,53.36413964,54.49274718,56.85640779,22.79171677,45.27167151
921,79.06192467,77.70715479,48.47972297,53.36930935,54.64259817,56.81654882,22.78137815,44.75321443
922,79.04757627,77.73157691,48.05701399,53.37316634,54.63445287,56.89051473,22.76331832,45.25093322
923,79.03491635,77.75460782,48.36949089,53.37815665,54.69618705,56.88812028,22.75416529,45.37536292
924,79.0203998,77.68033457,48.51512135,53.38331995,54.72159539,57.05237611,22.75830702,45.43757777
925,79.0412906,77.73783299,48.63770972,53.38913044,54.82418045,56.90673345,22.75596021,44.93985898
926,79.02800498,77.773113,48.09415246,53.39212125,54.54056985,56.77853929,22.74629092,44.96059726
927,79.00049789,77.77399888,48.15177973,53.394705,54.35175075,56.81727384,22.73200085,44.35918706
928,78.98437117,77.7250462,47.81030568,53.39803736,54.54918672,56.67913172,22.71313056,45.76939029
929,78.99675078,77.79159114,48.59848296,53.40398427,54.69724287,57.11435362,22.71433474,45.14724181
930,78.99160968,77.76324233,48.26461379,53.40753596,54.53994624,56.92131151,22.704182,44.62878474
931,78.95666831,77.69560145,48.00063557,53.41019741,54.46241932,56.67284094,22.69322014,45.10576524
932,78.95245351,77.65417898,48.20857948,53.41488074,54.63682183,56.75541589,22.69132888,45.74865201
933,78.97576993,77.69812404,48.73740696,53.42200483,54.95683025,57.01876375,22.70120583,46.16341767
934,78.97613642,77.7196806,49.0793179,53.42918218,55.00132244,57.26249711,22.71076217,45.47905433
935,78.96270883,77.71309154,48.58858124,53.43390388,54.7995564,57.00075974,22.7153453,45.43757777
936,78.96164028,77.74646513,48.55750234,53.43990396,54.94249899,57.00863626,22.71836979,45.41683949
937,78.97785503,77.77704662,48.45440036,53.44339713,54.60077401,56.97972251,22.72999153,45.04355039
938,78.96626597,77.73158004,48.13884143,53.44677453,54.52990859,56.97491014,22.72650714,44.794691
939,78.95847435,77.71793937,47.98531492,53.44983239,54.52194564,56.78571104,22.71169792,45.04355039
940,78.95797425,77.71328218,48.10776269,53.45415642,54.65985607,56.93532156,22.71309207,46.51596848
941,78.99486612,77.78914745,49.10345117,53.46218982,54.9495583,57.31944605,22.73817668,45.18871837
942,78.9842994,77.79511868,48.44864674,53.46661235,54.83930804,56.98439515,22.73092577,45.66569888
943,79.02487793,77.90452013,48.69140185,53.47249206,54.90790174,57.05041154,22.73838243,45.43757777
944,79.03560263,77.79004568,48.46988581,53.47644606,54.68223141,57.0602256,22.73827647,44.98133555
945,79.01798467,77.73059018,48.19729911,53.47976184,54.60013028,56.88211255,22.73146372,44.98133555
946,79.03751577,77.82420363,48.11158339,53.48285314,54.52544248,56.85495398,22.7237188,45.18871837
947,79.03776669,77.82010069,48.33638533,53.48835959,54.84865079,56.93194632,22.71779032,46.61965989
948,79.06876634,77.82157476,49.30701022,53.49631584,55.01586264,57.32961228,22.74049674,45.56200747
949,79.07303927,77.80563819,48.74905074,53.500779,54.79596695,57.158859,22.74003645,45.47905433
950,79.05308349,77.74120905,48.61909354,53.50676815,54.97956807,57.03655991,22.7469944,45.62422231
951,79.06215666,77.78849333,48.68686528,53.51140666,54.80754857,57.08380445,22.75064392,45.23019494
952,79.06312598,77.81428046,48.37948399,53.51408939,54.51521825,56.75256324,22.74323764,44.75321443
953,79.05379038,77.76074326,48.21606779,53.5191021,54.90694763,56.91943987,22.73165596,46.64039818
954,79.07594856,77.77624134,49.30118404,53.52697281,55.05694714,57.33359802,22.7611084,45.81086686
955,79.07732606,77.68176515,49.06916907,53.53392562,55.19798639,57.16165559,22.75244624,46.41227706
956,79.10620939,77.79936733,49.28113545,53.54118999,55.16337045,57.32761181,22.7696579,45.23019494
957,79.07651944,77.62707622,48.59682093,53.54574298,55.01119827,57.1217975,22.76077461,45.47905433
958,79.06827694,77.59613126,48.61143659,53.55014105,54.8549452,57.07714527,22.76271974,45.31314807
959,79.09078972,77.74824207,48.48543063,53.55479208,54.8792796,57.06364941,22.75386021,45.72791373
960,79.08374236,77.69997189,48.69224504,53.55984599,54.85299133,57.12485526,22.75860219,45.45831605
961,79.11154418,77.74909059,48.7205247,53.56563468,55.03630292,57.14670777,22.75086701,46.43301535
962,79.13805485,77.69828393,49.39651579,53.5728355,55.09209293,57.40116315,22.77166597,45.33388635
963,79.15007227,77.69881121,48.61128133,53.57661419,54.84808746,57.0865635,22.77477425,45.18871837
964,79.16205103,77.67758614,48.26857673,53.57887857,54.52915691,56.99359866,22.77351143,44.62878474
965,79.14465519,77.71428385,48.02604418,53.58109198,54.53446917,56.61763633,22.7554987,45.18871837
966,79.18173544,77.76558123,48.31606304,53.58605116,54.84641696,56.94870718,22.75000154,45.89381999
967,79.20902438,77.74448674,48.83394994,53.59238176,55.0242823,57.21270798,22.75907236,46.2463708
968,79.22790363,77.77358032,49.12560086,53.59775058,54.85629483,57.2860745,22.78011045,46.08046454
969,79.24168726,77.76913734,49.14019621,53.60525399,55.18673143,57.39752093,22.78650498,46.01824969
970,79.26380357,77.78259166,49.0250894,53.61068174,55.00975443,57.54980381,22.79361893,45.83160514
971,79.2587909,77.75505517,48.93739007,53.6151165,54.82146102,57.21833662,22.79704022,44.11032766
972,79.22851637,77.7910868,47.78098217,53.61641429,54.67646547,56.87595305,22.76818799,45.89381999
973,79.26378722,77.86878144,48.7285871,53.62285789,54.99735431,57.22878012,22.7748784,46.35006221
974,79.28613714,77.85247037,49.22524631,53.63069781,55.25628844,57.59311392,22.79367326,46.80630444
975,79.30001246,77.78924248,49.75591404,53.64051647,55.58243088,57.83957524,22.82139956,47.13811696
976,79.31471635,77.77933579,49.96126044,53.64976455,55.54778303,57.78439344,22.84859247,46.22563252
977,79.32516432,77.77517271,49.39369848,53.65633675,55.3356454,57.55835296,22.86175037,45.99751141
978,79.36373442,77.82402903,49.12009513,53.66313339,55.35206892,57.46555126,22.8583719,46.08046454
979,79.35986418,77.79164263,49.08180281,53.66801037,55.02513571,57.39643857,22.87026476,45.93529656
980,79.34688654,77.76906344,49.09869915,53.67526891,55.32267233,57.54036872,22.86859585,45.37536292
981,79.34786783,77.73286423,48.643859,53.67868383,54.96536606,57.2410131,22.85875531,45.37536292
982,79.34236027,77.78008003,48.57776176,53.68236068,54.85599489,57.13394686,22.85348035,46.35006221
983,79.36278275,77.77659321,49.21638478,53.68936904,55.10659409,57.44261841,22.87064067,45.91455827
984,79.36049889,77.84331058,49.00780616,53.69452669,55.03116178,57.38367355,22.87579706,44.93985898
985,79.36148112,77.9171433,48.18606081,53.6957256,54.60748239,57.0676133,22.86376396,45.02281211
986,79.31340622,77.77286527,48.1255161,53.69908314,54.7609338,56.97203642,22.85413963,45.76939029
987,79.30977913,77.84154283,48.78045577,53.70362547,54.82838145,57.29743864,22.85656235,45.58274575
988,79.31740186,77.78203975,48.74855601,53.70858903,54.98132813,57.2427707,22.84805296,45.97677312
989,79.3092672,77.75838132,48.92838011,53.71358664,54.94892149,57.22776849,22.85276422,44.75321443
990,79.30747232,77.84196278,48.16398876,53.71486606,54.64657287,56.94779727,22.83464735,45.66569888
991,79.30068965,77.8137447,48.67959974,53.71932811,54.79987265,57.04961705,22.82799824,45.37536292
992,79.32347944,77.76123333,48.52217424,53.72298871,54.81810402,57.13031034,22.82312571,45.95603484
993,79.32806811,77.75943236,48.84262244,53.72735674,54.79337043,57.20451888,22.82918387,45.27167151
994,79.3247007,77.73476643,48.45583283,53.73115655,54.87245308,57.12175169,22.81318614,46.41227706
995,79.29646108,77.76015681,49.20395604,53.73603467,54.78747954,57.4602574,22.83085346,44.71173787
996,79.29641687,77.82216496,48.3298397,53.73972334,55.01138912,57.0229779,22.81511102,46.16341767
997,79.28935993,77.78294056,49.00848373,53.74494648,54.9835782,57.30312492,22.82150413,45.33388635
998,79.2692487,77.83663338,48.62415208,53.7484879,54.91020461,57.24611391,22.80720762,45.70717545
999,79.28755606,77.72461917,48.74420321,53.75312983,54.96844061,57.35066629,22.8134425,45.47905433
1000,79.30203716,77.72148542,48.55747203,53.75658156,54.86268408,57.2406524,22.8075994,45.00207383
1001,79.29302714,77.75088484,48.31346965,53.75945151,54.85009456,57.08089394,22.7935958,45.58274575
1002,78.8925394,75.47984522,48.55767372,53.76268299,54.75090508,56.53062495,22.79926579,44.9191207
1003,78.65239448,74.2894555,48.13783415,53.76654039,54.99220895,56.22294147,22.7862169,46.82704272
1004,78.48479076,73.45469037,49.34849594,53.77363779,55.12948299,56.28037104,22.81472501,45.16798009
1005,78.29522127,72.80106369,48.44541042,53.77588296,54.82848753,55.66266995,22.80343751,44.9191207
1006,78.09059611,72.25536772,47.9482944,53.77656484,54.50505379,55.21840775,22.79380322,44.17254251
1007,77.90148142,71.78824974,47.23150739,53.7749818,54.1900843,54.87446065,22.76973712,44.75321443
1008,77.72756694,71.37571951,47.67084207,53.7756129,54.26655989,54.88188262,22.76121646,43.92368312
1009,77.55900549,71.00645911,47.0354967,53.77387234,54.12610793,54.47554121,22.72492005,44.42140191
1010,77.41117409,70.67594688,47.49074645,53.77624539,54.61812165,54.66610118,22.71083663,45.74865201
1011,77.26237131,70.37499093,48.29915107,53.77848583,54.45706098,54.71383449,22.71658235,44.73247615
1012,77.10647276,70.09077995,47.84066543,53.77903938,54.37321848,54.65738264,22.70015039,44.96059726
1013,76.94481561,69.82611198,47.92383302,53.78074629,54.47030485,54.41622097,22.6900504,44.58730817
1014,76.76968462,69.57436551,47.57721135,53.7819502,54.53376556,54.25082313,22.67334611,45.27167151
1015,76.62974541,69.33878248,48.10258381,53.78590906,54.83973204,54.36241678,22.67533232,45.08502696
1016,76.50100605,69.12582739,47.91937767,53.78617751,54.40717828,54.24607373,22.67395894,44.46287847
1017,76.33531416,68.91484801,47.42601156,53.78663159,54.41414082,53.9271296,22.6620143,45.25093322
1018,76.19231614,68.72047177,47.98814713,53.78852374,54.45117717,53.97733531,22.6607092,44.15180423
1019,76.04051327,68.5338327,47.20745783,53.78748343,54.2720744,53.6066132,22.63196616,44.31771049
1020,75.87564579,68.34663414,47.10965651,53.78537007,53.97009006,53.48390152,22.61213003,44.9191207
1021,75.76227547,68.17602086,47.57622878,53.78787119,54.44466564,53.6527773,22.60942395,44.794691
1022,75.62029718,68.01163307,47.54934878,53.78952997,54.54893988,53.6895888,22.59468879,44.9191207
1023,75.48211992,67.85169666,47.64035651,53.79043266,54.4337198,53.60171749,22.58743181,44.77395272
1024,75.33859634,67.69777507,47.55594812,53.79258148,54.62834005,53.4445786,22.58495487,45.31314807
1025,75.2075348,67.54742384,47.84370399,53.79478835,54.58113614,53.52635674,22.58478927,44.56656989
1026,75.03712953,67.39448896,47.49816449,53.79539354,54.49659578,53.33666609,22.57791808,45.23019494
1027,74.91864324,67.25885013,47.71737573,53.7964696,54.36362484,53.23298646,22.57370689,44.40066363
1028,74.78358923,67.11628546,47.32188878,53.79770702,54.55632096,53.07141826,22.55930714,45.20945666
1029,74.66965326,66.99186255,47.62336125,53.79893652,54.42445687,53.03531198,22.55656001,44.6702613
1030,74.54139295,66.86291648,47.32402651,53.8001485,54.50858337,52.91426817,22.54895047,44.81542928
1031,74.41710153,66.7350868,47.50880544,53.80185073,54.59068117,52.97723721,22.53894277,45.06428868
1032,74.29425211,66.71827213,47.59130481,53.80279825,54.43093139,52.74579454,22.54716195,44.56656989
1033,74.1775907,66.70227352,47.16077248,53.80310214,54.38445711,52.6829483,22.53658513,44.73247615
1034,74.05372844,66.68700878,47.13567935,53.80241567,54.15788668,52.41750028,22.52946297,44.56656989
1035,73.92329549,66.66834518,47.04664058,53.80243768,54.21993407,52.51851465,22.52298692,43.77851514
1036,73.78856037,66.65194145,46.56425945,53.79991947,54.03721741,52.26584672,22.49893795,45.18871837
1037,73.70924292,66.64053373,47.52103502,53.80371215,54.63180089,52.61145802,22.50799003,45.83160514
1038,73.6408104,66.62967057,48.24706515,53.80891745,54.95942629,52.99196362,22.52889679,45.72791373
1039,73.55671105,66.61892399,48.03144266,53.81085368,54.58543922,52.82886581,22.54545402,43.96515968
1040,73.43885145,66.60272753,46.92739647,53.80888076,54.24123078,52.27762977,22.52045583,43.69556201
1041,73.34654783,66.59290168,46.44090008,53.80735186,54.23625829,52.09898572,22.49111113,45.31314807
1042,73.26274673,66.58087148,47.45573109,53.80811547,54.1826041,52.46014986,22.50265944,43.57113231
1043,73.15008024,66.5683955,46.57462242,53.80565099,54.0906288,52.09942361,22.4724411,44.69099959
1044,73.09232127,66.5605208,47.00771655,53.80630801,54.27026715,52.30820541,22.4627459,44.33844878
1045,72.99838562,66.54759819,46.87860616,53.80698706,54.45192957,52.32401481,22.45502335,45.37536292
1046,72.93439776,66.54224622,47.54398299,53.80857986,54.40165684,52.37067177,22.46972435,44.44214019
1047,72.84305287,66.53004374,46.9455873,53.8078225,54.23444263,52.05111734,22.45930847,44.73247615
1048,72.78959118,66.5227981,47.11547636,53.80825786,54.28458416,52.11578601,22.4569403,44.21401908
1049,72.73424965,66.51766832,46.71429041,53.80777096,54.29150763,52.02648671,22.45493788,44.93985898
1050,72.67042094,66.51010021,47.2013631,53.80861061,54.32179441,52.11962311,22.45293069,44.73247615
1051,72.6084289,66.50208224,47.046497,53.80824071,54.19097407,52.07654543,22.44550727,43.84072999
1052,72.54634159,66.49524992,46.55580232,53.8066256,54.16735105,51.85458826,22.42214158,44.75321443
1053,72.47672958,66.48510713,46.99607353,53.8075139,54.33071944,52.05401851,22.4240596,44.44214019
1054,72.40660721,66.47521673,46.83913634,53.80600655,54.08685431,52.02578681,22.42386436,44.29697221
1055,72.34720531,66.4688259,46.56532825,53.80307144,53.77956422,51.86742621,22.40952486,43.2185815
1056,72.2870347,66.45927113,45.97992179,53.8003005,53.95841691,51.63173646,22.38201392,45.31314807
1057,72.24905645,66.45388773,47.22699566,53.80262867,54.32146918,52.07003401,22.39748233,44.50435504
1058,72.20729366,66.44630333,46.87263518,53.80190645,54.19327686,51.9461513,22.39216311,44.31771049
1059,72.11332375,66.43491106,46.57215501,53.80081644,54.12391514,51.78154518,22.38191298,44.56656989
1060,72.03034915,66.4223686,46.78719497,53.79932423,53.95990881,51.82455822,22.37876343,43.30153463
1061,71.96607629,66.41403257,45.90421769,53.79501954,53.7556537,51.42221653,22.35097988,42.94898382
1062,71.88571519,66.40152673,45.63601723,53.78998351,53.63137775,51.26537267,22.32448982,44.50435504
1063,71.84096206,66.39632835,46.62127963,53.78875583,53.79420383,51.49181483,22.32233197,43.59187059
1064,71.77188489,66.38728561,46.13484802,53.78501985,53.68786074,51.36846396,22.30656077,43.61260888
1065,71.71995702,66.38012891,46.06088914,53.78240147,53.81870592,51.45905883,22.28248748,44.54583161
1066,71.67522928,66.37604141,46.72341379,53.78272829,54.11166679,51.78224836,22.27658716,44.1932808
1067,71.63268384,66.36914065,46.47798036,53.78051066,53.91136543,51.53830082,22.26714021,43.79925342
1068,71.58271122,66.36167068,46.34402142,53.77827317,53.9238903,51.33907997,22.25446084,43.30153463
1069,71.52335179,66.35588379,45.80825179,53.77284206,53.530611,51.05401608,22.23048757,42.94898382
1070,71.45296555,66.3451294,45.41999425,53.76834655,53.60294844,51.00673757,22.20016471,44.50435504
1071,71.42079698,66.33946388,46.51155637,53.76808623,53.92360347,51.58761317,22.20259936,44.1932808
1072,71.38910844,66.33486559,46.52488025,53.76651894,53.92844821,51.51109899,22.19884768,44.15180423
1073,71.35830359,66.33283774,46.43986022,53.76633918,54.16482452,51.48610015,22.19388852,45.37536292
1074,71.35115571,66.33173711,47.27218381,53.76821419,54.29157713,51.92773136,22.21375538,44.21401908
1075,71.31001256,66.32487385,46.59021388,53.76839074,54.37307588,51.65553354,22.21493094,45.6449606
1076,71.29779069,66.32056703,47.55455683,53.77091588,54.41779062,51.92824773,22.23275049,43.79925342
1077,71.26149073,66.3181039,46.33344043,53.76718439,53.88722931,51.35279737,22.2283579,43.65408544
1078,71.19963604,66.30932873,45.87157273,53.76354544,53.70635542,51.07626215,22.22468688,43.92368312
1079,71.16712774,66.30760144,46.2247282,53.76234508,53.96305031,51.29827311,22.21605455,44.27623393
1080,71.13634096,66.30431366,46.43207789,53.76229113,54.1725559,51.41268911,22.21955102,45.08502696
1081,71.10755995,66.3011518,47.10795209,53.76493277,54.49435732,51.63496716,22.23267045,45.43757777
1082,71.11447638,66.30135015,47.34420124,53.76624576,54.32719632,51.71016611,22.24406418,43.05267524
1083,71.05306991,66.29430282,45.71661964,53.76000648,53.62648704,50.89823806,22.21185352,42.94898382
1084,70.98707365,66.28637927,45.42093476,53.75471941,53.5055419,50.79636633,22.18324221,44.08958938
1085,70.95697038,66.28028212,46.19030365,53.75343747,53.80621609,51.21866334,22.1826257,44.71173787
1086,70.93015107,66.27628693,46.86334523,53.75544618,54.3190129,51.58247432,22.19025748,44.23475736
1087,70.90685986,66.27288541,46.60029709,53.75403198,54.09977312,51.45514385,22.18483019,44.71173787
1088,70.86906002,66.27010745,46.81987275,53.75332605,53.99336276,51.46774908,22.19861213,42.94898382
1089,70.80616282,66.26265406,45.54370847,53.74809711,53.66007628,50.86782119,22.1712976,42.99046039
1090,70.76387067,66.25700201,45.24740083,53.74213535,53.37837219,50.65533949,22.14428225,43.48817918
1091,70.72238295,66.2530337,45.75095699,53.74028577,53.80033239,50.9999799,22.13377123,45.06428868
1092,70.73052067,66.25449067,46.83749765,53.74247983,54.24082243,51.44211392,22.14885258,44.60804645
1093,70.71598044,66.2511234,46.70721273,53.74305415,54.28824856,51.43203235,22.15156798,45.14724181
1094,70.70211919,66.24892319,47.14087371,53.74588018,54.54047193,51.51359263,22.17127499,45.27167151
1095,70.66321229,66.24419822,47.13450963,53.74630672,54.22084607,51.47613151,22.18923413,43.52965574
1096,70.62715631,66.23914725,46.04041501,53.74250521,53.84701035,50.92169558,22.17555182,43.4674409
1097,70.58873823,66.23554549,45.86675955,53.7393554,53.80572527,50.83269429,22.16098658,44.25549564
1098,70.5900493,66.23196545,46.24687096,53.73747562,53.77848796,51.03953095,22.15929505,44.04811282
1099,70.55571965,66.22745944,46.42883738,53.73816208,54.25137542,51.20986734,22.15438239,45.43757777
1100,70.55822945,66.22870226,47.12354035,53.7393889,54.1766395,51.44728706,22.17468589,44.40066363
1101,70.54296028,66.2263246,46.76139728,53.73950737,54.2347847,51.38527286,22.17771017,44.75321443
1102,70.5279613,66.22682876,46.93659274,53.74104783,54.40613019,51.40162237,22.18901102,45.08502696
1103,70.53537363,66.22718423,47.09003516,53.74197573,54.29203504,51.56666849,22.20875897,44.52509332
1104,70.54056031,66.23074833,46.71425488,53.7414476,54.14320819,51.30835438,22.21760284,43.73703857
1105,70.5186479,66.22798647,46.01872406,53.73899184,53.97123275,51.03816386,22.21029209,44.31771049
1106,70.46093765,66.22212259,46.39605737,53.7381809,54.01442644,51.11894128,22.21073781,44.04811282
1107,70.43009998,66.21774347,46.26768444,53.73631515,53.92662851,50.99856525,22.2039612,43.90294484
1108,70.38348683,66.21088417,46.2774563,53.73688462,54.32704532,51.13516594,22.20120174,45.87308171
1109,70.35295432,66.20769953,47.34645946,53.7391011,54.25091585,51.51590972,22.22458919,43.57113231
1110,70.31183886,66.2024298,46.19454647,53.73586,53.93094386,50.99992263,22.20773808,43.75777686
1111,70.27174792,66.19546088,46.05161091,53.73455306,54.05902703,50.92578564,22.19815732,44.42140191
1112,70.293408,66.2003554,46.4421139,53.73348346,53.98175412,51.15945023,22.19937969,44.52509332
1113,70.29216938,66.20155482,46.53494979,53.73296336,54.01177151,51.20160181,22.20495522,43.38448776
1114,70.25626976,66.196889,45.83880184,53.72900925,53.74601337,50.9401007,22.18206395,43.9444214
1115,70.23332422,66.18975768,45.93531287,53.72582695,53.60540444,50.79654947,22.17339986,44.04811282
1116,70.21844644,66.18921516,46.17318545,53.72529655,53.95801925,51.07726225,22.16498385,43.9444214
1117,70.22194538,66.19131499,46.07047266,53.72260873,53.77998732,50.94522703,22.15880818,43.36374948
1118,70.18669925,66.18888527,45.72476396,53.72033651,53.92602153,50.78740954,22.14040732,44.13106595
1119,70.17249881,66.18749956,46.1857474,53.71907557,53.95800353,50.92992644,22.13920002,44.54583161
1120,70.17430026,66.18594476,46.44518105,53.7185159,53.97796826,51.0966722,22.13638726,43.40522605
1121,70.15276071,66.1819584,45.77591767,53.71622376,53.99929687,50.77811341,22.11849721,44.64952302
1122,70.13990469,66.17822687,46.55545033,53.71783086,54.32388531,51.15834983,22.12845236,44.93985898
1123,70.14455161,66.1796225,46.93485887,53.7197621,54.44644835,51.30616473,22.14799757,45.00207383
1124,70.13713521,66.17630172,46.91578442,53.72049872,54.28438616,51.18308109,22.15806499,44.00663625
1125,70.08221824,66.17002523,46.15097252,53.71829552,53.98378964,50.80566151,22.15874693,44.37992534
1126,70.08522573,66.17172681,46.44126595,53.71812079,54.09143943,51.08266211,22.16098858,43.50891746
1127,70.06191642,66.1687608,45.95373436,53.71578534,54.00619955,50.84559878,22.14722809,44.27623393
1128,70.06090912,66.16893625,46.36724721,53.71572067,54.14713384,51.08015781,22.15418046,44.54583161
1129,70.05555049,66.16837189,46.65843356,53.71653555,54.28069178,51.22626122,22.16277106,44.9191207
1130,70.01754654,66.16169555,46.95518565,53.71714603,54.20660387,51.25749103,22.17933739,43.55039403
1131,69.98290473,66.15674503,45.9730909,53.71437713,53.9741939,50.78867125,22.16544278,43.15636665
1132,69.96653792,66.15535674,45.41370428,53.70938599,53.60198987,50.60768408,22.14213484,43.26005807
1133,69.93692047,66.15051636,45.42350169,53.7048868,53.49016022,50.53488821,22.11548106,43.38448776
1134,69.88618891,66.14520842,45.50166627,53.70111114,53.52663947,50.54607612,22.09275386,43.13562837
1135,69.86906878,66.14293855,45.53282923,53.69794198,53.71044414,50.56153614,22.06898855,44.77395272
1136,69.8748031,66.14375958,46.64737837,53.69943691,54.12928718,50.99051654,22.07809516,45.72791373
1137,69.89507436,66.14873556,47.39832244,53.70301015,54.40427195,51.36019465,22.10475483,43.3430112
1138,69.8211294,66.14078109,45.97707258,53.70115275,54.25700622,50.64460307,22.09185118,45.06428868
1139,69.80562932,66.13817391,46.77491526,53.70192521,54.1665637,51.15358204,22.10610901,42.88676898
1140,69.74388229,66.12905612,45.38487959,53.69596866,53.58916403,50.42399945,22.08232886,43.32227292
1141,69.73576167,66.12781161,45.58526954,53.69265244,53.65086423,50.52280326,22.0717952,44.33844878
1142,69.74757171,66.12810717,46.24458285,53.69238191,53.91003352,50.79777468,22.07641606,44.27623393
1143,69.75268515,66.1296367,46.37266895,53.69223637,54.0644478,50.92909251,22.08293384,44.37992534
1144,69.75306228,66.12966974,46.45857026,53.69134788,53.98686726,51.02114892,22.08217245,44.21401908
1145,69.73295304,66.12626709,46.11724575,53.68857464,53.67880894,50.74209894,22.08236076,43.19784322
1146,69.69676769,66.12147395,45.60938214,53.68519861,53.71751332,50.54778965,22.06055115,44.0688511
1147,69.69981141,66.1247826,46.07776346,53.68419924,53.89448764,50.98716253,22.05900995,45.25093322
1148,69.70302434,66.12675567,46.95543407,53.68553367,54.04483448,51.13997802,22.07796996,43.96515968
1149,69.67890898,66.12276224,46.41549932,53.68490332,54.12501316,50.92767426,22.0760624,45.04355039
1150,69.70109855,66.12378056,46.83419698,53.68634905,54.21523029,51.02596908,22.08984314,44.46287847
1151,69.72717108,66.12741272,46.58936492,53.68713137,54.30032773,51.12837913,22.09789199,44.75321443
1152,69.71754849,66.1253621,46.69739143,53.68713729,54.13063583,51.08943604,22.10588804,43.05267524
1153,69.67181626,66.12101761,45.62463308,53.68345288,53.89483452,50.41766824,22.08684512,44.58730817
1154,69.64969473,66.11732168,46.49418835,53.68446662,54.16165609,50.93506845,22.09373603,44.73247615
1155,69.65213024,66.11740876,46.75284144,53.68405715,54.00673412,50.9227808,22.09010877,42.76233928
1156,69.61428956,66.10861749,45.30085007,53.67926625,53.72992483,50.32841368,22.06437871,43.84072999
1157,69.61511076,66.10991064,45.70704102,53.67525675,53.45079875,50.45116955,22.06239316,43.2185815
1158,69.58423007,66.1056637,45.43255068,53.67158078,53.54854217,50.34576505,22.04937051,43.30153463
1159,69.56137439,66.10155331,45.61860071,53.66961166,53.85305941,50.49188722,22.03176388,45.06428868
1160,69.59465239,66.10309709,46.65469171,53.66948207,53.81848192,50.97574532,22.04363505,43.13562837
1161,69.55529272,66.09730069,45.54236418,53.66477825,53.54607249,50.45135196,22.02674449,43.79925342
1162,69.51624056,66.09476179,45.72284108,53.66147758,53.48114445,50.40397712,22.01305546,43.36374948
1163,69.46674303,66.0880788,45.55608985,53.65814,53.56412137,50.46192231,21.99643672,43.75777686
1164,69.43737905,66.08272787,45.88994551,53.65659549,53.78742959,50.68998823,21.99041953,43.55039403
1165,69.40000138,66.07690041,45.76200183,53.65383328,53.73997462,50.49691873,21.98777187,45.23019494
1166,69.4122884,66.07997015,46.88677335,53.65542123,54.00156508,51.03832896,22.01934871,43.88220655
1167,69.40257373,66.07880067,46.15359187,53.65269862,53.75799194,50.6478267,22.01580199,43.07341352
1168,69.35318013,66.07021869,45.5089518,53.64935716,53.7555992,50.34305878,21.99947753,45.20945666
1169,69.37199704,66.07207411,46.82405623,53.65208097,54.1942917,50.92783865,22.0170689,44.75321443
1170,69.37449439,66.07412388,46.72050663,53.65287298,54.19008303,50.88214274,22.03222726,44.54583161
1171,69.37763571,66.07595151,46.50184289,53.65260521,54.06479249,50.64495165,22.03977116,44.13106595
1172,69.35811179,66.07480144,46.20595808,53.65051714,53.81700854,50.60586437,22.03704455,42.88676898
1173,69.31006669,66.06769804,45.38710671,53.64633991,53.68939725,50.2508061,22.01726704,44.00663625
1174,69.33947748,66.07241681,45.80546803,53.64406383,53.64833522,50.50808107,22.01356314,43.65408544
1175,69.32516438,66.06969804,45.73640376,53.64140335,53.65688935,50.34635239,22.00747888,43.3430112
1176,69.30222115,66.06483913,45.49313854,53.63883662,53.75397599,50.37796099,21.99932675,43.9444214
1177,69.31954445,66.06857232,46.00192466,53.63697581,53.75307725,50.60812852,21.99664731,43.55039403
1178,69.26966081,66.06109367,45.69479053,53.63409868,53.68957406,50.45871645,21.98599602,44.44214019
1179,69.27957347,66.06219,46.43514864,53.63540253,54.11306674,50.74777785,21.99826701,44.60804645
1180,69.30704672,66.0659825,46.46234859,53.6348652,53.94987064,50.74881854,22.01654492,43.77851514
1181,69.28661833,66.06192937,45.94231526,53.63302292,53.88244727,50.56132254,22.01455426,44.27623393
1182,69.28974081,66.06037884,46.3478243,53.63393056,54.17792875,50.76952665,22.02305521,45.20945666
1183,69.30120482,66.06148383,46.93298222,53.63642051,54.32040222,51.19478087,22.0497518,44.29697221
1184,69.27961079,66.06044289,46.49205272,53.63613502,54.17148299,50.84695658,22.05621533,43.79925342
1185,69.27741531,66.05919985,45.98714206,53.63495461,54.09131172,50.65889652,22.0524568,45.10576524
1186,69.2778951,66.05704907,46.63274831,53.63575359,54.03949488,50.83048975,22.07565263,43.36374948
1187,69.23998652,66.0529449,45.61389854,53.63191832,53.70230083,50.26082714,22.06447903,43.79925342
1188,69.20178373,66.04679773,45.83405656,53.62956721,53.68264278,50.50437626,22.05410233,43.96515968
1189,69.18176055,66.04536307,46.0166784,53.628613,53.86812657,50.5206714,22.04762063,43.23931978
1190,69.17480323,66.04372906,45.48918116,53.62541031,53.76573983,50.4440374,22.03585265,44.69099959
1191,69.18023405,66.04611518,46.42686388,53.62554452,53.88436634,50.613957,22.04883131,43.86146827
1192,69.17492083,66.04295865,46.13512909,53.62513175,54.06908146,50.67524492,22.04516881,45.14724181
1193,69.19327937,66.0480817,46.89451408,53.62623302,54.05676903,50.91945712,22.06906993,43.59187059
1194,69.15014401,66.04345447,45.92853253,53.62407878,53.92235829,50.52465745,22.05813646,44.29697221
1195,69.14435398,66.04173392,46.2393186,53.62397999,54.01413936,50.41876989,22.06073531,44.48361676
1196,69.15789007,66.04454148,46.33870814,53.62378484,53.99403534,50.63872829,22.0633124,44.46287847
1197,69.1255193,66.03995865,46.39686618,53.62356462,53.98515726,50.78628191,22.07385148,43.38448776
1198,69.08224824,66.03442609,45.63408259,53.61999475,53.71317458,50.30855869,22.05960528,44.35918706
1199,69.08735218,66.03761278,46.18059191,53.61952851,53.84627286,50.72960564,22.06446208,44.17254251
1200,69.07579514,66.03403707,46.21403598,53.61983659,54.08462898,50.75928369,22.06956554,44.25549564
1201,69.07420672,66.03470987,31.54677774,53.61495315,53.29307868,45.0540053,22.07751724,41.28992119
1202,69.0042488,66.02554085,27.69592422,53.60594599,53.04746099,43.42312919,22.03321726,43.15636665
1203,69.01074169,66.02668927,26.85020408,53.60142538,53.18447647,43.17702338,22.02036763,42.76233928
1204,68.95563109,66.01998489,26.32558991,53.59352338,52.79049608,42.88554206,21.99997552,41.1654915
1205,68.87229707,66.00891851,25.60689617,53.58281881,52.56588382,42.54786179,21.94650298,42.14019079
1206,68.84071577,66.00664182,25.69539433,53.57504243,52.68802399,42.50376341,21.9043631,42.94898382
1207,68.82013776,66.00529799,25.94762815,53.57037435,53.03731278,42.65566061,21.89169339,42.65864786
1208,68.795039,66.00133729,26.09978615,53.56614409,53.33430296,42.79296211,21.87381862,43.52965574
1209,68.81782953,66.00575374,26.38462433,53.56167986,53.19019343,42.939198,21.87056929,42.47200332
1210,68.80225045,66.00675937,26.11062692,53.55671124,53.31916139,42.81193193,21.84460897,43.44670261
1211,68.79760216,66.00488759,26.26532717,53.55219978,53.1881112,42.82855749,21.84492439,41.91206968
1212,68.77571619,66.00292666,25.71664395,53.54330078,52.8063996,42.55731687,21.81733576,41.82911655
1213,68.70770765,65.99410279,25.63621437,53.53420249,52.61825775,42.41109672,21.78420797,42.26462049
1214,68.70040152,65.99358008,25.77634751,53.52639837,52.6280274,42.45063843,21.7545633,41.93280796
1215,68.65721248,65.98478153,25.6293817,53.51897968,52.77869885,42.42089011,21.72011264,42.53421817
1216,68.641372,65.98407943,25.81231346,53.51152424,52.67453778,42.53390364,21.70727151,41.80837827
1217,68.58697913,65.97699993,25.52711927,53.50143802,52.37217651,42.34255565,21.68388382,41.18622978
1218,68.55689803,65.97333874,25.22705437,53.49157464,52.43691962,42.20728276,21.64419943,42.82455413
1219,68.56200229,65.97304089,25.49765877,53.48579318,52.70010265,42.2700829,21.63806754,41.642472
1220,68.53331601,65.96759492,25.37345493,53.47784381,52.76324707,42.22618562,21.60245021,43.13562837
1221,68.53358505,65.96665272,25.78858911,53.47300099,52.89808229,42.42724028,21.60647107,42.26462049
1222,68.51740634,65.96150901,25.62599887,53.46478751,52.63005933,42.33057598,21.5941583,41.7669017
1223,68.4977097,65.9571246,25.40769466,53.45691878,52.69509219,42.35573063,21.56883377,42.47200332
1224,68.47664617,65.95513233,25.61044769,53.45105995,52.86638377,42.44536956,21.55774952,41.97428453
1225,68.43922782,65.95175099,25.57843288,53.44333808,52.76066775,42.36810875,21.53903041,42.34757362
1226,68.41795157,65.95131754,25.82988195,53.43452194,52.4162527,42.44689764,21.53211144,40.56408129
1227,68.3657116,65.94393485,25.21143778,53.42344038,52.35390045,42.14475329,21.49636238,42.18166736
1228,68.33722483,65.93898161,25.59674905,53.41658292,52.58784745,42.31862664,21.49062909,42.05723766
1229,68.33509597,65.93939701,25.56057141,53.40852531,52.5206122,42.25775822,21.47819729,41.02032352
1230,68.27653019,65.93344446,25.12327518,53.39702941,52.19048304,42.00921514,21.44699701,41.82911655
1231,68.27626102,65.9344719,25.39676951,53.39083823,52.70495535,42.18076692,21.42638551,44.37992534
1232,68.32653848,65.94182538,26.31457951,53.39017253,53.16144271,42.71488404,21.45240239,41.95354625
1233,68.28044476,65.93781985,25.76524109,53.38299373,52.9242938,42.42995659,21.43917413,42.47200332
1234,68.26223026,65.93459919,25.80316027,53.37728493,52.92494279,42.42538622,21.43390986,43.44670261
1235,68.26327065,65.93264192,26.20482684,53.37271794,52.85191099,42.53877064,21.44370033,41.55951887
1236,68.21824411,65.92734888,25.81761799,53.36502472,52.79660011,42.35608107,21.41913182,43.07341352
1237,68.23937043,65.93286234,26.075206,53.36203369,53.14787004,42.47431869,21.42376387,42.741601
1238,68.20932226,65.92792944,26.07715127,53.35643756,52.95049006,42.42643539,21.42641774,42.34757362
1239,68.18474422,65.9252761,25.86024967,53.35047858,52.90476629,42.3879407,21.41482606,42.07797594
1240,68.18626587,65.92394399,25.65019762,53.34431566,52.91629746,42.29596477,21.40440944,41.70468685
1241,68.16577345,65.92274601,25.49171299,53.3364297,52.72431088,42.17817396,21.38710864,42.96972211
1242,68.19321047,65.9281215,25.78065859,53.33196972,52.86914239,42.31868949,21.3921888,42.03649938
1243,68.16023088,65.92328681,25.54232318,53.32338955,52.49140653,42.20653855,21.38437091,42.45126504
1244,68.14129846,65.92030211,25.74962025,53.31728159,52.62401833,42.28810526,21.38337211,41.43508917
1245,68.11423821,65.91649589,25.52847156,53.30776578,52.37412879,42.09334128,21.3682006,42.26462049
1246,68.11286435,65.9175572,25.6515393,53.30095848,52.48499365,42.18477094,21.35796705,41.22770635
1247,68.11093033,65.91625005,25.1851542,53.29221386,52.48511966,41.90936286,21.34057766,42.20240564
1248,68.09258688,65.91330364,25.35890369,53.28753938,52.8917924,42.13250881,21.33670279,43.59187059
1249,68.07317627,65.91367007,25.91024955,53.28284747,52.6881415,42.30683394,21.35808133,41.47656574
1250,68.05083202,65.90961429,25.44908952,53.27354694,52.39025698,42.08389065,21.33907775,41.91206968
1251,68.01947052,65.90524097,25.41814906,53.26760071,52.69798024,42.13720909,21.32411812,42.05723766
1252,67.99925629,65.90183351,25.46679104,53.25897448,52.34405556,42.02222723,21.31998155,40.64703443
1253,67.98177679,65.89927042,25.13856009,53.24970989,52.4523584,41.84434512,21.28937637,42.43052675
1254,67.97682983,65.89699291,25.71637784,53.24379573,52.57170482,42.16541684,21.28878222,42.63790958
1255,67.97260836,65.89672735,25.77286177,53.24027184,52.9641269,42.24901529,21.29212452,43.30153463
1256,67.99295864,65.89769968,26.09555049,53.23793846,53.15223242,42.43002222,21.30722287,43.01119867
1257,67.99007427,65.89576885,25.89328612,53.23379819,53.00460217,42.27008937,21.31185997,42.01576109
1258,67.94942635,65.89094554,25.4341558,53.22628108,52.64489796,42.08139256,21.3025063,41.72542513
1259,67.91918967,65.88445864,25.40840217,53.21995848,52.7547254,42.04957358,21.28713242,43.38448776
1260,67.95629152,65.89040302,25.99785131,53.21634039,52.80979029,42.27874856,21.30065665,41.60099544
1261,67.95016131,65.88971776,25.43210523,53.20987315,52.82865799,42.03434144,21.28705896,42.84529241
1262,67.94369736,65.88979964,25.64281625,53.20441544,52.66653317,42.07066733,21.29323185,42.07797594
1263,67.91720817,65.88613594,25.38917976,53.19752814,52.55973031,41.9590471,21.27970329,41.68394857
1264,67.89128832,65.88341089,25.37260238,53.18849974,52.25477232,41.90044286,21.26156137,41.14475321
1265,67.85615867,65.87959395,24.99304014,53.18041417,52.40780555,41.76995974,21.23345404,42.84529241
1266,67.87155183,65.88242235,25.58636481,53.17636708,52.69279054,42.05592018,21.23929942,42.24388221
1267,67.84296454,65.87692837,25.38196205,53.17047824,52.66547649,41.98275117,21.23803746,42.741601
1268,67.87862943,65.87984452,25.57009523,53.16488425,52.56808752,42.04773532,21.24686643,41.91206968
1269,67.83934767,65.8728154,25.45407443,53.15847586,52.60543075,41.98225127,21.2346317,42.59643302
1270,67.8296487,65.87304314,25.76338517,53.15393468,52.74429722,42.18923226,21.24246915,42.09871423
1271,67.79838451,65.86779252,25.62541424,53.14769618,52.64931434,42.05260644,21.23853414,43.19784322
1272,67.82487346,65.86985042,26.0452007,53.14574787,53.02462259,42.29888517,21.258004,42.82455413
1273,67.82637112,65.8693007,25.95904819,53.14273289,53.11093489,42.19671652,21.26670913,42.78307756
1274,67.82284542,65.86943766,25.88891467,53.13767071,52.8120996,42.10890664,21.2779922,42.47200332
1275,67.81536779,65.86734753,25.92775187,53.13240997,52.72973934,42.1557437,21.28359011,41.95354625
1276,67.80549948,65.86800558,25.62166795,53.12571044,52.58614312,41.96537388,21.27504073,42.18166736
1277,67.81576717,65.86934881,25.49139211,53.1190492,52.46124008,41.92275121,21.27393782,41.60099544
1278,67.78033272,65.86492564,25.39479941,53.11145728,52.40169687,41.89593688,21.26001975,41.47656574
1279,67.783541,65.86733975,25.11403113,53.10326258,52.29518579,41.78685187,21.23948857,42.84529241
1280,67.80203283,65.86829518,25.56859989,53.09910066,52.55505271,41.99553203,21.25006687,41.60099544
1281,67.78471047,65.86754288,25.35349995,53.09109128,52.36142668,41.82111241,21.2364574,41.97428453
1282,67.78310728,65.86577384,25.35352191,53.084157,52.34684104,41.83556097,21.22431022,41.82911655
1283,67.76356938,65.8632053,25.33977685,53.07967839,52.77815173,41.89595362,21.20772837,43.84072999
1284,67.7821019,65.86461982,25.95096809,53.07792909,52.88667451,42.16937513,21.23512618,41.24844463
1285,67.74026895,65.85971664,25.41168257,53.06830256,52.31054562,41.89018932,21.21361618,41.33139776
1286,67.73226846,65.85913811,25.21713065,53.05988622,52.22448576,41.83251163,21.19041857,41.84985483
1287,67.71702008,65.85629475,25.22313802,53.05359276,52.39204459,41.84782869,21.18405465,42.26462049
1288,67.67543464,65.85038776,25.45565533,53.04943622,52.70614678,41.91018329,21.18351579,43.17710494
1289,67.65768659,65.84948502,25.96764005,53.04601961,52.72491353,42.12438545,21.19549822,41.7669017
1290,67.64092502,65.84894323,25.63757326,53.03999311,52.67252513,41.93472972,21.17911018,41.95354625
1291,67.63362593,65.84622198,25.50908621,53.03169788,52.21521449,41.83423683,21.16397302,41.37287433
1292,67.57796205,65.83800243,25.21637847,53.02176644,51.89217168,41.62102403,21.15181405,40.37743675
1293,67.54443126,65.83267702,24.80450261,53.01119701,51.90460213,41.41965793,21.11312456,42.18166736
1294,67.55513054,65.83342171,25.27198033,53.00484238,52.11797161,41.66175903,21.1204593,41.68394857
1295,67.54370426,65.83105548,25.10350502,52.99771214,52.20563974,41.63464462,21.12241016,42.07797594
1296,67.57798133,65.83765757,25.33820507,52.99136365,52.26421454,41.75253294,21.12445734,41.72542513
1297,67.56262571,65.83552619,25.18738635,52.9854301,52.44831743,41.78762766,21.11737449,42.94898382
1298,67.56842874,65.83890501,25.59520931,52.98268214,52.73161583,41.99964227,21.13291846,42.09871423
1299,67.56780131,65.8401639,25.48708425,52.97457166,52.18284153,41.78728942,21.13724128,40.00414766
1300,67.50472187,65.83057661,24.72330185,52.96236138,51.80884667,41.36317731,21.10282044,40.87515554
1301,67.48854517,65.83045244,24.68371475,52.95309672,51.89462666,41.43488265,21.0779905,42.01576109
1302,67.52205132,65.83369042,25.22377051,52.94656311,52.0789433,41.61905071,21.07827408,40.93737039
1303,67.49721088,65.83234238,25.01220226,52.93795912,52.09092732,41.61122611,21.05239991,42.53421817
1304,67.53238977,65.83623893,25.41093393,52.93447733,52.51583366,41.84395058,21.06385123,41.91206968
1305,67.51593736,65.8349232,25.29137602,52.92775973,52.32891895,41.74414992,21.06415389,41.93280796
1306,67.51764098,65.83506041,25.36279811,52.92107397,52.23605647,41.69296181,21.05718237,41.41435089
1307,67.49018885,65.8305999,25.29224872,52.913772,52.22027883,41.60993389,21.04379043,41.82911655
1308,67.45960815,65.82731511,25.20981729,52.90755764,52.27917101,41.66274569,21.03845019,41.68394857
1309,67.44722034,65.82395666,25.32911097,52.9011076,52.30474602,41.6560256,21.02803315,42.11945251
1310,67.46336645,65.82512201,25.16629521,52.89500995,52.2506618,41.63444066,21.03453138,41.58025715
1311,67.42422504,65.82102453,25.2145662,52.88907615,52.39495034,41.67778804,21.02126985,42.90750726
1312,67.42149405,65.81797713,25.62588526,52.88659322,52.67703773,41.86817265,21.03646388,42.01576109
1313,67.41346343,65.81809511,25.44690881,52.88070862,52.46300093,41.77683159,21.03437267,41.35213604
1314,67.36917489,65.8120011,25.24986616,52.87401316,52.40615834,41.63709896,21.02640261,42.18166736
1315,67.37380004,65.81459512,25.43677338,52.86960513,52.53911322,41.759095,21.02885419,42.11945251
1316,67.38519335,65.8152235,25.38973092,52.86303906,52.25253731,41.66702134,21.02661903,41.47656574
1317,67.37727305,65.81506466,24.98272258,52.85591547,52.1976772,41.54963295,21.01322619,41.68394857
1318,67.3441925,65.81239609,25.15674293,52.8503069,52.36573249,41.62566856,21.00512647,42.32683534
1319,67.3447371,65.81160144,25.49044812,52.84564107,52.42318251,41.76621949,21.01016242,41.53878059
1320,67.30241001,65.80559146,25.34328933,52.84048005,52.56571299,41.63031627,21.00230087,42.76233928
1321,67.31892712,65.80769477,25.64738051,52.83609139,52.42495962,41.72630854,21.02210781,42.03649938
1322,67.30651719,65.80611301,25.66032947,52.8323001,52.65987113,41.76820087,21.02555491,42.59643302
1323,67.3249386,65.8087328,25.64258225,52.82665466,52.2956718,41.70804827,21.03234386,40.46038988
1324,67.29274021,65.80274217,24.84393431,52.81616417,51.89183998,41.39261671,20.9988577,41.43508917
1325,67.26623034,65.79851198,25.21117529,52.81257719,52.59744337,41.64179402,20.99367978,43.65408544
1326,67.31321255,65.80552437,25.90991173,52.8115807,52.74752384,41.96263454,21.02072846,42.09871423
1327,67.30374422,65.80531602,25.60900344,52.8066171,52.56482731,41.79261085,21.02799163,41.82911655
1328,67.29260596,65.80354861,25.426954,52.80190656,52.58983707,41.70612177,21.02579273,42.6171713
1329,67.30959175,65.80526554,25.65861672,52.79778292,52.48722931,41.70541105,21.03141515,41.97428453
1330,67.3209405,65.80718192,25.51303601,52.79283067,52.47601501,41.6409995,21.03071916,41.84985483
1331,67.30472662,65.80460648,25.35986491,52.78798452,52.51195526,41.67277578,21.03461482,42.30609706
1332,67.30923039,65.8046735,25.51234063,52.78452688,52.62791823,41.69758099,21.03956154,42.82455413
1333,67.30479249,65.80364215,25.76923956,52.78288072,52.84276343,41.90486353,21.05418236,42.40978847
1334,67.31387507,65.80516042,25.49415293,52.77827921,52.55305467,41.72043483,21.0612067,40.52260473
1335,67.25401457,65.79777728,24.90884097,52.76649335,51.73128217,41.25893998,21.03603009,41.7669017
1336,67.2295563,65.7945629,25.17491588,52.76079593,52.04475502,41.42110074,21.03220916,41.80837827
1337,67.2278265,65.79331861,25.47617381,52.75607901,52.330353,41.72104591,21.03216791,42.88676898
1338,67.25080414,65.79695387,25.65611538,52.75280083,52.40031439,41.7566898,21.05277755,41.22770635
1339,67.22024102,65.79348814,25.28737242,52.74598931,52.27908312,41.58850766,21.0373179,42.40978847
1340,67.2127473,65.79103748,25.61417137,52.74353868,52.63239122,41.77017043,21.04038277,42.4927416
1341,67.20764692,65.79100055,25.72719611,52.73982779,52.55771524,41.77010347,21.050529,41.7669017
1342,67.18964201,65.78702069,25.38728766,52.73522127,52.56408622,41.55308467,21.03896164,43.13562837
1343,67.2205465,65.79294651,25.74689838,52.73342758,52.66760277,41.76490066,21.05730243,40.48112816
1344,67.14103512,65.78135706,24.8582137,52.723225,52.01735068,41.26158139,21.03500352,41.1654915
1345,67.13618064,65.78062565,24.98267564,52.71718803,52.23246657,41.36866143,21.02357502,42.65864786
1346,67.15126757,65.78342226,25.2284969,52.71540862,52.63818509,41.51408025,21.03421759,42.76233928
1347,67.1484451,65.78453931,25.60914469,52.71360402,52.7833688,41.73523366,21.04294201,42.18166736
1348,67.12228909,65.7811696,25.61930849,52.70986293,52.67242632,41.72316337,21.04675544,42.45126504
1349,67.1473048,65.78354019,25.62959907,52.70586791,52.49910695,41.74692821,21.05196334,41.53878059
1350,67.13297561,65.78050208,25.3133037,52.69892581,52.17225373,41.54883765,21.03867586,41.35213604
1351,67.10754567,65.77765675,25.31533562,52.69185819,52.05658424,41.48446668,21.02455671,41.31065948
1352,67.11248821,65.77805276,24.98884215,52.68413976,51.90365542,41.32755502,21.01982542,41.18622978
1353,67.09771847,65.77479945,25.05149303,52.67722298,51.99804798,41.38903482,21.01329164,41.97428453
1354,67.07323737,65.76929649,25.31912446,52.67365738,52.37622185,41.59907892,21.01512991,42.38905019
1355,67.08553375,65.76874973,25.51747734,52.6690076,52.24508378,41.62234957,21.02362315,41.28992119
1356,67.05804686,65.766575,25.12093824,52.66421416,52.45850547,41.48378287,21.0075621,42.67938615
1357,67.09133212,65.7715395,25.52066978,52.66011454,52.29230444,41.58161023,21.0109276,41.80837827
1358,67.09145382,65.76869771,25.24432774,52.65507792,52.29305391,41.54716793,21.01145922,41.97428453
1359,67.0792655,65.76792088,25.46951277,52.65302202,52.74343073,41.71188994,21.01136352,42.741601
1360,67.11161533,65.7715303,25.56861696,52.65063857,52.67403132,41.75226666,21.02973753,43.42596433
1361,67.14281174,65.77675755,25.78293222,52.64789944,52.39891809,41.72679428,21.04973156,40.1907922
1362,67.08296166,65.76997373,24.885054,52.63902986,52.11992074,41.2879407,21.01826489,42.55495645
1363,67.10323206,65.77205501,25.40142324,52.63819359,52.70334655,41.64611026,21.02975745,43.28079635
1364,67.12518979,65.77306329,25.66058144,52.63633812,52.59784714,41.77565997,21.05433456,41.82911655
1365,67.11273552,65.76992943,25.35235408,52.63087618,52.33170167,41.59177811,21.05183334,41.51804231
1366,67.08578117,65.76502524,25.14702201,52.62590658,52.3703898,41.45372883,21.03677049,41.82911655
1367,67.08108874,65.76170441,25.25556926,52.62256564,52.57313812,41.5977863,21.02907011,43.0941518
1368,67.11295179,65.76728006,25.57746037,52.62025246,52.4881566,41.69511607,21.04863723,41.95354625
1369,67.13284582,65.77226748,25.28041834,52.61390686,52.0824878,41.45182812,21.03896914,41.02032352
1370,67.06818483,65.76483257,25.12992721,52.60815912,52.24907901,41.42497512,21.02324034,42.3683119
1371,67.08305685,65.76694536,25.40644558,52.60485621,52.3642527,41.50652544,21.0331317,41.99502281
1372,67.08007642,65.76784216,25.17049584,52.60043007,52.32427612,41.33974199,21.0301047,42.22314392
1373,67.08891274,65.7695395,25.23052955,52.596877,52.39345457,41.44902707,21.03824338,42.20240564
1374,67.10578123,65.76987687,25.34035183,52.59237288,52.26989371,41.44753674,21.03466133,41.74616342
1375,67.08643734,65.76781145,25.40009911,52.58771057,52.30294262,41.48837888,21.03569392,42.18166736
1376,67.09693236,65.77079415,25.47393714,52.5820303,52.02266689,41.49413539,21.04137683,41.49730402
1377,67.07296748,65.76615856,25.32019612,52.57795647,52.33958111,41.42510351,21.02871446,42.47200332
1378,67.08643596,65.76881284,25.61871633,52.57527039,52.45278739,41.60267961,21.03389307,41.62173372
1379,67.06175573,65.76408227,25.25488575,52.57019087,52.33461817,41.4396986,21.02236544,42.40978847
1380,67.08059955,65.76546188,25.53579177,52.56741625,52.45158127,41.57846216,21.02538097,42.32683534
1381,67.05554437,65.76398516,25.57781101,52.56639124,52.81221215,41.67247439,21.03007628,43.42596433
1382,67.07943755,65.76717258,25.99676575,52.56623809,52.82340204,41.90542834,21.06275624,42.01576109
1383,67.06127473,65.76648332,25.70839393,52.56257654,52.61800981,41.69630043,21.0591662,41.97428453
1384,67.05604923,65.765179,25.56496879,52.55768246,52.32661976,41.65197235,21.05952032,42.24388221
1385,67.06646528,65.76992863,25.67988416,52.55581436,52.6279414,41.73584287,21.05649808,42.78307756
1386,67.08787738,65.77248261,25.91053421,52.55395635,52.61701044,41.88310014,21.06120184,42.43052675
1387,67.10256703,65.77659798,25.78097041,52.55169664,52.63823206,41.72469884,21.07355078,42.24388221
1388,67.10290392,65.77775115,25.74711818,52.54933121,52.6789997,41.70266948,21.07990325,43.36374948
1389,67.11275246,65.77718233,26.19336246,52.54976957,52.85788776,41.84155739,21.10459629,42.45126504
1390,67.10115874,65.77544583,25.84359361,52.54682646,52.61553194,41.58670006,21.11199296,41.97428453
1391,67.09318982,65.77439223,25.68060795,52.54450219,52.74367075,41.63717014,21.10298223,43.23931978
1392,67.10320292,65.77655822,25.8569825,52.54293586,52.58812062,41.77400475,21.12244143,41.78763998
1393,67.08453328,65.77346604,25.7552642,52.54009288,52.69264984,41.76850418,21.11977678,43.01119867
1394,67.12413358,65.77741513,25.7420136,52.53830683,52.58436797,41.68750259,21.12713441,41.8913314
1395,67.12369649,65.77892068,25.54899365,52.53442117,52.48044941,41.61165133,21.11650388,42.6171713
1396,67.12866199,65.77832843,25.49078769,52.53128749,52.36549251,41.57215234,21.12473202,41.84985483
1397,67.10061898,65.77476734,25.36664189,52.52609713,52.1768252,41.38167859,21.11776678,41.642472
1398,67.09616928,65.77376003,25.40946613,52.52086723,52.13805511,41.44095624,21.11110871,41.33139776
1399,67.08514768,65.77222275,25.29412565,52.51515792,52.11952553,41.44457368,21.09529032,41.62173372
1400,67.08270753,65.77303439,25.3352789,52.51050317,52.20820695,41.4844706,21.07960936,42.34757362
1401,67.06824567,65.77046831,25.44288573,52.50605285,52.08030664,41.53698529,21.08566836,40.1907922
1402,67.00541113,65.76263481,24.83352327,52.4941784,51.35928532,41.00121686,21.05547347,39.42347574
1403,66.95778794,65.75462166,24.29999414,52.48133861,51.0770796,40.7657944,21.00585145,39.94193281
1404,66.92614217,65.75130744,24.21560128,52.46865999,50.83660115,40.65642818,20.96333084,39.05018664
1405,66.84615829,65.74011296,23.84283624,52.45368204,50.57066364,40.47883785,20.90758679,38.24139361
1406,66.78227825,65.73163308,23.54463682,52.43750402,50.4603446,40.33567243,20.84154955,40.3152219
1407,66.76730474,65.72824851,23.97918713,52.42749311,50.86978788,40.57403726,20.81287917,40.10783907
1408,66.74750994,65.72674786,23.95961138,52.41614652,50.87367303,40.54371832,20.79195037,39.21609291
1409,66.69871538,65.71952437,23.74926997,52.40164005,50.57485649,40.3539468,20.75159696,39.52716715
1410,66.66024823,65.71485625,23.78024274,52.3912311,51.03243899,40.48007335,20.71899829,40.06636251
1411,66.65757369,65.71350878,23.94456678,52.38048252,51.02157973,40.58988801,20.69701666,39.65159685
1412,66.61611032,65.71011157,23.95354151,52.36839068,50.89208925,40.55104984,20.66594511,39.25756947
1413,66.5697042,65.7025747,23.63212215,52.35455864,50.64057434,40.31415611,20.63137133,39.52716715
1414,66.53822388,65.69891145,23.7837551,52.34337684,50.88836163,40.31920438,20.60087879,40.66777271
1415,66.5167438,65.69746899,24.25287095,52.33444928,51.05677163,40.55785672,20.59377589,39.4649523
1416,66.48458209,65.69650474,23.86762912,52.32330087,51.07585155,40.36650216,20.56367692,40.77146412
1417,66.45327742,65.69306433,24.36767675,52.31622893,51.40526817,40.59799018,20.56417947,40.27374533
1418,66.42842824,65.6890048,24.47767491,52.30638766,51.21238977,40.63314279,20.54789673,39.36126089
1419,66.39094702,65.68568578,24.15312677,52.29481808,51.07512166,40.46210496,20.5221134,40.39817503
1420,66.37289258,65.68307283,24.28607743,52.28594339,51.17666907,40.57907417,20.50685375,40.4396516
1421,66.38174883,65.68309268,24.28595707,52.27558036,50.95791158,40.51421852,20.49903183,39.48569058
1422,66.36116951,65.67953685,24.03614782,52.26431139,50.95717072,40.36056611,20.47366137,40.23226877
1423,66.35967368,65.68008099,24.16328308,52.25374886,50.86186992,40.49272433,20.4627744,39.48569058
1424,66.33707067,65.67737979,24.02443827,52.24131449,50.69381619,40.36197896,20.4408956,38.59394442
1425,66.27521619,65.66782095,23.69645707,52.22621735,50.40360336,40.14516429,20.39830353,39.40273745
1426,66.25160854,65.6621121,23.58770119,52.21333498,50.41896492,40.07019802,20.36382754,38.67689755
1427,66.22005105,65.65706354,23.41610739,52.19964037,50.47263165,40.02015614,20.32964333,39.94193281
1428,66.23546789,65.66025341,23.91623819,52.19101989,50.99725096,40.32174471,20.32033425,41.20696806
1429,66.22686113,65.66016385,24.35962334,52.18421512,51.18267011,40.5271988,20.33211095,39.50642887
1430,66.20695767,65.65976305,23.9704901,52.17084045,50.61512016,40.30215443,20.31433113,38.34508503
1431,66.14409372,65.64965678,23.64849956,52.15671121,50.53935482,40.12644324,20.27600936,39.50642887
1432,66.12870408,65.6466364,23.681602,52.14353184,50.33817231,40.08524558,20.26507323,38.44877644
1433,66.06351664,65.63752158,23.50060433,52.12812164,50.14950962,39.92120199,20.22869437,39.15387806
1434,66.06068512,65.63748535,23.84957598,52.11726844,50.62554583,40.20620939,20.20479027,39.85897968
1435,66.08828322,65.6438532,23.96859092,52.10664337,50.6818826,40.23276406,20.20076104,40.00414766
1436,66.07157606,65.64297543,24.13671759,52.09653886,50.74277365,40.31985836,20.2029838,39.29904604
1437,66.05156381,65.64135663,23.85139452,52.08412052,50.56457865,40.17590592,20.1845854,39.21609291
1438,66.02873462,65.63703777,23.72009037,52.07166341,50.48993996,40.08768108,20.16236866,38.75985068
1439,66.00907211,65.63325506,23.51083463,52.05822174,50.410104,39.93606111,20.13340474,39.56864372
1440,66.00933013,65.63344757,23.64726389,52.04758727,50.61303561,40.01907998,20.12395083,40.02488594
1441,66.02766324,65.63747553,23.9070174,52.03851845,50.82744481,40.18817954,20.12003272,40.27374533
1442,66.05178554,65.64063961,24.06145034,52.02849288,50.6857824,40.24300749,20.1250204,38.78058897
1443,66.01621455,65.63738161,23.73200106,52.01594426,50.59100948,40.0949315,20.09776571,39.44421402
1444,66.00547341,65.63418881,23.78726444,52.00575557,50.75185477,40.092744,20.08388417,39.90045624
1445,66.02794629,65.63553404,23.9843485,51.99589589,50.74793119,40.20196831,20.07928225,39.7138117
1446,66.03945384,65.63875399,23.88218182,51.98571266,50.73379459,40.12661986,20.06929791,39.98340937
1447,66.05042364,65.64107954,23.86777744,51.97779593,51.02717913,40.16253126,20.0625768,40.33596018
1448,66.03908205,65.6381234,23.99514586,51.9689206,50.89283309,40.16087797,20.06236838,39.54790543
1449,66.02619995,65.6359666,23.89130239,51.9585967,50.79521558,40.07150031,20.04848471,40.21153049
1450,66.02565059,65.63824581,24.19301069,51.95109656,51.03917713,40.29597529,20.04795107,40.23226877
1451,66.02933857,65.63689294,24.20729928,51.94298511,51.03711937,40.36634421,20.04928982,40.52260473
1452,66.05324277,65.6405612,24.15977846,51.9361281,51.15764298,40.23664639,20.06596527,39.69307341
1453,66.01781612,65.63448008,24.00183768,51.92512123,50.73243382,40.10020232,20.05803098,39.00871008
1454,65.97977567,65.63006486,23.80459738,51.91341387,50.60428261,40.02065587,20.04418315,39.79676483
1455,65.97945126,65.63056365,23.90595522,51.90459311,50.8080582,40.20629311,20.04238246,40.21153049
1456,65.99083817,65.63275498,24.00481887,51.89458087,50.57643705,40.10831505,20.04352594,38.82206553
1457,65.94879758,65.62855606,23.50490071,51.88396723,50.73056495,39.92684689,20.02546744,40.79220241
1458,65.97245648,65.6334513,24.06719269,51.87723546,50.91095785,40.27980493,20.04292129,39.77602655
1459,65.97841351,65.6355171,23.96999901,51.86814596,50.86220495,40.10456809,20.04456644,39.3405226
1460,65.94553713,65.63198748,23.87221242,51.85827927,50.81774842,40.06509132,20.03646214,40.17005392
1461,65.94805877,65.63148197,23.87292718,51.84822095,50.54099146,40.02723467,20.04774767,38.53172957
1462,65.89219349,65.62346928,23.5060718,51.83535772,50.38054986,39.84678158,20.02384353,39.54790543
1463,65.89519656,65.62235005,23.78075246,51.8244205,50.35009631,39.9616333,20.00820806,39.38199917
1464,65.89759143,65.62244268,23.78302421,51.81599624,50.79437648,40.01061731,19.99794383,40.66777271
1465,65.92406492,65.62493241,24.02540225,51.8088937,50.85655036,40.13443901,20.01251642,39.31978432
1466,65.90504623,65.61912446,23.74970571,51.79953415,50.85953522,39.9882316,20.00104157,39.83824139
1467,65.91938524,65.6217502,23.8363649,51.79115849,50.87591149,40.03464034,19.9999171,39.92119453
1468,65.91539851,65.62360576,23.76082209,51.78090252,50.54250565,39.9372459,20.00435612,38.94649523
1469,65.86975592,65.6180894,23.54106246,51.76933659,50.43283794,39.84154445,19.982993,39.65159685
1470,65.83862965,65.61574309,23.90085129,51.75958323,50.48752341,39.96581128,19.97165913,39.61012028
1471,65.82608612,65.61062585,23.90567974,51.7497961,50.51083723,39.94784249,19.96921767,39.67233513
1472,65.83402446,65.61109046,24.03493641,51.73947939,50.40415794,39.94588418,19.96532032,38.38656159
1473,65.78102825,65.60177352,23.50293463,51.72616981,50.19089819,39.69445676,19.92845275,39.87971796
1474,65.80127718,65.60498177,23.76384319,51.71849667,50.62958657,39.90160083,19.92940777,39.96267109
1475,65.78451606,65.6001516,24.01646715,51.71071659,50.77177405,40.02817606,19.93310546,39.27830776
1476,65.76404726,65.59775627,23.75609768,51.70036607,50.57877745,39.89734947,19.92112413,39.27830776
1477,65.75357715,65.59679833,23.71586863,51.69096151,50.64271832,39.85096122,19.91295746,39.21609291
1478,65.75422732,65.59750089,23.74386259,51.68132078,50.6470442,39.85349966,19.89945639,39.81750311
1479,65.78534456,65.60160731,23.84481872,51.67270175,50.64618473,39.97940629,19.90233305,39.52716715
1480,65.74149338,65.59901687,23.91657045,51.66313205,50.5563421,39.98347339,19.89709539,39.69307341
1481,65.70726359,65.59560718,23.9581998,51.65487193,50.68342661,40.0111031,19.89322897,40.02488594
1482,65.71666545,65.59587911,24.21356608,51.64759453,50.80385488,40.10641314,19.88915512,39.87971796
1483,65.73317051,65.59918837,24.04846895,51.64011443,50.85667864,40.01578553,19.8924426,39.56864372
1484,65.7177794,65.59552916,23.73945699,51.63081723,50.65219746,39.87611678,19.89490771,39.56864372
1485,65.68673497,65.59552951,23.73070879,51.62297173,50.79595877,39.84063145,19.9015977,40.02488594
1486,65.71619941,65.59622847,23.93971331,51.61572449,50.82816868,39.97788129,19.91071799,40.62629614
1487,65.74270608,65.59966201,24.01831236,51.60926771,50.80529733,40.08785178,19.93410835,38.75985068
1488,65.70620503,65.59529468,23.5902572,51.59802665,50.49412108,39.82040364,19.9151272,39.3405226
1489,65.70004934,65.593989,23.47236503,51.58758603,50.32722855,39.71440858,19.90406903,38.71837412
1490,65.6519264,65.58585255,23.42379239,51.57583841,50.19447123,39.63022128,19.89146099,38.92575695
1491,65.62855844,65.5836211,23.43969196,51.56573127,50.34392144,39.72718373,19.87782791,39.73454998
1492,65.64427227,65.58607159,23.7839876,51.55865371,50.69035615,39.93109959,19.88459427,40.66777271
1493,65.69438207,65.5926732,24.15332388,51.55485919,51.13365237,40.07224655,19.90148235,40.62629614
1494,65.68905335,65.59136588,24.17116479,51.55023249,51.19498974,40.14397766,19.91097889,40.14931564
1495,65.6976406,65.59268288,24.10487217,51.5419943,50.73939926,39.98551283,19.92008402,38.59394442
1496,65.66475974,65.58859665,23.55016606,51.53123661,50.53044142,39.72590301,19.89768555,39.50642887
1497,65.63967879,65.58353333,23.73063202,51.52408681,50.78335881,39.78009795,19.89049892,40.77146412
1498,65.64827932,65.58401033,24.13795368,51.51795266,50.72525576,39.96464095,19.90653718,39.23683119
1499,65.64660502,65.58262282,23.89610104,51.50870736,50.58707722,39.88997528,19.89043788,39.79676483
1500,65.6438095,65.58336198,23.80564781,51.50050748,50.54198661,39.8037959,19.89313473,39.85897968
1501,65.65092719,65.58643638,23.97058252,51.4930966,50.63184786,39.91464082,19.89872489,40.08710079
1502,65.67322932,65.58995476,23.8834918,51.48668661,50.77057496,39.9125381,19.90076421,39.05018664
1503,65.63427088,65.58522334,23.52630191,51.47674992,50.51259883,39.70028386,19.88935655,39.81750311
1504,65.62533863,65.58526233,23.80922465,51.46956905,50.64155794,39.88024503,19.8909836,39.96267109
1505,65.65856155,65.58770887,23.91161002,51.4623716,50.65141877,39.85587827,19.89418899,39.589382
1506,65.66045276,65.59112819,23.76475269,51.45353681,50.48011554,39.73753745,19.88305964,38.65615927
1507,65.62622724,65.58761501,23.41163889,51.44158052,50.12371616,39.56590359,19.86192053,39.96267109
1508,65.64042532,65.59052341,23.83529838,51.43489121,50.48826245,39.82724222,19.87082563,39.67233513
1509,65.63955361,65.59005392,23.72085015,51.42616517,50.38041063,39.79299606,19.86279592,38.78058897
1510,65.60322294,65.58614626,23.45821294,51.41545498,50.23112306,39.62860917,19.84339781,38.90501866
1511,65.6062392,65.58544115,23.58286268,51.40816753,50.69493817,39.77499469,19.83109266,40.77146412
1512,65.61940825,65.58564715,24.07556774,51.40299784,50.74286296,39.97365171,19.85374378,40.00414766
1513,65.61281803,65.58494722,23.99471838,51.39636127,50.7221735,39.87681308,19.8505854,39.75528826
1514,65.59701364,65.58037089,23.91975954,51.38810992,50.506243,39.78425245,19.85003756,38.90501866
1515,65.57227674,65.5786724,23.57448113,51.37785689,50.29410638,39.52959503,19.83294737,38.8635421
1516,65.55980246,65.57633362,23.22616739,51.36514166,49.79382449,39.34034415,19.81634934,37.08004977
1517,65.48958816,65.5658355,22.76438934,51.35222017,50.0071887,39.17198428,19.76232219,41.39361261
1518,65.53904756,65.57325295,24.10269366,51.3500166,50.72319237,39.88176417,19.79219623,39.90045624
1519,65.54085548,65.57468577,24.02574091,51.34416115,50.82375548,39.93729056,19.80458002,40.56408129
1520,65.57779124,65.57954508,24.25860113,51.33811156,50.65197811,39.92837938,19.81893792,39.09166321
1521,65.54157376,65.5742853,23.6756645,51.3291183,50.47304546,39.66805944,19.80981564,39.19535462
1522,65.52344812,65.57292119,23.5838621,51.32058308,50.43879496,39.67068927,19.80831659,40.77146412
1523,65.57467566,65.57861402,24.11919329,51.31656896,50.74680903,39.93024643,19.83412016,39.61012028
1524,65.54828641,65.57364503,23.98164769,51.31155851,51.02256145,39.89294886,19.83520108,40.60555786
1525,65.56403953,65.57593311,24.21910564,51.30702152,50.95049793,39.99396705,19.85203449,39.27830776
1526,65.5180713,65.56993173,23.8341731,51.29971788,50.80631697,39.78141288,19.84976812,39.63085856
1527,65.49562696,65.56385409,23.93430293,51.2936628,50.85465822,39.79534174,19.84783982,40.17005392
1528,65.52542086,65.56882057,24.09123387,51.28809629,50.80835156,39.87968267,19.86269487,40.35669847
1529,65.53626847,65.57241429,24.24903212,51.28304137,50.81575693,39.97210695,19.88515856,40.17005392
1530,65.54406337,65.57249798,24.04079657,51.27748971,50.78261481,39.94895092,19.88966712,39.90045624
1531,65.55804384,65.57302428,23.98257353,51.2733159,51.06391835,39.99457341,19.88643315,40.66777271
1532,65.58448265,65.5760269,24.06970268,51.2672645,50.66654775,39.900313,19.89666933,38.11696392
1533,65.53178385,65.56855643,23.43563167,51.25661239,50.39918911,39.5432416,19.8697272,40.29448362
1534,65.54470797,65.56945,23.73503056,51.25092647,50.52592248,39.72409937,19.8839495,39.589382
1535,65.52689215,65.56597655,23.61757914,51.24211998,50.24067249,39.66677017,19.8788759,38.42803816
1536,65.5059424,65.562783,23.21265886,51.23207979,50.21108695,39.51904972,19.85579915,39.87971796
1537,65.49445065,65.56095342,23.59467679,51.22735095,50.68754649,39.66953498,19.86799514,40.39817503
1538,65.49766031,65.56314917,23.88466235,51.22216048,50.6766298,39.7969147,19.88494095,40.04562422
1539,65.50341832,65.56189041,24.00659304,51.21733689,50.82131574,39.89393013,19.88622718,40.3152219
1540,65.50191154,65.56192752,23.94236685,51.21222834,50.75537408,39.9078364,19.89434994,39.13313978
1541,65.48663768,65.56055251,23.69221022,51.20287264,50.33378884,39.6872192,19.88601071,39.11240149
1542,65.44989495,65.5559354,23.67421032,51.1944831,50.30628087,39.62074365,19.87498402,40.17005392
1543,65.45618527,65.55454921,23.99516948,51.18908189,50.50932838,39.73480699,19.8884175,39.79676483
1544,65.46504452,65.55533364,23.84130888,51.18412186,50.76939122,39.75355471,19.89275447,40.25300705
1545,65.50352618,65.56142032,23.71945638,51.17789066,50.54088456,39.65925096,19.90298591,39.40273745
1546,65.47409197,65.55615209,23.68882166,51.16842798,50.11639071,39.59275013,19.89239523,38.05474907
1547,65.42146518,65.54941806,23.15697796,51.15727621,50.00277617,39.31088454,19.86468094,38.96723351
1548,65.39060353,65.54537623,23.34008615,51.14885538,50.15725699,39.4251657,19.84833965,40.06636251
1549,65.39761716,65.54852852,23.84534687,51.14476452,50.65056127,39.6713527,19.8508598,40.27374533
1550,65.40559231,65.5500895,24.09432511,51.13954681,50.62245506,39.84963252,19.85720812,39.63085856
1551,65.40723104,65.54768187,23.90101412,51.13371854,50.67249131,39.76731678,19.86071437,40.21153049
1552,65.41707851,65.55202902,24.25604756,51.13118324,51.08912425,39.93243024,19.8705052,41.28992119
1553,65.47113085,65.55849326,24.64480438,51.13038561,51.26863404,40.11562092,19.89590809,41.28992119
1554,65.50338077,65.5604416,24.57961778,51.1294221,51.31300365,40.1235518,19.91708946,39.4649523
1555,65.48365766,65.55698535,23.91216207,51.12193263,50.73609025,39.74884351,19.90777857,40.4396516
1556,65.50701606,65.55755133,24.24020384,51.11864763,50.91557212,39.92414341,19.91488125,39.94193281
1557,65.4983937,65.55598138,24.05109735,51.11433078,50.95023791,39.88838976,19.91477498,40.54334301
1558,65.52024396,65.56014867,24.05548087,51.10973687,50.75015786,39.81793938,19.9291684,39.00871008
1559,65.45132436,65.55148341,23.77154777,51.1010167,50.37747744,39.62213868,19.9144282,38.53172957
1560,65.42021625,65.54913104,23.19838773,51.09146315,50.1999972,39.32986063,19.89423412,39.65159685
1561,65.42221061,65.55184338,23.6205855,51.08493919,50.31983297,39.40089645,19.88769534,39.25756947
1562,65.39192414,65.54742216,23.61060344,51.07714756,50.26344578,39.44773684,19.87457005,39.67233513
1563,65.35908476,65.54288583,23.62720606,51.07101501,50.39689356,39.48246924,19.87412462,39.15387806
1564,65.33902257,65.53830331,23.52956706,51.06359121,50.37248283,39.54476572,19.85873572,39.589382
1565,65.33596274,65.53682134,23.76515973,51.05742389,50.44601317,39.6449865,19.85793083,38.75985068
1566,65.32146963,65.53693395,23.55829637,51.04866131,50.26354301,39.48287647,19.83617183,39.67233513
1567,65.32532694,65.53630135,23.63720583,51.04290029,50.43325437,39.5374862,19.83565107,39.50642887
1568,65.31637997,65.53604669,23.4474645,51.03461133,50.12738819,39.43066774,19.83544102,38.55246786
1569,65.26993272,65.53140265,23.37054461,51.02504882,50.02395769,39.31940858,19.80949361,39.21609291
1570,65.26358373,65.52994728,23.40547351,51.016748,50.00099978,39.32257126,19.80370785,38.67689755
1571,65.24697896,65.52761506,23.34657864,51.01020805,50.42906223,39.40423688,19.78697669,41.14475321
1572,65.27530776,65.53123114,24.02523883,51.00803752,50.67654897,39.69283512,19.81171733,38.96723351
1573,65.27057729,65.53104565,23.74529841,51.0006239,50.48944369,39.52155509,19.80559405,39.61012028
1574,65.27687716,65.53100833,23.63985522,50.99402147,50.35902169,39.49778213,19.80078324,38.8635421
1575,65.25643325,65.5271634,23.4915471,50.9859628,50.2588062,39.33838438,19.79004016,39.42347574
1576,65.26885682,65.52738475,23.68721013,50.97839949,50.14359048,39.43819353,19.78602426,39.17461634
1577,65.25465941,65.52657168,23.55042372,50.97057221,50.10790897,39.41057938,19.77972006,39.09166321
1578,65.23838852,65.52498518,23.50201899,50.96419758,50.34738224,39.45100088,19.77516671,40.08710079
1579,65.2201101,65.52396308,23.7462524,50.96041117,50.61096697,39.61066327,19.77974692,40.60555786
1580,65.22861182,65.52505988,24.02902704,50.95740596,50.71219187,39.7052472,19.80636571,39.40273745
1581,65.20023792,65.52401143,23.84155885,50.95189928,50.65885387,39.56185851,19.79942529,40.41891331
1582,65.23469675,65.52513353,24.0766376,50.94748274,50.54163435,39.68363188,19.81126961,39.3405226
1583,65.21850146,65.5248859,23.70874942,50.94102724,50.43145766,39.487929,19.81367142,39.79676483
1584,65.21565338,65.52919016,23.66910845,50.93698687,50.66304786,39.49926556,19.82900085,40.14931564
1585,65.23581554,65.53061323,23.80465369,50.93298559,50.6758294,39.59072515,19.83827562,39.77602655
1586,65.22432627,65.53007017,23.73197594,50.92923247,50.81728558,39.58649323,19.84055548,40.41891331
1587,65.23722641,65.53124771,23.9347532,50.92600951,50.79513788,39.63035369,19.86159036,38.90501866
1588,65.23447464,65.53134215,23.70054322,50.91777957,50.34909043,39.47015572,19.84306952,39.589382
1589,65.22526245,65.52859591,23.63945585,50.91239972,50.44014642,39.43676085,19.84457772,40.41891331
1590,65.25357652,65.53245601,23.88034055,50.90987952,50.72772011,39.56460076,19.85937994,40.06636251
1591,65.24799911,65.53395901,23.94128141,50.90571871,50.67376241,39.53747807,19.86361924,39.07092493
1592,65.23254493,65.53210927,23.60581128,50.8988182,50.45754765,39.50764143,19.85562641,39.09166321
1593,65.20117895,65.52820417,23.62223058,50.89292066,50.51985499,39.53762124,19.84869472,40.23226877
1594,65.23897094,65.53377553,23.85758767,50.88858654,50.49589869,39.57249342,19.86128119,40.21153049
1595,65.25348317,65.53441041,23.99546811,50.88501769,50.61239999,39.6518787,19.86309066,39.63085856
1596,65.24851161,65.53301459,23.80998982,50.88045334,50.64774006,39.6291034,19.85861123,39.61012028
1597,65.25998661,65.53531826,23.78076825,50.87600504,50.6852546,39.55337327,19.84833988,40.10783907
1598,65.27423494,65.53688254,23.94764289,50.87276423,50.77388599,39.66159433,19.85264954,40.27374533
1599,65.27967865,65.53844365,24.00431211,50.86895093,50.66741171,39.64247782,19.86778921,38.82206553
1600,65.24561024,65.53414224,23.44360816,50.86111403,50.33343449,39.39530811,19.84612401,39.25756947
1601,65.23127071,65.53318334,23.44167666,50.85482263,50.32155791,39.41413386,19.835614,39.79676483
1602,65.23269731,65.53168308,23.68658496,50.84949456,50.33005761,39.50442077,19.84146082,39.19535462
1603,65.19929374,65.52839169,23.57336917,50.84383453,50.43270765,39.47711337,19.83091379,40.3152219
1604,65.20469469,65.52850866,23.84292492,50.84059621,50.57639364,39.53164574,19.84522857,39.52716715
1605,65.2053535,65.52771236,23.62613701,50.83604021,50.62773034,39.44083039,19.83775124,40.3152219
1606,65.17329012,65.52377072,23.94385495,50.83257483,50.61856651,39.59219677,19.84963268,39.79676483
1607,65.18745058,65.5245157,23.88603421,50.82807089,50.57563411,39.57616098,19.85305584,39.31978432
1608,65.16983269,65.52311557,23.69922022,50.82291475,50.56596877,39.45392792,19.84378467,40.14931564
1609,65.17872205,65.52452492,23.88705489,50.81886253,50.52266301,39.48428046,19.85385567,39.29904604
1610,65.15833954,65.5191353,23.74219566,50.81090882,50.07903153,39.44290807,19.8475026,38.59394442
1611,65.12102039,65.51521207,23.47837111,50.80357666,50.16422992,39.28460175,19.82323883,39.67233513
1612,65.10075574,65.51234979,23.76089332,50.79754052,50.12348885,39.38562455,19.83630348,38.82206553
1613,65.07937678,65.50762014,23.55359469,50.79059336,50.17907946,39.28036965,19.823635,39.75528826
1614,65.09612566,65.51025315,23.59393921,50.78441844,50.08002602,39.37935083,19.83249076,38.88428038
1615,65.05384286,65.5027667,23.5610264,50.77804332,50.23450629,39.36228095,19.82194938,40.46038988
1616,65.07995585,65.50333766,23.9241252,50.776986,50.76306887,39.59443742,19.84117648,40.89589382
1617,65.12187229,65.50769964,24.33584044,50.77663797,50.9912216,39.76375554,19.85931831,40.21153049
1618,65.14755225,65.51414285,24.04338455,50.77098757,50.38710501,39.59998584,19.86796169,37.82662796
1619,65.10450515,65.50938442,23.26854426,50.7611273,50.05112216,39.21067747,19.83149541,39.67233513
1620,65.11034239,65.51080866,23.63338187,50.7565306,50.2832004,39.45101937,19.831634,39.38199917
1621,65.10364885,65.50979307,23.63822789,50.75091439,50.28718342,39.3882502,19.82751453,39.02944836
1622,65.06391406,65.50561217,23.59281304,50.7469916,50.65958508,39.45983316,19.81830276,41.93280796
1623,65.13693553,65.51440236,24.45919847,50.74791016,50.8540921,39.81930899,19.8659259,39.09166321
1624,65.10593957,65.51012808,23.83621737,50.74260753,50.66077247,39.55099887,19.85341963,40.08710079
1625,65.10707971,65.51042179,23.88278753,50.73852774,50.50390973,39.56294004,19.86192672,40.21153049
1626,65.11286394,65.51271843,24.03017075,50.73630049,50.70918709,39.63695456,19.87118092,39.87971796
1627,65.1035677,65.51478474,23.79067045,50.73048786,50.29297361,39.51926207,19.86857683,39.09166321
1628,65.09345697,65.51585868,23.59748632,50.72478833,50.33433739,39.46218349,19.85974036,39.52716715
1629,65.08301415,65.51406725,23.62837701,50.72192898,50.70762045,39.45850665,19.85816377,41.62173372
1630,65.13921728,65.52065094,24.35379605,50.72199026,50.79110621,39.76765712,19.89245567,39.61012028
1631,65.10665256,65.51539245,23.98217626,50.71796228,50.68411604,39.62523009,19.89013301,39.85897968
1632,65.12179901,65.51817343,23.95995725,50.71469177,50.69449981,39.51967673,19.89410469,40.21153049
1633,65.13190471,65.51521683,24.04465785,50.71247939,50.77715085,39.62986669,19.90298196,39.27830776
1634,65.12589416,65.51279562,23.68761463,50.70668904,50.4655296,39.45725843,19.89010094,39.17461634
1635,65.09557742,65.50806477,23.47611084,50.7003514,50.25828686,39.33098118,19.88589407,38.9879718
1636,65.07097078,65.50472185,23.40507871,50.69300203,50.04158154,39.14221392,19.86756304,38.6146827
1637,65.05610099,65.5020709,23.12221508,50.68357844,49.69666539,39.0258643,19.84085316,38.8635421
1638,65.05235898,65.4978955,23.38014482,50.67794249,50.09950569,39.21145119,19.82533961,39.19535462
1639,65.04437965,65.49809384,23.44857559,50.67216625,50.16129648,39.19440888,19.81648317,39.50642887
1640,65.04083192,65.49933778,23.53462757,50.6673569,50.26022497,39.27889917,19.81699838,39.79676483
1641,65.0345736,65.49843295,23.61441673,50.66442558,50.5335002,39.35035061,19.81983178,40.23226877
1642,65.02452501,65.49807794,23.80481693,50.66045686,50.36428155,39.38889,19.83315703,38.51099129
1643,64.99468735,65.49434069,23.40620503,50.65280242,50.12923707,39.20540089,19.81540027,39.3405226
1644,64.9851935,65.49156644,23.53332933,50.64816123,50.30607874,39.22901088,19.81021196,39.90045624
1645,65.02001631,65.49842181,23.80945465,50.64425489,50.34733815,39.40751441,19.81342817,39.31978432
1646,65.01042389,65.49879887,23.6027028,50.63963619,50.39724661,39.35252196,19.81146434,39.38199917
1647,65.01037027,65.50045434,23.68621516,50.63408908,50.24303859,39.31416244,19.80185107,39.77602655
1648,65.02190539,65.50163641,23.78566321,50.62957838,50.23775045,39.40723927,19.80802687,38.92575695
1649,65.01053374,65.50019807,23.440336,50.62259375,50.04613622,39.2191289,19.79466761,38.84280382
1650,65.0001135,65.49801967,23.33733755,50.61605299,50.04949079,39.19138205,19.78191187,39.94193281
1651,65.00541236,65.49855612,23.49934853,50.61186902,50.14792298,39.22866948,19.79266222,39.13313978
1652,64.9895262,65.49403519,23.44952432,50.60561202,50.06269528,39.21512228,19.79289026,39.15387806
1653,64.98688857,65.49283159,23.44733445,50.59984565,50.09464198,39.24504459,19.78275191,39.48569058
1654,64.97255029,65.49055162,23.44959256,50.59547127,50.2450726,39.21559384,19.77985148,39.75528826
1655,64.98185302,65.49114621,23.81407576,50.59203317,50.39184978,39.38263173,19.77930445,39.98340937
1656,64.96583407,65.48826724,23.86281041,50.58929307,50.51016357,39.42461216,19.78643491,39.23683119
1657,64.93310353,65.48494325,23.68129249,50.58372084,50.28583108,39.2936545,19.78096314,39.75528826
1658,64.94561727,65.48629097,23.66029222,50.57926199,50.22867749,39.26461757,19.78120622,38.49025301
1659,64.92315888,65.48349497,23.45480575,50.57319457,50.26663726,39.21485451,19.75636858,40.58481958
1660,64.96348522,65.49202497,23.99248065,50.57196694,50.5266684,39.4767778,19.78455551,38.63542099
1661,64.92504882,65.48918687,23.44709607,50.56350329,49.95478777,39.17345646,19.76500326,38.6146827
1662,64.89369943,65.48394718,23.13032956,50.55861363,50.29923224,39.09561861,19.74982297,40.48112816
1663,64.92700764,65.4888747,23.91541993,50.55759975,50.59469014,39.41893244,19.76612692,39.77602655
1664,64.93926492,65.491553,23.88056183,50.55425382,50.52040236,39.46461537,19.76848337,39.85897968
1665,64.94815945,65.49090033,23.80233527,50.55305048,50.82443188,39.42200655,19.77273193,41.12401493
1666,64.97362105,65.49446803,24.19843838,50.55195929,50.63333158,39.61734878,19.80365195,38.44877644
1667,64.94902878,65.49046665,23.42600719,50.54636073,50.50971731,39.20494384,19.78241815,41.02032352
1668,64.99153102,65.49430899,23.92125248,50.54624668,50.6769226,39.48094172,19.8042955,39.65159685
1669,64.98064408,65.49133347,23.8084817,50.54210937,50.44432469,39.39612998,19.79961074,39.02944836
1670,64.96367695,65.49126609,23.52604595,50.53686447,50.32100941,39.29949413,19.78926944,40.02488594
1671,64.98726637,65.49469989,23.74387293,50.53330328,50.27866622,39.32805149,19.79979156,38.92575695
1672,64.98086985,65.49484636,23.52742207,50.52855553,50.35243702,39.24767004,19.78069936,39.98340937
1673,65.01733995,65.50033436,23.72511515,50.52475688,50.25961704,39.3565919,19.78811767,38.67689755
1674,64.9929777,65.49643311,23.3097914,50.51767892,50.02001973,39.10608582,19.76629644,39.40273745
1675,64.9926675,65.49677184,23.41094899,50.51199283,49.94571335,39.15380401,19.7622394,38.34508503
1676,64.94917807,65.49076719,23.18902061,50.50661257,50.23816052,39.05340534,19.74680524,41.35213604
1677,65.01861348,65.49986679,23.94688187,50.50757878,50.61711817,39.53837545,19.78529541,39.17461634
1678,64.99151538,65.49463502,23.54650076,50.50243235,50.34737647,39.27834302,19.78076545,39.67233513
1679,64.97177235,65.49578529,23.62458052,50.49749932,50.12327173,39.25817917,19.78312116,38.9879718
1680,64.95155903,65.49289901,23.55552931,50.49263291,50.2154423,39.2112808,19.78478425,39.44421402
1681,64.92493936,65.49123899,23.74996491,50.49021181,50.53729999,39.40988056,19.78095848,41.37287433
1682,64.98431074,65.49915649,24.25998488,50.49202929,50.87370443,39.66765321,19.81582733,39.69307341
1683,64.97702607,65.49771202,23.90611505,50.48762364,50.43154161,39.40027495,19.81050553,39.25756947
1684,65.00040189,65.50280887,23.55854138,50.48326851,50.35948019,39.23963982,19.80604427,39.38199917
1685,64.99828657,65.50101682,23.5327187,50.47852697,50.22467856,39.2166245,19.80107919,39.31978432
1686,65.01749727,65.50421664,23.4227748,50.47464612,50.32100768,39.17538929,19.79929098,39.87971796
1687,65.00473526,65.50364728,23.78255876,50.47184759,50.39098269,39.40547462,19.80661982,39.31978432
1688,64.98518834,65.50233235,23.54983488,50.46716816,50.25686904,39.31192125,19.80526061,39.67233513
1689,64.99531622,65.50263808,23.69902233,50.46325868,50.22598064,39.34463106,19.79958975,39.25756947
1690,64.98971997,65.50192634,23.51004467,50.4584524,50.17273808,39.22262756,19.79820715,38.94649523
1691,64.97643231,65.50128416,23.34196183,50.45253404,50.04488645,39.16618193,19.78879161,39.31978432
1692,64.97163206,65.50093604,23.42193169,50.44792189,50.09567176,39.16591167,19.77936268,38.82206553
1693,64.95500665,65.4969662,23.4389996,50.44394873,50.34824286,39.17049851,19.76112526,40.41891331
1694,64.99726846,65.50198918,24.03144296,50.44350132,50.62169637,39.45113484,19.76834715,40.93737039
1695,65.04678387,65.50798884,24.34422176,50.44517749,50.95584217,39.68421069,19.7907744,40.64703443
1696,65.08921688,65.51351442,24.42897983,50.44560455,50.97252925,39.74821853,19.81186729,40.35669847
1697,65.10925553,65.51600782,24.22489177,50.44381217,50.68659498,39.66956301,19.82590721,39.56864372
1698,65.10156909,65.51485143,23.77930432,50.44002057,50.43597474,39.42966907,19.82757449,39.98340937
1699,65.09233407,65.51661898,24.01184015,50.43828346,50.55694104,39.50419684,19.8312529,40.35669847
1700,65.11881041,65.52062525,24.10379985,50.43639434,50.48596508,39.57030318,19.84217213,39.00871008
1701,65.10475721,65.51771097,23.60805436,50.43185521,50.37126503,39.32803816,19.82518651,39.65159685
1702,65.09400753,65.51695672,23.73149428,50.4289563,50.41874168,39.34614659,19.82661299,39.65159685
1703,65.09912553,65.51700458,23.70379615,50.42496277,50.25621046,39.33512001,19.82434462,39.42347574
1704,65.0505222,65.50868665,23.76738462,50.42016849,50.10821834,39.32303673,19.82110286,38.63542099
1705,65.02526243,65.50363489,23.53991666,50.41463658,50.12701023,39.14513048,19.80479536,39.48569058
1706,65.02711704,65.50423566,23.64427713,50.41142529,50.29143825,39.26935626,19.79227791,39.83824139
1707,65.04931959,65.50969455,23.76286144,50.4093097,50.45193139,39.33203469,19.79285721,39.13313978
1708,65.02563523,65.50636046,23.4602617,50.40360985,50.10951908,39.13172059,19.77755113,39.3405226
1709,65.00809382,65.5036375,23.52601819,50.3996131,50.17872264,39.1700376,19.76967988,39.589382
1710,65.00484252,65.50354058,23.69890852,50.39687712,50.35193171,39.26925183,19.76850352,40.17005392
1711,65.0010434,65.50271518,23.94931406,50.39491756,50.39627342,39.32754184,19.79266353,38.78058897
1712,64.98779106,65.49941497,23.63535956,50.38910985,50.14681539,39.19335392,19.7785811,40.06636251
1713,65.02975114,65.50352031,23.78082022,50.38705545,50.31133929,39.3315511,19.79072724,39.42347574
1714,64.99900979,65.49684673,23.73691381,50.38369702,50.33686201,39.32366318,19.79023282,40.08710079
1715,65.01743348,65.50039962,23.79469856,50.38190311,50.42917948,39.30351183,19.80008274,40.3152219
1716,65.04214623,65.50250368,23.94403235,50.38158087,50.65481113,39.38486293,19.81671895,40.08710079
1717,65.05098002,65.50387783,23.87067109,50.37809454,50.28522574,39.31066936,19.82262342,38.94649523
1718,65.00691692,65.49778565,23.51908205,50.37466839,50.4343516,39.22648506,19.80775641,39.75528826
1719,65.02166382,65.50040978,23.78285778,50.37073247,50.19548985,39.26310367,19.81033492,38.84280382
1720,64.97987079,65.49322882,23.49277599,50.36342085,49.76901563,39.06634604,19.79572398,38.67689755
1721,64.91779563,65.48571258,23.43051016,50.35767268,49.87966835,39.07170458,19.78241694,39.4649523
1722,64.94595475,65.48817954,23.57791315,50.35521789,50.26583576,39.24591078,19.78923405,39.81750311
1723,64.94362762,65.48700304,23.67842364,50.35229182,50.26002998,39.20200635,19.78905863,39.17461634
1724,64.95805206,65.49129643,23.48860686,50.34757879,50.13076474,39.109129,19.77718468,38.65615927
1725,64.94316383,65.48997471,23.30667866,50.34244554,50.13602744,39.03489719,19.76263228,39.94193281
1726,64.9524296,65.49100927,23.69540144,50.34021635,50.27765118,39.23284187,19.77273679,39.65159685
1727,64.94904411,65.49161312,23.61458426,50.33591893,50.06657638,39.14093101,19.77552846,38.22065533
1728,64.88286072,65.48449678,23.32440577,50.32900295,49.91334244,38.9574415,19.75508673,39.77602655
1729,64.89744587,65.48401165,23.64269048,50.32689343,50.22555189,39.1418338,19.76576632,39.07092493
1730,64.87473541,65.48274164,23.376483,50.3241654,50.44257868,39.03711197,19.75513798,40.60555786
1731,64.90650249,65.48541019,24.01020501,50.32378315,50.52053951,39.37885914,19.77141612,39.54790543
1732,64.91807276,65.48380368,23.82651341,50.32043511,50.34333885,39.24117014,19.77050982,39.36126089
1733,64.92026003,65.48580748,23.652888,50.31652075,50.21859481,39.14257996,19.77467323,39.29904604
1734,64.91848205,65.48536211,23.50675834,50.31422966,50.44109803,39.17946325,19.76330458,40.56408129
1735,64.90293423,65.48513722,23.89634757,50.31373119,50.49712145,39.32643313,19.77613458,40.06636251
1736,64.88806133,65.48262189,24.00521317,50.31236046,50.5099192,39.38140647,19.78272921,39.11240149
1737,64.86858223,65.47807135,23.63946649,50.30806158,50.28213688,39.12261392,19.77498027,39.17461634
1738,64.85694648,65.47557984,23.60625908,50.30410917,50.22319862,39.16765409,19.77281889,39.17461634
1739,64.86899524,65.47512313,23.38307003,50.29769792,49.78351412,39.0146664,19.76210645,38.22065533
1740,64.84219317,65.47379653,22.98836265,50.29076191,49.75456638,38.8116258,19.73562889,39.48569058
1741,64.8348881,65.47140428,23.35884241,50.28828213,50.14512251,39.06268461,19.73484013,39.63085856
1742,64.80504615,65.46704982,23.58483771,50.28547136,50.22099943,39.08113141,19.73659279,39.31978432
1743,64.81691711,65.46984085,23.62689697,50.28213384,50.24363669,39.08771662,19.74256644,40.04562422
1744,64.82199086,65.47240628,23.74596899,50.28066342,50.36607837,39.13766686,19.75160708,39.94193281
1745,64.83473462,65.473806,23.88668412,50.28018775,50.61023318,39.21573055,19.76362458,40.4396516
1746,64.88428354,65.48145476,24.0796295,50.27896219,50.45927182,39.34757557,19.78550462,38.88428038
1747,64.84935755,65.47386433,23.57200294,50.2736151,50.11970851,39.08031823,19.77824457,38.9879718
1748,64.82609709,65.47194313,23.37235371,50.26942298,50.13293327,39.0627151,19.76452783,39.61012028
1749,64.82430466,65.47205049,23.50001781,50.26582258,50.06404255,39.13106556,19.76889885,38.82206553
1750,64.81496605,65.47145372,23.43442355,50.25982336,49.84427902,39.06582883,19.75804257,38.6146827
1751,64.774766,65.46537292,23.29339631,50.25440475,49.89464623,38.91753752,19.73976135,40.06636251
1752,64.79331512,65.46711351,23.65815471,50.25260731,50.12750386,39.10648493,19.75120618,38.94649523
1753,64.78637397,65.46683603,23.43532812,50.24944375,50.29796012,39.09944674,19.73988035,40.39817503
1754,64.79831698,65.46935981,23.8003334,50.24878787,50.40293635,39.20084109,19.75681404,39.4649523
1755,64.7834998,65.46751612,23.68269933,50.24622614,50.37879724,39.15599347,19.75358196,40.10783907
1756,64.80538238,65.46848106,23.85860192,50.24552165,50.50498644,39.2143444,19.76586438,40.10783907
1757,64.82195494,65.47103466,23.96910976,50.24450298,50.50264229,39.27167519,19.7735311,39.42347574
1758,64.806147,65.46789819,23.68375917,50.2418135,50.39888831,39.13628784,19.76648937,39.52716715
1759,64.80936727,65.469068,23.60446769,50.2393025,50.35860958,39.13614925,19.76811623,40.00414766
1760,64.83865573,65.47295343,23.90714032,50.23949479,50.66620212,39.3424653,19.77669461,40.97884695
1761,64.8488779,65.47369543,24.27914761,50.2397146,50.54472508,39.42714572,19.8083532,38.69763584
1762,64.82954082,65.46998043,23.68098785,50.23499223,50.27645231,39.15063389,19.78904049,38.78058897
1763,64.8077202,65.46921748,23.41470966,50.23228825,50.46724243,39.0576735,19.77379069,40.72998756
1764,64.84094439,65.47449441,23.89230136,50.23207294,50.44643773,39.24229103,19.79887005,38.92575695
1765,64.80468806,65.46814022,23.66741985,50.22790553,50.25848646,39.13038821,19.78864838,39.56864372
1766,64.79707033,65.46652134,23.6277501,50.22536103,50.2680637,39.16933022,19.78721997,40.27374533
1767,64.82300788,65.4705362,23.9215866,50.22566887,50.55884493,39.33294169,19.80000057,39.85897968
1768,64.82446561,65.46998753,23.71809014,50.22374782,50.4253454,39.16116839,19.80625625,40.04562422
1769,64.83611508,65.47196616,23.79442143,50.22178196,50.30895686,39.21069116,19.81975924,39.38199917
1770,64.82149343,65.47017266,23.65007775,50.21858586,50.22829822,39.14132465,19.81482952,39.54790543
1771,64.83338659,65.47322216,23.85995682,50.21683779,50.38951233,39.30811653,19.8212116,40.21153049
1772,64.84882954,65.47601793,23.88087356,50.21573986,50.39007792,39.27127516,19.82871959,40.00414766
1773,64.82743367,65.47186812,23.94488756,50.21510122,50.51485151,39.34112938,19.83576037,39.25756947
1774,64.83441457,65.47313925,23.64705976,50.21237413,50.42029127,39.2398056,19.83056742,40.02488594
1775,64.83635793,65.47405008,23.86367962,50.21053789,50.32031529,39.28615517,19.83793825,39.67233513
1776,64.84057061,65.47676789,23.72679501,50.20940532,50.48771803,39.2713581,19.83640244,39.73454998
1777,64.83233475,65.47576025,23.77151989,50.20725033,50.37601827,39.21739001,19.83252889,39.48569058
1778,64.83379134,65.47704734,23.59749827,50.2049627,50.36610463,39.19385234,19.837011,40.06636251
1779,64.84793412,65.47615623,23.78586837,50.20391745,50.41181732,39.27333588,19.84786605,39.50642887
1780,64.82654666,65.47083386,23.5847022,50.19990486,50.08746913,39.01525963,19.84408564,38.75985068
1781,64.80662564,65.46799871,23.39283695,50.19542733,50.0603212,38.94509615,19.82083288,39.23683119
1782,64.82062241,65.47260668,23.50800622,50.1922715,50.14344449,39.05633671,19.81110119,38.78058897
1783,64.81211848,65.47125256,23.39161468,50.18823395,50.15262367,39.08761938,19.80005773,39.31978432
1784,64.79988225,65.46769454,23.44567935,50.18512392,50.16037612,39.04686605,19.79984499,39.50642887
1785,64.81566104,65.47055055,23.4129039,50.18107129,49.95386863,39.00764308,19.80464217,39.21609291
1786,64.81146926,65.47102003,23.51632998,50.17823508,50.13851315,39.0565152,19.79604528,40.00414766
1787,64.78508824,65.4687241,23.7234954,50.17618176,50.14260419,39.14021333,19.80729391,38.92575695
1788,64.78357413,65.46743004,23.33182885,50.17145019,49.98664115,38.99697855,19.78874934,38.88428038
1789,64.76761184,65.46464949,23.36311757,50.16740288,50.03945391,38.90429929,19.7849007,39.4649523
1790,64.79544855,65.46879884,23.44687478,50.1664462,50.41929659,39.04510686,19.77859454,40.21153049
1791,64.80308999,65.46971559,23.85869636,50.16479401,50.26612906,39.19734301,19.78687077,39.54790543
1792,64.76743692,65.46465446,23.85541348,50.16278063,50.31392525,39.2346511,19.7896655,39.92119453
1793,64.7497204,65.4639791,23.78453812,50.16174603,50.39726472,39.18992283,19.79894168,39.7138117
1794,64.72723207,65.45956407,23.79049528,50.15988854,50.35239277,39.24837158,19.79018882,38.94649523
1795,64.71755064,65.45884844,23.43332809,50.15652174,50.28405634,39.02953647,19.77448089,40.10783907
1796,64.72751052,65.46025678,23.62734801,50.15564605,50.35876717,39.06248721,19.78525695,39.40273745
1797,64.73409106,65.46066413,23.60821427,50.15316606,50.30842225,39.07136596,19.781319,39.56864372
1798,64.74005683,65.46152122,23.52794856,50.14994146,50.11508122,38.93374349,19.78307693,38.71837412
1799,64.73145408,65.4606967,23.26428798,50.14465896,49.91235829,38.83581812,19.77028847,39.13313978
1800,64.70828074,65.45560636,23.49301383,50.14141826,50.04742821,38.91288791,19.76459397,39.61012028
