cycle,avg_know,avg_att,avg_pbc,avg_moral,avg_sn,avg_int,avg_habit,participation
0,44.2542263,62.37126441,44.33966588,80.60544161,63.68284149,0,0,0
1,44.2542263,62.33032897,7.220007395,80.31711008,45.0495044,31.290358,0,2.322687681
2,44.33702112,62.34150151,6.480463692,80.03627113,37.66794608,29.68694281,0.069408913,2.177519701
3,44.39851904,62.35048133,6.53022313,79.7561683,34.50014032,29.14136385,0.127425317,2.156781418
4,44.45068117,62.35782272,6.547039549,79.47765659,33.19078079,28.88072158,0.186637364,2.343425964
5,44.51161265,62.36571379,6.628792741,79.20092365,32.63657753,28.7894292,0.249354333,2.343425964
6,44.55906879,62.37253186,6.651027656,78.92531927,32.34340061,28.7210698,0.309821778,2.571547076
7,44.61293258,62.3800749,6.755782193,78.6518627,32.27082815,28.71192277,0.376461274,2.758191622
8,44.67080204,62.38836855,6.815507025,78.38033483,32.27163281,28.70142106,0.445353663,2.67523849
9,44.71806845,62.39486432,6.854600187,78.11030752,32.30503021,28.68906818,0.509215012,3.027789299
10,44.77883331,62.40384416,6.949408664,77.84213329,32.29506436,28.67589652,0.579965873,2.944836168
11,44.83025472,62.4112287,7.013031769,77.57527737,32.29609665,28.64780541,0.648851179,2.986312733
12,44.87465184,62.41729705,7.030603592,77.3097723,32.27650714,28.61305074,0.713892476,3.110742431
13,44.91971326,62.42259854,7.086428085,77.04674391,32.4130736,28.62326742,0.781506854,3.857320614
14,44.9891959,62.43282949,7.321451488,76.78624554,32.46426805,28.67275606,0.867527112,3.172957279
15,45.03108549,62.43913727,7.195164196,76.52535326,32.37158411,28.58853315,0.929983603,3.629199502
16,45.08634944,62.44684184,7.298227301,76.26703367,32.40779633,28.61055017,1.006475168,3.649937785
17,45.13942828,62.4543121,7.336294213,76.00993939,32.39405022,28.57022642,1.077165542,3.587722937
18,45.1832161,62.46037646,7.359189563,75.75393475,32.36116771,28.51835747,1.141877551,3.712152634
19,45.23191977,62.46660664,7.388431342,75.49884576,32.24021483,28.47414049,1.212844866,3.484031522
20,45.26836594,62.47133742,7.366906985,75.2456595,32.34097434,28.44181713,1.273167637,3.919535462
21,45.31291593,62.47716721,7.46755623,74.99399039,32.29911993,28.42921758,1.343440433,3.940273745
22,45.34895676,62.48167998,7.552314012,74.74357864,32.26175407,28.40570825,1.410408689,3.629199502
23,45.37392947,62.48531316,7.504019373,74.49365661,32.18951381,28.33102146,1.465042865,4.023226877
24,45.4201314,62.49210913,7.589025257,74.24624557,32.2517269,28.34597069,1.530595663,3.981750311
25,45.45685599,62.49770304,7.590366879,73.99986957,32.24504565,28.3125559,1.593807695,3.940273745
26,45.48581747,62.50114849,7.605432417,73.75445744,32.19538797,28.26295773,1.651575782,4.272086271
27,45.5269928,62.50723708,7.678738269,73.51134603,32.25344458,28.26739339,1.716297926,4.4794691
28,45.56622095,62.51377146,7.833078065,73.26944802,32.21041253,28.26764111,1.785449008,4.168394857
29,45.59842361,62.5187113,7.7650144,73.02806304,32.14536771,28.19962313,1.8429723,4.355039403
30,45.63464017,62.52390591,7.81814544,72.78852113,32.16141983,28.17261041,1.903009929,4.375777686
31,45.66586882,62.52879474,7.865366027,72.55036598,32.18291339,28.16246595,1.960355719,4.603898797
32,45.70046246,62.53325665,7.962120321,72.31394501,32.21190423,28.15361259,2.022671864,4.790543343
33,45.73815942,62.53909923,8.050690096,72.07901499,32.21536526,28.14422935,2.091359575,4.811281626
34,45.77587002,62.54378974,8.037697279,71.84516788,32.1853142,28.10667523,2.160191476,4.645375363
35,45.80173724,62.54799767,8.050998619,71.61223424,32.16242109,28.05739118,2.219031265,4.749066777
36,45.83941338,62.55300451,8.042629311,71.38032143,32.09085669,28.00304516,2.278395079,4.520945666
37,45.8609367,62.55637928,8.003479987,71.14877265,31.97640654,27.92326739,2.33276377,4.603898797
38,45.88119885,62.55952657,8.006359093,70.91864296,31.93679541,27.89001083,2.38452807,4.583160514
39,45.89808017,62.56240084,8.015663313,70.68983183,31.94128947,27.86453105,2.434057025,4.873496474
40,45.93293173,62.56766087,8.11054351,70.46280527,31.96208509,27.86024159,2.490080701,4.894234757
41,45.95989735,62.57171187,8.153483969,70.23700419,31.96951312,27.85013427,2.54502844,4.852758192
42,45.97981975,62.57487159,8.18503227,70.01212056,31.93654859,27.81173526,2.594673958,5.143094152
43,46.01149063,62.58002386,8.290913954,69.78946012,32.01687639,27.82025499,2.654331259,5.184570718
44,46.04163896,62.58453182,8.322442707,69.56779709,32.01179152,27.79319313,2.712230578,5.267523849
45,46.06846802,62.58821428,8.403932434,69.34778988,32.06856682,27.79677603,2.768159438,5.495644961
46,46.10613847,62.59409082,8.524456669,69.12924893,32.08191899,27.80743194,2.828499443,5.433430112
47,46.13672021,62.5985491,8.518018013,68.91127315,32.00703922,27.75680108,2.883810289,5.288262132
48,46.15521862,62.60126222,8.504166944,68.69395185,31.93009428,27.69555897,2.932849567,5.309000415
49,46.18012869,62.60485302,8.538154241,68.47799317,31.92744691,27.66809301,2.98169395,5.433430112
50,46.20347723,62.60849192,8.549682792,68.26313586,31.88684497,27.64080384,3.032401107,5.350476981
51,46.22423628,62.61146789,8.529306916,68.04939224,31.88555561,27.60427733,3.078270172,5.474906678
52,46.24431708,62.61468796,8.569716599,67.83695687,31.88206805,27.58387797,3.12693099,5.661551224
53,46.27807321,62.61935077,8.608597043,67.62545274,31.79906432,27.5581543,3.178921342,5.288262132
54,46.29328863,62.62181917,8.593612491,67.41430835,31.73650135,27.4967452,3.220655777,5.557859809
55,46.31405082,62.62436595,8.632898844,67.20540384,31.82490026,27.48861251,3.266165932,5.889672335
56,46.34770548,62.62923593,8.692378528,66.99766619,31.78539501,27.45720003,3.318424343,5.620074658
57,46.36422763,62.63183738,8.689857565,66.79109789,31.85228161,27.44476088,3.365083146,6.117793447
58,46.38654192,62.63483045,8.885293954,66.58614955,31.83655533,27.47318113,3.423675994,5.640812941
59,46.403783,62.63703976,8.808775554,66.38076209,31.70348908,27.39496557,3.464550066,5.661551224
60,46.42248902,62.64009965,8.742915252,66.1765447,31.6542228,27.34747896,3.504802414,5.785980921
61,46.43911904,62.64232376,8.79167833,65.9737084,31.65114352,27.3185532,3.549634353,5.827457487
62,46.45886954,62.64520032,8.861743935,65.77172924,31.60333371,27.29467398,3.591544131,5.744504355
63,46.48389509,62.64913542,8.833078122,65.57107145,31.64768189,27.27527756,3.629875937,6.159270012
64,46.51174657,62.65321032,8.938619117,65.37212319,31.66535563,27.26407224,3.68075452,6.014102032
65,46.52721875,62.65563412,8.953011769,65.17389515,31.65635124,27.22376288,3.724532533,5.931148901
66,46.54622099,62.65871336,8.944297859,64.97621219,31.59147344,27.191051,3.763919345,6.034840315
67,46.56373905,62.66139181,8.967846701,64.779905,31.58934986,27.18059115,3.806425345,6.097055164
68,46.57921641,62.66402307,9.069409323,64.58481658,31.60273394,27.16663301,3.847478111,5.993363749
69,46.59034612,62.66551093,9.037624397,64.39011149,31.52797107,27.11367685,3.879860187,6.304437993
70,46.60805337,62.66773975,9.085981765,64.19734158,31.56254763,27.10347059,3.922039154,6.159270012
71,46.63149156,62.670644,9.049863692,64.00472309,31.47402798,27.05189917,3.962850605,6.076316881
72,46.64018593,62.67179215,9.005054309,63.8129369,31.42670538,26.99946903,3.995488534,6.13853173
73,46.6528298,62.67346875,9.033984659,63.62231364,31.41390477,26.97243296,4.02809967,6.28369971
74,46.66721078,62.67562497,9.110610799,63.43283288,31.39298881,26.95520968,4.066128324,6.180008295
75,46.68251016,62.67785271,9.098109829,63.24381484,31.32190424,26.90655252,4.097863474,6.097055164
76,46.69428898,62.67922806,9.051673315,63.05545599,31.25674283,26.85813189,4.12520249,5.972625467
77,46.69654271,62.6798009,8.984335159,62.8678894,31.22745154,26.7944994,4.149001004,6.262961427
78,46.7084276,62.68124182,9.101141635,62.68206758,31.26241875,26.79993586,4.180397987,6.345914558
79,46.71982178,62.68289933,9.184060836,62.49718685,31.24905163,26.79574883,4.213018555,6.449605973
80,46.73118602,62.6848968,9.2516599,62.3133168,31.22161885,26.76870608,4.248208791,6.117793447
81,46.7375683,62.68572997,9.143530593,62.12983305,31.2016598,26.7093567,4.272671048,6.615512236
82,46.7533458,62.68770419,9.301393341,61.94798402,31.17018385,26.7318283,4.311801314,6.159270012
83,46.76492664,62.68913827,9.227431419,61.76613592,31.11868848,26.67300035,4.335220824,6.221484861
84,46.77336738,62.69071435,9.229832876,61.58512457,31.0596372,26.63417481,4.362701779,6.345914558
85,46.78155371,62.69209496,9.243276508,61.40544083,31.06337644,26.61137649,4.390715696,6.387391124
86,46.79369294,62.69414673,9.240720878,61.22691111,31.08867525,26.59196408,4.416123783,6.636250518
87,46.8069466,62.696057,9.376614854,61.04986229,31.12281576,26.61373761,4.448137975,6.656988801
88,46.82462553,62.69833758,9.397972983,60.87347809,31.08693841,26.58390379,4.479400316,6.698465367
89,46.83645247,62.69996288,9.425533433,60.69793859,31.04653567,26.55653109,4.513424528,6.262961427
90,46.83939511,62.70075125,9.216212316,60.52192279,30.91176357,26.44757736,4.533390505,6.304437993
91,46.8447732,62.70134188,9.214991619,60.34663243,30.80870462,26.40431337,4.554119986,6.366652841
92,46.85184936,62.70246753,9.271595009,60.1728271,30.83882373,26.39450579,4.575333313,6.511820821
93,46.86502245,62.70438338,9.322804845,59.99990845,30.80869869,26.37875694,4.599354311,6.345914558
94,46.87435949,62.70569643,9.244717629,59.82751614,30.7759223,26.3382735,4.61859387,6.615512236
95,46.88770218,62.70788439,9.34347033,59.65646998,30.7625984,26.33269945,4.644397204,6.491082538
96,46.89326709,62.70867314,9.395646642,59.48633736,30.79227164,26.31077001,4.66875181,6.760680216
97,46.90162299,62.71000929,9.44134518,59.31751362,30.80250261,26.2941092,4.698470081,6.71920365
98,46.90802673,62.71090725,9.466530547,59.14903335,30.72636163,26.25978449,4.722635738,6.594773953
99,46.91527854,62.71187089,9.438102626,58.98130048,30.70276305,26.22039976,4.741254456,6.57403567
100,46.92167874,62.71286556,9.414105754,58.81420362,30.65765919,26.19037708,4.759229137,6.511820821
101,46.92656915,62.71340958,9.384434186,58.64761902,30.5929926,26.12435142,4.778027667,6.57403567
102,46.93113649,62.71388703,9.389746027,58.48200998,30.5646196,26.09837053,4.796430476,6.594773953
103,46.93707903,62.71494928,9.403310313,58.31715539,30.5272197,26.07683158,4.816143683,6.408129407
104,46.94234992,62.71539142,9.327629973,58.15249354,30.44619503,26.01477282,4.827870644,6.656988801
105,46.94896246,62.71675267,9.367588827,57.98901066,30.39679589,25.98697102,4.845806077,6.345914558
106,46.94739276,62.71646393,9.271444152,57.82613769,30.41599594,25.94861558,4.857933164,6.885109913
107,46.96207583,62.71856733,9.477551034,57.66521466,30.46320026,25.98807742,4.883251464,6.636250518
108,46.96749093,62.7192906,9.450354542,57.5043155,30.41212684,25.94471951,4.899926723,6.71920365
109,46.97846108,62.72090285,9.478781706,57.34460979,30.42673912,25.93533939,4.91982314,6.760680216
110,46.98601738,62.7217802,9.435433201,57.18564647,30.40521077,25.8910232,4.940062631,6.760680216
111,46.990168,62.72234109,9.509290272,57.02776957,30.43575009,25.88191361,4.961287375,6.885109913
112,46.99802241,62.72334867,9.540979988,56.87022075,30.332786,25.85800796,4.984567988,6.739941933
113,47.00090601,62.72402789,9.563163241,56.71386993,30.38697692,25.84469304,5.003823586,7.133969307
114,47.00998592,62.72518666,9.69135564,56.55887871,30.39653615,25.85597776,5.031836763,6.71920365
115,47.010092,62.72574304,9.560705418,56.40282085,30.19812012,25.76435481,5.046962951,6.345914558
116,47.01004235,62.72591132,9.432081587,56.24721812,30.1483109,25.68674553,5.050944538,6.86437163
117,47.01351609,62.72664464,9.52249441,56.09323766,30.12141914,25.68661903,5.070796348,6.615512236
118,47.01589117,62.72682439,9.498567968,55.93976082,30.12502902,25.64867253,5.081398998,6.760680216
119,47.0211025,62.72733946,9.487808071,55.78743044,30.14439917,25.62695768,5.094626581,7.00953961
120,47.03012538,62.72886151,9.617879465,55.63615756,30.12953062,25.64161631,5.116662637,6.760680216
121,47.03272223,62.72930333,9.595828899,55.48537414,30.13887947,25.61527281,5.128549291,6.843633347
122,47.03600605,62.72948296,9.606401527,55.33526997,30.10186825,25.57217832,5.144021877,6.926586479
123,47.04338858,62.73073552,9.675840471,55.18601543,30.07329818,25.56240919,5.161419743,6.739941933
124,47.04602582,62.73082012,9.616124995,55.03718737,30.05040818,25.52625481,5.171700492,7.030277893
125,47.05233144,62.7317636,9.700185037,54.88922874,29.97736699,25.50592825,5.190619779,6.698465367
126,47.05503936,62.73192667,9.584856822,54.74150885,29.94244619,25.4412153,5.196990093,6.968063044
127,47.05540315,62.73211291,9.697891049,54.59527618,29.97445491,25.45468268,5.212268256,6.988801327
128,47.05922051,62.73259445,9.701182256,54.44974536,29.97144209,25.44219458,5.226408071,7.030277893
129,47.06537529,62.73360303,9.757461659,54.30499157,29.96193723,25.43118816,5.24173672,7.00953961
130,47.06718807,62.73363926,9.767295188,54.16084702,29.9369061,25.4183042,5.256119638,7.113231024
131,47.07281081,62.73460267,9.789476349,54.01756261,29.91543488,25.39225387,5.272210432,6.86437163
132,47.07016984,62.73393904,9.726358631,53.87395749,29.79312144,25.32530206,5.28235388,6.802156781
133,47.07009864,62.73397089,9.689094779,53.73122366,29.77530233,25.28296208,5.290278943,6.988801327
134,47.07156647,62.73414139,9.746996407,53.58973167,29.79989962,25.27576714,5.302553828,7.216922439
135,47.07513973,62.73456696,9.841056549,53.44907888,29.76474468,25.27587118,5.321101327,6.926586479
136,47.07988458,62.73527343,9.769267239,53.30842278,29.7018803,25.23476566,5.331135795,6.885109913
137,47.08176855,62.73551978,9.722067786,53.16847358,29.67994732,25.1963885,5.341021313,6.947324762
138,47.08585479,62.73591576,9.711115246,53.02956293,29.704507,25.18283011,5.350933115,7.216922439
139,47.09048692,62.73668749,9.809954546,52.89164548,29.68735468,25.17783291,5.36921923,6.905848196
140,47.09081482,62.73650568,9.726329124,52.75366396,29.63240771,25.11175171,5.376976377,6.988801327
141,47.09402831,62.73687102,9.736090432,52.61680045,29.65115347,25.10262911,5.386073956,7.113231024
142,47.09802807,62.73733408,9.807826212,52.48056414,29.61090841,25.10265145,5.397635571,7.051016176
143,47.09977759,62.73755775,9.804053895,52.34483434,29.57460155,25.07621267,5.408675418,6.968063044
144,47.10503587,62.7378781,9.772119317,52.20945214,29.52004502,25.03416671,5.416664704,6.947324762
145,47.10810715,62.73831569,9.741824614,52.07463764,29.47655024,25.02079585,5.423996202,6.968063044
146,47.10602375,62.73815159,9.697432568,51.94030542,29.41353962,24.96779544,5.43086515,6.885109913
147,47.10943142,62.73835882,9.666249884,51.80593338,29.28495404,24.90591013,5.434580337,6.57403567
148,47.10532904,62.73782381,9.556152294,51.67211777,29.28696477,24.85592206,5.430696052,7.133969307
149,47.10866028,62.73854991,9.681840354,51.54012425,29.32519406,24.88035639,5.444495214,6.988801327
150,47.10836804,62.73840317,9.722599938,51.4084063,29.31090137,24.86668006,5.451532148,6.947324762
151,47.11025061,62.73861625,9.732326022,51.27708725,29.2664602,24.83768351,5.457406734,6.802156781
152,47.11060752,62.73882028,9.659842057,51.14627,29.25422773,24.79739592,5.459647924,7.00953961
153,47.11707198,62.73959791,9.731353411,51.01680724,29.30448505,24.789062,5.465833144,7.15470759
154,47.12153849,62.74022547,9.790234068,50.88811511,29.30347519,24.79182335,5.477112001,7.071754459
155,47.12360692,62.74037348,9.805646222,50.75960842,29.24302807,24.77149599,5.485786276,6.905848196
156,47.12529472,62.74067315,9.71634127,50.63126388,29.17460783,24.71804942,5.491745327,7.00953961
157,47.12394389,62.74053819,9.74939195,50.50383461,29.15701321,24.68813034,5.500389335,7.030277893
158,47.12629863,62.74071513,9.790810957,50.37739034,29.19695962,24.69923272,5.507193647,7.279137287
159,47.13225371,62.74131773,9.863384748,50.25151694,29.13290439,24.69956036,5.520667552,6.905848196
160,47.13144314,62.74127872,9.776378336,50.12541791,29.0570224,24.62683433,5.523976129,6.843633347
161,47.13249393,62.7414779,9.756526007,49.99999188,29.0417536,24.59964381,5.524433607,7.051016176
162,47.1360834,62.74180215,9.765893056,49.87546863,29.0205719,24.57354227,5.531844748,7.030277893
163,47.13733265,62.74217069,9.768818305,49.75150218,29.00006382,24.55368281,5.538778718,7.030277893
164,47.1396722,62.74240946,9.738887372,49.62792533,28.94721564,24.527965,5.546289048,6.843633347
165,47.13963697,62.74251877,9.684373756,49.50484285,28.94843392,24.49441109,5.547938748,7.030277893
166,47.13969142,62.742561,9.763614004,49.38238541,28.89475024,24.5005696,5.554145984,6.905848196
167,47.13976105,62.74262963,9.714982643,49.2600298,28.81411988,24.46044097,5.554755759,6.926586479
168,47.14291237,62.74307966,9.714426868,49.1386882,28.83569359,24.44328289,5.558269239,7.00953961
169,47.14343728,62.74315792,9.752070592,49.01804064,28.83246949,24.42316202,5.563263364,6.822895064
170,47.14520861,62.74335121,9.682512818,48.89735962,28.77017641,24.38406791,5.56073337,6.947324762
171,47.14507426,62.74337237,9.736670819,48.77773131,28.77845976,24.38040877,5.563833737,7.00953961
172,47.15019995,62.74419522,9.731360296,48.65866271,28.75391073,24.35609396,5.567549602,7.00953961
173,47.15065425,62.74437967,9.779595108,48.54011413,28.72556393,24.33150498,5.572216429,7.030277893
174,47.15385164,62.74472684,9.816342041,48.4221479,28.7009968,24.31845896,5.575396483,6.926586479
175,47.15191423,62.7443895,9.772367946,48.30468071,28.69808526,24.28724631,5.576003082,7.092492742
176,47.15510297,62.74464169,9.811617362,48.18793856,28.66926058,24.28701256,5.583191122,6.905848196
177,47.15323352,62.74439494,9.763739664,48.07123311,28.61115437,24.24929424,5.584382996,7.071754459
178,47.15360543,62.74441665,9.82781529,47.95558284,28.61561888,24.23670816,5.590414406,6.86437163
179,47.15147517,62.74425362,9.754432806,47.83985148,28.55812006,24.19175306,5.589011114,7.071754459
180,47.15571049,62.74482447,9.8147308,47.72547717,28.60205746,24.20242918,5.596576169,6.885109913
181,47.15829761,62.74491419,9.78999499,47.61097221,28.54865427,24.1730879,5.597387154,7.133969307
182,47.15901996,62.74506486,9.873782295,47.49766971,28.55871099,24.17689894,5.606064974,7.030277893
183,47.16149614,62.7453014,9.872721489,47.3845574,28.52353883,24.15321849,5.611524948,7.00953961
184,47.16024037,62.74524273,9.831117744,47.27176069,28.46695101,24.11067127,5.614739279,7.092492742
185,47.16120442,62.74528788,9.844619505,47.15982296,28.46498741,24.09795485,5.618111388,6.926586479
186,47.16050208,62.74517492,9.770223099,47.04800321,28.42977055,24.06128932,5.619018505,7.051016176
187,47.16070413,62.74524151,9.804266064,46.93696709,28.41335845,24.04518026,5.623662543,7.133969307
188,47.16195997,62.74537163,9.838088284,46.82674434,28.4220941,24.04015517,5.629227752,6.905848196
189,47.16297177,62.74569055,9.759187948,46.7165767,28.40032153,24.00394642,5.628144664,7.29987557
190,47.16556375,62.74605465,9.912151137,46.60774437,28.41188373,24.03169069,5.639715429,7.092492742
191,47.16735137,62.74626507,9.912761793,46.49886259,28.36859399,24.0096057,5.643356181,7.113231024
192,47.16624644,62.74629048,9.880119813,46.39042687,28.32330073,23.97132056,5.64658103,7.051016176
193,47.16721034,62.74627796,9.826801523,46.28242431,28.29771898,23.93537825,5.648338271,7.113231024
194,47.17022901,62.7465817,9.86784057,46.17503838,28.27858628,23.92660534,5.65338465,6.988801327
195,47.16860662,62.74644297,9.827330311,46.06764469,28.20813439,23.88654047,5.65459334,6.968063044
196,47.16677277,62.7462315,9.792773581,45.96077773,28.17605126,23.8608162,5.655270594,6.947324762
197,47.16866236,62.74663033,9.777113871,45.85435724,28.1484855,23.84411578,5.65490748,6.988801327
198,47.17043088,62.74677487,9.795903839,45.74890741,28.19483847,23.83998735,5.654688667,7.15470759
199,47.17211511,62.74683693,9.854121181,45.64393858,28.15898677,23.83805878,5.658958583,7.133969307
200,47.1732631,62.74697533,9.877434546,45.53962312,28.16453767,23.82666911,5.663625411,6.988801327
201,47.17475598,62.74719404,9.851700392,45.43533922,28.12009396,23.79485109,5.663330152,7.133969307
202,47.17456553,62.74707823,9.871858941,45.33204922,28.13657397,23.78583991,5.666984221,7.092492742
203,47.17675119,62.74734478,9.871666323,45.22905349,28.11354618,23.75665508,5.669410455,7.113231024
204,47.17741881,62.747421,9.885329313,45.12656981,28.09362921,23.74795313,5.672430255,7.133969307
205,47.17856018,62.74771955,9.874940583,45.02427537,28.02102581,23.71940837,5.676427697,6.968063044
206,47.1779973,62.74749805,9.817895804,44.92238501,28.01049071,23.69519004,5.678270403,7.113231024
207,47.17763012,62.74743477,9.854612011,44.8211171,27.98205841,23.67844102,5.682521845,6.885109913
208,47.17627945,62.74725774,9.762879163,44.71973598,27.92373822,23.62681596,5.679377039,6.926586479
209,47.17582658,62.74719995,9.769182914,44.61903976,27.91221729,23.60614247,5.678879828,7.071754459
210,47.17701184,62.74733472,9.814133815,44.51886725,27.86805146,23.61512665,5.680727886,6.926586479
211,47.17648846,62.74724133,9.749194539,44.41883597,27.82241449,23.57466174,5.679110084,6.947324762
212,47.17477438,62.74702732,9.780827999,44.31909925,27.75844168,23.56010594,5.678777345,6.822895064
213,47.17173553,62.74664234,9.744499381,44.21998808,27.78106733,23.54788384,5.674806852,7.051016176
214,47.17247774,62.74672157,9.797568572,44.12144097,27.73793278,23.52879959,5.677482644,6.71920365
215,47.16939491,62.74636804,9.704011042,44.02289153,27.72116561,23.48123057,5.668226594,7.092492742
216,47.1695523,62.74654308,9.831118871,43.92586456,27.78154246,23.51437647,5.670301833,7.133969307
217,47.17104331,62.74678784,9.8780287,43.82928195,27.78567581,23.51004465,5.675200107,7.175445873
218,47.171311,62.74664023,9.933025469,43.73342259,27.81239613,23.50839269,5.681126697,7.216922439
219,47.17089902,62.7466678,9.984370434,43.63817987,27.83167896,23.51552363,5.686754405,7.320613853
220,47.17246574,62.74685294,9.997316711,43.54322536,27.77679506,23.4935448,5.695209817,6.988801327
221,47.16983447,62.74647932,9.888182907,43.44799779,27.71381228,23.44047086,5.693671479,7.071754459
222,47.17234108,62.74675401,9.876891724,43.35358325,27.71561649,23.40446595,5.695140189,7.113231024
223,47.17512783,62.74722465,9.83148001,43.25947641,27.67363599,23.37795569,5.698769554,7.175445873
224,47.17601085,62.74729327,9.881367686,43.16573604,27.6181521,23.37508887,5.705109258,6.843633347
225,47.17287472,62.74701728,9.763144768,43.07200726,27.60301587,23.33587807,5.699697957,7.092492742
226,47.17354943,62.74694053,9.768311721,42.97913388,27.5898182,23.32208332,5.703520209,7.113231024
227,47.174179,62.74693043,9.833053381,42.88668872,27.56922951,23.32038667,5.7073103,7.196184156
228,47.17590013,62.74701544,9.919950056,42.79509815,27.59989177,23.34038028,5.71278117,7.071754459
229,47.17554253,62.74684609,9.909540124,42.70367878,27.59482148,23.32221833,5.713529361,7.341352136
230,47.17698748,62.74716155,10.00447277,42.61286981,27.54235553,23.32197772,5.722049993,6.968063044
231,47.1788502,62.7474641,9.876387872,42.52168406,27.47626361,23.2645829,5.718505071,6.905848196
232,47.17614997,62.74709963,9.798326499,42.43049163,27.38267099,23.21363397,5.716191632,6.822895064
233,47.17405006,62.7468461,9.754085581,42.3398454,27.37576725,23.18320747,5.707516416,7.092492742
234,47.17459678,62.74693396,9.821112576,42.25005021,27.36352482,23.18989624,5.710511206,6.86437163
235,47.17429877,62.74675827,9.747464371,42.16010659,27.31644769,23.15087512,5.705867467,6.968063044
236,47.17444583,62.74692268,9.764629383,42.07113523,27.35242908,23.13697358,5.705202018,7.113231024
237,47.17494166,62.74696341,9.851918853,41.98259166,27.32237253,23.13748641,5.706365666,6.947324762
238,47.17448497,62.746895,9.782949394,41.89416262,27.29583056,23.1126558,5.704649001,6.988801327
239,47.17357226,62.7467651,9.805156863,41.80666238,27.3486912,23.12079672,5.704483306,7.216922439
240,47.17607576,62.7471414,9.867509909,41.71968332,27.32134802,23.13003401,5.710882161,7.051016176
241,47.17531691,62.7470452,9.809951857,41.63289838,27.30984232,23.09848199,5.713592984,7.196184156
242,47.17710272,62.74722314,9.887398968,41.54694243,27.32842201,23.10564326,5.719329148,7.237660722
243,47.17865029,62.74723634,9.934472368,41.46119533,27.28522879,23.10370906,5.725946296,7.00953961
244,47.17916939,62.7471789,9.87637424,41.37561979,27.28134866,23.06617107,5.725249103,7.258399005
245,47.18043804,62.74738004,9.962270244,41.29093773,27.28761196,23.08026204,5.732984525,7.113231024
246,47.1813925,62.74739657,9.918697882,41.20626466,27.25694171,23.05600778,5.737667192,7.216922439
247,47.18281146,62.74760746,9.963501337,41.12208799,27.22404341,23.0484555,5.743846215,7.133969307
248,47.18427898,62.74778532,9.960868079,41.03845925,27.24927969,23.03959338,5.744741109,7.216922439
249,47.18460902,62.74786151,9.999449727,40.95520609,27.22808249,23.0356717,5.751433456,7.051016176
250,47.1818286,62.74745417,9.941657914,40.87200176,27.19851138,22.99679199,5.751824357,7.258399005
251,47.1838277,62.74772491,10.00728437,40.78946271,27.16823291,22.99577456,5.756524728,7.051016176
252,47.18109695,62.74746314,9.953169504,40.70701344,27.1534449,22.97060663,5.757038439,7.258399005
253,47.1832935,62.74782652,10.01948334,40.62562929,27.19776685,22.98727443,5.761315852,7.237660722
254,47.18428701,62.74797234,10.01739694,40.54459745,27.21016699,22.96355543,5.766193676,7.196184156
255,47.18599433,62.74807503,9.984224892,40.46350625,27.14655993,22.93463301,5.769937567,7.113231024
256,47.18437579,62.74785886,9.952319099,40.38241609,27.0703794,22.9098915,5.771302311,6.947324762
257,47.18178718,62.74745872,9.878533977,40.301332,27.01092351,22.86061949,5.767749106,7.175445873
258,47.18206474,62.7474297,9.957089696,40.22132808,27.03291559,22.88457753,5.770174858,7.051016176
259,47.18239612,62.7474158,9.93080608,40.14112674,26.97256691,22.86376283,5.770183186,7.196184156
260,47.18499271,62.74778334,9.935620946,40.06189926,27.00042848,22.84880813,5.773911487,7.216922439
261,47.18560991,62.7478482,9.953421726,39.98286498,26.97037806,22.84457906,5.777443775,6.988801327
262,47.18455229,62.74784407,9.881130096,39.90362287,26.9134618,22.8033139,5.772360427,6.988801327
263,47.18416292,62.7477101,9.85230314,39.82458516,26.85383296,22.77545642,5.768704211,7.092492742
264,47.1845861,62.7478132,9.906084913,39.74650225,26.89074704,22.78873224,5.768673115,7.00953961
265,47.18570261,62.74799247,9.867529965,39.66849154,26.87262844,22.75783003,5.765894157,7.15470759
266,47.18673067,62.74818265,9.888197925,39.59115514,26.87055686,22.76217976,5.766992922,7.092492742
267,47.18762997,62.74817546,9.899046572,39.51387204,26.82784169,22.7370838,5.766595176,6.968063044
268,47.18594094,62.74800924,9.889101091,39.43709884,26.859401,22.7246233,5.763390984,7.258399005
269,47.18740751,62.74824924,9.975114581,39.36099338,26.84025515,22.73073454,5.769312763,6.885109913
270,47.18472726,62.74812064,9.864395042,39.28393925,26.70684344,22.66165914,5.763363569,6.781418499
271,47.18151364,62.74771021,9.763991186,39.2073535,26.68715204,22.62408348,5.75487181,6.926586479
272,47.18176493,62.74784575,9.797366278,39.13138873,26.67726517,22.62093126,5.749974056,7.00953961
273,47.18011128,62.74771919,9.856402534,39.05614134,26.70396544,22.63275991,5.749154245,7.175445873
274,47.18088046,62.74787333,9.935272563,38.98179928,26.7565123,22.66200976,5.756228361,7.092492742
275,47.18062926,62.74771576,9.903812133,38.90742069,26.72956833,22.64020668,5.755631805,7.175445873
276,47.17916655,62.74756398,9.9380483,38.83375446,26.74890372,22.64730775,5.760886881,7.092492742
277,47.17917274,62.74754887,9.908526894,38.76015125,26.72636878,22.62916195,5.761059833,7.320613853
278,47.18007128,62.74775558,10.01029351,38.68714813,26.69083218,22.63498771,5.768038712,6.947324762
279,47.17918929,62.74771628,9.912710403,38.61408835,26.70215383,22.61590722,5.764908609,7.216922439
280,47.18099489,62.74796234,9.964911946,38.54173312,26.68909227,22.6107457,5.772283566,6.947324762
281,47.17908676,62.74783381,9.861433396,38.4688737,26.60765482,22.55559427,5.769209024,7.092492742
282,47.17747617,62.74761953,9.899402111,38.39700389,26.63500195,22.55413805,5.769449252,7.133969307
283,47.17682512,62.74760097,9.905885785,38.32536986,26.61248689,22.54958059,5.773025113,7.030277893
284,47.17606219,62.74762015,9.896201917,38.25371605,26.56451966,22.5224345,5.771860805,6.781418499
285,47.17233014,62.74707076,9.794457529,38.18171077,26.48867171,22.48868696,5.763514366,6.968063044
286,47.17195262,62.74685259,9.811846296,38.11086418,26.53569647,22.47550617,5.760367261,7.196184156
287,47.17293904,62.74703341,9.918064241,38.04069965,26.54787168,22.49482151,5.763272415,7.051016176
288,47.17286341,62.74717745,9.89943502,37.97023365,26.47997194,22.47540617,5.762208373,6.822895064
289,47.1710547,62.74677417,9.792280412,37.89967282,26.43363231,22.42063168,5.75438252,6.968063044
290,47.16892353,62.74641715,9.78613329,37.82990544,26.445483,22.41933103,5.750986104,7.092492742
291,47.16956269,62.74663434,9.835599552,37.76080043,26.46747415,22.42156985,5.752131846,7.133969307
292,47.16913827,62.7465203,9.887491448,37.6921535,26.48223915,22.43017991,5.754198349,7.071754459
293,47.16988731,62.74658596,9.897243551,37.62361046,26.46265738,22.43131457,5.755586875,7.113231024
294,47.16839163,62.74635389,9.940141199,37.55543093,26.44368715,22.41747532,5.758544192,6.86437163
295,47.16672524,62.74605562,9.860744107,37.48668885,26.34910255,22.37183614,5.751665794,6.947324762
296,47.16544888,62.74584416,9.866513483,37.41836982,26.29502259,22.36011381,5.74614679,6.822895064
297,47.16304925,62.74542428,9.776955136,37.3503578,26.29644345,22.31765036,5.741754542,7.071754459
298,47.16378231,62.74549587,9.850224082,37.28332245,26.33493566,22.33471118,5.741831047,6.905848196
299,47.16429241,62.74539423,9.825505482,37.21609642,26.30573651,22.3058021,5.73848455,7.113231024
300,47.16372829,62.7454177,9.899974012,37.14976714,26.32830553,22.33163061,5.740244083,7.00953961
301,47.16508754,62.74566915,9.889320845,37.08352881,26.32237463,22.32297469,5.740386146,7.092492742
302,47.16501602,62.74589729,9.893582324,37.01778583,26.32290668,22.3123519,5.740818955,7.00953961
303,47.16398895,62.74559149,9.853234688,36.95204144,26.28731589,22.28927702,5.739684916,7.133969307
304,47.16508393,62.74589056,9.911663594,36.88701619,26.30108296,22.29853813,5.741611991,7.030277893
305,47.16576477,62.74602005,9.89867548,36.82198962,26.27804241,22.27903737,5.740742173,7.133969307
306,47.16608355,62.74603293,9.950772134,36.75758061,26.2854539,22.2850226,5.742627819,7.15470759
307,47.16634502,62.74601949,9.949021331,36.69333004,26.25303732,22.26488685,5.746806581,7.030277893
308,47.16623604,62.74595628,9.910413818,36.62921868,26.24037503,22.25014854,5.745517974,7.133969307
309,47.16964909,62.74648151,9.910429232,36.56566628,26.24442849,22.23819429,5.748049861,7.113231024
310,47.16954504,62.74647486,9.911819002,36.502545,26.26943326,22.22856401,5.749851837,7.341352136
311,47.17300455,62.74686609,9.986220064,36.43995393,26.25207138,22.2441569,5.758050677,6.988801327
312,47.17327527,62.74673734,9.900406403,36.37682603,26.19403467,22.19786821,5.753907749,7.071754459
313,47.17159077,62.74659882,9.897707222,36.31410099,26.15824298,22.18889965,5.755331334,7.00953961
314,47.16979774,62.74630444,9.888230423,36.25158658,26.13997519,22.1806305,5.754404878,6.988801327
315,47.16826139,62.74610801,9.845450022,36.18896889,26.06630914,22.14908006,5.752654356,6.926586479
316,47.16619335,62.74585625,9.857729948,36.12677156,26.06678535,22.14267464,5.748840653,6.905848196
317,47.16426948,62.74563228,9.853468594,36.06489602,26.07145962,22.13271483,5.744851832,7.196184156
318,47.16480509,62.74572229,9.966509054,36.00421178,26.14014562,22.17072457,5.750552815,7.175445873
319,47.16524303,62.74579057,10.00388753,35.94376279,26.16257905,22.16161726,5.756726971,7.320613853
320,47.16706797,62.74599347,10.08201933,35.88377263,26.15743856,22.16928429,5.764518336,7.133969307
321,47.16899018,62.7462596,10.01296766,35.82336102,26.08272406,22.12772045,5.765108247,6.905848196
322,47.16888614,62.7461338,9.907578048,35.762495,25.98166458,22.08710705,5.759424978,6.822895064
323,47.16689812,62.74580123,9.813431262,35.70182522,25.94001438,22.05408953,5.752473566,6.968063044
324,47.16443315,62.74564462,9.853905109,35.64188521,25.95161729,22.05143362,5.750938756,7.051016176
325,47.16477776,62.74573302,9.884428671,35.58238724,25.95600999,22.05372345,5.74942209,6.968063044
326,47.16242029,62.74541223,9.880764914,35.52300174,25.94621539,22.03684132,5.747248024,6.968063044
327,47.16314855,62.74535025,9.829461713,35.46404698,25.96278133,22.03768463,5.744091241,7.133969307
328,47.16383682,62.7453514,9.901819809,35.4056601,25.96787966,22.04711374,5.747314795,7.092492742
329,47.16397462,62.74543365,9.932272201,35.34763955,25.99134561,22.03606793,5.74891126,7.113231024
330,47.16284348,62.74519322,9.94118308,35.28976449,25.9697574,22.03699246,5.75149093,7.092492742
331,47.16228322,62.74517058,9.953774547,35.23207769,25.94673884,22.01938812,5.752203967,7.237660722
332,47.16497396,62.74563743,10.01284523,35.17520003,25.98426449,22.04389054,5.758674574,7.175445873
333,47.16568709,62.74583242,10.03443535,35.1185458,26.00459318,22.05058553,5.761066668,7.196184156
334,47.16526357,62.74578743,10.03202134,35.06166275,25.92044782,22.0229004,5.763507588,6.926586479
335,47.16240059,62.74545237,9.930697193,35.00436701,25.83746136,21.96805708,5.758847359,6.926586479
336,47.16146027,62.74537571,9.876118463,34.94748244,25.81978275,21.94651559,5.754230295,7.030277893
337,47.16076082,62.74527216,9.88576167,34.89101893,25.8043688,21.94027961,5.752488071,6.885109913
338,47.16110842,62.74538008,9.856828356,34.83470679,25.81234831,21.93125135,5.745843326,7.196184156
339,47.1629961,62.74563518,9.959920862,34.77920625,25.81905435,21.94363549,5.750802155,6.926586479
340,47.16062656,62.7452449,9.887033596,34.72331901,25.78117324,21.9067226,5.74525485,7.051016176
341,47.16179505,62.74528218,9.86688758,34.66816658,25.80509421,21.90040147,5.744953974,7.15470759
342,47.16392219,62.74581139,9.918011531,34.61341628,25.80849345,21.90739171,5.746678355,7.071754459
343,47.16475998,62.74587936,9.932270036,34.55868538,25.7871955,21.90265299,5.746641663,7.051016176
344,47.16263674,62.74566204,9.928228923,34.50408855,25.75743457,21.87887167,5.747931898,6.968063044
345,47.16288688,62.74564319,9.914160928,34.44947044,25.7152961,21.86156478,5.747433853,6.905848196
346,47.16062482,62.74534905,9.872798085,34.39498767,25.68823525,21.83337249,5.743288455,6.926586479
347,47.15864546,62.74509152,9.86577581,34.34075321,25.66603508,21.8302608,5.740626469,6.988801327
348,47.15909706,62.74522281,9.882291311,34.28694496,25.66312141,21.82578252,5.739258215,7.071754459
349,47.16062027,62.7453565,9.925689269,34.23364436,25.67758334,21.8464109,5.739868054,6.947324762
350,47.16116557,62.74541954,9.847939955,34.18011662,25.63316351,21.82358761,5.734112195,6.905848196
351,47.15997431,62.7452883,9.815542675,34.12685109,25.62169856,21.80160457,5.729460836,7.071754459
352,47.16152754,62.74558912,9.851813269,34.074009,25.59646349,21.80922261,5.731627765,6.739941933
353,47.15897912,62.7451512,9.718049401,34.0207637,25.56029248,21.75796764,5.722895179,7.237660722
354,47.16015037,62.74544565,9.912858382,33.96906899,25.62400927,21.81878039,5.728170534,6.988801327
355,47.16004875,62.745333,9.893215228,33.91664594,25.55201909,21.80244396,5.724977085,6.802156781
356,47.15810517,62.74515322,9.794649264,33.86440977,25.55579314,21.75406384,5.718715317,7.15470759
357,47.15936274,62.74562132,9.899191011,33.81293299,25.5444952,21.76945878,5.723825078,6.926586479
358,47.15986984,62.74565767,9.829403309,33.76134133,25.53618682,21.73984525,5.721875697,6.947324762
359,47.15882826,62.74552694,9.822781184,33.70994614,25.51542237,21.72228552,5.717594783,6.885109913
360,47.15819883,62.74542045,9.797411797,33.65853858,25.47651284,21.70323838,5.711509863,7.030277893
361,47.15879695,62.74553073,9.844854237,33.60830994,25.57271584,21.73141635,5.713171313,7.196184156
362,47.15880771,62.74556477,9.9459495,33.55823408,25.5523863,21.74402433,5.717076485,6.822895064
363,47.15682832,62.74544332,9.846805974,33.507489,25.48825177,21.71051803,5.711236531,7.030277893
364,47.15532286,62.74505018,9.860609151,33.45766791,25.51355854,21.71814631,5.712399053,6.947324762
365,47.15611977,62.74515581,9.853724421,33.40793603,25.51795778,21.70641285,5.70995289,7.051016176
366,47.15905208,62.7454447,9.877644093,33.35837331,25.47815991,21.69975072,5.709064014,6.968063044
367,47.15921719,62.74567231,9.880794659,33.3092119,25.5060728,21.69949493,5.707715219,7.113231024
368,47.15639374,62.74531479,9.913880689,33.2602247,25.4661444,21.69557728,5.710691175,6.926586479
369,47.15410426,62.74507708,9.891828501,33.21053239,25.33743536,21.65992964,5.710084486,6.594773953
370,47.15283401,62.74482722,9.708787108,33.16089739,25.33682921,21.60169406,5.69973755,7.071754459
371,47.15506172,62.74512644,9.795504795,33.11252505,25.37723545,21.62014739,5.700167165,6.988801327
372,47.15526754,62.74520555,9.85265546,33.06432873,25.40400303,21.62952852,5.699926855,6.988801327
373,47.15389035,62.74499563,9.825261955,33.01616356,25.37891166,21.6142995,5.69916991,7.071754459
374,47.153686,62.74484262,9.87277602,32.9685488,25.39471588,21.62003173,5.701983958,7.051016176
375,47.15305025,62.74468354,9.922408461,32.92108512,25.39124677,21.63490045,5.703551029,7.00953961
376,47.15258677,62.74471072,9.912558184,32.87369899,25.3726473,21.62947353,5.705653937,7.133969307
377,47.15306484,62.74457144,9.947269716,32.8267467,25.36221787,21.64038232,5.710206985,6.86437163
378,47.15097816,62.74433084,9.825166609,32.77918618,25.2872091,21.57765311,5.706457186,6.843633347
379,47.14833059,62.7439046,9.779204153,32.73208686,25.29595522,21.56391521,5.701404753,6.988801327
380,47.14897447,62.74405893,9.827052996,32.68542253,25.29259007,21.58001223,5.700511899,6.905848196
381,47.14763316,62.7439608,9.791999478,32.63852438,25.23397553,21.55469253,5.69849313,6.86437163
382,47.14638161,62.7437083,9.780298193,32.59185695,25.21719858,21.53281145,5.695773399,6.698465367
383,47.14439759,62.74335694,9.72827193,32.54510478,25.19937511,21.5066199,5.687329574,7.071754459
384,47.14611612,62.74353228,9.822724537,32.49939991,25.22541906,21.53697682,5.689949659,6.843633347
385,47.14538809,62.74350625,9.785164895,32.45366296,25.25299222,21.51335072,5.686889792,7.071754459
386,47.14776306,62.74390067,9.85374374,32.40844397,25.25063711,21.52697066,5.688776174,6.968063044
387,47.14827323,62.74397398,9.831138315,32.36329848,25.24981331,21.5155632,5.689143326,7.00953961
388,47.14983436,62.74424721,9.853744816,32.31829967,25.22387218,21.49685075,5.689410887,6.781418499
389,47.14601646,62.7436878,9.784927126,32.27286514,25.16131807,21.46579108,5.685273528,6.926586479
390,47.1453903,62.74364497,9.824926211,32.22826412,25.19469777,21.47493362,5.683554709,7.051016176
391,47.14677954,62.74373999,9.876868574,32.18401097,25.19539287,21.48853825,5.6854354,6.926586479
392,47.14687174,62.7437241,9.884358972,32.13968065,25.17678147,21.4853064,5.682259343,6.968063044
393,47.14639111,62.74376212,9.871170273,32.09572714,25.18210483,21.47697117,5.682210745,7.030277893
394,47.14586935,62.74368718,9.872140951,32.05207494,25.18112007,21.46783341,5.684055695,7.030277893
395,47.14601214,62.74376074,9.896819912,32.00835384,25.13126018,21.45675634,5.685897712,6.739941933
396,47.14361126,62.74358337,9.80677688,31.96441413,25.11316205,21.42775029,5.679259826,6.968063044
397,47.14175591,62.74325559,9.83753882,31.9212834,25.13943618,21.43972534,5.679489093,7.030277893
398,47.14133818,62.74317752,9.888183283,31.87857545,25.16676471,21.44985711,5.682052869,7.15470759
399,47.14115003,62.74311735,9.96572912,31.83631938,25.18321452,21.47429107,5.689650612,6.988801327
400,47.14212052,62.74335812,9.94025892,31.79380875,25.15556344,21.44685345,5.691622145,7.133969307
401,47.14248916,62.74331562,9.945460094,31.75179435,25.15080543,21.44984897,5.695837395,6.905848196
402,47.14097306,62.74305205,9.880223241,31.70940849,25.11111442,21.41243649,5.692695658,6.968063044
403,47.14060879,62.74313936,9.878988478,31.66728365,25.08430712,21.39102392,5.693057644,6.968063044
404,47.14110781,62.74316928,9.859262543,31.6254861,25.09068552,21.3944801,5.691933839,7.00953961
405,47.14260568,62.74348209,9.86583177,31.58387686,25.07732462,21.39059288,5.692951699,6.988801327
406,47.14517651,62.74372067,9.869359888,31.54286291,25.14061953,21.38680183,5.69220683,7.258399005
407,47.14632963,62.74394137,9.993070004,31.50261741,25.18831975,21.42470153,5.701632163,7.15470759
408,47.14843692,62.74421932,9.999091073,31.46201825,25.1424519,21.41537406,5.705779676,7.00953961
409,47.14667166,62.74392827,9.939402121,31.42125567,25.09901795,21.38305439,5.707482472,7.00953961
410,47.1476378,62.74398304,9.901071596,31.38033028,25.01761112,21.36577737,5.708939731,6.86437163
411,47.14511172,62.74372331,9.831178864,31.33953284,25.00658936,21.33983591,5.705103933,7.071754459
412,47.14434006,62.74356755,9.904037655,31.29926599,24.99935401,21.37278113,5.708620486,6.843633347
413,47.14350734,62.74326092,9.83442258,31.25846569,24.93317181,21.32964594,5.704508949,6.822895064
414,47.14234345,62.74293788,9.787873943,31.21815709,24.9564095,21.30929621,5.699344854,6.968063044
415,47.14135186,62.74279595,9.82805382,31.17826778,24.96375987,21.31403832,5.69905324,6.926586479
416,47.14034575,62.74262343,9.856578385,31.1388232,25.01708908,21.32341658,5.696092309,7.113231024
417,47.14183506,62.74277831,9.910209145,31.09992469,25.04752764,21.3405439,5.700112846,7.175445873
418,47.14272271,62.74293153,9.972684045,31.06142065,25.07525865,21.34201772,5.705200097,7.00953961
419,47.1414969,62.74276667,9.949659102,31.02244127,25.01903385,21.3122214,5.705690987,7.071754459
420,47.14212245,62.74278814,9.94748933,30.98392259,25.02097583,21.31339383,5.707759632,7.175445873
421,47.14267799,62.74292633,10.01141265,30.94567197,25.00570285,21.31993551,5.713642909,6.885109913
422,47.14282278,62.74284133,9.899511641,30.90673926,24.9296697,21.28125707,5.710412786,6.968063044
423,47.14300275,62.74282019,9.883255735,30.86824532,24.91323345,21.27157947,5.709078588,6.926586479
424,47.14311317,62.74291173,9.860944578,30.82968545,24.87287208,21.26203019,5.707396265,6.926586479
425,47.14297851,62.74293741,9.841176304,30.79130388,24.85120245,21.25124718,5.704565599,6.885109913
426,47.14176993,62.74282201,9.815510978,30.75326579,24.87662477,21.24154976,5.70031093,7.051016176
427,47.14239364,62.74289356,9.86655575,30.71567966,24.88641306,21.25752028,5.702667268,6.885109913
428,47.14177449,62.74266673,9.829990885,30.67770094,24.83669913,21.23590576,5.698402173,6.988801327
429,47.14286648,62.74294117,9.880581746,30.64047249,24.87857113,21.24168359,5.697856809,6.947324762
430,47.14298566,62.74300706,9.882108166,30.60319334,24.8677987,21.22681769,5.694915116,6.947324762
431,47.14253224,62.74297816,9.904078938,30.56599445,24.8447031,21.23390267,5.694440466,6.885109913
432,47.1429838,62.74294738,9.834547277,30.5286334,24.79166659,21.20191479,5.691339358,6.822895064
433,47.14305174,62.74282163,9.769069634,30.49137782,24.76896054,21.17859691,5.685876197,6.885109913
434,47.14262787,62.74266229,9.785647754,30.45470063,24.80706159,21.18925237,5.68292303,7.092492742
435,47.1437812,62.74295884,9.850531217,30.41850271,24.81607581,21.20676399,5.686247898,6.968063044
436,47.14176664,62.74251236,9.854092397,30.38207997,24.78386493,21.20333861,5.686190149,6.843633347
437,47.13838465,62.74193363,9.817822089,30.34555605,24.75527244,21.17857409,5.683675548,6.885109913
438,47.13892549,62.74203155,9.804601764,30.30945381,24.77010217,21.16882529,5.681661633,7.00953961
439,47.13754877,62.74181152,9.824802048,30.27374993,24.77868177,21.16113397,5.683452644,6.822895064
440,47.13552626,62.74142297,9.761037106,30.2377806,24.75780165,21.14532797,5.678895076,6.988801327
441,47.13697303,62.74150146,9.803195132,30.20218802,24.73508861,21.14624455,5.679941011,6.86437163
442,47.13611375,62.74134081,9.780524735,30.16651628,24.71441645,21.12636256,5.676078613,6.843633347
443,47.13555199,62.74141854,9.781694969,30.1309651,24.70022435,21.13446108,5.674225562,6.905848196
444,47.13371519,62.74114983,9.839387394,30.09597883,24.74084877,21.14816214,5.672290529,6.926586479
445,47.13528452,62.74139716,9.823740634,30.06096089,24.71767153,21.14323346,5.670219451,6.926586479
446,47.13381351,62.74124973,9.84843878,30.02638433,24.75035858,21.14488486,5.671771742,7.051016176
447,47.13369825,62.74122428,9.895835176,29.99230724,24.78540751,21.16078773,5.674102759,7.216922439
448,47.13564124,62.74152243,9.975577785,29.95874947,24.81352047,21.16499485,5.681503842,7.071754459
449,47.13416796,62.74120955,9.985203848,29.92509574,24.81954715,21.1660399,5.683471225,7.216922439
450,47.13672343,62.74170961,10.05958329,29.89198895,24.84489183,21.18499973,5.691303633,7.051016176
451,47.1353118,62.74146095,10.01305608,29.85807152,24.73582307,21.1528987,5.69319515,6.885109913
452,47.13288425,62.74124586,9.916420266,29.82406227,24.68670309,21.12222754,5.69142944,6.905848196
453,47.13326725,62.74119861,9.870391459,29.79024509,24.66282887,21.09061473,5.688440857,7.071754459
454,47.1368719,62.7416677,9.920313977,29.75715881,24.70206765,21.12115553,5.690008086,7.030277893
455,47.13781208,62.7417661,9.901628209,29.72382078,24.65929287,21.10065275,5.690678825,6.885109913
456,47.13704436,62.74185806,9.844723009,29.69058454,24.66731568,21.08359509,5.689083912,7.00953961
457,47.1383737,62.74205063,9.875200197,29.65716441,24.5775126,21.07634537,5.690181634,6.532559104
458,47.13398015,62.74131419,9.678075856,29.62315675,24.53905408,21.02333708,5.67669112,6.885109913
459,47.1331762,62.7413148,9.740572964,29.59009383,24.55669983,21.03399618,5.674728356,6.843633347
460,47.13197269,62.74119581,9.757520658,29.55713004,24.56289402,21.03317673,5.671674029,6.885109913
461,47.13008981,62.74085281,9.77732861,29.52450572,24.58217918,21.04251268,5.66897187,7.030277893
462,47.13017979,62.74083026,9.886970491,29.49237654,24.60633877,21.06974432,5.671153862,6.947324762
463,47.13232041,62.74107559,9.851300099,29.46013573,24.59247249,21.05031974,5.67107303,6.926586479
464,47.13325844,62.74104388,9.863614856,29.42822364,24.61823979,21.05304414,5.672474982,7.092492742
465,47.134474,62.74114604,9.930184708,29.39681358,24.64118983,21.0644216,5.676076309,7.00953961
466,47.13451109,62.74112586,9.917353119,29.36527092,24.62359568,21.05408581,5.67621358,6.926586479
467,47.13420928,62.74111904,9.886823658,29.33337209,24.55099344,21.0318004,5.675170108,6.968063044
468,47.13367541,62.74100172,9.893460218,29.30200345,24.56980845,21.03194761,5.67419581,6.968063044
469,47.13358608,62.74092969,9.897204993,29.27089157,24.59318662,21.02847395,5.67506943,7.092492742
470,47.13464052,62.74118248,9.955489376,29.24021093,24.61527985,21.046569,5.678474118,7.113231024
471,47.13622291,62.7414415,9.977988891,29.2094716,24.58358625,21.0340282,5.682833582,6.822895064
472,47.13505222,62.74126822,9.863703402,29.1778541,24.47433073,20.97668947,5.678563257,6.739941933
473,47.13431629,62.74117133,9.787836326,29.14630755,24.43369102,20.96955263,5.672160712,6.905848196
474,47.13649431,62.74159752,9.793506114,29.11540788,24.4525397,20.97138934,5.669613319,6.968063044
475,47.13753015,62.74161352,9.838204083,29.08479111,24.46322957,20.98650062,5.668975877,6.781418499
476,47.13756984,62.74160711,9.773012906,29.05378519,24.42672711,20.96397486,5.663080166,6.802156781
477,47.13606071,62.74135633,9.75178675,29.02333743,24.47096572,20.95423552,5.658015805,7.00953961
478,47.13686674,62.74148847,9.832784549,28.99331379,24.47917612,20.97673837,5.66002497,6.905848196
479,47.13632698,62.74135512,9.824118742,28.96327118,24.48110448,20.96873378,5.65940747,6.947324762
480,47.13615562,62.74133977,9.860564903,28.93340705,24.47492887,20.97283846,5.659031943,6.968063044
481,47.13881114,62.74176088,9.874401497,28.90370558,24.46800411,20.97664111,5.659676181,6.885109913
482,47.13769352,62.74164698,9.832398669,28.87387717,24.43962128,20.95047535,5.658272086,6.905848196
483,47.13745222,62.74163925,9.835996094,28.84433196,24.44327454,20.94998429,5.657661581,6.968063044
484,47.13800136,62.74185044,9.847533525,28.81504792,24.44591014,20.94723319,5.659802614,6.885109913
485,47.13757654,62.7418137,9.819432727,28.78556749,24.41100721,20.93297946,5.659299537,6.86437163
486,47.13645357,62.74164574,9.84039361,28.75621343,24.39722008,20.91778979,5.655761207,6.781418499
487,47.13495949,62.74144034,9.773499613,28.7267142,24.3636229,20.90097686,5.64974917,6.905848196
488,47.13462985,62.74127335,9.799600657,28.69778028,24.38380524,20.90881233,5.649959273,6.905848196
489,47.13337247,62.74112611,9.813505067,28.66883634,24.36630948,20.90461919,5.65064367,6.822895064
490,47.13160173,62.7408544,9.784334199,28.63981924,24.34411399,20.8832229,5.648949972,6.781418499
491,47.13128653,62.74081425,9.772131985,28.61102036,24.35789014,20.87183661,5.646296678,6.781418499
492,47.13115133,62.74071696,9.765369596,28.58200538,24.30269623,20.85870357,5.643009865,6.656988801
493,47.12899062,62.74047409,9.675694753,28.55316198,24.31529694,20.84074771,5.634085211,6.885109913
494,47.12921758,62.74052689,9.729574486,28.52514692,24.37199714,20.85691723,5.63398268,6.988801327
495,47.1295435,62.74058197,9.807813172,28.49713007,24.34496832,20.87797349,5.636486459,6.86437163
496,47.12949375,62.74050564,9.796055304,28.46923628,24.36203921,20.86443216,5.636245013,6.905848196
497,47.12991836,62.74063484,9.824289625,28.4416846,24.39085903,20.87352871,5.637323418,7.051016176
498,47.1316331,62.7409031,9.895909753,28.41425582,24.3620146,20.88695106,5.642257115,6.843633347
499,47.13033595,62.74068892,9.861886513,28.38651399,24.3291962,20.87149568,5.64137071,6.885109913
500,47.13253806,62.74110136,9.833865577,28.3590599,24.32749779,20.8614496,5.639986752,6.947324762
501,47.13237513,62.74101027,9.880675481,28.33209658,24.36725265,20.86566751,5.641175541,6.988801327
502,47.13209966,62.74093461,9.888562438,28.30509541,24.34358405,20.87357301,5.64367081,7.00953961
503,47.1327674,62.74111299,9.872917781,28.27849739,24.37183513,20.86399603,5.646277512,6.885109913
504,47.13188561,62.74090619,9.814566292,28.25138124,24.30763096,20.85206271,5.645829782,6.86437163
505,47.13118148,62.74078595,9.797023623,28.22422451,24.25453399,20.83732017,5.645083683,6.739941933
506,47.12932825,62.74054576,9.75922831,28.19708659,24.24429843,20.82786867,5.640715554,7.00953961
507,47.13125005,62.74084201,9.841599455,28.17116951,24.34919166,20.85046647,5.642296601,7.133969307
508,47.13207213,62.74087811,9.939215478,28.14551056,24.38258104,20.87299863,5.648534965,6.926586479
509,47.13215314,62.74080421,9.905500823,28.11944921,24.36258595,20.84991486,5.649661347,7.113231024
510,47.1333673,62.74104577,9.936417024,28.09356813,24.311545,20.85155733,5.655507725,6.739941933
511,47.13228147,62.74092925,9.801040015,28.06695226,24.2441787,20.79764336,5.651114567,6.760680216
512,47.13127097,62.74083407,9.765744306,28.04072461,24.25081205,20.79215224,5.64496848,7.051016176
513,47.13265133,62.74094749,9.869417267,28.01530688,24.28895527,20.824206,5.649785324,7.030277893
514,47.13364228,62.74104907,9.881485731,27.98973752,24.26356143,20.82617711,5.653821301,6.822895064
515,47.13289735,62.74087846,9.817204026,27.96396331,24.25217774,20.79519138,5.650772702,6.885109913
516,47.13336984,62.74095232,9.80401618,27.9383526,24.23570654,20.79199707,5.648490795,6.926586479
517,47.13220924,62.74081522,9.801902028,27.91299364,24.23642752,20.78326073,5.647695617,6.802156781
518,47.13120816,62.74063885,9.762536077,27.88726923,24.18665935,20.77582298,5.644761733,6.905848196
519,47.13085654,62.74069281,9.792452468,27.86220896,24.22546424,20.77519493,5.644660158,6.885109913
520,47.13062791,62.7406531,9.808324337,27.83700833,24.20403763,20.78542603,5.644069579,6.843633347
521,47.13040607,62.74054301,9.791843464,27.8118696,24.19350974,20.76745421,5.6434404,6.905848196
522,47.13026817,62.74053687,9.818722967,27.78719099,24.22747102,20.76809821,5.644273595,7.051016176
523,47.13280842,62.74095026,9.884357995,27.76285056,24.23947747,20.79009372,5.648662563,6.926586479
524,47.13440917,62.74121794,9.864091048,27.73846878,24.24976777,20.77951529,5.649688817,6.905848196
525,47.13427303,62.74123454,9.846412216,27.7140298,24.2284409,20.78656508,5.648669218,7.092492742
526,47.13549912,62.74141725,9.916190081,27.69007812,24.22971569,20.79860343,5.653862936,6.760680216
527,47.13475657,62.74130695,9.778787968,27.66546144,24.18749153,20.74440295,5.646885262,6.988801327
528,47.13415291,62.74111192,9.861649578,27.64124663,24.15374749,20.76109191,5.650099662,6.677727084
529,47.13188964,62.74082639,9.754475006,27.61642495,24.09981992,20.70700868,5.642941464,6.781418499
530,47.13122237,62.74073689,9.769359277,27.59202114,24.09707371,20.70801801,5.638790804,6.905848196
531,47.13139075,62.7406759,9.814081622,27.56825678,24.14741701,20.72546688,5.639208077,6.843633347
532,47.13098779,62.74062774,9.806396586,27.54420758,24.11802614,20.7139165,5.637378788,6.885109913
533,47.1314176,62.74069849,9.840575354,27.5205316,24.13456979,20.73344243,5.636040015,6.822895064
534,47.13172304,62.74075129,9.82545616,27.49668828,24.10942216,20.72981903,5.634434387,6.843633347
535,47.13081202,62.74068955,9.806624896,27.47312815,24.11972796,20.71492849,5.63202526,6.926586479
536,47.13229365,62.74094162,9.805496767,27.44971058,24.10574384,20.71410635,5.631711578,6.781418499
537,47.13057205,62.74063648,9.754540237,27.42625888,24.11255531,20.70098697,5.628826334,6.843633347
538,47.1300846,62.74067723,9.75466922,27.40255274,24.03720127,20.68327238,5.627108119,6.656988801
539,47.12848434,62.74037852,9.694708655,27.37872868,24.01343561,20.66004902,5.621262514,6.760680216
540,47.12701604,62.74014848,9.706309562,27.35521478,24.00625274,20.67775455,5.617099745,6.822895064
541,47.12796414,62.74033269,9.745126867,27.33242314,24.08688691,20.68107965,5.614324956,6.968063044
542,47.12991351,62.74056116,9.809063823,27.31002118,24.12892986,20.70200171,5.615968022,6.988801327
543,47.13097505,62.74077148,9.860244866,27.28778669,24.150095,20.70717318,5.619074151,6.926586479
544,47.13067879,62.74063324,9.868889899,27.26549353,24.14615238,20.7029067,5.619142262,6.968063044
545,47.13053536,62.74063562,9.926751794,27.2432426,24.12142645,20.71385086,5.621440025,6.926586479
546,47.13109283,62.7406277,9.904123266,27.22104593,24.11154805,20.70407023,5.622801224,6.885109913
547,47.13084391,62.74066754,9.866696315,27.19885925,24.10071547,20.69467865,5.623035094,6.822895064
548,47.12996625,62.74054789,9.826724866,27.1766354,24.08769928,20.66566526,5.621186351,6.843633347
549,47.12939891,62.74049077,9.830444714,27.15430301,24.03942956,20.6663573,5.61959527,6.885109913
550,47.13001319,62.74066114,9.833456992,27.13252075,24.07865108,20.67057988,5.617774872,7.051016176
551,47.12908962,62.74043108,9.880803704,27.11138762,24.14261385,20.6803019,5.624302973,7.133969307
552,47.12892836,62.74027313,9.941690211,27.09034434,24.14425075,20.69758371,5.63110082,6.926586479
553,47.1283636,62.74019579,9.91192341,27.06881195,24.09942741,20.68475202,5.633137669,6.802156781
554,47.12680287,62.73994726,9.838493242,27.04684574,24.02212659,20.65974806,5.628698625,6.760680216
555,47.12541341,62.73977525,9.791655689,27.02507165,24.01269489,20.64758549,5.627087094,6.885109913
556,47.12474614,62.73965461,9.808962627,27.00364861,24.01550734,20.63632963,5.628445164,6.822895064
557,47.12501938,62.73977486,9.791802397,26.98216408,24.00488584,20.62804163,5.624879162,6.86437163
558,47.12424181,62.73961747,9.816130467,26.961127,24.04568096,20.64135925,5.62369878,7.030277893
559,47.1263286,62.73987007,9.893330491,26.94035416,24.04506519,20.66265682,5.629561364,6.739941933
560,47.12498277,62.73964344,9.778127919,26.91895269,23.99831448,20.62451591,5.624799594,6.86437163
561,47.12655604,62.73972762,9.794397262,26.89785876,23.97673382,20.61132132,5.624059228,6.86437163
562,47.12600659,62.73969245,9.802801695,26.87688506,23.97027489,20.61740639,5.624659026,6.843633347
563,47.12472408,62.73955686,9.826922643,26.85599167,23.9682899,20.61215056,5.623725922,6.822895064
564,47.12414487,62.73950158,9.80802377,26.83511059,23.95650565,20.60984592,5.621736602,6.905848196
565,47.1251101,62.73958613,9.854875616,26.8147726,24.00136645,20.61577708,5.62319386,6.926586479
566,47.12447737,62.73946442,9.846630765,26.79428282,23.97321404,20.61425277,5.624052769,6.822895064
567,47.12449438,62.73938398,9.791715361,26.77358283,23.93609972,20.59117197,5.621562931,6.677727084
568,47.12407242,62.73931717,9.717525997,26.75272608,23.91493132,20.56260981,5.615422444,7.030277893
569,47.1247147,62.73938364,9.822115094,26.7328333,23.95422066,20.59522788,5.620576605,6.760680216
570,47.1249962,62.73942562,9.774789389,26.7124785,23.94951859,20.57523979,5.615558092,6.947324762
571,47.12570462,62.73952639,9.827338182,26.69270074,23.97635477,20.5981842,5.618139204,6.885109913
572,47.1243768,62.73935863,9.795178141,26.67293846,23.98914287,20.5833821,5.6170871,6.926586479
573,47.12447632,62.73937977,9.802410393,26.65259244,23.86913882,20.5714923,5.619483814,6.449605973
574,47.12218666,62.73916719,9.603963345,26.63170256,23.83601118,20.50005454,5.608040499,6.802156781
575,47.12285985,62.73935134,9.711569689,26.6118667,23.88553969,20.5474417,5.605204882,6.781418499
576,47.12328509,62.73936418,9.732439311,26.59185075,23.86532062,20.54623925,5.603928243,6.698465367
577,47.12346592,62.73944018,9.709259834,26.57193319,23.87811348,20.53530903,5.600001065,6.988801327
578,47.12428837,62.73950069,9.834866008,26.55259277,23.88502051,20.57087818,5.603752734,6.781418499
579,47.12472714,62.7395296,9.80635688,26.53301267,23.88669551,20.560766,5.600330504,6.843633347
580,47.12512124,62.73968588,9.829645139,26.51365859,23.89121746,20.57306504,5.597854586,6.885109913
581,47.12550649,62.73972176,9.831611197,26.49442204,23.88526515,20.57134182,5.59895143,6.822895064
582,47.12511514,62.73961279,9.813027377,26.47534428,23.90842505,20.56451823,5.598126852,6.86437163
583,47.1258239,62.73981454,9.813565165,26.45601067,23.84857695,20.55250804,5.597052894,6.698465367
584,47.12434051,62.73963831,9.752971622,26.43683338,23.87568177,20.5392375,5.591854177,6.926586479
585,47.12458826,62.73967456,9.820548521,26.41802959,23.87168457,20.55240656,5.595386409,6.698465367
586,47.12373966,62.73954705,9.745012667,26.39884182,23.8510192,20.51737202,5.589696733,6.86437163
587,47.1228943,62.73940293,9.771555817,26.38011324,23.85713254,20.53441626,5.591639414,6.822895064
588,47.1226913,62.73945029,9.777182547,26.3613829,23.85604845,20.52093939,5.59152519,6.885109913
589,47.12320509,62.73951252,9.826066944,26.34289544,23.86297326,20.53786268,5.593444118,6.86437163
590,47.12351052,62.73946778,9.798847101,26.32459483,23.88655649,20.53143958,5.591436711,6.947324762
591,47.12414762,62.7395998,9.824919451,26.30640489,23.87855453,20.53612182,5.594558456,6.885109913
592,47.12406941,62.73959292,9.797302885,26.28817316,23.86863853,20.52549459,5.5944234,6.86437163
593,47.12375013,62.73965166,9.810738986,26.27011273,23.88295772,20.52414623,5.597478807,6.905848196
594,47.12371194,62.73958873,9.842219441,26.25226124,23.89720677,20.53805338,5.599855909,7.00953961
595,47.12450056,62.73960202,9.898856264,26.23495571,23.95072935,20.55928838,5.603969453,7.15470759
596,47.1265285,62.73976412,9.986794928,26.21765726,23.92106534,20.58127843,5.61191858,6.677727084
597,47.12435198,62.73950745,9.848901977,26.19942221,23.8634908,20.51916991,5.606282226,6.988801327
598,47.12513761,62.73964314,9.907031523,26.18212574,23.89632331,20.53264533,5.607494994,7.00953961
599,47.12560454,62.73973461,9.911634371,26.16466524,23.86278057,20.5345791,5.611535016,6.739941933
600,47.12432746,62.73952767,9.821956475,26.14671694,23.82430695,20.50236053,5.604949386,6.71920365
601,47.12271586,62.73934446,9.758446144,26.12866066,23.78054396,20.4761797,5.601229795,6.822895064
602,47.12255586,62.73935764,9.79805716,26.11130395,23.83508412,20.49137905,5.601542248,7.071754459
603,47.12457648,62.73957647,9.928538819,26.09432543,23.84042402,20.52888487,5.609081283,6.802156781
604,47.12393743,62.7394717,9.879723908,26.07703696,23.84757135,20.50737826,5.607962202,7.00953961
605,47.12532217,62.73962458,9.941167792,26.060095,23.83812752,20.52643077,5.611192745,6.698465367
606,47.12414031,62.73942244,9.808618481,26.04251061,23.79517701,20.47844159,5.605061891,6.905848196
607,47.12421531,62.73949118,9.877934905,26.02564236,23.82570407,20.50346163,5.6046671,6.926586479
608,47.12469326,62.73949891,9.897765084,26.00857076,23.78449277,20.50181465,5.605602239,6.760680216
609,47.12393697,62.73939965,9.834793205,25.99117573,23.74256136,20.47161017,5.603084729,6.802156781
610,47.12324106,62.73931895,9.811919199,25.97392736,23.72279667,20.47114161,5.602785267,6.636250518
611,47.12147634,62.73903874,9.739271041,25.95647024,23.70896872,20.43780284,5.594987996,6.905848196
612,47.12139387,62.73905068,9.812166272,25.9400375,23.78658319,20.46589399,5.596865659,6.947324762
613,47.12254414,62.73913667,9.858156321,25.92375693,23.8204268,20.497105,5.598343096,6.968063044
614,47.12321697,62.73915129,9.903203473,25.90742442,23.80694888,20.49764824,5.601775861,6.822895064
615,47.12288664,62.73914202,9.846433259,25.89093365,23.79861129,20.4808645,5.599899005,6.843633347
616,47.12256431,62.73916323,9.832496858,25.87444077,23.77540367,20.48201608,5.599820096,6.905848196
617,47.12283983,62.73918975,9.872439073,25.85841211,23.81175102,20.48957613,5.600722079,6.968063044
618,47.12315066,62.73934745,9.863525587,25.84213805,23.7560368,20.46773566,5.604788182,6.677727084
619,47.12198945,62.73918888,9.744810357,25.82536455,23.71107881,20.45406033,5.599207797,6.843633347
620,47.12253665,62.73910318,9.77084587,25.80907521,23.71353917,20.45803019,5.595965526,6.760680216
621,47.12148305,62.7390944,9.747594337,25.79248195,23.67168056,20.44113383,5.591839846,6.698465367
622,47.1203321,62.73882009,9.689803158,25.77606711,23.68448381,20.43082124,5.585028236,6.822895064
623,47.12140167,62.7388216,9.731711708,25.76008644,23.71561425,20.43481357,5.584828851,6.905848196
624,47.12169867,62.73885998,9.791867863,25.74428199,23.72500285,20.43534503,5.587051307,6.86437163
625,47.12176028,62.7388564,9.812577897,25.72859022,23.74518515,20.45083895,5.58650575,7.00953961
626,47.12272618,62.73896948,9.856875019,25.71322738,23.75553799,20.46928793,5.590221946,6.802156781
627,47.12245077,62.73900776,9.798131355,25.69728713,23.7056883,20.43825497,5.590229673,6.802156781
628,47.12200422,62.73896393,9.79274328,25.68144176,23.68577205,20.43064004,5.588654158,6.71920365
629,47.12105766,62.7388437,9.767720023,25.66594241,23.74454023,20.43948992,5.584868057,7.071754459
630,47.12296836,62.73905472,9.866397831,25.65125715,23.79779747,20.45842729,5.591331013,6.968063044
631,47.12294549,62.73912115,9.896149012,25.63613488,23.76351306,20.46288578,5.594884736,6.739941933
632,47.12165994,62.73895133,9.806655064,25.62082753,23.76571599,20.42818044,5.592950187,7.092492742
633,47.12307261,62.73913662,9.914134688,25.60620771,23.77346166,20.45462621,5.60041366,6.86437163
634,47.12343275,62.73913484,9.873485188,25.59107558,23.73908069,20.44496067,5.599865023,6.968063044
635,47.12411962,62.73929537,9.898734311,25.57636502,23.75243611,20.44463992,5.60319926,6.947324762
636,47.12357676,62.73921577,9.925085072,25.56168642,23.75663064,20.44817847,5.607281523,6.926586479
637,47.12267359,62.73914094,9.903264607,25.54669243,23.69955855,20.43562553,5.610511371,6.781418499
638,47.12095983,62.73891763,9.832713756,25.5315861,23.68253069,20.4191862,5.607920712,6.760680216
639,47.11950105,62.73876236,9.772335577,25.5163835,23.65128447,20.40376564,5.605524917,6.781418499
640,47.11892028,62.73871212,9.796288582,25.50121166,23.6229616,20.39848816,5.60423665,6.71920365
641,47.11784966,62.73857987,9.788105081,25.48600118,23.60824849,20.39073487,5.599545906,6.739941933
642,47.11722703,62.73835758,9.760815461,25.47109742,23.634766,20.38490007,5.596443624,6.86437163
643,47.11738167,62.73830933,9.798681473,25.45628987,23.61609322,20.38466345,5.597121312,6.656988801
644,47.11582457,62.73811937,9.744774158,25.44117667,23.60037993,20.36611919,5.591476577,6.781418499
645,47.11540239,62.73808667,9.73040434,25.42645849,23.61341382,20.36736636,5.589476138,6.656988801
646,47.11448956,62.73798935,9.729370326,25.41152277,23.60302112,20.35846905,5.58341545,6.86437163
647,47.1155523,62.73808904,9.790026571,25.39711562,23.61870731,20.38454933,5.58375316,6.739941933
648,47.11476368,62.7379704,9.757522193,25.38228427,23.57594064,20.35592918,5.580118227,6.71920365
649,47.11367006,62.73799182,9.707556719,25.36743045,23.54584622,20.34634472,5.577258881,6.739941933
650,47.11319927,62.7378237,9.723488184,25.35312677,23.60538745,20.34742915,5.574340466,6.926586479
651,47.11431203,62.73805391,9.797156516,25.33953909,23.68930094,20.37395528,5.575866587,7.00953961
652,47.11579578,62.7381901,9.850133026,25.32593163,23.68761445,20.3956496,5.581315872,6.802156781
653,47.1150909,62.73810914,9.791103146,25.31162223,23.61365439,20.35530353,5.581213592,6.781418499
654,47.11520505,62.73812189,9.793869147,25.2974405,23.59567129,20.35891998,5.580849547,6.760680216
655,47.11496956,62.73800784,9.740368831,25.28327881,23.58473464,20.34627965,5.57776678,6.760680216
656,47.11500371,62.73799042,9.75101428,25.26947837,23.62813351,20.34015726,5.575810241,6.968063044
657,47.11628164,62.73834487,9.852150568,25.25609181,23.65027388,20.37523658,5.579148454,6.781418499
658,47.11557494,62.7382244,9.831824876,25.2423294,23.63492537,20.36438887,5.576750758,6.968063044
659,47.11647289,62.73823859,9.879484349,25.22932412,23.69281237,20.38781647,5.580457593,7.00953961
660,47.1187247,62.73848938,9.902975788,25.21606253,23.6531276,20.38671876,5.584984733,6.760680216
661,47.11710422,62.73809447,9.813368749,25.20235662,23.61555133,20.35977151,5.58496693,6.988801327
662,47.11722583,62.73815965,9.894111636,25.18908873,23.59954936,20.38024006,5.591021965,6.822895064
663,47.11678088,62.73825623,9.84966487,25.17579604,23.622283,20.37421644,5.590910552,6.988801327
664,47.11652404,62.73830275,9.906304062,25.16311993,23.67957822,20.38218382,5.595320174,6.926586479
665,47.11645948,62.73827502,9.910204761,25.15007128,23.6483823,20.37673655,5.597604785,6.822895064
666,47.11632222,62.73824171,9.877385878,25.13710361,23.66433495,20.35490331,5.596315027,7.030277893
667,47.11641068,62.73822848,9.91784729,25.12443763,23.65577828,20.37157728,5.600706762,6.781418499
668,47.11552542,62.73808347,9.841071832,25.11128452,23.62553725,20.35275898,5.598870961,6.905848196
669,47.11584084,62.73805722,9.864842189,25.09863081,23.65031479,20.35516763,5.602703749,6.988801327
670,47.1162682,62.73809791,9.896487438,25.08589659,23.61509453,20.35970906,5.607568974,6.71920365
671,47.11529576,62.73800376,9.757311815,25.07242129,23.53749282,20.30560229,5.60406481,6.57403567
672,47.11420529,62.73791023,9.66534248,25.05873664,23.49565369,20.28971724,5.595264104,6.947324762
673,47.11492922,62.73803843,9.797056572,25.04632308,23.5774438,20.32313208,5.600225667,6.885109913
674,47.11533159,62.7380694,9.834163158,25.0333594,23.52713838,20.32049007,5.601685928,6.594773953
675,47.11346328,62.73776051,9.732819299,25.01982753,23.47727662,20.28714126,5.593995144,6.760680216
676,47.11339626,62.73781043,9.76251625,25.00673514,23.47306456,20.29835421,5.591321921,6.656988801
677,47.11305471,62.73779016,9.71919921,24.99365479,23.48974823,20.28005095,5.58624128,6.822895064
678,47.11321732,62.73790339,9.747082445,24.98131035,23.56460764,20.31834847,5.58616124,7.071754459
679,47.1150817,62.73818205,9.872765133,24.96931907,23.57803799,20.34590526,5.593840869,6.615512236
680,47.11362098,62.73796524,9.76611728,24.95630554,23.52470137,20.30844471,5.587683101,6.822895064
681,47.11394028,62.73799745,9.774109974,24.94394444,23.54332815,20.31856437,5.587510154,6.86437163
682,47.11452965,62.73806907,9.794536791,24.93165312,23.54148973,20.31101085,5.58742599,6.781418499
683,47.11424107,62.73795831,9.783162432,24.9193324,23.54767546,20.30875308,5.587303263,6.988801327
684,47.1149706,62.73822921,9.858640904,24.90756515,23.5779227,20.33244319,5.591482351,6.677727084
685,47.11342895,62.7380526,9.792137447,24.89474579,23.48861498,20.29717446,5.586692167,6.71920365
686,47.11261197,62.73800491,9.730928049,24.8820296,23.44489827,20.26843799,5.583719895,6.553297387
687,47.11187516,62.73785164,9.650441274,24.86904086,23.41297528,20.24429942,5.574570274,6.760680216
688,47.11147444,62.73774837,9.715825072,24.85680501,23.4574632,20.2643785,5.572964902,6.802156781
689,47.11111974,62.7377101,9.758707834,24.84497436,23.52292718,20.28202156,5.570745315,6.947324762
690,47.11196011,62.73784437,9.862735684,24.83345273,23.55438996,20.31412706,5.574037247,6.905848196
691,47.11195941,62.73779914,9.867704771,24.82195732,23.57347936,20.30697242,5.576244953,6.988801327
692,47.11241754,62.7378074,9.902704054,24.81053834,23.5624175,20.32265302,5.581951742,6.843633347
693,47.11214278,62.73772615,9.896451713,24.79914599,23.59120329,20.32037474,5.58152372,7.051016176
694,47.11349726,62.73801132,9.961157998,24.78801343,23.58170766,20.34135507,5.588978776,6.781418499
695,47.11208071,62.73778494,9.871288665,24.77605582,23.50239193,20.30797148,5.588439699,6.802156781
696,47.11111316,62.73761687,9.858050901,24.76466934,23.54689866,20.31000159,5.587441465,6.968063044
697,47.11219576,62.73777947,9.892161353,24.75353084,23.55414843,20.31456872,5.592155461,6.86437163
698,47.11215154,62.7378993,9.841101065,24.74193031,23.49836289,20.2818673,5.592002536,6.739941933
699,47.11107655,62.73772627,9.750560095,24.73038935,23.50757639,20.26325853,5.588288398,6.926586479
700,47.11068187,62.73772718,9.823149792,24.7192388,23.5163561,20.28133765,5.591980995,6.86437163
701,47.10962517,62.73757263,9.867392014,24.70776133,23.47255316,20.28200849,5.592948903,6.491082538
702,47.10673633,62.73716808,9.695800844,24.69518585,23.36080393,20.21906571,5.583069382,6.594773953
703,47.10522305,62.73694415,9.668754709,24.68316918,23.36589197,20.21448113,5.576410143,6.698465367
704,47.10420983,62.73687143,9.66747199,24.67154199,23.39605777,20.21682713,5.571819822,6.760680216
705,47.10371863,62.73677255,9.702707635,24.66013152,23.41889401,20.23110269,5.569759335,6.698465367
706,47.10245565,62.73660819,9.706537326,24.64874251,23.4391033,20.24769468,5.56805798,6.885109913
707,47.10421107,62.736887,9.780867646,24.63810121,23.51250138,20.26720825,5.570592138,7.051016176
708,47.10501548,62.73701106,9.899673485,24.62786461,23.55841033,20.30035054,5.576960589,6.947324762
709,47.10473797,62.73702763,9.901883072,24.61702095,23.49605362,20.29946046,5.580431138,6.698465367
710,47.10336298,62.73681134,9.808001589,24.60554614,23.4211159,20.25601463,5.576229937,6.491082538
711,47.10202452,62.73668402,9.67872719,24.59362723,23.35890371,20.20618731,5.566861448,6.822895064
712,47.10337979,62.73689556,9.780193092,24.58319677,23.48046806,20.24779116,5.566567469,6.968063044
713,47.10391915,62.73695107,9.868123829,24.57260274,23.45910359,20.27446272,5.571103332,6.739941933
714,47.10329872,62.73680819,9.818795159,24.56195758,23.49315276,20.25083712,5.568718045,6.968063044
715,47.10393683,62.73693809,9.893709789,24.55182711,23.52326812,20.27056608,5.572930378,6.86437163
716,47.10373298,62.73679909,9.860945605,24.54104262,23.44644731,20.25440989,5.574889107,6.677727084
717,47.10312662,62.73671323,9.80763552,24.53004099,23.41736561,20.24030779,5.569579257,6.843633347
718,47.10350854,62.73669531,9.780114594,24.51947226,23.42314842,20.22870595,5.570664704,6.802156781
719,47.1045447,62.73682552,9.771419621,24.50861915,23.38083515,20.22546632,5.570129328,6.532559104
720,47.10233647,62.73654725,9.669028663,24.49728901,23.34528821,20.20861832,5.561592078,6.802156781
721,47.10269927,62.73657939,9.715631837,24.48693525,23.4109286,20.22117267,5.561225125,6.822895064
722,47.10267311,62.73658353,9.751431934,24.47658097,23.42519966,20.23245227,5.561025586,6.822895064
723,47.10205695,62.73647565,9.79053654,24.46598045,23.38063608,20.2330784,5.562087297,6.532559104
724,47.10003431,62.7362494,9.656048151,24.45475928,23.32586696,20.18476594,5.55559784,6.760680216
725,47.10023303,62.73624746,9.712524726,24.44413045,23.33035667,20.18939435,5.554819902,6.636250518
726,47.09972868,62.73626145,9.707041818,24.4335304,23.36241116,20.19433526,5.55210388,6.802156781
727,47.10032016,62.73631657,9.768759554,24.42322902,23.37235617,20.20649412,5.552895255,6.781418499
728,47.10142936,62.73650106,9.780529925,24.41311101,23.40399424,20.2140823,5.551466321,6.739941933
729,47.10055539,62.73627259,9.777101112,24.40263356,23.35977722,20.21093472,5.550388668,6.781418499
730,47.09998161,62.73618593,9.809973908,24.39255628,23.38729028,20.21384632,5.551167202,6.822895064
731,47.10012854,62.73624503,12.30057008,24.38480741,23.76847258,20.73335489,5.553585611,8.793031937
732,48.00769755,70.98101689,13.95998905,24.38280996,24.3630298,22.91281303,5.614029209,9.021153049
733,48.77246695,72.95253647,14.42629294,24.38188196,24.73840608,23.53653106,5.678304649,9.477395272
734,49.45178228,74.11869786,14.87055163,24.38239135,25.01799546,24.10494424,5.75207453,9.6847781
735,50.03737288,74.71220309,15.19753888,24.38345124,25.17656264,24.45269744,5.833386122,9.912899212
736,50.59663539,75.27578228,15.45637278,24.38524811,25.30879838,24.79953679,5.915775141,10.09954376
737,51.13054696,75.62940174,15.66357296,24.38758372,25.40873279,25.06453694,6.001792446,9.892160929
738,51.56578717,75.76530949,15.66970874,24.38951316,25.44270472,25.18439362,6.073936091,10.09954376
739,52.00173201,75.9947401,15.92646591,24.39229926,25.54612679,25.41890438,6.147658982,10.07880547
740,52.39411171,76.14776096,15.93271918,24.39515893,25.61250993,25.57219987,6.223879705,10.61800083
741,52.77345449,76.20896998,16.34926328,24.39996143,25.82296809,25.85284123,6.312216516,11.17793447
742,53.14408182,76.33002401,16.83065532,24.40626791,26.01938165,26.17464936,6.413766945,10.80464538
743,53.45986486,76.24870575,16.67402356,24.41138363,26.01363789,26.15119375,6.497092287,10.84612194
744,53.76456503,76.26102636,16.73451014,24.41663464,26.02800722,26.27295078,6.579625236,11.0120282
745,54.07558335,76.34336304,16.91966408,24.42221023,26.04901091,26.42858491,6.664641952,10.86686022
746,54.34028922,76.28098657,16.95107216,24.42799919,26.13694146,26.47654585,6.742759644,11.1364579
747,54.59752718,76.3243678,17.14877052,24.43424264,26.18627531,26.71180165,6.825724899,11.15719618
748,54.85131945,76.3664926,17.21261282,24.44066807,26.23817154,26.7781077,6.901668707,11.07424305
749,55.05952404,76.3236005,17.16194214,24.44661909,26.21046062,26.81082511,6.973503363,11.2608876
750,55.27037929,76.32234596,17.31413308,24.45300394,26.22609771,26.89506131,7.045152298,11.34384073
751,55.47499536,76.24097943,17.45884363,24.46011632,26.33821175,26.97920231,7.11846343,11.57196184
752,55.68423461,76.29552574,17.63554256,24.46815223,26.48640331,27.11199709,7.20132455,11.50974699
753,55.86313308,76.21955914,17.67135445,24.47603258,26.54880572,27.20083906,7.277867341,12.04894235
754,56.06155152,76.25317385,18.12054848,24.48572372,26.74142402,27.45414491,7.369656001,12.09041891
755,56.24338613,76.26489902,18.21718981,24.49513432,26.77723453,27.53127714,7.461617347,11.84155952
756,56.41405239,76.30209165,18.07897724,24.50391563,26.76178634,27.51542831,7.538049825,12.02820406
757,56.58571773,76.32193533,18.24891801,24.51321987,26.80067402,27.66298065,7.620331476,12.02820406
758,56.74100611,76.33877467,18.32091895,24.52302518,26.91002637,27.74961611,7.699680357,12.44296972
759,56.88955652,76.27769439,18.62272343,24.53401063,27.05447808,27.87892678,7.787007109,12.60887599
760,57.03027904,76.26450231,18.72969264,24.54529441,27.1345714,27.97491026,7.875146259,12.56739942
761,57.18343696,76.38382385,18.82712478,24.55682467,27.23035772,28.08704306,7.959096781,12.8369971
762,57.32077852,75.99898853,19.13471237,24.56928774,27.36711801,28.21138303,8.051543151,13.14807134
763,57.49667127,75.97837199,19.25165182,24.58213325,27.41947139,28.28391787,8.143983841,12.79552053
764,57.61096924,75.83955991,19.06467662,24.59410587,27.40249284,28.19529104,8.225263751,13.12733306
765,57.74602748,75.74102586,19.34274521,24.60761125,27.57146107,28.36760973,8.30958529,13.41766902
766,57.89718519,75.61749506,19.53578832,24.62110079,27.57763077,28.4100559,8.402864525,13.3139776
767,58.01551977,75.5383906,19.52215873,24.63474623,27.64560827,28.44536414,8.491909986,13.18954791
768,58.12892814,75.57970029,19.50832224,24.64798358,27.65131949,28.48078809,8.573357207,13.4384073
769,58.23782673,75.56394897,19.71305428,24.66196784,27.72397514,28.63718726,8.652744473,13.50062215
770,58.32827655,75.45724812,19.82585629,24.67664738,27.87117227,28.65615697,8.734665962,13.87391124
771,58.44895671,75.44047065,19.97753398,24.69133247,27.85322511,28.74992974,8.823271359,13.79095811
772,58.54348338,75.4201194,20.07559758,24.7064926,27.95934928,28.83627468,8.911436597,13.72874326
773,58.6443007,75.47720173,20.0628305,24.72122176,27.96322174,28.85164137,8.99166271,13.89464952
774,58.73973541,75.40829913,20.17078062,24.73651098,28.02512675,28.91327714,9.071100069,13.97760265
775,58.84206739,75.46929321,20.30208692,24.75191356,28.06261486,29.02360243,9.155326611,13.74948154
776,58.92059104,75.49303477,20.12398855,24.76636675,27.99707917,28.97036291,9.230867285,13.89464952
777,59.02062798,75.48623439,20.34634856,24.78193245,28.12956471,29.10900462,9.306043638,14.08129407
778,59.11159147,75.4980799,20.47580976,24.79807018,28.2476544,29.17840838,9.384239716,14.45458316
779,59.19429252,75.45763267,20.6976191,24.81521113,28.38260765,29.31438934,9.469155427,14.62048942
780,59.26785582,75.39096468,20.85630652,24.83276658,28.4820102,29.40035185,9.55212988,14.43384488
781,59.34923583,75.45788068,20.76538136,24.84993196,28.52631237,29.44419485,9.628149545,14.66196599
782,59.44202051,75.52710459,20.97018622,24.86800121,28.64862665,29.61236313,9.708007883,15.20116134
783,59.53372132,75.45437139,21.36757895,24.88698844,28.72785087,29.76106588,9.799476021,14.64122771
784,59.6267975,75.52865968,21.08761834,24.90452367,28.68813198,29.63930901,9.872306566,14.93156367
785,59.69917271,75.49380062,21.2504335,24.92258002,28.69580921,29.68588822,9.952986818,14.8900871
786,59.7769027,75.51178898,21.34672,24.94133236,28.8434001,29.86026875,10.02823465,15.34632932
787,59.85592708,75.51658314,21.61636628,24.96101053,28.95716301,30.00061184,10.11606777,15.26337619
788,59.93097132,75.48501497,21.64243556,24.98021754,28.9674937,30.06004371,10.19752214,15.22189963
789,59.98928251,75.48948698,21.62993728,24.99950192,29.01285089,29.99517964,10.27354372,15.30485276
790,60.06634332,75.57171272,21.65568347,25.01927997,29.11066675,30.07206746,10.34604148,15.96847781
791,60.15045037,75.58821199,22.16727518,25.04119706,29.35216046,30.36101417,10.4366982,15.94773953
792,60.23504008,75.57417919,22.24606697,25.06318451,29.49699896,30.44977844,10.52595321,16.11364579
793,60.32242503,75.61209299,22.39813696,25.08514609,29.53171303,30.56606174,10.6185802,15.94773953
794,60.3891804,75.60600446,22.31067075,25.10700825,29.59166231,30.51999452,10.6985901,16.52841145
795,60.49143132,75.68058635,22.72897674,25.13029336,29.72222578,30.7625683,10.79229901,16.48693488
796,60.57323447,75.62094206,22.77366528,25.15313581,29.73748527,30.81318932,10.88355539,16.32102862
797,60.62259634,75.62877458,22.69284442,25.17598812,29.81055506,30.85331724,10.96606432,16.38324347
798,60.71323767,75.68120689,22.67838054,25.19821953,29.74206955,30.81186281,11.04913007,16.11364579
799,60.78068268,75.71870033,22.59712927,25.21986613,29.70641475,30.82980954,11.11539435,16.42472003
800,60.83212733,75.63601523,22.77120158,25.24251267,29.79465375,30.8729231,11.19150982,16.63210286
801,60.89264488,75.64040975,22.93646471,25.26580606,29.90752984,30.95474859,11.27234512,16.81874741
802,60.98342247,75.67097028,23.15680561,25.29001823,30.08264204,31.08043431,11.35820214,16.79800912
803,61.04961177,75.6474786,23.06248404,25.31280249,29.94788958,31.08072812,11.43652151,16.36250518
804,61.09333886,75.65403251,22.87848821,25.33538067,29.99008769,31.018435,11.50034158,16.90170054
805,61.16062896,75.65685018,23.15820068,25.35883385,30.03300443,31.17238582,11.57698603,16.79800912
806,61.21464846,75.62021388,23.18963639,25.3819337,30.04094583,31.17102139,11.64721576,16.90170054
807,61.26857875,75.64942883,23.30670612,25.4058843,30.17757078,31.20065825,11.71907754,17.17129822
808,61.34438756,75.67710159,23.47879794,25.43047146,30.29450781,31.34294193,11.79680008,17.35794276
809,61.40789255,75.69109598,23.66161639,25.45496188,30.30082979,31.48772181,11.87560457,16.90170054
810,61.45615504,75.69276012,23.38423559,25.47867482,30.31756193,31.41986752,11.93915811,17.66901701
811,61.51898176,75.58815002,23.95189755,25.50449459,30.49429066,31.71752622,12.01956352,17.23351307
812,61.57783098,75.676901,23.73823524,25.52892718,30.48068146,31.64431786,12.08438711,17.48237246
813,61.62690034,75.68278893,23.93997399,25.55403642,30.5435369,31.69962475,12.15866518,17.56532559
814,61.69236579,75.72404921,23.99698171,25.58006345,30.72519538,31.74179609,12.23297387,18.16673579
815,61.76886181,75.73576014,24.45198906,25.60755985,30.91403273,31.9578174,12.32204862,18.24968893
816,61.84316244,75.71683394,24.59331197,25.63522185,31.02730786,32.08977304,12.40873082,18.18747408
817,61.88865657,75.69300077,24.45549489,25.66143276,30.87594761,32.01234292,12.48643536,17.68975529
818,61.95670265,75.799473,24.18653916,25.68716755,30.88729233,32.00286825,12.54471103,18.27042721
819,62.0184911,75.72829498,24.58322698,25.71480087,31.07785014,32.17949813,12.61904637,18.41559519
820,62.10347695,75.80133969,24.80611876,25.74319317,31.27445361,32.36416482,12.69892598,18.72666943
821,62.17273738,75.77646634,25.04611493,25.77185343,31.34663171,32.4548197,12.78259574,18.74740771
822,62.24513589,75.71555727,25.0820262,25.80068578,31.42642224,32.50229629,12.86684449,18.60223973
823,62.29984053,75.68998094,25.00760305,25.82907174,31.45178459,32.51753937,12.94430402,18.99626711
824,62.35903221,75.63628016,25.28233967,25.85836072,31.53356931,32.5991092,13.03488719,19.01700539
825,62.45024325,75.78806561,25.37412248,25.88760412,31.5841693,32.72145708,13.12191787,18.85109913
826,62.49397547,75.76499947,25.23963643,25.91630557,31.58489554,32.693848,13.20494687,18.89257569
827,62.53214752,75.78254557,25.23766171,25.94483253,31.57195175,32.71664708,13.27878028,19.05848196
828,62.60327111,75.84959103,25.42086883,25.97444995,31.72769575,32.77702846,13.35621641,19.09995852
829,62.64344737,75.7769852,25.45080096,26.00335983,31.69621466,32.79211871,13.42935748,19.3695562
830,62.70836752,75.80558453,25.77457367,26.03349375,31.83839556,33.00225389,13.51189451,19.43177105
831,62.75118961,75.74929397,25.80576161,26.06365222,31.91412941,33.04045451,13.59335919,19.32807964
832,62.79234769,75.6734847,25.82464697,26.09415275,32.0593555,33.04412245,13.66714851,20.01244297
833,62.88377932,75.78302049,26.23323187,26.12600189,32.19428973,33.26339864,13.75508801,19.99170469
834,62.97417674,75.85705802,26.25139771,26.15740855,32.21656412,33.38930735,13.84302619,19.84653671
835,63.01331881,75.79150827,26.24829213,26.18839859,32.22313936,33.33040402,13.92571537,20.05391954
836,63.0799302,75.85483491,26.40186846,26.21992796,32.28778344,33.47325705,14.00749343,20.01244297
837,63.14009232,75.88340697,26.35926203,26.25110694,32.29852969,33.48842411,14.08363639,19.82579842
838,63.18587453,75.86649516,26.28578109,26.28195453,32.32640745,33.44506073,14.15216734,20.30277893
839,63.27193055,76.00963653,26.59912308,26.31381938,32.40883482,33.62550419,14.23407903,20.3442555
840,63.31697582,75.83185112,26.72167124,26.34656896,32.60783546,33.68478518,14.31517624,20.65532974
841,63.37891278,75.90050243,26.91960899,26.379804,32.72161621,33.7825786,14.40431744,20.55163832
842,63.42456689,75.82039896,26.86677921,26.41232299,32.70900576,33.77258148,14.48134639,20.28204065
843,63.46770592,75.86783569,26.70285426,26.44397125,32.65885043,33.67545932,14.54935983,20.15761095
844,63.51074376,75.93813076,26.57088285,26.47457697,32.5251519,33.6428839,14.60723115,20.0953961
845,63.55125496,75.8924104,26.65459825,26.50565189,32.58960851,33.74302784,14.65853148,20.57237661
846,63.61226122,75.90145939,26.96871576,26.53866819,32.84064257,33.87621374,14.72425372,21.15304853
847,63.67484738,75.92924763,27.41568336,26.57279655,33.01312799,34.08247746,14.80915618,20.73828287
848,63.73112907,76.00129434,27.19037354,26.60573022,33.03150113,34.07206202,14.87353583,20.88345085
849,63.78371694,75.98256684,27.34006962,26.63905715,33.09430719,34.09909676,14.94257753,21.38116964
850,63.84225741,75.99593631,27.6255074,26.6734027,33.18826484,34.2781836,15.0229135,21.29821651
851,63.90225342,75.91478164,27.64406947,26.70762386,33.26272098,34.30282878,15.10031285,21.29821651
852,63.94220784,75.92878603,27.63327863,26.74076608,33.14678586,34.30942096,15.17700995,20.55163832
853,63.9822085,75.98288234,27.18566722,26.77276523,33.13233405,34.19754527,15.22772759,21.33969307
854,64.05484292,76.02470256,27.70037632,26.80709957,33.3362651,34.42089823,15.29400772,21.65076732
855,64.11320748,75.93780485,27.94304499,26.84150751,33.38591264,34.49541257,15.37175087,21.29821651
856,64.16241878,75.98282115,27.7759399,26.87556924,33.47434534,34.55575834,15.43472825,21.83741186
857,64.21374255,75.89419484,28.12941232,26.91038201,33.52312814,34.6529687,15.51338074,21.36043136
858,64.25800987,75.88277404,27.86602087,26.94391561,33.49084907,34.59616526,15.57608849,21.5470759
859,64.2983411,75.91795337,27.968123,26.97797452,33.546123,34.64649573,15.63860092,21.6715056
860,64.34736711,75.9601533,28.05541229,27.01238857,33.62866349,34.73590859,15.7007753,21.85815015
861,64.39898854,75.93017887,28.19376627,27.04689786,33.66204944,34.84225441,15.76898336,21.75445873
862,64.45593268,75.99239694,28.18079238,27.08131187,33.71824912,34.8279146,15.83358043,21.85815015
863,64.48589194,75.86612497,28.21358938,27.11562577,33.730315,34.85511762,15.89866346,21.75445873
864,64.52702448,75.8842564,28.17827548,27.14903778,33.64290316,34.78044398,15.95809605,21.50559934
865,64.56824197,75.97401156,27.97606948,27.1823917,33.6915364,34.79202468,16.00524253,22.02405641
866,64.60808773,75.94671477,28.34587673,27.21725889,33.85735073,34.97312224,16.0622355,22.25217752
867,64.65589993,75.98771096,28.57146745,27.25269087,33.99494687,35.08509947,16.12745526,22.2729158
868,64.68588314,75.8904636,28.70263096,27.28846531,34.13817083,35.16322923,16.19155056,22.62546661
869,64.73593886,75.95383965,28.95914559,27.32489847,34.24855336,35.30014763,16.26771241,22.70841974
870,64.79030711,76.01768197,29.01370252,27.36099213,34.25018996,35.34408403,16.34014102,22.77063459
871,64.83112673,75.93682404,29.09564205,27.39707429,34.26365064,35.38374826,16.4145479,22.33513065
872,64.86794013,75.96073758,28.84682178,27.43213202,34.24836772,35.32691259,16.47321939,22.93654085
873,64.90781975,75.9261128,29.25055535,27.46902618,34.41912057,35.53192803,16.54434637,23.01949399
874,64.96819923,75.98261125,29.36733711,27.50598462,34.51742012,35.64846722,16.61550757,22.79137287
875,64.99611994,75.97612723,29.15291076,27.54195581,34.48922312,35.55220345,16.67551086,23.14392368
876,65.03607311,75.99330505,29.38254982,27.57886531,34.57048514,35.68558804,16.74636733,23.04023227
877,65.06607586,76.01310877,29.40433227,27.6155213,34.624598,35.72987568,16.8106117,23.16466197
878,65.0848871,75.95882921,29.44702157,27.65203716,34.62530898,35.75104158,16.87698728,22.9987557
879,65.13827835,76.06325274,29.37058046,27.68813085,34.63138669,35.7160064,16.93111264,23.20613853
880,65.1830386,76.03847437,29.476191,27.72450356,34.6562481,35.76333028,16.99429455,23.33056823
881,65.2372925,76.06400885,29.7229883,27.76142469,34.7608865,35.9549384,17.05704486,23.45499793
882,65.25789536,75.99804894,29.78025246,27.79838094,34.81187227,35.95977439,17.12365976,23.1231854
883,65.28219502,76.02819591,29.5686973,27.83432991,34.78785257,35.92057398,17.17342601,23.51721277
884,65.33117845,76.0633108,29.91376673,27.87163867,34.93092241,36.0745888,17.23645273,23.76607217
885,65.35641593,75.95272366,30.08358428,27.90916943,34.99654127,36.16854043,17.30163343,23.57942762
886,65.42095134,76.01520725,30.03024526,27.94690319,35.14303227,36.19765727,17.36243357,24.13936126
887,65.47577231,76.0117355,30.36855658,27.98580378,35.2857071,36.37718117,17.44155297,24.16009954
888,65.53470471,76.02351804,30.42995467,28.02435497,35.32037029,36.41114149,17.51244415,23.95271672
889,65.57978938,76.07296576,30.3662265,28.06222698,35.31113628,36.35657118,17.57762841,24.07714641
890,65.61618493,76.07025217,30.47029664,28.10061163,35.39324566,36.40284637,17.64347196,24.16009954
891,65.64592492,75.96167138,30.47424088,28.1387962,35.40987668,36.4370329,17.71271377,24.0978847
892,65.67935032,76.07390285,30.41409433,28.17626037,35.34780106,36.4878174,17.77252666,23.80754873
893,65.69726636,76.03305222,30.28497878,28.21373024,35.43225999,36.39975061,17.82267794,24.59560348
894,65.73856619,75.99823694,30.80517982,28.25302491,35.59833369,36.62996589,17.89182055,24.32600581
895,65.76317658,76.00088024,30.62805839,28.29121643,35.59473686,36.62016055,17.95356087,24.36748237
896,65.81778041,76.01084329,30.66144143,28.32931415,35.59950948,36.65965918,18.01208618,24.03566985
897,65.85354557,76.11177678,30.48784043,28.36630298,35.53911653,36.61451199,18.05821212,24.51265035
898,65.89652915,76.06333739,30.85304946,28.40479992,35.67058243,36.76539528,18.11696292,24.5748652
899,65.93789864,76.04717635,30.95883984,28.4433951,35.76249019,36.81667712,18.17652757,24.59560348
900,65.9796,75.99393859,30.96000486,28.48168127,35.78016414,36.85568007,18.23687749,24.26379096
901,66.0249284,76.08094585,30.74433185,28.51869426,35.69919134,36.7842127,18.28834304,24.53338864
902,66.05408025,76.08420313,30.87000583,28.55625741,35.71370288,36.80632413,18.3418337,24.5748652
903,66.08785322,76.1100428,31.01029948,28.59436221,35.83270938,36.91178603,18.3925204,24.94815429
904,66.1262534,76.06600014,31.23453715,28.63320362,35.94160943,37.08421311,18.45526659,24.88593944
905,66.17376867,76.06420224,31.22446423,28.67175688,35.9931309,37.08889562,18.51344206,24.76150975
906,66.18626235,76.00533131,31.16766699,28.71050811,36.11761121,37.08498879,18.56866278,25.52882621
907,66.24621243,76.04462787,31.67607273,28.75035464,36.18672869,37.32527185,18.64113159,24.96889258
908,66.27407452,76.09996323,31.37769625,28.78883705,36.17468148,37.17291535,18.69189617,25.03110742
909,66.30713272,76.04951296,31.34001428,28.82684998,36.1080208,37.15059628,18.74584776,24.74077146
910,66.32748127,76.0630953,31.22360011,28.86432452,36.10081996,37.12642814,18.7884852,25.21775197
911,66.3523664,76.03605433,31.48761891,28.90284904,36.17823624,37.28285581,18.84618586,25.27996682
912,66.38717103,76.16490299,31.61929422,28.94143181,36.24020475,37.34093484,18.90491176,25.27996682
913,66.42229614,76.07452718,31.65198554,28.97990171,36.28476959,37.35315197,18.95225035,25.09332227
914,66.45183341,76.09430869,31.47523124,29.01767829,36.27137766,37.37299087,18.99687116,25.13479884
915,66.46844505,76.06374778,31.51826805,29.05558202,36.30900103,37.39436919,19.04394609,25.50808793
916,66.5030583,76.11549609,31.88659627,29.09552131,36.60060378,37.57586449,19.0995532,26.10949813
917,66.55335975,76.11503508,32.25901328,29.13583637,36.66794628,37.73854107,19.17418277,25.5495645
918,66.58070554,76.0653705,31.94049801,29.17477273,36.6515447,37.63839045,19.22711545,25.67399419
919,66.59849522,76.1079504,32.0414129,29.21419822,36.72531116,37.68797693,19.28462987,26.026545
920,66.63203304,76.09662983,32.31171484,29.25450932,36.84637753,37.85482685,19.34476498,26.13023642
921,66.68143609,76.1603255,32.43568677,29.29472966,36.89294756,37.91959223,19.40937341,25.88137702
922,66.7242358,76.19534667,32.32708132,29.33482595,36.99518935,37.90398111,19.45983432,26.29614268
923,66.75554619,76.187528,32.55518493,29.37565123,37.08662132,38.00879956,19.52081446,26.48278723
924,66.80841374,76.18349195,32.73219323,29.41656731,37.12985049,38.12846025,19.5865807,26.10949813
925,66.82783726,76.10890355,32.54524041,29.45660196,37.13652214,38.01329165,19.63524914,26.31688096
926,66.86995636,76.15275172,32.61943557,29.49689517,37.16255654,38.06130302,19.68926282,26.71090834
927,66.92131129,76.17872723,32.95848724,29.53805599,37.24976537,38.23337431,19.75827309,26.35835753
928,66.95100119,76.16354527,32.69001831,29.57792184,37.20180371,38.1528879,19.81023444,26.2754044
929,66.99084186,76.21336505,32.63527958,29.61718864,37.13897164,38.13910177,19.85558793,25.94359187
930,66.99687651,76.22206261,32.43791539,29.65582686,37.1311464,38.07500712,19.8905513,26.46204894
931,67.04815388,76.2469589,32.814866,29.69591533,37.26585864,38.23093112,19.94005023,26.69017005
932,67.08979575,76.18196908,32.93608733,29.7355023,37.21805686,38.31321493,20.0004464,25.96433015
933,67.10834308,76.19984896,32.47757366,29.77375211,37.20482548,38.08429226,20.03466421,26.46204894
934,67.12244966,76.18685534,32.71349277,29.81264292,37.20885413,38.21760845,20.08346217,26.39983409
935,67.14465289,76.16610895,32.78958773,29.85184533,37.31354289,38.32451676,20.1281854,26.79386147
936,67.18424217,76.20286913,33.0794174,29.8912101,37.31547192,38.41320781,20.18197884,26.37909581
937,67.22307443,76.28321527,32.85548201,29.93020798,37.40123227,38.33428635,20.21992991,27.10493571
938,67.2520001,76.20750091,33.30623694,29.97154265,37.66845988,38.53448305,20.27452734,26.93902945
939,67.27907042,76.19164963,33.25816466,30.01144523,37.62868637,38.58274387,20.32490818,26.56574036
940,67.30540499,76.31000877,33.05860801,30.05071098,37.64050006,38.53522237,20.36336052,27.16715056
941,67.32726724,76.19680863,33.4142788,30.09164996,37.7988861,38.69026929,20.41977332,27.33305682
942,67.3572712,76.20635448,33.5527176,30.1321735,37.79228494,38.73263232,20.48008676,27.16715056
943,67.37224753,76.18746258,33.46407039,30.17231318,37.80435859,38.73772453,20.53289026,26.73164662
944,67.38728857,76.19110632,33.11552464,30.21077371,37.68305745,38.64105285,20.56987976,26.71090834
945,67.39648122,76.18444697,33.16516851,30.24998301,37.79473545,38.61289385,20.60694274,27.49896309
946,67.42599527,76.15027182,33.65048245,30.29016192,37.83037681,38.85242913,20.66219581,27.25010369
947,67.44967789,76.1573391,33.56070829,30.32977006,37.85370793,38.77398795,20.70961245,27.08419743
948,67.47057723,76.14619466,33.47730619,30.36887334,37.86018516,38.75210166,20.75104472,26.98050601
949,67.48650504,76.16229842,33.41784204,30.40751327,37.84684981,38.71952165,20.78554907,26.98050601
950,67.49115184,76.07783924,33.40879546,30.44630021,37.89698092,38.79460109,20.81718573,27.62339278
951,67.51897047,76.09203058,33.85646529,30.4866207,38.03931762,38.95889268,20.86448934,27.25010369
952,67.53777085,76.09785632,33.69184703,30.52595456,38.07169824,38.91766216,20.9037335,27.74782248
953,67.5680804,76.21191743,34.02900506,30.56645479,38.18458122,39.02152972,20.95584526,27.74782248
954,67.59534404,76.1477557,34.07433047,30.60660096,38.2132294,39.15378305,21.00870966,27.68560763
955,67.61460484,76.14788651,33.94661399,30.64651953,38.24024511,39.08078877,21.05190383,27.81003733
956,67.63092505,76.1897838,34.09027585,30.68637482,38.24437527,39.15632219,21.10116137,27.37453339
957,67.65019082,76.26189868,33.82186874,30.7256036,38.29163777,39.07820321,21.13612104,27.81003733
958,67.66613608,76.25941542,34.06679778,30.76573735,38.38275647,39.16425173,21.1799269,27.87225218
959,67.6897579,76.14976058,34.1250412,30.80480072,38.26467943,39.23922695,21.22415827,27.20862713
960,67.69358068,76.14544141,33.74147813,30.84322546,38.31595205,39.12558928,21.24742386,28.24554127
961,67.73651546,76.20403304,34.41833489,30.88435646,38.54900383,39.38420452,21.30076045,28.18332642
962,67.76567199,76.27827722,34.44127009,30.92431839,38.50879298,39.44347605,21.34807492,27.89299046
963,67.77443483,76.16775629,34.253821,30.96390782,38.54203591,39.35671004,21.38821861,28.07963501
964,67.82038475,76.19543208,34.29199188,31.00355075,38.55189486,39.3770069,21.42897682,28.10037329
965,67.84657014,76.19449841,34.41304783,31.04375693,38.67945809,39.4467935,21.47106659,28.70178349
966,67.88969773,76.26029416,34.85071957,31.08515226,38.80949353,39.64139339,21.52914385,28.53587723
967,67.90714918,76.21065732,34.8293822,31.12671759,38.97726608,39.67708876,21.58034283,28.61883036
968,67.93730265,76.18471035,34.80472605,31.16765156,38.96004681,39.66806651,21.63191749,28.34923268
969,67.96726767,76.20747324,34.6800766,31.20728452,38.84382961,39.61487671,21.6735322,28.3284944
970,67.9810648,76.18216116,34.68063334,31.24724135,38.88631262,39.65452212,21.71283026,28.43218582
971,68.01225149,76.19772608,34.69554547,31.28681109,38.84742176,39.68952697,21.75574148,28.18332642
972,68.01953225,76.207517,34.62956296,31.32645717,38.94469005,39.65839009,21.78992084,28.99211945
973,68.06086642,76.24675685,35.18074226,31.36786096,39.10182879,39.91072483,21.84606112,28.5773538
974,68.08382927,76.24649897,34.94062995,31.40754216,39.03156037,39.80461177,21.89000121,28.59809208
975,68.1107486,76.22020883,34.90813849,31.44711141,39.00955672,39.81295792,21.93187357,28.39070925
976,68.13837168,76.28453137,34.76544599,31.4858223,38.94723601,39.73691679,21.96452742,28.36997097
977,68.15617867,76.28592832,34.74369076,31.52463671,38.97664839,39.79093782,21.99492399,28.5773538
978,68.17544315,76.27934102,34.94041041,31.56420435,39.09589907,39.82301741,22.03128041,28.88842804
979,68.20074855,76.29511026,35.11520286,31.60388171,39.1190237,39.90337568,22.07335702,28.76399834
980,68.24666642,76.38892297,35.07083377,31.64329481,39.15222619,39.90447375,22.11695993,28.80547491
981,68.25472634,76.27005476,35.13822394,31.68295787,39.23279123,39.95953779,22.15940996,29.01285774
982,68.28546495,76.29621549,35.25270043,31.72328913,39.3600001,40.06235506,22.20421676,29.32393198
983,68.32550218,76.32924405,35.48561082,31.76467356,39.54425097,40.22422227,22.25669986,29.51057652
984,68.36711207,76.27628836,35.66769865,31.80628229,39.65124429,40.31674729,22.30927734,29.55205309
985,68.38600079,76.32645981,35.75832284,31.84763625,39.68072826,40.33333664,22.36209572,29.38614683
986,68.42111707,76.39135749,35.6515854,31.88805697,39.61816088,40.30716277,22.405303,29.3031937
987,68.42986914,76.32126647,35.60194043,31.9281278,39.59148487,40.33346514,22.44856866,29.24097885
988,68.4546711,76.32984607,35.54365388,31.96787455,39.57843642,40.3060347,22.48583385,29.34467026
989,68.47246461,76.29112701,35.64039911,32.00806771,39.65358386,40.33749064,22.5223324,29.55205309
990,68.51631791,76.34082888,35.78504106,32.0481488,39.64949678,40.4459268,22.5680229,28.90916632
991,68.52024325,76.32021117,35.35165644,32.08624773,39.52573174,40.27641674,22.5968586,29.22024056
992,68.54888249,76.30705224,35.52280252,32.12537217,39.59347714,40.36266459,22.62870712,29.34467026
993,68.57197689,76.31022396,35.61086963,32.16442451,39.61242183,40.37435919,22.66528427,29.26171713
994,68.58861744,76.30506009,35.57717792,32.20314735,39.62187971,40.45426188,22.69640773,29.07507258
995,68.60949346,76.35399557,35.47322044,32.24180686,39.69918257,40.43107185,22.72691933,29.84238905
996,68.64415869,76.3484293,35.99420159,32.28205501,39.82780927,40.59232741,22.77602559,29.67648279
997,68.66181389,76.28370684,36.00321197,32.32200457,39.91542552,40.67298201,22.81536644,29.7801742
998,68.68977992,76.336839,36.05726956,32.36171771,39.9193681,40.66486422,22.8579259,29.71795935
999,68.72727737,76.39429577,36.02840335,32.40095415,39.89511437,40.67293286,22.90121986,29.48983824
1000,68.74084296,76.33927199,35.93007687,32.44001312,39.95086309,40.61666269,22.9313765,29.7801742
1001,68.76130367,76.33931226,36.07201363,32.47943988,39.99525988,40.69494542,22.96889258,29.6557445
1002,68.79099545,76.33271572,35.94536481,32.51824247,39.97844144,40.65751072,23.00259235,29.9046039
1003,68.8356134,76.37651523,36.14847035,32.55773366,40.05372124,40.747456,23.04106941,30.07051016
1004,68.8390993,76.21712823,36.30151485,32.59758087,40.13897584,40.76089011,23.08410761,29.86312733
1005,68.86087839,76.2551001,36.12218344,32.63639699,40.09477989,40.70142329,23.12108648,29.7801742
1006,68.87269266,76.2724619,36.06909221,32.67456924,40.02424759,40.75289533,23.15511941,29.75943592
1007,68.90902685,76.36864674,36.06445915,32.71285762,40.05354944,40.76685782,23.18155669,29.6557445
1008,68.92466101,76.31068543,36.05130476,32.75095964,40.0963205,40.73805648,23.2046828,29.96681875
1009,68.94644074,76.32599002,36.22440693,32.78917666,40.08526335,40.84615095,23.23635907,29.6557445
1010,68.93488755,76.22675906,36.04148271,32.8269056,40.11652766,40.76836554,23.25920516,30.07051016
1011,68.95908911,76.24707976,36.34942078,32.86589875,40.26399118,40.91581595,23.29838607,30.34010784
1012,69.00647504,76.27679799,36.57527517,32.9054446,40.38338211,41.02813125,23.34305106,30.56822895
1013,69.04719482,76.31016213,36.79147395,32.94519597,40.44146762,41.13601464,23.38919537,30.25715471
1014,69.05665772,76.31452092,36.64319728,32.98491676,40.57977014,41.11359542,23.42092656,30.85856491
1015,69.09184654,76.28887354,36.97397855,33.02534899,40.63452789,41.28863269,23.47015301,30.48527582
1016,69.10998681,76.35769349,36.78118275,33.0647337,40.62027332,41.2475583,23.50945296,30.67192036
1017,69.1489397,76.35767812,36.92393406,33.10436101,40.63990223,41.30638364,23.55185128,30.83782663
1018,69.19952717,76.40145756,37.0489308,33.14443623,40.71397306,41.40111541,23.60155663,30.71339693
1019,69.22425218,76.42165167,37.03297306,33.18452818,40.81816405,41.43579208,23.64240575,31.19037744
1020,69.25883267,76.30925211,37.26355859,33.22477394,40.79815502,41.49999683,23.69410011,30.36084612
1021,69.27507487,76.31020518,36.75812473,33.263354,40.77011,41.32837487,23.72239228,30.92077976
1022,69.29697655,76.2946237,37.09113573,33.30307258,40.8324196,41.45824232,23.76010828,30.77561178
1023,69.30867481,76.29934724,37.08617572,33.34279231,40.93414704,41.49773192,23.7973406,31.54292825
1024,69.36274829,76.37916673,37.61049265,33.38422456,41.09599821,41.71243344,23.85290035,31.04520946
1025,69.3973055,76.4234319,37.34185648,33.4237919,41.02730335,41.66193624,23.89649263,30.92077976
1026,69.41731889,76.37247894,37.18509357,33.46265186,40.94583264,41.64724721,23.9319311,30.77561178
1027,69.4333526,76.35576561,37.08619778,33.50112598,40.91840213,41.60548734,23.95938376,30.83782663
1028,69.45499519,76.35927529,37.13012205,33.53988335,40.97292201,41.60197719,23.99270464,31.19037744
1029,69.48802772,76.36684238,37.35536421,33.57901249,40.99887846,41.67589463,24.03109158,30.87930319
1030,69.49986777,76.32471625,37.16491028,33.61737492,40.99914905,41.60011876,24.06148181,31.25259229
1031,69.5211169,76.3152547,37.44574414,33.65733368,41.20077977,41.81424584,24.10428222,31.3562837
1032,69.54111335,76.3155933,37.54537425,33.6969646,41.24251215,41.79681755,24.14456684,31.3562837
1033,69.55317678,76.29935949,37.57315745,33.73630179,41.24750875,41.87201149,24.18812653,31.12816259
1034,69.55611689,76.3265911,37.46203781,33.77575031,41.36249527,41.78973825,24.21858227,31.62588138
1035,69.58265758,76.22682867,37.80403306,33.8162706,41.49239362,41.97023957,24.26420521,31.79178764
1036,69.61359542,76.29291984,37.89821248,33.85604723,41.41889652,42.03502886,24.31525028,31.21111572
1037,69.61575822,76.28624583,37.48182603,33.89398778,41.27051357,41.8596636,24.34533158,31.10742431
1038,69.61905161,76.27392903,37.40868943,33.9317322,41.23564878,41.79636557,24.37224123,31.16963915
1039,69.64197896,76.38165319,37.3926167,33.96876154,41.12056871,41.82404599,24.40114146,30.77561178
1040,69.6640776,76.49846242,37.18523194,34.00568636,41.19130304,41.78085031,24.41460775,31.45997511
1041,69.67376883,76.35356446,37.66322862,34.04447163,41.38318204,41.97840931,24.44642377,31.75031107
1042,69.70457322,76.38049877,37.85460693,34.08354523,41.47318627,42.07607935,24.4872932,31.62588138
1043,69.73284544,76.39074243,37.88994421,34.12322916,41.68005183,42.14247016,24.51995884,31.9576939
1044,69.78359814,76.4852074,38.10301886,34.16292306,41.71865955,42.28882356,24.56690882,32.06138532
1045,69.81863203,76.44319394,38.20349933,34.20237429,41.70220583,42.33157528,24.61217637,31.77104936
1046,69.82917839,76.4022943,38.04130024,34.2413973,41.73436756,42.27080563,24.64653851,31.85400249
1047,69.84645945,76.46920054,38.06715788,34.28048211,41.77215245,42.26262172,24.68674471,31.91621734
1048,69.85866618,76.38517035,38.1296836,34.31934107,41.76867279,42.27709511,24.72669185,31.93695562
1049,69.8769342,76.40385918,38.15367736,34.35789253,41.74333539,42.32584826,24.76402126,31.81252592
1050,69.89720474,76.4699687,38.1019072,34.39613349,41.74896034,42.34867776,24.79677218,31.97843219
1051,69.91351518,76.39916456,38.22540971,34.43522322,41.88351587,42.37125911,24.83679532,32.26876815
1052,69.93464023,76.39952902,38.40566393,34.47496143,42.00937671,42.43203574,24.88103273,32.24802986
1053,69.95806111,76.38290673,38.39532255,34.5140606,41.99745077,42.49154991,24.92102075,32.16507673
1054,69.96302041,76.3587012,38.33842385,34.55154036,41.77967286,42.43688842,24.95504519,31.231854
1055,69.96230243,76.41923984,37.75395047,34.58753115,41.71855273,42.27138455,24.96086971,31.97843219
1056,69.98468123,76.4476539,38.14220287,34.62490088,41.75664272,42.41884863,24.99270523,32.0821236
1057,70.01458651,76.47248216,38.2969348,34.66302698,41.9068613,42.44512277,25.0259632,32.16507673
1058,70.03147174,76.4052386,38.3570871,34.70113798,41.98167192,42.5310951,25.05653027,31.87474077
1059,70.0380916,76.40071172,38.22364613,34.73797428,41.91304213,42.43221871,25.08006886,32.04064703
1060,70.05105149,76.40397411,38.25852234,34.77503611,41.90683888,42.46065719,25.10830964,32.04064703
1061,70.06888971,76.43498994,38.31983625,34.81245049,41.99531419,42.53192489,25.13848899,32.24802986
1062,70.07700531,76.42675211,38.43339711,34.85027522,42.07975405,42.63175983,25.16844876,32.49688926
1063,70.1014842,76.40532396,38.61964739,34.88816277,42.09456811,42.66603619,25.20336986,32.2065533
1064,70.11599282,76.45810868,38.44564353,34.92493834,42.02816489,42.60686192,25.23175363,32.14433845
1065,70.11764704,76.44547377,38.42484016,34.9619315,42.08464094,42.61051761,25.25501252,32.0821236
1066,70.11188225,76.38802667,38.38685912,34.9990513,42.18035296,42.61495068,25.27373296,32.66279552
1067,70.14847414,76.41473333,38.7085345,35.0366901,42.18667899,42.75008126,25.31456527,32.43467441
1068,70.13874874,76.3466642,38.67902535,35.07447113,42.30528243,42.70533381,25.34655482,32.49688926
1069,70.16223537,76.40435744,38.7415753,35.11218937,42.36456592,42.8137411,25.38282959,32.6835338
1070,70.17767747,76.43466285,38.86554151,35.15016015,42.41779332,42.84436113,25.41753555,32.70427209
1071,70.20981878,76.42897313,38.90739859,35.1881945,42.48000873,42.91767849,25.45093951,32.99460805
1072,70.22821302,76.4099254,39.06541429,35.22659939,42.52462917,42.99616395,25.49320521,32.76648693
1073,70.23894656,76.409375,39.0191092,35.264894,42.619368,42.95357669,25.52447135,33.13977603
1074,70.2616996,76.40423841,39.20437681,35.30355041,42.65521924,43.05454728,25.57113161,32.62131895
1075,70.28073191,76.54008409,38.93821312,35.3407869,42.60746822,42.96939707,25.5991925,32.97386976
1076,70.30666831,76.4655428,39.06280341,35.37799395,42.5205433,43.03478749,25.63335984,32.64205724
1077,70.3182589,76.46705101,38.90199926,35.41479987,42.53617857,42.96121175,25.65614283,32.97386976
1078,70.33876623,76.51681609,39.12277458,35.45238033,42.61853977,43.09842033,25.69280974,32.84944007
1079,70.34705556,76.5337534,39.08364733,35.48951326,42.64765264,43.07242574,25.72467009,33.16051431
1080,70.35856553,76.51472347,39.27659871,35.52713662,42.69317815,43.16341743,25.76221033,32.78722522
1081,70.37576396,76.49169389,39.01669807,35.56363321,42.6581426,43.12848879,25.78459394,32.89091663
1082,70.37733291,76.5189448,39.08062191,35.60032562,42.67945105,43.13006274,25.81026167,33.01534633
1083,70.40931854,76.47976296,39.19331819,35.63707108,42.69730424,43.16944765,25.83768111,32.84944007
1084,70.4123161,76.49319302,39.12940471,35.67383752,42.78618426,43.22275161,25.8590158,33.45085027
1085,70.42212608,76.41811975,39.49288858,35.71162199,42.86755387,43.34401058,25.8969321,33.11903774
1086,70.44017159,76.39172628,39.36640871,35.74866362,42.90183175,43.27930861,25.92593188,33.20199088
1087,70.45310061,76.46873262,39.45821087,35.78598766,42.97511506,43.38213162,25.95635045,33.55454168
1088,70.48903112,76.47729313,39.67435326,35.82383896,43.03510927,43.4650957,25.99572322,33.22272916
1089,70.51369182,76.46726712,39.56030284,35.86114051,43.09111259,43.43251797,26.02501876,33.38863542
1090,70.53161403,76.42605677,39.58193443,35.89830988,43.08110347,43.42598812,26.05817926,33.57527997
1091,70.56126117,76.43478472,39.72517763,35.93628349,43.19281296,43.50795465,26.09404013,33.67897138
1092,70.57925522,76.43609543,39.81153913,35.973663,43.14917126,43.53716726,26.13205462,33.30568229
1093,70.59231215,76.45566219,39.58494121,36.01001382,43.08973818,43.41099899,26.15626543,33.30568229
1094,70.59970573,76.44384153,39.53631866,36.04625007,43.07708236,43.44168932,26.18117407,33.61675653
1095,70.64053996,76.44065071,39.77601698,36.08371211,43.22612847,43.55225479,26.2128097,33.6582331
1096,70.64934308,76.4071439,32.55742609,36.11849815,42.87033676,41.90392471,26.2447522,31.52218996
1097,70.1852914,74.103748,30.56080293,36.14670259,42.21808041,40.88395112,26.20990596,31.16963915
1098,69.86282638,72.89363746,29.46933403,36.17387353,41.8778795,40.31047504,26.17057039,30.7548735
1099,69.61010054,72.03602562,28.7694869,36.19916965,41.55262072,39.90552171,26.1168018,30.27789299
1100,69.38732426,71.36257684,28.15011258,36.22291588,41.30226599,39.54504107,26.05575662,30.52675238
1101,69.18018013,70.80696251,27.81477262,36.24736111,41.26360779,39.31244691,26.00551153,30.34010784
1102,68.98040882,70.33065087,27.5289884,36.27086697,41.16187965,39.12214489,25.95002355,30.09124844
1103,68.78916236,69.91069312,27.2737989,36.29396991,41.13779684,38.94735757,25.89117089,29.98755703
1104,68.60439718,69.53544751,27.06620578,36.31613494,41.0181714,38.74770278,25.82835614,30.00829531
1105,68.4176151,69.18812989,26.95568778,36.33793301,40.91808069,38.63100505,25.77293693,29.6557445
1106,68.24004385,68.87589844,26.7767503,36.35873208,40.82134415,38.47579192,25.7099303,29.98755703
1107,68.068102,68.58638219,26.87487685,36.3803153,40.84012163,38.39901959,25.65785898,29.73869764
1108,67.90193579,68.31521978,26.73930276,36.40084554,40.75901909,38.28813384,25.59905764,29.34467026
1109,67.72308873,68.05926031,26.50876048,36.41974393,40.5755524,38.10099889,25.53299628,29.48983824
1110,67.5592266,67.82047895,26.43556752,36.4389057,40.51633579,37.99153481,25.4714293,29.178764
1111,67.38938363,67.59417583,26.33995242,36.45772001,40.53267091,37.90982007,25.40410606,29.28245541
1112,67.22419741,67.37860724,26.23835036,36.47634088,40.49673721,37.86518888,25.34409469,29.26171713
1113,67.06478502,67.17617087,26.15835698,36.49475787,40.46848099,37.74194246,25.28261402,29.19950228
1114,66.91232466,66.98235819,26.06437829,36.51307613,40.47222649,37.6375693,25.22272487,29.03359602
1115,66.75785871,66.79965109,25.93645322,36.53035425,40.36066821,37.53769244,25.16317208,29.34467026
1116,66.61098245,66.62447701,26.0308901,36.54955254,40.56336822,37.53979318,25.1159097,29.3031937
1117,66.46410133,66.45112232,25.98486079,36.56802195,40.56026105,37.44132557,25.06706955,29.15802572
1118,66.31767567,66.28527687,25.98405519,36.58582948,40.5024346,37.4280026,25.01084267,29.22024056
1119,66.17219474,66.12617109,26.09902992,36.60427963,40.58365408,37.41865531,24.96219471,29.46909996
1120,66.03395575,65.97454237,26.11255828,36.62307615,40.62611124,37.38220044,24.92370013,29.13728743
1121,65.9010238,65.82688452,25.95963095,36.64047617,40.51929134,37.2637249,24.87773613,29.3031937
1122,65.77116314,65.6840094,25.98229361,36.65825991,40.50727766,37.21552169,24.83394298,29.24097885
1123,65.63233252,65.54327209,26.0217018,36.67581256,40.49601518,37.22531234,24.79397633,28.97138117
1124,65.49738919,65.4081023,25.86339251,36.692368,40.41336566,37.10513237,24.74175465,28.88842804
1125,65.36954261,65.27753184,25.68927939,36.70852032,40.34628418,37.01745383,24.69188366,28.80547491
1126,65.24223452,65.15179156,25.55649603,36.7250074,40.40760284,36.89891702,24.64288408,29.13728743
1127,65.11958344,65.13608972,25.61395317,36.7417511,40.40247534,36.89334594,24.60827039,28.78473662
1128,64.9944389,65.11998377,25.5489918,36.75717821,40.29071977,36.84448408,24.56565733,28.78473662
1129,64.87611532,65.10486141,25.48519925,36.77250499,40.23869277,36.81179304,24.52198906,28.41144753
1130,64.76066797,65.08993037,25.24406796,36.78632841,40.0776807,36.6459575,24.46674981,28.4529241
1131,64.65154452,65.0750926,25.20085225,36.80085719,40.1256174,36.61276401,24.41926121,28.51513895
1132,64.54997998,65.06213308,25.27402832,36.81576845,40.20751548,36.60059584,24.37246883,28.78473662
1133,64.45164601,65.04889776,25.4140079,36.83108598,40.25255469,36.67463353,24.33724877,28.9299046
1134,64.36132007,65.037297,25.43192905,36.84607083,40.19109946,36.62502007,24.30824068,28.36997097
1135,64.26741611,65.02501145,25.32363657,36.85991823,40.13710312,36.57335411,24.2633171,28.53587723
1136,64.17916977,65.01355509,25.24167789,36.87438065,40.18355295,36.51788929,24.22318146,28.95064289
1137,64.10412058,65.0037822,25.39629215,36.89022629,40.33658918,36.58837638,24.19631555,29.03359602
1138,64.02981925,64.99381471,25.53152942,36.90605009,40.39217289,36.63299077,24.17118234,28.78473662
1139,63.95323613,64.98382173,25.49201265,36.92095465,40.34318736,36.60500098,24.14150294,28.80547491
1140,63.87102377,64.97270734,25.45862885,36.93562376,40.28817027,36.56421802,24.11819219,28.53587723
1141,63.79246843,64.96248257,25.43722324,36.94978604,40.26419744,36.53039559,24.08353284,28.95064289
1142,63.72644541,64.95387822,25.50109423,36.96473549,40.28670237,36.5728485,24.06446538,28.61883036
1143,63.65298017,64.94471928,25.38759107,36.97787113,40.09621947,36.46173809,24.03654586,27.95520531
1144,63.57613577,64.93454104,25.06788831,36.99006533,40.04417656,36.32312239,23.98934089,28.68104521
1145,63.51459701,64.92624282,25.19437159,37.00381673,40.09976738,36.39836219,23.9620129,28.3284944
1146,63.45021327,64.91810802,25.02812142,37.01595874,39.96341605,36.3090711,23.92723262,27.99668187
1147,63.38545666,64.91008201,24.87980127,37.02761772,39.92194821,36.21844833,23.88222282,28.24554127
1148,63.32501997,64.90277278,24.95592057,37.04050211,40.05225328,36.24964671,23.84661825,28.78473662
1149,63.27315584,64.89541168,25.15030031,37.05379101,40.04615068,36.33252419,23.83250086,28.07963501
1150,63.214908,64.88809601,24.97635395,37.06562822,39.99995807,36.25669034,23.79367109,28.16258814
1151,63.16147864,64.88119352,24.86465015,37.07696818,39.88521062,36.15717112,23.76223215,27.91372874
1152,63.1019572,64.87327452,24.78327246,37.08834113,39.91704103,36.1256418,23.7210913,28.10037329
1153,63.04977289,64.86630704,24.73212738,37.09978125,39.90119553,36.11808229,23.69006208,28.10037329
1154,62.9944492,64.85896401,24.68674237,37.1112686,39.90966155,36.12219695,23.65995882,28.2040647
1155,62.94394816,64.85206589,24.67975787,37.12299564,39.93683681,36.07904993,23.63251694,27.95520531
1156,62.88945009,64.84506059,24.64158895,37.13326254,39.78405494,36.04048706,23.60253454,27.91372874
1157,62.83913211,64.83878624,24.58543465,37.14347468,39.72789812,36.01928689,23.56715542,27.56117793
1158,62.78422572,64.83205483,24.3948093,37.15352292,39.77975921,35.93138043,23.52725645,28.30775612
1159,62.74400008,64.82668416,24.61181736,37.16465935,39.7940352,36.01496952,23.50857228,27.6026545
1160,62.69210034,64.81983402,24.42092888,37.17416338,39.72550476,35.91570578,23.47419284,28.03815844
1161,62.64866528,64.81393219,24.51443555,37.18471449,39.75956479,35.96682255,23.45099346,27.89299046
1162,62.59803457,64.80771036,24.49318481,37.19534877,39.83763456,35.96985624,23.42513929,27.91372874
1163,62.55276077,64.80163899,24.55878063,37.20511665,39.73160487,35.91784069,23.39666514,28.01742016
1164,62.50866863,64.79595718,24.60214039,37.21556689,39.7783833,35.91224175,23.372814,27.91372874
1165,62.46513667,64.79068661,24.64481738,37.22595719,39.82724777,35.94847716,23.3475513,28.01742016
1166,62.41873073,64.78471969,24.67891682,37.23648454,39.85186184,35.93215733,23.32403108,27.91372874
1167,62.3733986,64.779135,24.64659856,37.24643043,39.80356805,35.90417349,23.30075364,28.01742016
1168,62.33213499,64.77378785,24.72593215,37.25720682,39.90427465,35.92167651,23.28157946,27.97594359
1169,62.29222829,64.76876972,24.73533792,37.26637346,39.70050351,35.89580649,23.26260621,27.41600995
1170,62.25505963,64.76348755,24.44963403,37.27473257,39.6324944,35.75304056,23.22836813,27.83077561
1171,62.21650356,64.75870866,24.56236519,37.2848986,39.8010378,35.8223762,23.20482945,28.12111157
1172,62.18372455,64.754465,24.6066907,37.29475823,39.75557185,35.85483997,23.19107749,27.56117793
1173,62.14489766,64.74948375,24.36326646,37.30328285,39.66904621,35.75999316,23.16738584,27.54043965
1174,62.10424707,64.74427273,24.25118484,37.31165187,39.6172876,35.755667,23.14273983,27.58191622
1175,62.0657656,64.739174,24.21709051,37.32052888,39.67552398,35.73891801,23.11679785,27.76856076
1176,62.0275516,64.73455744,24.30343686,37.32959602,39.69217404,35.73954469,23.10088519,27.78929905
1177,61.99260518,64.73001762,24.46561199,37.33902695,39.76235952,35.77178121,23.0843119,27.68560763
1178,61.96252986,64.72608503,24.4339688,37.34779407,39.71805806,35.7485042,23.06435591,27.74782248
1179,61.93039661,64.72181896,24.4997603,37.35676674,39.72232767,35.77531059,23.04746446,27.70634591
1180,61.89974459,64.71780545,24.43301102,37.36535702,39.68042311,35.74301468,23.02691623,27.66486935
1181,61.8677145,64.71386619,24.4333568,37.37389988,39.67360161,35.72813337,23.01266638,27.62339278
1182,61.84050729,64.71033044,24.4325329,37.38215665,39.64127947,35.69810649,22.9981579,27.62339278
1183,61.80682872,64.7059428,24.40998725,37.39021307,39.60064713,35.69088589,22.97910676,27.64413107
1184,61.77433655,64.70175994,24.35338255,37.3983943,39.60453812,35.66953919,22.96238856,27.37453339
1185,61.74248937,64.69774427,24.25939517,37.40578618,39.55497986,35.61566789,22.93848064,27.58191622
1186,61.71158075,64.69398328,24.3696296,37.4142627,39.66412855,35.66880287,22.9211977,27.58191622
1187,61.68487687,64.69092398,24.43297578,37.42197149,39.59298812,35.65436649,22.90318792,27.35379511
1188,61.6594467,64.68745807,24.34190625,37.4293579,39.57380659,35.62679882,22.87901706,27.66486935
1189,61.63299847,64.68400958,24.47827364,37.43718429,39.5618572,35.65935491,22.86455013,27.41600995
1190,61.6024886,64.68003021,24.27853191,37.44436209,39.52197905,35.57127078,22.84543445,27.33305682
1191,61.57042444,64.67597657,24.25213516,37.45118813,39.4750063,35.57437383,22.82317286,27.18788884
1192,61.54367587,64.67208226,24.11435619,37.45731529,39.38154058,35.49340188,22.80072093,26.91829117
1193,61.51243322,64.66816739,23.91872115,37.46344042,39.41787758,35.40959399,22.77159689,27.45748652
1194,61.48567685,64.66466869,24.06594343,37.47076551,39.49654207,35.4859898,22.75422975,27.66486935
1195,61.46365934,64.66155119,24.21113945,37.4781088,39.48475206,35.54509642,22.74480036,27.08419743
1196,61.43492929,64.6578424,24.02798822,37.48388361,39.37941213,35.43145591,22.71577139,27.10493571
1197,61.40690017,64.65417469,23.85057102,37.48940061,39.2899016,35.35224772,22.6902419,26.73164662
1198,61.37084141,64.64949905,23.78432914,37.49432446,39.25626693,35.2856909,22.65396692,27.12567399
1199,61.35145255,64.64706851,23.80925333,37.50000953,39.26636607,35.29823248,22.63476815,27.12567399
1200,61.32371048,64.64330511,23.84637225,37.50622704,39.36565392,35.33667305,22.61492613,27.27084197
1201,61.2951985,64.63950262,23.93075005,37.51281276,39.43824484,35.38693987,22.60051013,27.20862713
1202,61.26928368,64.63601519,23.91699442,37.5189557,39.41931791,35.385634,22.5847535,27.4782248
1203,61.2483526,64.63310442,24.07201941,37.52639339,39.55994292,35.4522912,22.57500184,27.54043965
1204,61.22635295,64.6302494,24.12882638,37.5332927,39.52092333,35.47682233,22.57155961,27.25010369
1205,61.20008225,64.62664653,24.05620058,37.53998224,39.55092004,35.4330283,22.55994763,27.56117793
1206,61.18078701,64.62453297,24.20000626,37.54685671,39.51802816,35.4408854,22.55766984,27.10493571
1207,61.15572077,64.62119594,24.04884878,37.55248998,39.42389023,35.38791106,22.54157657,27.08419743
1208,61.13169163,64.61798369,23.99213482,37.55771699,39.32714336,35.34893128,22.52690115,26.85607632
1209,61.10432055,64.61476371,23.87199914,37.56290919,39.34350861,35.28705144,22.50232638,27.54043965
1210,61.08225906,64.61215178,24.12454592,37.56971526,39.44119617,35.39343712,22.50218889,27.33305682
1211,61.06184045,64.60956257,24.06102175,37.57574842,39.41653415,35.35375185,22.49328169,27.20862713
1212,61.0343242,64.60585367,24.02641153,37.58139174,39.37765716,35.32350232,22.48431983,26.89755288
1213,61.00656852,64.60207384,23.92320909,37.58595357,39.26785408,35.28442359,22.46218961,27.04272086
1214,60.98644103,64.59944273,23.91201181,37.59174091,39.38772747,35.31862945,22.45060032,27.29158026
1215,60.96646463,64.59672837,23.95599116,37.59680922,39.26085109,35.3244102,22.44079991,26.7523849
1216,60.93819781,64.59323071,23.78397147,37.60090964,39.1919927,35.21956837,22.41783728,26.91829117
1217,60.91520738,64.59025833,23.72204955,37.60564809,39.22718252,35.21283754,22.39914793,26.85607632
1218,60.89088054,64.58714549,23.74394069,37.60999742,39.19921603,35.21410006,22.38353854,27.06345915
1219,60.87401305,64.58480526,23.78627684,37.6156599,39.35375021,35.24101248,22.37378001,27.37453339
1220,60.85233263,64.5821902,23.92756455,37.62210462,39.47311905,35.31966002,22.37113024,27.49896309
1221,60.83299003,64.57981156,24.05616947,37.62851143,39.49352217,35.36529433,22.37182872,27.10493571
1222,60.80860363,64.57639137,24.04725613,37.6336561,39.40369513,35.33529737,22.36144263,27.10493571
1223,60.7882572,64.57374963,23.97988447,37.63865262,39.34376119,35.31539172,22.3449317,26.91829117
1224,60.76512494,64.57100402,23.88331305,37.64304178,39.26961244,35.25724465,22.33111326,26.93902945
1225,60.7409682,64.56785716,23.89243482,37.64781829,39.30045406,35.23449506,22.32087645,27.02198258
1226,60.72217914,64.56548874,23.87525982,37.65268168,39.3097972,35.21892617,22.31117438,27.14641228
1227,60.70403878,64.56277546,23.96734854,37.65798494,39.35720862,35.24519733,22.30510613,27.20862713
1228,60.68465004,64.56055073,24.05904277,37.6633734,39.38052601,35.26180505,22.29963453,27.39527167
1229,60.67019562,64.5588582,24.07298872,37.66915093,39.41116771,35.28392423,22.30051508,26.81459975
1230,60.6496004,64.55630957,23.87221313,37.67310875,39.28260561,35.17547425,22.28607032,27.0012443
1231,60.62718951,64.55334637,23.92333232,37.67808601,39.34938713,35.19944117,22.27786419,27.04272086
1232,60.61118626,64.55150455,23.90164442,37.68247374,39.27468335,35.20413294,22.26674514,26.85607632
1233,60.58874463,64.54868849,23.755574,37.68602994,39.15588344,35.11437425,22.25020179,26.64869349
1234,60.56433294,64.54531159,23.62583185,37.68938075,39.1272121,35.05067451,22.2294476,26.85607632
1235,60.54606054,64.54287966,23.73017722,37.69316631,39.13591234,35.08256804,22.21473935,26.39983409
1236,60.52198906,64.53975499,23.49364776,37.69557512,39.03490384,34.98139672,22.18700173,26.54500207
1237,60.49891394,64.53678105,23.39718299,37.6983833,39.01869898,34.95556415,22.16551905,26.52426379
1238,60.4787081,64.53443389,23.34392102,37.70049804,38.90360626,34.90351227,22.14370081,26.17171298
1239,60.45619941,64.5316167,23.22076559,37.70268314,38.95899497,34.86485604,22.11466062,26.73164662
1240,60.43779511,64.5294325,23.34585571,37.70591299,39.01250525,34.92818851,22.1045802,26.60721692
1241,60.41763427,64.52708757,23.43123658,37.70927997,39.09456847,34.94973345,22.09014574,26.62795521
1242,60.40012039,64.52517472,23.4602024,37.71178535,38.98483171,34.97654723,22.07696612,26.42057238
1243,60.38070366,64.52260784,23.3694309,37.71365218,38.88804244,34.91013758,22.05906659,26.33761925
1244,60.3611946,64.52022856,23.38269232,37.71638616,39.01362553,34.92338138,22.03717639,26.71090834
1245,60.34221472,64.51789207,23.49235107,37.71943443,39.02478134,34.96831748,22.02606757,26.60721692
1246,60.32495871,64.51554479,23.46573411,37.72211819,38.99679895,34.91927412,22.01350133,26.29614268
1247,60.3055631,64.51295629,23.37910237,37.72431372,38.98715187,34.88922876,21.99189625,26.50352551
1248,60.28984931,64.51135673,23.38526574,37.72717969,39.0411259,34.90012758,21.98090969,26.66943177
1249,60.27574112,64.5092906,23.42490389,37.73006714,39.0281426,34.89084918,21.97322904,26.54500207
1250,60.25726565,64.50689277,23.45623048,37.7327789,39.02850664,34.90388051,21.96282831,26.64869349
1251,60.24233432,64.5052793,23.46685852,37.7359457,39.0789366,34.90789988,21.96077919,26.60721692
1252,60.22401135,64.50307297,23.49982931,37.73842908,38.99977502,34.88569079,21.95312333,26.42057238
1253,60.20553099,64.50073142,23.38260006,37.74059047,38.96348183,34.83208886,21.9405936,26.7523849
1254,60.19420859,64.49925491,23.51142443,37.74392218,39.05664321,34.87502191,21.93849303,26.60721692
1255,60.17963438,64.49754884,23.52475658,37.74625432,38.97336989,34.87519348,21.92826346,26.35835753
1256,60.16342836,64.49555658,23.44111452,37.74809826,38.9222679,34.85093537,21.91167577,26.37909581
1257,60.14983629,64.4939616,23.40695452,37.74983303,38.87840731,34.83604894,21.89836732,26.08875985
1258,60.13189513,64.49135605,23.26789351,37.75112658,38.86523426,34.78466658,21.87631482,26.44131066
1259,60.11596339,64.48939584,23.29488663,37.75324523,38.90364688,34.79937805,21.86323939,26.10949813
1260,60.09483338,64.4867888,23.16385502,37.75434906,38.84098131,34.74920041,21.84140882,26.64869349
1261,60.08000884,64.48526239,23.36502953,37.75689242,38.91179336,34.79569855,21.83837062,26.62795521
1262,60.06578804,64.48384133,23.46491661,37.75931803,38.93176243,34.84810029,21.83325989,26.026545
1263,60.05062486,64.48171553,23.25417443,37.7604888,38.89321302,34.7388652,21.80987712,26.50352551
1264,60.03725212,64.47989945,23.34635884,37.76265482,38.91590907,34.78208646,21.80294217,26.42057238
1265,60.02077202,64.47797408,23.33267667,37.76455951,38.90774615,34.75080359,21.79635163,26.39983409
1266,60.00677338,64.47600884,23.37457686,37.76639311,38.89996468,34.76855838,21.78770957,26.33761925
1267,59.99053464,64.47379571,23.30191113,37.76798715,38.87272741,34.75061033,21.779444,26.50352551
1268,59.97771592,64.47192474,23.36899788,37.77066836,38.99928606,34.81258159,21.77265601,26.46204894
1269,59.96282498,64.46999811,23.45202333,37.7724431,38.91586503,34.81447699,21.76561096,26.31688096
1270,59.94839334,64.4680734,23.3413579,37.77396857,38.87745362,34.77206164,21.75461875,26.58647864
1271,59.93526363,64.46633223,23.49118655,37.77668314,38.98854501,34.83096539,21.75423733,26.54500207
1272,59.92397009,64.46499984,23.50062367,37.77900945,38.98601239,34.81082447,21.75362635,26.19245127
1273,59.90904026,64.46301848,23.38038158,37.77973431,38.8133232,34.73970368,21.74040906,26.2754044
1274,59.89763383,64.46164346,23.35784609,37.7810299,38.81322884,34.71643523,21.73029739,26.026545
1275,59.88735276,64.46024834,23.08704868,37.78135629,38.71974987,34.6447898,21.71186303,25.96433015
1276,59.87424013,64.45855705,22.97820184,37.78193948,38.73655028,34.60341529,21.69332624,26.35835753
1277,59.85927385,64.45653631,23.14315136,37.78373018,38.84188535,34.68007978,21.6867882,26.39983409
1278,59.84809545,64.45518867,23.28428285,37.78472992,38.74558429,34.67897308,21.67728168,25.96433015
1279,59.83311865,64.45341208,23.19434371,37.78566026,38.80816238,34.65686115,21.65473328,26.37909581
1280,59.82287211,64.45191563,23.30898069,37.78783019,38.93178817,34.71476011,21.64706381,26.81459975
1281,59.81484421,64.4507208,23.50201885,37.79070658,38.98954578,34.77692054,21.65234447,26.46204894
1282,59.80255734,64.44921032,23.46877911,37.79258091,38.94549717,34.73408887,21.64851669,26.2754044
1283,59.79321951,64.44810618,23.39404855,37.7937371,38.85888398,34.71762546,21.64098867,26.33761925
1284,59.78158285,64.44667898,23.34716227,37.79561465,38.92538968,34.69697816,21.63534154,26.56574036
1285,59.76992582,64.44509292,23.35695963,37.79764473,38.91946091,34.69681152,21.63383417,25.96433015
1286,59.75234768,64.44313338,23.26781762,37.79831176,38.84988636,34.65649744,21.61572681,26.52426379
1287,59.74032182,64.44165703,23.36817098,37.80002207,38.84479053,34.6992689,21.61488954,25.94359187
1288,59.72551599,64.43970132,23.21962318,37.8002411,38.75081234,34.62005144,21.59821642,26.19245127
1289,59.70930637,64.43764536,23.22971111,37.80102774,38.73926806,34.62515319,21.58830344,26.29614268
1290,59.69389668,64.43562679,23.24006632,37.80232504,38.7915881,34.64297317,21.58028782,26.10949813
1291,59.67947406,64.43383394,23.16040406,37.80302642,38.76613582,34.62200475,21.56876471,26.10949813
1292,59.66544021,64.43182514,23.19550313,37.80411735,38.8193279,34.62053262,21.55940537,26.58647864
1293,59.65897042,64.43102346,23.34238699,37.80559979,38.78207333,34.6779518,21.56480954,26.00580672
1294,59.64754066,64.42976671,23.131367,37.80608651,38.75531311,34.60395991,21.54907307,26.23392783
1295,59.63278228,64.42779238,23.15434173,37.80775915,38.88173047,34.65152424,21.54343456,26.44131066
1296,59.62110129,64.42619529,23.27239109,37.80868006,38.75722149,34.65655713,21.54332887,25.63251763
1297,59.60274075,64.42397501,23.00372395,37.80770803,38.60353034,34.50688954,21.52082932,25.88137702
1298,59.58946508,64.42206369,22.97405494,37.80764693,38.62021121,34.47212134,21.50715328,26.21318955
1299,59.57986056,64.42093062,23.0493625,37.80853492,38.69852604,34.53786304,21.49924425,25.83990046
1300,59.56270574,64.41859421,22.94652093,37.80877867,38.72654753,34.48433413,21.48375884,26.19245127
1301,59.55032757,64.4170203,23.03160959,37.80921739,38.6763971,34.49606171,21.47803368,25.77768561
1302,59.53619916,64.41533621,22.92209679,37.80878167,38.61906933,34.44520369,21.46145259,26.13023642
1303,59.52866577,64.41460084,23.06554984,37.8099278,38.76265144,34.48878466,21.45586895,26.2754044
1304,59.52311476,64.41389963,23.18060416,37.81117051,38.80445616,34.54590309,21.45462474,25.96433015
1305,59.50640656,64.41196203,23.0748766,37.81088478,38.65208096,34.48994097,21.44600472,25.92285359
1306,59.49514243,64.410486,23.06417624,37.81062379,38.60043478,34.48267556,21.43481187,25.92285359
1307,59.48551016,64.40944302,23.04806342,37.81066427,38.62824586,34.46978622,21.42893126,26.04728328
1308,59.47597676,64.40805352,23.10334978,37.81132776,38.71088568,34.5105965,21.42151031,26.17171298
1309,59.4624773,64.40647728,23.21511347,37.81221398,38.75043814,34.533028,21.4182807,26.31688096
1310,59.45235975,64.40516296,23.29625089,37.81317812,38.74434798,34.57607057,21.4183966,26.04728328
1311,59.4385906,64.40360001,23.16667197,37.8131915,38.65670929,34.52285098,21.4141613,25.63251763
1312,59.42321283,64.40174213,22.95363579,37.81208663,38.54203918,34.42440814,21.39699466,25.73620904
1313,59.41226804,64.40035732,22.96513245,37.81178832,38.59605245,34.43921253,21.38439742,26.19245127
1314,59.40263024,64.39903218,23.06774116,37.81227541,38.62841436,34.46844707,21.38548532,25.92285359
1315,59.39165414,64.39770089,23.03518078,37.81186041,38.56415842,34.43741873,21.37855749,25.52882621
1316,59.37915965,64.39595772,22.81856357,37.81052939,38.48689203,34.36698866,21.36005778,25.71547076
1317,59.36763963,64.39467407,22.80164058,37.80993429,38.52473187,34.33788478,21.34765981,25.9021153
1318,59.35682693,64.39359395,22.92296402,37.80950212,38.51964823,34.38577903,21.33724975,25.65325591
1319,59.34250943,64.39195671,22.89931639,37.80873167,38.52613335,34.3840683,21.32436885,25.9021153
1320,59.33212851,64.39069575,22.94043281,37.80886011,38.61148307,34.41771333,21.31722559,26.19245127
1321,59.32297831,64.38970355,23.08507848,37.80961484,38.6752815,34.46952119,21.31750808,26.026545
1322,59.31368364,64.38842576,23.02024351,37.80978008,38.64983275,34.46161469,21.31265527,25.88137702
1323,59.30476588,64.38717721,23.02415636,37.81025309,38.7295591,34.44094581,21.30482881,26.33761925
1324,59.29333827,64.38585518,23.29087768,37.81191883,38.84204748,34.55207602,21.30940396,26.31688096
1325,59.28401089,64.38489147,23.36778781,37.81311472,38.820609,34.54750854,21.31501049,26.08875985
1326,59.27367733,64.38334389,23.21897769,37.81321705,38.68902173,34.47936748,21.31102221,25.77768561
1327,59.26340581,64.38213753,23.06562126,37.81283626,38.63376788,34.428459,21.30496752,26.04728328
1328,59.25740669,64.38157645,23.09463837,37.81314895,38.65264602,34.41990055,21.30102727,25.77768561
1329,59.24284336,64.37997069,23.02725742,37.81208094,38.50305909,34.37807298,21.2914378,25.94359187
1330,59.23418702,64.3789392,23.09390186,37.81196804,38.55053899,34.41792928,21.28643966,25.79842389
1331,59.22179651,64.37731339,23.05819184,37.81173515,38.59065262,34.40832686,21.27712285,25.9021153
1332,59.2134449,64.37603057,23.0220621,37.81128443,38.54356296,34.40586705,21.27349026,25.92285359
1333,59.20494564,64.37489216,22.9543605,37.81094024,38.53462183,34.3559434,21.26777823,25.48734965
1334,59.19342763,64.37340078,22.76028265,37.8093492,38.43994606,34.26560425,21.25416384,25.63251763
1335,59.18100697,64.37206929,22.72771775,37.8082864,38.44680163,34.30029889,21.24271253,25.61177934
1336,59.16962752,64.37043304,22.71983718,37.80711601,38.43650783,34.27479634,21.22661176,25.71547076
1337,59.15902882,64.36898888,22.79991594,37.80635884,38.47149719,34.29266845,21.2188056,25.9021153
1338,59.15163991,64.36786385,22.86425648,37.80574249,38.45938899,34.30779088,21.22031255,25.50808793
1339,59.13790711,64.36624376,22.75589846,37.80381949,38.3404299,34.25772928,21.20649936,25.38365823
1340,59.12873931,64.36475703,22.62462336,37.80226328,38.38156651,34.23858157,21.19018769,25.77768561
1341,59.11711253,64.36341422,22.78791949,37.80229506,38.5580313,34.29082963,21.18379836,25.88137702
1342,59.1088289,64.36228424,22.88719564,37.80163509,38.49149798,34.31628971,21.18162291,25.79842389
1343,59.10171124,64.36124597,22.86633557,37.80135485,38.54639513,34.31593033,21.17922556,25.67399419
1344,59.08931158,64.35956028,22.83460998,37.80024119,38.46462002,34.27593542,21.17239464,25.83990046
1345,59.08117796,64.35870339,22.92838719,37.80009704,38.54497883,34.31875062,21.16857639,26.00580672
1346,59.07128362,64.3573749,22.99892325,37.80031651,38.59628699,34.35112206,21.16856447,25.9021153
1347,59.06418594,64.35654995,22.94960939,37.79970918,38.50901963,34.29196394,21.16529465,25.73620904
1348,59.05329798,64.35506632,22.92638926,37.79911249,38.51623646,34.28273861,21.15949134,25.67399419
1349,59.04372061,64.35384043,22.88187394,37.79807516,38.46219177,34.24365079,21.15165481,25.5495645
1350,59.03467935,64.35270722,22.78492264,37.79685925,38.44161705,34.22981208,21.14227821,25.67399419
1351,59.0266576,64.35158217,22.79202038,37.7960219,38.46075957,34.24642817,21.13379056,25.59104106
1352,59.01627067,64.35021911,22.66118667,37.79462519,38.39745384,34.20629326,21.12111044,25.59104106
1353,59.00559819,64.34900543,22.68811396,37.79323635,38.3710218,34.20331918,21.11380272,25.61177934
1354,58.99702979,64.34769954,22.7763917,37.7920598,38.38856014,34.22257017,21.1057535,25.3007051
1355,58.983997,64.34597417,22.58393755,37.78994639,38.32311226,34.1546012,21.09011563,25.5495645
1356,58.97759414,64.34551416,22.63651463,37.78873556,38.37756807,34.15498496,21.07956978,25.59104106
1357,58.96641915,64.34374349,22.67199399,37.78777101,38.42854436,34.18747809,21.07042847,25.88137702
1358,58.96061902,64.34285847,22.80310175,37.78756554,38.49606549,34.22026843,21.06984622,25.65325591
1359,58.94962696,64.34141312,22.7725406,37.7866372,38.46566825,34.22840106,21.06502956,25.65325591
1360,58.93854452,64.33980507,22.79031639,37.78571382,38.45221737,34.22607579,21.05962182,25.63251763
1361,58.92788854,64.33846514,22.78940644,37.78446967,38.39747683,34.18773723,21.0556695,25.57030278
1362,58.91350937,64.33666962,22.78405822,37.78357259,38.44671382,34.19757751,21.04888604,25.83990046
1363,58.9054217,64.33545454,22.84884511,37.78311888,38.46957704,34.19826439,21.05110396,25.36291995
1364,58.89335702,64.33429881,22.67045603,37.78119896,38.36130107,34.15725366,21.04054236,25.46661136
1365,58.88277251,64.33303292,22.6836383,37.78009091,38.42027728,34.16650773,21.03097126,25.9021153
1366,58.87802859,64.3325824,22.80440314,37.7794483,38.40612814,34.19248654,21.03528693,25.4251348
1367,58.86515866,64.33066102,22.70897451,37.77802646,38.39699632,34.10891962,21.02416365,25.57030278
1368,58.85508059,64.32952919,22.7924679,37.77717396,38.44775661,34.13311139,21.01746163,25.67399419
1369,58.8482997,64.32885932,22.86814062,37.77611733,38.40715725,34.17497338,21.01483361,25.48734965
1370,58.8414075,64.32782992,22.79277904,37.77480698,38.39657605,34.12921976,21.00678376,25.5495645
1371,58.83069149,64.32636518,22.81421178,37.77333654,38.34701545,34.12458734,20.99961649,25.65325591
1372,58.82207672,64.3254651,22.8567804,37.77205953,38.32820507,34.16734129,20.99957316,25.46661136
1373,58.80997876,64.32387928,22.7713329,37.77071632,38.35856152,34.12874982,20.99344751,25.86063874
1374,58.80292016,64.32288742,22.94831305,37.77060715,38.47162405,34.22098639,21.00011326,26.08875985
1375,58.79797325,64.32217831,23.07040987,37.770834,38.51626557,34.2618911,21.01081371,25.59104106
1376,58.78723856,64.32071684,22.96050921,37.76980873,38.45814023,34.21077721,21.00885975,25.65325591
1377,58.77991135,64.31995388,22.84338601,37.76903402,38.45608899,34.17122365,21.00214402,25.81916217
1378,58.77503694,64.3189478,22.94771767,37.76840891,38.435966,34.18543595,21.00438488,25.61177934
1379,58.76446671,64.31744496,22.90277072,37.76733786,38.40825581,34.14719327,21.00218873,25.59104106
1380,58.75299826,64.31593751,22.9093546,37.76624939,38.39744071,34.15379433,20.99866082,25.71547076
1381,58.74963364,64.31543582,22.95283818,37.76575056,38.45650021,34.17657241,20.99836402,25.77768561
1382,58.74202763,64.31454158,22.95626733,37.76479645,38.39040098,34.1572424,21.00166961,25.48734965
1383,58.73796928,64.31418176,22.80051717,37.76291796,38.28226775,34.1137735,20.99533715,25.03110742
1384,58.72280574,64.31199624,22.52133415,37.7602765,38.22754017,33.99737173,20.97686292,25.36291995
1385,58.71200456,64.31049262,22.59281737,37.75856011,38.26685763,34.02037777,20.96616442,25.38365823
1386,58.70563885,64.30957908,22.57595776,37.7562762,38.18190357,34.01639292,20.95796879,25.38365823
1387,58.69933243,64.30865464,22.59728198,37.75533442,38.36594989,34.04893189,20.95035172,25.79842389
1388,58.69592366,64.30831206,22.75303852,37.75461172,38.37245163,34.12369161,20.9544309,25.44587308
1389,58.69142589,64.30746092,22.75626075,37.75299463,38.31863714,34.10064114,20.94808301,25.40439652
1390,58.68317455,64.30625212,22.74198964,37.75127447,38.28826412,34.07598111,20.93975562,25.23849025
1391,58.671944,64.30489296,22.68947657,37.74883902,38.19810075,34.04263208,20.93017681,25.25922854
1392,58.6638777,64.30402312,22.63550083,37.74672262,38.20389558,34.00049535,20.92030602,25.46661136
1393,58.65707922,64.30313859,22.68638958,37.74513739,38.23656673,34.06308145,20.9177394,25.52882621
1394,58.65485713,64.30291104,22.70140387,37.74362058,38.24369557,34.07765522,20.91168046,25.3007051
1395,58.64150608,64.30121342,22.61196506,37.74230244,38.33956426,34.04603717,20.90363945,25.83990046
1396,58.63570812,64.30034711,22.87177305,37.74174159,38.36402872,34.11566366,20.91391627,25.21775197
1397,58.62625949,64.29892311,22.72458285,37.73950963,38.26178163,34.0370544,20.90191535,25.27996682
1398,58.61744293,64.29775355,22.63750969,37.737618,38.25609911,34.02102235,20.89264581,25.27996682
1399,58.61261802,64.29704049,22.58558377,37.73527791,38.17582119,33.99098004,20.88470506,25.03110742
1400,58.60513335,64.29597666,22.46635552,37.7322225,38.08563568,33.93937143,20.86889888,25.27996682
1401,58.59447577,64.2947013,22.45802226,37.72965772,38.05734304,33.89196642,20.8640746,25.09332227
1402,58.58444942,64.29349618,22.41545895,37.72712852,38.0982228,33.88524095,20.84769198,25.4251348
1403,58.57859469,64.29278375,22.54870166,37.72544576,38.16707939,33.95275472,20.84610101,25.34218167
1404,58.5723609,64.29190667,22.49243324,37.72312963,38.11324997,33.92552443,20.84122437,25.25922854
1405,58.56593614,64.29119611,22.4750294,37.7212289,38.17777585,33.9241516,20.83319435,25.23849025
1406,58.56111571,64.2906881,22.49207181,37.71913948,38.17620342,33.91108355,20.82268061,25.4251348
1407,58.55404406,64.28983174,22.53881054,37.7177269,38.23879984,33.92645714,20.81819047,25.50808793
1408,58.54724332,64.2889693,22.70118098,37.71654197,38.28184911,33.96652766,20.82192575,25.40439652
1409,58.54176347,64.28820845,22.77319139,37.71498236,38.26287387,33.97800302,20.82007669,25.32144338
1410,58.5369823,64.28755543,22.69020145,37.71290607,38.18973348,33.94359858,20.81326588,25.32144338
1411,58.52996609,64.2866871,22.7043023,37.71113575,38.20730817,33.93702848,20.81159015,25.40439652
1412,58.52573567,64.28626739,22.67791624,37.70990987,38.28031959,33.9556694,20.81138265,25.4251348
1413,58.51990013,64.28573065,22.64766526,37.70847158,38.27107899,33.94061065,20.8097943,25.40439652
1414,58.51640325,64.28540852,22.63928759,37.70711409,38.28557032,33.92088905,20.80671839,25.46661136
1415,58.5123304,64.28460774,22.70593416,37.70557338,38.24175229,33.941773,20.80567825,25.34218167
1416,58.50320755,64.28342587,22.68868268,37.70332939,38.13880207,33.9582694,20.80027759,24.90667773
1417,58.49369412,64.28214968,22.53507002,37.70052452,38.11311347,33.87729827,20.78152089,25.46661136
1418,58.49004649,64.28168142,22.62719337,37.69862703,38.10114776,33.91552451,20.77968594,24.94815429
1419,58.48185819,64.28055836,22.52206046,37.69606495,38.12269563,33.8795785,20.76283816,25.44587308
1420,58.4772545,64.28022202,22.5995535,37.69456758,38.1737937,33.9370416,20.76405142,25.3007051
1421,58.47265093,64.27980525,22.54455678,37.69324509,38.26274859,33.92470543,20.75843922,25.4251348
1422,58.46955958,64.27923721,22.55470736,37.69120267,38.14660723,33.91437577,20.7563552,25.3007051
1423,58.46349246,64.27824121,22.50616795,37.68927978,38.14711423,33.91103959,20.75626665,25.07258399
1424,58.4551336,64.27746501,22.39424133,37.68663224,38.08464994,33.84777231,20.74900383,25.01036914
1425,58.44701282,64.27663734,22.38566619,37.6842754,38.12047514,33.83100236,20.73706868,25.46661136
1426,58.44140515,64.27584874,22.58038541,37.68320981,38.22665604,33.88671111,20.7399956,25.46661136
1427,58.43812618,64.27529519,22.69834647,37.68157274,38.17850203,33.91335237,20.74195378,25.1762754
1428,58.43221612,64.27463009,22.60263174,37.67961134,38.17922896,33.89178369,20.73712232,25.40439652
1429,58.42585012,64.27384419,22.67077786,37.6783553,38.23555086,33.90488521,20.73789231,25.40439652
1430,58.41917036,64.27315392,22.67794735,37.6769994,38.2412989,33.9057495,20.73907539,25.38365823
1431,58.41425278,64.27241937,22.69621374,37.67550843,38.22504453,33.93305247,20.74140929,25.23849025
1432,58.41067377,64.27193486,22.65121058,37.67377813,38.21613469,33.91668339,20.73965185,25.38365823
1433,58.40333635,64.27101581,22.62079657,37.67261481,38.26600597,33.90196964,20.73934109,25.67399419
1434,58.3991845,64.27048419,22.82305912,37.67196577,38.29529466,33.9804198,20.7494475,25.65325591
1435,58.40101193,64.27055093,22.88496613,37.67149179,38.34176612,34.01833292,20.75580148,25.34218167
1436,58.39332392,64.26971022,22.77243246,37.67027296,38.32113557,33.9474856,20.75396356,25.34218167
1437,58.38534583,64.26874268,22.77346585,37.66874022,38.25697389,33.93047377,20.7545619,25.40439652
1438,58.38155507,64.26813141,22.80946211,37.66721277,38.21192879,33.92617381,20.75697321,25.13479884
1439,58.37440958,64.26732357,22.65715756,37.66487563,38.12850513,33.87309134,20.74831665,25.05184571
1440,58.36748691,64.26649739,22.49018676,37.66167976,37.96910407,33.82019519,20.73805323,24.61634177
1441,58.35874589,64.26519285,22.24855324,37.65807063,37.94341617,33.7415794,20.71241337,25.05184571
1442,58.35142333,64.26415595,22.36288678,37.65578232,38.03402367,33.78205087,20.69951634,24.92741601
1443,58.34358645,64.26318451,22.33333623,37.65303296,38.02772511,33.74688953,20.68420855,25.27996682
1444,58.34035911,64.26284451,22.45403716,37.65114248,38.07202118,33.81001042,20.68289304,25.1762754
1445,58.33814936,64.2623357,22.47487772,37.64942383,38.14506275,33.81603403,20.67889803,24.98963086
1446,58.33041418,64.26134062,22.44471518,37.6465284,38.02879445,33.7725964,20.67303071,25.13479884
1447,58.3233488,64.26060594,22.53923038,37.64461423,38.10036454,33.79908164,20.66721953,25.3007051
1448,58.31828763,64.25978682,22.56444999,37.64309613,38.1520841,33.82365971,20.66756482,25.46661136
1449,58.31431574,64.2593077,22.67583477,37.64176443,38.15929564,33.88775846,20.6697136,25.09332227
1450,58.30554265,64.2583541,22.55414608,37.63979028,38.15495847,33.82434065,20.66310554,25.36291995
1451,58.29938592,64.25760634,22.67396024,37.63871777,38.23020419,33.87489393,20.66676798,25.57030278
1452,58.29664929,64.25713197,22.7579623,37.63786447,38.2418746,33.90720278,20.67446903,25.27996682
1453,58.29170569,64.25637393,22.59835492,37.63599274,38.15343851,33.85356057,20.67203536,25.15553712
1454,58.28493242,64.25556625,22.48360477,37.63360197,38.06168975,33.79992556,20.66888853,25.15553712
1455,58.27784579,64.25459004,22.4232049,37.63148277,38.06416751,33.77709324,20.66301972,24.98963086
1456,58.26842474,64.25332253,22.38304267,37.62849073,37.96274815,33.73274773,20.65412521,24.88593944
1457,58.26109027,64.25225762,22.36982685,37.6260122,38.02779433,33.73977527,20.64313379,25.40439652
1458,58.25829397,64.25196304,22.56150105,37.62469618,38.10940233,33.79993872,20.64445845,25.15553712
1459,58.25230829,64.25108282,22.52795864,37.6227293,38.10045124,33.78620079,20.64004144,25.13479884
1460,58.24540107,64.24986819,22.44343006,37.62037449,38.03524988,33.77090619,20.64051496,24.90667773
1461,58.23852298,64.24910471,22.40410084,37.61726158,37.94028559,33.74777141,20.62773442,25.05184571
1462,58.22938349,64.24782414,22.44208302,37.61497696,37.99420548,33.76386359,20.61776469,25.3007051
1463,58.22271119,64.24696854,22.54543,37.61406683,38.17765341,33.83251918,20.61770158,25.5495645
1464,58.219092,64.24647533,22.67101541,37.6129813,38.16268649,33.85805067,20.62605218,25.05184571
1465,58.21276909,64.24565246,22.52254166,37.61099363,38.13678023,33.77439502,20.62130244,25.34218167
1466,58.20711087,64.2446074,22.60594452,37.6095323,38.13477615,33.80531142,20.62573103,24.96889258
1467,58.20106941,64.24365638,22.46993304,37.60678764,38.01894017,33.7526114,20.61744838,24.92741601
1468,58.19498148,64.2428338,22.41802477,37.60432037,38.02260648,33.73559964,20.60684255,25.38365823
1469,58.19082803,64.24228836,22.53050695,37.60299018,38.0904995,33.78190876,20.60893767,25.25922854
1470,58.18429328,64.24129392,22.56908603,37.60099654,38.04040275,33.78891503,20.60874574,24.84446288
1471,58.17767058,64.24025564,22.40125403,37.59814341,37.98396948,33.72386968,20.59866876,25.15553712
1472,58.17100247,64.23945936,22.47612261,37.59580133,37.95740131,33.73218608,20.59448299,24.90667773
1473,58.16606628,64.23882026,22.38601644,37.59333861,37.98779643,33.67452409,20.58516983,25.15553712
1474,58.16020724,64.23785562,22.40451868,37.59095511,37.94692522,33.71804024,20.58580075,24.92741601
1475,58.14901733,64.23637129,22.40604575,37.58910977,38.07771236,33.72424714,20.57928185,25.50808793
1476,58.14347515,64.23575801,22.60952724,37.58837282,38.16372845,33.79361627,20.58887312,25.21775197
1477,58.14024331,64.23534161,22.59829949,37.58692244,38.15877633,33.75793264,20.58774625,25.34218167
1478,58.13615717,64.2350083,22.53965554,37.58525952,38.08733996,33.74032094,20.59154586,24.94815429
1479,58.12696922,64.23367234,22.42457655,37.58270686,38.01356167,33.69644248,20.58132747,24.94815429
1480,58.1195987,64.23281004,22.39846062,37.58035462,38.0100781,33.69235644,20.57171442,25.21775197
1481,58.11803177,64.2324424,22.43912089,37.57839262,37.99879926,33.71345262,20.57180294,25.01036914
1482,58.11216993,64.23204568,22.42545612,37.5758576,37.95194671,33.69041009,20.56505819,24.72003318
1483,58.10317807,64.23063831,22.35807026,37.57280708,37.92076543,33.67017701,20.55160485,25.25922854
1484,58.10038801,64.23049824,22.46253334,37.57125905,38.01069337,33.72233945,20.55014542,25.05184571
1485,58.09088006,64.22924946,22.4277198,37.56927775,38.03160416,33.68594791,20.54822867,25.15553712
1486,58.08614684,64.22855802,22.52385996,37.56721892,37.99780747,33.69571486,20.54781236,25.03110742
1487,58.07980391,64.22769698,22.52086624,37.56532239,38.04186863,33.68619636,20.54458085,25.25922854
1488,58.0794584,64.2276414,22.60013637,37.56339902,37.99568982,33.72264011,20.54819981,24.78224803
1489,58.0719905,64.2267297,22.42633201,37.56029473,37.90269406,33.6586739,20.53738585,25.11406056
1490,58.06872613,64.22633717,22.42969626,37.55835649,37.96558278,33.68166039,20.53696796,25.25922854
1491,58.06441995,64.22568216,22.53705413,37.5572119,38.08644611,33.7130221,20.54233527,25.13479884
1492,58.06127505,64.22527926,22.42467174,37.55533837,38.04865646,33.71281242,20.54341724,25.21775197
1493,58.06122068,64.22532705,22.5321503,37.55386386,38.07574167,33.75457319,20.54804329,25.27996682
1494,58.05846763,64.22479425,22.56408935,37.55256916,38.09985989,33.76989669,20.54878152,24.80298631
1495,58.0505855,64.22359387,22.30803887,37.5493416,37.91274398,33.65366736,20.53517542,24.8237246
1496,58.04352313,64.22284865,22.19403648,37.54653449,37.8919789,33.58832861,20.52681044,25.07258399
1497,58.04038045,64.22232977,22.31671607,37.54425387,37.90172562,33.60113056,20.52525453,24.6992949
1498,58.03196647,64.22095395,22.136983,37.54101167,37.84450985,33.53744107,20.51254364,24.90667773
1499,58.02759769,64.22037009,22.19422312,37.53853665,37.88815905,33.58056767,20.50711841,24.96889258
1500,58.02296465,64.21992222,22.25571726,37.53648727,37.96021521,33.62149925,20.50354193,25.19701369
1501,58.02107304,64.21994432,22.3989933,37.53510391,38.03998112,33.67922954,20.50799977,25.19701369
1502,58.01634387,64.21947606,22.52447731,37.53337695,38.01733339,33.69634973,20.51162278,24.86520116
1503,58.01300121,64.21896795,22.41513517,37.53070857,37.93625774,33.63210086,20.50764906,24.90667773
1504,58.00695502,64.21811552,22.40950611,37.52836452,37.94097875,33.6277257,20.50142774,25.21775197
1505,58.00307162,64.2174558,22.44134059,37.52670719,37.97293607,33.66023577,20.50449935,24.90667773
1506,57.99757367,64.21652824,22.37153983,37.52449567,37.97609908,33.65689132,20.49948586,25.15553712
1507,57.99338147,64.21622023,22.43448425,37.52254151,37.95126853,33.67119532,20.50272426,25.01036914
1508,57.98935307,64.21577517,22.43188648,37.52038355,37.94349763,33.66665011,20.50048329,24.92741601
1509,57.98349115,64.21499027,22.3467313,37.51810875,37.94122639,33.62210537,20.49550363,25.05184571
1510,57.97812954,64.21409523,22.37549527,37.51594666,37.92431487,33.63453471,20.49208346,24.88593944
1511,57.97031707,64.21290871,22.30115313,37.51381322,37.96345368,33.59205306,20.4890652,24.98963086
1512,57.96708881,64.21243796,22.32848691,37.51054455,37.76177162,33.56077729,20.49019378,24.20157611
1513,57.95734466,64.21128142,22.0394815,37.50618749,37.69876293,33.41973008,20.46743511,24.98963086
1514,57.95758044,64.21130364,22.16184165,37.50371375,37.77269888,33.48370825,20.46564166,24.78224803
1515,57.95304272,64.21072028,22.16764615,37.50086763,37.79557606,33.49733168,20.45725966,24.8237246
1516,57.94413811,64.2094858,22.227202,37.49796946,37.78257764,33.53272398,20.45225376,24.63708005
1517,57.94073215,64.20898183,22.19876401,37.49516983,37.83941008,33.50750372,20.43912206,25.05184571
1518,57.93693268,64.20843606,22.32010348,37.4929935,37.85561576,33.56910874,20.4400352,24.80298631
1519,57.92912646,64.20728753,22.27759273,37.4898551,37.76636667,33.53201186,20.43413477,24.65781833
1520,57.92053348,64.20601519,22.20876451,37.48688458,37.79035888,33.48619786,20.4228726,24.96889258
1521,57.9162977,64.20547611,22.31618973,37.48468391,37.84280555,33.55457035,20.41859929,24.94815429
1522,57.91122662,64.20454752,22.32436843,37.48214647,37.8138932,33.54723008,20.41925623,24.65781833
1523,57.90612036,64.20380469,22.19113777,37.47903854,37.78120423,33.52402144,20.40892173,24.72003318
1524,57.90279298,64.20328259,22.16501361,37.47620959,37.7936655,33.50832998,20.40227572,25.13479884
1525,57.89955707,64.20286978,22.28104483,37.47448024,37.87235103,33.54709995,20.40550479,24.88593944
1526,57.89628879,64.20248025,22.26721123,37.47251323,37.93099653,33.54693142,20.40026709,25.1762754
1527,57.89534865,64.2024561,22.39925552,37.47091711,37.93932562,33.59352005,20.40663935,24.94815429
1528,57.89033562,64.20182108,22.30185424,37.46842049,37.8519297,33.56145017,20.40714291,24.5748652
1529,57.88431024,64.20103661,22.20475497,37.46500343,37.75752681,33.5202076,20.39495669,24.67855662
1530,57.88005782,64.20037487,22.12835174,37.46268921,37.86913424,33.50225607,20.38760186,25.1762754
1531,57.87797797,64.20017574,22.35382128,37.46110609,37.90637955,33.56469203,20.3943181,25.03110742
1532,57.87531475,64.19990431,22.40206319,37.45917546,37.89952309,33.58804477,20.39497738,24.65781833
1533,57.86936536,64.1991613,22.25117706,37.45546041,37.69757813,33.49861466,20.38696234,24.26379096
1534,57.86281907,64.19820914,21.97084663,37.45195302,37.74569623,33.39512901,20.36663113,24.94815429
1535,57.86095409,64.19779511,22.10363865,37.4496249,37.77933003,33.45485379,20.36705925,24.92741601
1536,57.85680818,64.19738326,22.1988047,37.44739944,37.81297074,33.48893349,20.36401509,24.67855662
1537,57.85111924,64.1966983,22.11428942,37.44475877,37.82459983,33.48249881,20.35810081,25.07258399
1538,57.84933612,64.1963366,22.20619912,37.4430664,37.87803532,33.52438273,20.36103448,24.6992949
1539,57.84167336,64.19542316,22.13035068,37.44036656,37.83225526,33.50772734,20.3538039,24.84446288
1540,57.83901371,64.19497293,22.14124854,37.43785767,37.80331126,33.4761932,20.35534814,24.8237246
1541,57.83322448,64.19419066,22.19001087,37.43551299,37.8205037,33.48905223,20.35376377,24.94815429
1542,57.8308199,64.19384187,22.26557946,37.43323614,37.80376538,33.47186903,20.35448993,24.67855662
1543,57.82678404,64.1932703,22.19744856,37.43038339,37.76891518,33.44863671,20.34736671,24.61634177
1544,57.82095766,64.19238643,22.16118425,37.42700822,37.68120572,33.44494136,20.33979585,24.80298631
1545,57.81743457,64.19182969,22.17922963,37.42464433,37.75829897,33.465644,20.33304151,24.65781833
1546,57.8124201,64.19119113,22.15061546,37.42189474,37.76576699,33.46281557,20.32558357,25.05184571
1547,57.80981723,64.19083661,22.33836303,37.42000363,37.80384058,33.51829151,20.32714262,24.76150975
1548,57.8060983,64.19026148,22.29536788,37.41786634,37.85536954,33.51976804,20.32274815,25.07258399
1549,57.80302119,64.19002659,22.38852013,37.41603312,37.84327628,33.54286582,20.33030328,24.88593944
1550,57.79970636,64.18949802,22.37734247,37.4138751,37.83209056,33.53712314,20.32970084,24.86520116
1551,57.79687919,64.18931855,22.32814616,37.41173047,37.83369291,33.52545889,20.32792413,24.86520116
1552,57.79320447,64.18897804,22.32213722,37.40914931,37.76018081,33.50475389,20.32544083,24.40895894
1553,57.78649975,64.1881013,22.11147576,37.40536144,37.64454979,33.42172969,20.31260021,24.55412692
1554,57.78398749,64.18790847,22.11149171,37.40248296,37.70453039,33.42648514,20.30299221,24.67855662
1555,57.77996462,64.18726294,22.20560389,37.39977828,37.72281068,33.45211594,20.30014708,24.94815429
1556,57.77931238,64.18701617,22.31977748,37.39784288,37.78468104,33.46870569,20.30352494,24.90667773
1557,57.77501646,64.18651808,22.37931318,37.39576749,37.79816098,33.49192734,20.30304706,24.63708005
1558,57.76887875,64.18568784,22.17741342,37.39309365,37.77520539,33.40679049,20.29964797,25.13479884
1559,57.76786521,64.1855489,22.37419426,37.39162265,37.83019189,33.48325279,20.31013037,24.61634177
1560,57.76297078,64.18484271,22.25492899,37.388742,37.75618002,33.44700512,20.30425982,25.01036914
1561,57.75800167,64.18425347,22.37198618,37.38723392,37.84495199,33.50350087,20.31073956,24.96889258
1562,57.75590408,64.18395904,22.46410345,37.38555818,37.86452248,33.51635587,20.31570027,25.03110742
1563,57.75169801,64.18314775,22.48744997,37.38410793,37.89242716,33.52923251,20.31917633,24.98963086
1564,57.74981365,64.18297746,22.45976586,37.38259004,37.90295503,33.53788277,20.32307087,24.96889258
1565,57.74762206,64.18269706,22.44942168,37.38141519,37.96975486,33.51265433,20.32754649,25.05184571
1566,57.75044384,64.18313126,22.47236176,37.37984041,37.91003018,33.52573938,20.33391281,24.76150975
1567,57.74546646,64.18257141,22.32295439,37.37745936,37.8235017,33.49449903,20.32992708,24.5748652
1568,57.73896749,64.18169427,22.17232477,37.37479652,37.78642819,33.41864604,20.32103183,24.86520116
1569,57.736287,64.18123508,22.22350844,37.37262584,37.7731018,33.43087731,20.32231548,24.8237246
1570,57.73318703,64.18078379,22.22311293,37.37015142,37.72565435,33.41197429,20.32417944,24.6992949
1571,57.72996334,64.18022668,22.12517003,37.36755623,37.71488007,33.39659766,20.32341137,24.92741601
1572,57.72520917,64.17953926,22.23584838,37.36579583,37.78621603,33.43960548,20.32486042,24.96889258
1573,57.72241729,64.17914222,22.27710357,37.36406018,37.80867494,33.46991239,20.32869339,24.8237246
1574,57.71825572,64.17869805,22.30412929,37.36276774,37.92974159,33.49202813,20.32863397,25.27996682
1575,57.71723092,64.17858537,22.43672927,37.36189703,37.93012527,33.54025225,20.34073785,24.96889258
1576,57.71469893,64.17833803,22.46895645,37.3599884,37.83891884,33.51783248,20.34322167,24.59560348
1577,57.70947736,64.17741583,22.35496543,37.35726347,37.7613796,33.46049279,20.33319344,24.67855662
1578,57.70565029,64.17692835,22.20935192,37.35448537,37.69453119,33.45071708,20.33109381,24.51265035
1579,57.70135678,64.17634986,22.07216086,37.35157488,37.68433049,33.38669586,20.31988932,24.78224803
1580,57.69815016,64.17588954,22.11926558,37.34949471,37.74518529,33.41171008,20.31517932,24.86520116
1581,57.69586211,64.17561595,22.24722807,37.34773979,37.80028828,33.43312542,20.31187451,24.8237246
1582,57.69647335,64.17595463,22.30345164,37.34551912,37.75688566,33.44553859,20.30802605,24.53338864
1583,57.68976604,64.17498095,22.20216864,37.34278315,37.72488687,33.38515659,20.29652436,24.78224803
1584,57.68652775,64.17452464,22.25823291,37.34038081,37.69868035,33.40307327,20.29213521,24.5748652
1585,57.68232166,64.17390945,22.15851131,37.33763017,37.68240409,33.3759766,20.28740966,24.63708005
1586,57.68157279,64.17411387,22.05705889,37.33509174,37.69379074,33.33471312,20.28083821,24.5748652
1587,57.67724922,64.17321961,22.06697326,37.33238816,37.68667862,33.32538061,20.27681212,24.61634177
1588,57.6738227,64.17266686,22.07821012,37.32964523,37.6625352,33.33462514,20.26808795,24.76150975
1589,57.67156865,64.1724201,22.14573639,37.32716055,37.65312436,33.35684364,20.266157,24.67855662
1590,57.66769971,64.17189289,22.15604344,37.32476354,37.68196409,33.36167297,20.26196388,24.65781833
1591,57.66397587,64.17127359,22.20137529,37.32239451,37.7021577,33.37448385,20.2565896,24.55412692
1592,57.66125126,64.17078138,22.14088289,37.31927862,37.61351695,33.33678122,20.24991126,24.63708005
1593,57.65623659,64.17016872,22.14827113,37.31693813,37.67846461,33.34968506,20.24804248,24.53338864
1594,57.65166315,64.16960198,22.1694199,37.31411057,37.65107371,33.35367719,20.24239924,24.76150975
1595,57.65113478,64.16936124,22.20588634,37.31202566,37.69891633,33.3707716,20.24236889,24.63708005
1596,57.64815014,64.16912164,22.16227213,37.30918277,37.62560757,33.33987112,20.23776408,24.49191207
1597,57.64414211,64.16868249,22.13644107,37.30625047,37.61344235,33.32284233,20.22924297,24.5748652
1598,57.6420599,64.16836497,22.0626961,37.30349446,37.61354308,33.31781928,20.22064207,24.59560348
1599,57.63803917,64.16786664,22.11165905,37.30112155,37.67065742,33.34410969,20.2137128,24.86520116
1600,57.63683755,64.16787037,22.26643936,37.2997916,37.79468156,33.41496348,20.21735711,25.01036914
1601,57.63639451,64.16782034,22.35765601,37.29845737,37.80845305,33.44394696,20.22489588,24.84446288
1602,57.63270406,64.16736557,22.33430791,37.29659479,37.77073461,33.41694915,20.22580528,24.76150975
1603,57.62971918,64.16711961,22.32480868,37.2947611,37.77701041,33.41507032,20.22837697,24.80298631
1604,57.62773068,64.16691663,22.27831174,37.29275069,37.73774285,33.39949314,20.23046494,24.59560348
1605,57.62554959,64.16674543,22.14555871,37.29003673,37.65783399,33.36808017,20.22397887,24.47117379
1606,57.6209972,64.16603806,22.05356313,37.28750083,37.68324321,33.33259241,20.21536669,24.86520116
1607,57.61929989,64.16599373,22.18947235,37.2859253,37.74510922,33.36106556,20.21965915,24.86520116
1608,57.61821423,64.16567278,22.26262882,37.28391354,37.69813441,33.39125553,20.2205667,24.49191207
1609,57.61329131,64.16487549,22.1558684,37.28120284,37.65908569,33.33850961,20.21290028,24.72003318
1610,57.61140795,64.16453709,22.13192436,37.27908327,37.67818102,33.35379976,20.2145869,24.5748652
1611,57.60754624,64.16409058,22.03763425,37.27637859,37.62532929,33.30482816,20.21113252,24.63708005
1612,57.60335362,64.16353801,22.08943555,37.27449133,37.71880206,33.30424078,20.20925188,24.98963086
1613,57.60299345,64.16351703,22.2236447,37.27331473,37.7827655,33.36899258,20.21475732,24.74077146
1614,57.60049274,64.16317131,22.23377505,37.27127811,37.73390706,33.37001895,20.21605284,24.67855662
1615,57.59714843,64.16257257,22.17664402,37.26895732,37.68033423,33.32004306,20.21550935,24.55412692
1616,57.59349349,64.16191838,22.1199971,37.26676624,37.70928677,33.30014642,20.20983839,24.84446288
1617,57.59138464,64.16174028,22.1725894,37.26515846,37.73996814,33.33247425,20.21319885,24.76150975
1618,57.58970002,64.16158631,22.20613951,37.26314916,37.70636917,33.34259756,20.21312982,24.67855662
1619,57.58522708,64.16112009,22.18182738,37.26098403,37.68732208,33.34217291,20.21361771,24.63708005
1620,57.58208449,64.16042739,22.18420875,37.25898658,37.71492498,33.34975348,20.2118803,24.84446288
1621,57.57855097,64.16011043,22.24404702,37.25771185,37.78929336,33.36587457,20.21320231,24.88593944
1622,57.57746523,64.15986615,22.28829927,37.25586523,37.71344564,33.35629699,20.21588444,24.40895894
1623,57.57029929,64.15879088,22.10920766,37.25273366,37.59290162,33.28408709,20.20372821,24.4504355
1624,57.56555768,64.158258,22.05927326,37.24977215,37.55648792,33.26022543,20.19565868,24.38822066
1625,57.56039936,64.15754989,22.0294306,37.24665435,37.52901931,33.25359275,20.18787574,24.55412692
1626,57.55474019,64.15665756,22.0213987,37.24417046,37.57388681,33.24852443,20.18490458,24.42969722
1627,57.55214827,64.15632385,22.03986852,37.2410756,37.52160178,33.25962535,20.17974199,24.18083783
1628,57.54617144,64.15535777,21.92799117,37.23745317,37.47573747,33.21237025,20.16715447,24.38822066
1629,57.5426625,64.15493158,21.9128613,37.2343684,37.48580267,33.20165972,20.15530837,24.51265035
1630,57.54046893,64.15454638,22.03150188,37.23173092,37.52863183,33.22230906,20.15281973,24.55412692
1631,57.53797884,64.15430753,22.01444017,37.22939925,37.5858167,33.20728794,20.14756928,24.65781833
1632,57.5372517,64.1542192,22.07790029,37.22743294,37.6410686,33.26243171,20.14342476,24.51265035
1633,57.53379654,64.15374753,22.05793101,37.22483706,37.59789966,33.2628348,20.13621991,24.34674409
1634,57.52872239,64.15306451,22.01884666,37.22190366,37.56494497,33.24851842,20.12983308,24.55412692
1635,57.52594852,64.15271673,22.1202799,37.21950812,37.5810895,33.27515954,20.12833787,24.61634177
1636,57.52371542,64.15227397,22.13374052,37.21733754,37.60731372,33.28487491,20.1278301,24.53338864
1637,57.52114927,64.15205845,22.09531496,37.21506503,37.62206537,33.26026585,20.12640318,24.63708005
1638,57.51733012,64.15137627,22.13542917,37.21337907,37.69500782,33.27007172,20.12790391,24.72003318
1639,57.51482909,64.15095593,22.22020217,37.21141681,37.65776001,33.2859071,20.13255364,24.78224803
1640,57.51231266,64.15076013,22.275398,37.20981015,37.68281627,33.30756618,20.1356014,24.67855662
1641,57.51091856,64.15062004,22.23485203,37.20786675,37.66402305,33.29227755,20.14066604,24.47117379
1642,57.50765482,64.14994126,22.16425428,37.20524753,37.59617513,33.24866571,20.13858529,24.5748652
1643,57.50089658,64.14906106,22.12084245,37.20304811,37.60792755,33.24221989,20.13620276,24.42969722
1644,57.49513386,64.14839583,22.02732121,37.20010219,37.52429091,33.23343622,20.13202013,24.24305268
1645,57.49135966,64.14796992,21.82965716,37.19667354,37.45390734,33.16304333,20.11953421,24.49191207
1646,57.48912156,64.14770301,21.92774004,37.19398509,37.47664182,33.16506987,20.1184847,24.61634177
1647,57.48842576,64.14759849,21.97318418,37.19172615,37.52293117,33.20091785,20.11819524,24.36748237
1648,57.48221711,64.14673448,21.96011629,37.18917251,37.55983775,33.19263361,20.10812414,24.5748652
1649,57.4789929,64.14647645,22.02882571,37.18683248,37.55220943,33.22578453,20.10831238,24.49191207
1650,57.47573038,64.14602648,21.99179546,37.18492345,37.64121084,33.23917034,20.10755084,24.78224803
1651,57.47439539,64.14590646,22.11375319,37.18345874,37.67578368,33.29151386,20.11421653,24.55412692
1652,57.47364525,64.1457123,22.0607425,37.18109205,37.60111545,33.2541151,20.11237037,24.49191207
1653,57.4712605,64.14554577,21.98013442,37.17907256,37.64095744,33.2054845,20.10639998,24.6992949
1654,57.46946551,64.14516397,22.0699415,37.1767187,37.54574185,33.23586829,20.1094441,24.36748237
1655,57.4677514,64.14501941,22.01517592,37.17411361,37.54733264,33.21047685,20.10177331,24.38822066
1656,57.46465281,64.14449638,21.95934356,37.17132477,37.50908007,33.18634772,20.09559348,24.32600581
1657,57.46044685,64.14396853,21.92632125,37.16884886,37.55970951,33.18166125,20.08811583,24.65781833
1658,57.46006858,64.14391492,22.0059513,37.16665826,37.53894823,33.2130939,20.08999677,24.42969722
1659,57.45525696,64.14323443,21.99816715,37.16399719,37.51045023,33.20499179,20.08700845,24.28452924
1660,57.45136508,64.14260526,21.95804691,37.16102474,37.47957217,33.19631016,20.08186311,24.5748652
1661,57.45148765,64.14262448,21.99458563,37.15887885,37.52358635,33.18780785,20.08123554,24.76150975
1662,57.45158085,64.14281343,22.12780032,37.15760394,37.63621717,33.24647687,20.08648347,24.67855662
1663,57.45146489,64.14303852,22.09909833,37.15546198,37.56204365,33.23753829,20.09027072,24.16009954
1664,57.4475122,64.14242732,21.88585712,37.15194578,37.43544301,33.14050407,20.08168819,24.24305268
1665,57.44391916,64.14211117,21.81826419,37.14883282,37.42427746,33.11823148,20.0741058,24.22231439
1666,57.44032078,64.14160971,21.73905939,37.14559005,37.40036151,33.09792571,20.06602174,24.20157611
1667,57.43638532,64.14105841,21.7313945,37.14244604,37.40921186,33.1059214,20.05775135,24.4504355
1668,57.43488484,64.14094326,21.79819795,37.13984184,37.43425018,33.11057268,20.05573204,24.38822066
1669,57.43087849,64.14013362,21.80067068,37.13752348,37.50655947,33.13169868,20.05228455,24.84446288
1670,57.43051031,64.14004678,22.03300771,37.13642062,37.61586694,33.21199107,20.06116261,24.42969722
1671,57.427666,64.13929065,22.02317868,37.13367676,37.49925387,33.19221146,20.05948168,24.4504355
1672,57.42582959,64.13906085,22.00396942,37.13141687,37.52017857,33.18870423,20.05620547,24.34674409
1673,57.4212179,64.13850514,21.95298762,37.12852749,37.4520316,33.15291445,20.05131605,24.36748237
1674,57.41895461,64.13808363,21.97148787,37.12634351,37.53140616,33.19187203,20.05045434,24.34674409
1675,57.41497881,64.13754771,21.89957751,37.12376495,37.50485037,33.15874154,20.04831854,24.4504355
1676,57.41363968,64.13749648,21.93747035,37.12116803,37.45935948,33.1562123,20.04296528,24.20157611
1677,57.41135866,64.13723557,21.88943932,37.11798297,37.40628032,33.13435082,20.03139778,24.11862298
1678,57.40660585,64.13673804,21.80432728,37.11484539,37.40959453,33.12145459,20.02012788,24.49191207
1679,57.40588779,64.1366166,21.92691008,37.11277114,37.4862225,33.1505316,20.01944547,24.42969722
1680,57.40435081,64.13639806,21.96074703,37.11050734,37.50347259,33.14836521,20.01697616,24.30526752
1681,57.4017193,64.13605877,21.91024638,37.10795764,37.49265579,33.13657011,20.00826657,24.47117379
1682,57.40090583,64.13576607,22.01328262,37.10589747,37.52253009,33.17240534,20.00955597,24.74077146
1683,57.40033665,64.13571642,22.15789373,37.1045001,37.57210053,33.23811885,20.02118133,24.36748237
1684,57.39693888,64.13513515,21.99174056,37.1016819,37.45603615,33.18076679,20.01966761,24.36748237
1685,57.39440016,64.13492116,21.99556953,37.09974049,37.54790669,33.18541883,20.01590271,24.65781833
1686,57.39381051,64.13486055,22.05308279,37.09828637,37.58948647,33.2095891,20.0185388,24.63708005
1687,57.39265411,64.13470224,22.06932453,37.09654956,37.56525706,33.23604594,20.02466982,24.4504355
1688,57.39009593,64.13441199,22.02294856,37.09473833,37.59063809,33.17779007,20.0252663,24.55412692
1689,57.38738486,64.13392011,22.08262825,37.09289234,37.56624729,33.18863919,20.02930503,24.67855662
1690,57.38785859,64.13395963,22.10099427,37.09172611,37.63401113,33.212662,20.03391794,24.90667773
1691,57.38841837,64.1341306,22.24656684,37.09133726,37.73165775,33.27060707,20.04579831,24.78224803
1692,57.38772824,64.13401321,22.25632766,37.09025463,37.69294735,33.26332377,20.05170826,24.6992949
1693,57.38378218,64.13351519,22.26663944,37.08871791,37.62131188,33.24593269,20.05701316,24.4504355
1694,57.37786162,64.13264965,22.16276869,37.08655782,37.55128895,33.19311433,20.05688613,24.5748652
1695,57.37305481,64.13184568,22.13695803,37.08457433,37.51455152,33.1765817,20.05645448,24.42969722
1696,57.37172511,64.13152298,22.08112204,37.08227628,37.4829618,33.15792006,20.05342947,24.42969722
1697,57.36873102,64.13111764,22.07837437,37.08039719,37.53637239,33.14380761,20.05313869,24.80298631
1698,57.37022109,64.13122084,22.19071384,37.07957015,37.63439511,33.21437415,20.06038857,24.8237246
1699,57.37003455,64.131113,22.30459573,37.07867796,37.6587402,33.24570082,20.06547385,24.53338864
1700,57.36713212,64.13063559,22.19780957,37.07694112,37.60367185,33.19836459,20.06712033,24.49191207
1701,57.36453649,64.13037682,22.12622031,37.07539123,37.62034495,33.17773689,20.06524194,24.78224803
1702,57.36333144,64.13024835,22.22481949,37.0744209,37.64732385,33.22919784,20.07123787,24.51265035
1703,57.35913564,64.12965885,22.14355506,37.07276225,37.61541385,33.19989272,20.07269062,24.5748652
1704,57.35646002,64.12944439,22.16207816,37.07063081,37.5057318,33.18397654,20.07164787,24.20157611
1705,57.35188528,64.12867282,21.97682732,37.06763086,37.41128878,33.10577748,20.06318694,24.4504355
1706,57.34766976,64.12801356,22.00430997,37.06569611,37.47771567,33.12470977,20.06007378,24.4504355
1707,57.34475186,64.12765529,22.00836723,37.06360957,37.47921464,33.14415877,20.05966355,24.4504355
1708,57.34208646,64.12732828,22.06659696,37.06150347,37.47589162,33.15554952,20.06241845,24.4504355
1709,57.3388351,64.1268564,22.00280506,37.05923998,37.44703141,33.12627714,20.06026444,24.30526752
1710,57.33747352,64.12657728,21.89149332,37.05644965,37.38279552,33.093382,20.05349168,24.16009954
1711,57.33263209,64.12573701,21.83095779,37.05378605,37.41281614,33.09910014,20.04444242,24.59560348
1712,57.33158444,64.12547802,21.97206115,37.05262685,37.55647415,33.16950895,20.04592957,24.6992949
1713,57.33133756,64.12530694,22.07506488,37.05146942,37.59059613,33.17226429,20.05220793,24.65781833
1714,57.32893789,64.12488183,22.09529785,37.05034113,37.62053509,33.17815489,20.05526915,24.61634177
1715,57.32731909,64.12477062,22.11493826,37.04846169,37.51964146,33.17325317,20.05664678,24.34674409
1716,57.32436641,64.12454078,22.01974966,37.04596969,37.44485713,33.12153217,20.05307291,23.95271672
1717,57.31684132,64.1235934,21.79883475,37.0424654,37.34603183,33.04258132,20.03514851,24.42969722
1718,57.31445237,64.12319682,21.92104952,37.04038471,37.40769959,33.05119648,20.03724805,24.22231439
1719,57.31039074,64.12270177,21.87289109,37.03722212,37.3075536,33.04005197,20.0272197,24.05640813
1720,57.30678864,64.12228168,21.76761647,37.03425888,37.3391411,33.01485732,20.01953789,24.38822066
1721,57.30506598,64.12209102,21.83178925,37.03227083,37.42366135,33.05247764,20.01830642,24.28452924
1722,57.30045676,64.12135729,21.79255443,37.02956925,37.36858204,33.04247984,20.01630989,24.30526752
1723,57.29785197,64.12086845,21.84220776,37.02712952,37.3808228,33.05867916,20.01045059,24.16009954
1724,57.29360879,64.12028882,21.78614239,37.02412751,37.32774932,33.03474982,20.00238918,24.47117379
1725,57.29232372,64.1203299,21.88932332,37.02181642,37.33354733,33.05623915,20.00153941,23.99419328
1726,57.28799182,64.11957783,21.68628903,37.01878165,37.33999483,32.97360235,19.98748074,24.49191207
1727,57.28667843,64.11940728,21.82853859,37.01666223,37.36127164,33.04256654,19.98968516,24.22231439
1728,57.28197555,64.11884466,21.81134484,37.01395574,37.3435738,33.02564793,19.98117474,24.16009954
1729,57.2797127,64.11855414,21.81362042,37.01099844,37.30815306,33.01486039,19.96947085,24.28452924
1730,57.27884615,64.11871821,21.82399851,37.00840312,37.31690808,33.01089811,19.96587084,24.16009954
1731,57.27488128,64.11796156,21.78486479,37.00614464,37.40723054,32.9975883,19.95548569,24.67855662
1732,57.2751757,64.11791784,21.97469212,37.00487845,37.47002499,33.09164026,19.96528254,24.26379096
1733,57.27344039,64.11779096,21.85773971,37.0030117,37.50743585,33.05569117,19.96266023,24.38822066
1734,57.26942779,64.11721829,21.90521337,37.00100454,37.46457736,33.04987533,19.96048748,24.40895894
1735,57.26718881,64.11699032,22.00724175,36.99885916,37.41570538,33.06482364,19.96061657,24.24305268
1736,57.26487825,64.11671807,21.94009158,36.99618397,37.34953181,33.05736077,19.95699613,24.0978847
1737,57.26089099,64.11605929,21.82775773,36.99386332,37.41594139,33.01538738,19.95167805,24.5748652
1738,57.26005711,64.11595194,21.97443562,36.99288229,37.54020791,33.07950141,19.95757319,24.86520116
1739,57.26248673,64.116189,22.15815814,36.9924376,37.60481517,33.152109,19.96960823,24.67855662
1740,57.26082945,64.11582019,22.20403095,36.99153308,37.60558292,33.16424021,19.97598946,24.47117379
1741,57.25977834,64.11558636,22.1762099,36.98988906,37.53677933,33.12848976,19.97782222,24.26379096
1742,57.2569909,64.11524006,21.98548659,36.98732442,37.40605921,33.04476155,19.97104799,24.28452924
1743,57.2541544,64.11505502,21.96242354,36.98501618,37.38554731,33.0235301,19.96823253,24.34674409
1744,57.25308571,64.1147082,21.92701331,36.98296893,37.40284019,33.0388468,19.96617506,24.49191207
1745,57.25071676,64.11440046,22.00840306,36.98119687,37.41442593,33.07821913,19.96619111,24.13936126
1746,57.24578264,64.11370662,21.86537521,36.97850353,37.3559735,33.02236701,19.95719093,24.20157611
1747,57.24129046,64.11302697,21.81848396,36.97590183,37.32773869,33.02306095,19.95228448,24.24305268
1748,57.23943024,64.11278651,21.79026789,36.97348909,37.33396816,32.99822184,19.94737211,24.26379096
1749,57.23546562,64.11228964,21.81742368,36.97128259,37.36420327,32.97485456,19.94247676,24.49191207
1750,57.23323179,64.1120267,21.88107324,36.96946647,37.37939647,33.00782424,19.94287245,24.20157611
1751,57.23200631,64.11207646,21.85078968,36.96704572,37.36058339,33.00011813,19.93598648,24.26379096
1752,57.22833361,64.11146257,21.86905766,36.964915,37.38134134,33.01345306,19.93120103,24.4504355
1753,57.22750127,64.11125677,21.96991742,36.96371542,37.49359646,33.04423807,19.93080673,24.67855662
1754,57.22801739,64.11144101,22.13706238,36.96289937,37.54517198,33.12263494,19.9396891,24.49191207
1755,57.22665402,64.11136441,22.07153426,36.9614026,37.50310026,33.09535495,19.9435553,24.20157611
1756,57.22248217,64.11070927,21.96687734,36.95882312,37.37842849,33.02292774,19.93819653,24.36748237
1757,57.22309262,64.1107211,21.96319597,36.95677956,37.36560883,33.05955447,19.93802747,24.28452924
1758,57.21978228,64.11019876,21.92936753,36.95481593,37.39496879,33.04932816,19.93673129,24.34674409
1759,57.21740693,64.10990789,21.89111818,36.95252868,37.33657209,33.04865701,19.93464533,24.0978847
1760,57.2129263,64.10934024,21.76929702,36.94949019,37.25011201,33.00281542,19.92749479,23.91124015
1761,57.20828842,64.1085073,21.64956912,36.94607671,37.19645388,32.93780366,19.91431715,23.89050187
1762,57.20714474,64.10826259,21.60406007,36.94273989,37.19083489,32.93825202,19.9010101,24.20157611
1763,57.20668231,64.108126,21.64483309,36.9407328,37.32188809,32.97316428,19.90170491,24.42969722
1764,57.20627169,64.10813226,21.80869905,36.93868142,37.30930844,32.99988773,19.90433408,24.36748237
1765,57.20401315,64.10768412,21.86682983,36.93672579,37.33445779,33.00252089,19.90629628,24.11862298
1766,57.20046306,64.10732667,21.79029286,36.93485316,37.42461297,33.01727354,19.89929053,24.63708005
1767,57.20221705,64.10771197,21.99352764,36.93353183,37.41675991,33.08591389,19.90658279,24.0978847
1768,57.19934682,64.10734655,21.86241799,36.93074427,37.31207115,33.00557142,19.89773418,24.26379096
1769,57.19815915,64.10706773,21.86674699,36.92865089,37.33563972,33.02623145,19.89633085,24.30526752
1770,57.19706534,64.1068706,21.88563036,36.92736099,37.46569094,33.0232685,19.89710437,24.61634177
1771,57.19726629,64.10693546,21.99792109,36.92575726,37.38555515,33.06766963,19.90418955,24.16009954
1772,57.19452036,64.10649376,21.92375638,36.92390623,37.42940261,33.0222417,19.89819385,24.36748237
1773,57.19306395,64.10629311,21.98379684,36.92173691,37.33821068,33.02685042,19.89912376,24.05640813
1774,57.18729242,64.10547565,21.86414673,36.9193252,37.338259,32.99303449,19.8869051,24.49191207
1775,57.18825048,64.10577931,21.99619362,36.91772383,37.35514225,33.02795733,19.89113998,24.42969722
1776,57.18804563,64.10587762,22.04778912,36.91622331,37.39559661,33.05229838,19.89273305,24.24305268
1777,57.18491561,64.10550023,21.95010662,36.91442844,37.41257487,33.00775807,19.8891918,24.26379096
1778,57.18442714,64.10566536,21.88581098,36.91202941,37.3110015,32.9807069,19.88980639,23.973455
1779,57.18026285,64.10511747,21.78812606,36.90952985,37.32606752,32.96747297,19.88130723,24.24305268
1780,57.17768833,64.10456275,21.72306039,36.9075017,37.33794775,32.96093456,19.88106129,24.42969722
1781,57.17525198,64.10422029,21.91293319,36.90629148,37.42819712,33.01177032,19.88727813,24.47117379
1782,57.17422738,64.1042224,21.98607051,36.90492104,37.42868027,33.02370687,19.89461007,24.40895894
1783,57.17273386,64.1041708,22.01923637,36.90333099,37.4074249,33.06017043,19.89584233,24.36748237
1784,57.17031371,64.1038193,22.00697628,36.90209109,37.46580405,33.05845338,19.8970341,24.28452924
1785,57.17051344,64.10392681,21.94963728,36.90068718,37.4842856,33.01895901,19.89232855,24.4504355
1786,57.17025648,64.10390908,22.01910605,36.89981261,37.53522192,33.07315752,19.89657646,24.86520116
1787,57.17094762,64.10402752,22.24636513,36.90006151,37.63451597,33.14628875,19.91458452,24.61634177
1788,57.17146448,64.10403287,22.27504447,36.89924419,37.5664292,33.14094324,19.92300034,24.30526752
1789,57.17050609,64.10395577,22.10067923,36.89724832,37.42256825,33.0488192,19.9223518,24.26379096
1790,57.16676641,64.10335256,21.98024055,36.89518612,37.357162,33.02813376,19.92003354,24.18083783
1791,57.16296276,64.10274675,21.83873872,36.89341064,37.39728381,32.99819774,19.91747547,24.55412692
1792,57.16237925,64.10272472,21.99273824,36.89235544,37.43363085,33.03059639,19.92022893,24.32600581
1793,57.15966933,64.10230267,21.95738964,36.89041571,37.36308278,33.02756586,19.91917005,24.20157611
1794,57.15690006,64.10186683,21.88306984,36.8875928,37.21581704,32.99196295,19.91402845,24.03566985
1795,57.15361816,64.10150602,21.81805863,36.88570935,37.34872533,32.95643423,19.90607645,24.49191207
1796,57.15477908,64.10154279,21.89340929,36.88423211,37.35247717,32.97394954,19.91333807,24.16009954
1797,57.15309899,64.10140899,21.81889975,36.88190852,37.29884159,32.92871036,19.90413076,24.38822066
1798,57.15212802,64.10106576,21.89509488,36.88051826,37.3677164,32.96545229,19.90674427,24.53338864
1799,57.15172825,64.10101807,22.02864618,36.87956999,37.43183309,33.05779817,19.91095256,24.07714641
